gene,cellex_score,expr_proportion
Tie1,0.990739058,31.35802469
Sox17,0.98887872,28.51851852
Gata2,0.985044899,16.91358025
Adcy4,0.983507396,13.95061728
AU021092,0.982884548,17.5308642
Tbx1,0.981089441,5.802469136
Sox18,0.981088163,17.90123457
Dll4,0.981081836,9.382716049
Vsig2,0.980252118,5.308641975
8430408G22Rik,0.977890404,11.35802469
Robo4,0.976361639,23.82716049
Gm694,0.975238332,28.27160494
Gm9946,0.973613348,7.160493827
Gimap8,0.972844454,6.913580247
Tmem252,0.971291605,11.11111111
Ccm2l,0.970871474,11.97530864
Degs2,0.970731486,28.27160494
Icam2,0.969454671,31.60493827
Scgb3a1,0.966979575,3.086419753
Foxf2,0.966949969,17.77777778
Sox7,0.966407931,8.641975309
Tecrl,0.962683178,10.98765432
Zfp366,0.962559495,34.07407407
AW112010,0.961659368,26.41975309
Gm609,0.96097226,11.48148148
Fendrr,0.959521562,4.567901235
Slc52a3,0.958404971,7.901234568
Cyp2e1,0.957945705,2.345679012
Lef1,0.955453494,66.79012346
Myct1,0.954119808,5.925925926
Ccrl2,0.953615772,7.901234568
Clic5,0.951981593,28.51851852
4930578C19Rik,0.95060532,28.7654321
S1pr4,0.948953588,4.814814815
Cd93,0.948812479,28.64197531
Gkn3,0.948416773,5.061728395
Ndufa4l2,0.948069868,29.13580247
Rasip1,0.947935847,27.5308642
Ushbp1,0.947920818,37.28395062
Pcdh12,0.943650834,2.469135802
Cysltr2,0.942451716,3.086419753
C130074G19Rik,0.942250727,24.9382716
Aspn,0.941735457,8.888888889
She,0.941333285,15.18518519
Kcnj8,0.939529635,17.5308642
Slc26a10,0.939136187,7.777777778
Ptprb,0.938794436,60.12345679
Pmaip1,0.93824754,4.197530864
Tcf15,0.936133748,5.555555556
Esam,0.936037633,51.11111111
Kdr,0.934923232,36.91358025
Slc38a5,0.934897778,26.91358025
Slc22a8,0.934725687,45.18518519
Grap,0.934198589,24.32098765
Wfdc1,0.934145497,32.34567901
Apol10b,0.933762957,1.851851852
Rem1,0.933719185,6.296296296
Ace2,0.933617871,8.888888889
Sema3g,0.933608196,7.283950617
Paqr5,0.933515882,45.80246914
Igsf5,0.931885844,11.60493827
Foxq1,0.931333275,27.65432099
Tinagl1,0.931318138,27.77777778
Slfn3,0.931283676,4.074074074
Nostrin,0.930757275,56.2962963
5430416O09Rik,0.930496998,5.802469136
Higd1b,0.929564167,24.44444444
Sigirr,0.928967605,10.61728395
Grb7,0.928757706,3.580246914
Cdh5,0.928457928,37.03703704
Adgrl4,0.928442125,78.88888889
Tcf23,0.928419664,2.098765432
Notum,0.92715778,10.86419753
Slco1a4,0.92714812,91.72839506
Gimap6,0.926959914,29.01234568
Slc19a3,0.926935099,18.14814815
A530084C06Rik,0.926285649,1.975308642
Klf2,0.925745617,42.71604938
Ly6a,0.925740842,73.08641975
Car4,0.925712358,68.14814815
Erg,0.924953221,44.07407407
Klf4,0.924581644,19.50617284
Tgtp2,0.923438391,1.604938272
Hrct1,0.92334461,10.24691358
Flt1,0.9230391,94.07407407
9430020K01Rik,0.922362308,61.35802469
Gja4,0.922295731,8.888888889
Lsr,0.922238275,38.02469136
Gbp3,0.922136607,10.61728395
Tnfsf10,0.921981038,14.19753086
Gimap5,0.921306839,3.333333333
Cyyr1,0.920268353,68.51851852
Ly6c1,0.919707456,82.22222222
Flt4,0.919472491,9.75308642
Akr1c14,0.919405897,2.839506173
Cxcl12,0.918902127,64.9382716
Des,0.918647051,5.679012346
Cldn5,0.918257404,88.02469136
Slc40a1,0.91817035,35.92592593
Isg15,0.917664378,22.22222222
1700018A04Rik,0.917497282,4.567901235
Rgs5,0.917430968,76.66666667
Gm13536,0.916740696,0.864197531
Egfl7,0.916474881,0.864197531
Emcn,0.913970446,56.17283951
Gm15998,0.913907836,3.827160494
Slfn5,0.913613637,14.81481481
Saa1,0.913598992,2.345679012
Ripply3,0.913421734,1.975308642
Stra6,0.91340739,10.74074074
Adgrf5,0.912704127,52.4691358
Foxs1,0.912442309,3.703703704
Kif26a,0.911879379,15.0617284
Gm16143,0.911875222,0.864197531
Clec14a,0.911650976,16.91358025
Notch4,0.911398717,15.43209877
Olfr558,0.910768849,1.728395062
Myl9,0.910506428,31.11111111
Cdkn2b,0.909423029,6.172839506
Pglyrp1,0.909304424,68.88888889
Tbxa2r,0.908953299,9.135802469
Abcb1a,0.908820975,67.77777778
Podxl,0.908091145,49.25925926
Gm16104,0.90805633,0.740740741
Ncaph,0.907796482,1.975308642
Ifi44,0.907479765,5.432098765
Ctla2a,0.907278361,40.61728395
Xdh,0.906321803,33.33333333
Gpr4,0.906166804,12.83950617
Cd34,0.906087972,41.35802469
Acvrl1,0.905974194,38.88888889
Nos3,0.905850512,20.74074074
Ifitm1,0.905581433,16.2962963
Gper1,0.904581202,9.87654321
Iigp1,0.903277934,10.86419753
Notumos,0.901977902,0.740740741
Gimap4,0.901694428,1.851851852
Gm13861,0.900748098,5.308641975
Itm2a,0.90070674,82.96296296
Mall,0.900117278,5.925925926
Edn1,0.899276443,9.382716049
Atp10a,0.898351056,61.2345679
Epha2,0.896823291,5.925925926
Apold1,0.896564731,9.87654321
Gm9917,0.896557677,7.530864198
Pecam1,0.89600053,55.18518519
Grrp1,0.893193904,14.07407407
Krtap28-13,0.892971272,0.740740741
Cox4i2,0.892622629,17.65432099
Hlx,0.892345444,4.444444444
Gjc1,0.892213199,26.91358025
Acer2,0.89211105,30
Unc45b,0.889968064,10.61728395
Ifitm2,0.88891206,41.11111111
Prom1,0.888855983,45.92592593
Slco1c1,0.887953168,77.77777778
Ctla2b,0.88618489,4.938271605
Tmem204,0.885918254,36.54320988
Stap2,0.885269301,8.765432099
Slc39a8,0.885002588,18.51851852
Nodal,0.884148577,3.333333333
Id1,0.883220149,60.61728395
Fam212a,0.882486462,15.55555556
Sema3c,0.879173381,66.41975309
Slc7a5,0.879007394,62.4691358
Thbd,0.878388459,22.59259259
Adgre5,0.87823489,26.17283951
Irf7,0.877531728,9.259259259
Srgn,0.876238038,36.79012346
Ramp2,0.875515758,55.80246914
Bvht,0.874413447,13.33333333
Scarf1,0.874088961,12.4691358
Eng,0.873418913,57.40740741
Pkn3,0.873416893,3.950617284
4930555A03Rik,0.873021035,1.358024691
Apcdd1,0.872175456,18.39506173
Islr2,0.871976374,0.864197531
Slc38a11,0.871798015,17.77777778
Ier2,0.871392077,25.0617284
Cd248,0.87134911,7.901234568
Hic1,0.87132057,6.790123457
Nes,0.871298424,24.81481481
Ggt1,0.870827583,6.296296296
Kank3,0.870689926,57.40740741
BC028528,0.869930348,42.71604938
Ndnf,0.869538563,19.50617284
Crip1,0.869188428,40.74074074
Myl12a,0.868724499,49.01234568
4930425O10Rik,0.867482061,0.864197531
Thsd1,0.867286263,37.40740741
Hspb2,0.867029937,2.345679012
Tmem88,0.866339891,5.925925926
Cracr2b,0.866038184,13.95061728
Ppbp,0.866018563,0.37037037
Car5a,0.865644968,11.35802469
Net1,0.86556063,22.34567901
Serpinb6b,0.865460051,5.308641975
Saa2,0.865417385,1.975308642
Vwf,0.863623324,10.86419753
Hmcn1,0.862546924,66.2962963
Ptrf,0.862272158,34.19753086
Smco4,0.860920319,20.12345679
Sema7a,0.860752123,32.83950617
Slc7a1,0.860747416,51.2345679
Hspa12b,0.859975863,36.66666667
Prss23,0.859909456,14.81481481
Igfbp7,0.859422379,62.09876543
A630077J23Rik,0.85926418,1.111111111
E030037K01Rik,0.859018188,0.37037037
Rrad,0.858638479,5.802469136
Rad54b,0.858552977,10.49382716
Bcl6b,0.858273934,4.320987654
Dok4,0.858087074,7.283950617
Aplnr,0.858067737,1.358024691
Rsad2,0.856949424,7.037037037
St6galnac2,0.856102984,16.91358025
Slc9a3r2,0.85478309,48.02469136
Lnx2,0.853722953,20.24691358
Mylpf,0.853602999,3.950617284
Gm13056,0.853483869,2.098765432
Tgm2,0.85290383,21.48148148
Fxyd5,0.852716079,35.30864198
Ly6i,0.851104883,0.37037037
Gm20655,0.850710967,3.580246914
N4bp3,0.85036842,7.530864198
Ifitm3,0.850196764,59.62962963
Fzd6,0.849479682,26.54320988
Pdgfb,0.849035567,32.09876543
Mannr,0.848488103,3.703703704
Slc30a1,0.848159669,34.07407407
Mecom,0.847858543,70.37037037
Sgpp2,0.845906235,26.54320988
Tbx3,0.845338853,16.91358025
Ifit1,0.84484517,13.58024691
Rras,0.844366615,11.72839506
1700097N02Rik,0.844223695,0.37037037
Abcc9,0.843648576,24.19753086
Fcgrt,0.842856077,49.13580247
Arl4d,0.842254269,8.641975309
Clec2d,0.841853159,27.03703704
Itga1,0.841267679,35.0617284
Ecscr,0.841143293,9.382716049
Vil1,0.840805235,1.728395062
Rhbdf2,0.840432677,7.901234568
Itpripl2,0.840157407,12.4691358
Lmo2,0.839883489,31.97530864
Dmgdh,0.839337795,2.345679012
Prkch,0.839328588,40.12345679
Bcam,0.83932487,31.72839506
Gm28410,0.838525811,0.987654321
AI467606,0.836692573,8.271604938
Dnah2os,0.836063538,1.358024691
Gm20532,0.834803949,4.320987654
Rab11fip1,0.834502914,14.81481481
Eva1b,0.834027517,22.22222222
4930598F16Rik,0.833640226,0.24691358
Acta2,0.833622922,3.580246914
Fgd5,0.833415192,34.19753086
Smagp,0.833205141,11.11111111
Slc35f2,0.833167555,12.83950617
Gbp2,0.833131538,8.148148148
Rasd1,0.832357526,5.925925926
Far2,0.828791465,27.77777778
Gm43536,0.827894178,2.098765432
Efna1,0.827097203,9.012345679
Phf11d,0.826980722,1.728395062
Gm10825,0.826676977,0.24691358
Sod3,0.82646589,12.71604938
Ism1,0.826339065,11.60493827
Arhgef15,0.826199137,24.07407407
Ltbp4,0.826028381,47.65432099
Tek,0.825850897,57.03703704
BC107364,0.825822916,0.24691358
Map3k6,0.825532425,6.049382716
Mos,0.824946649,0.24691358
Magix,0.824805761,2.716049383
St8sia4,0.824793398,45.67901235
Fas,0.8247178,19.13580247
Pde4c,0.824440367,3.950617284
Tgfb1i1,0.824316952,10
Gm9956,0.824211105,0.740740741
Cpb2,0.823761602,0.24691358
Epas1,0.82348176,66.2962963
Ephb4,0.823381019,12.4691358
Map3k8,0.822410472,8.765432099
Slc2a1,0.822297458,73.82716049
Slc16a4,0.821793535,20.61728395
Osmr,0.821461272,20.49382716
Cbfa2t3,0.821214839,17.77777778
Palmd,0.821055695,46.2962963
AI661453,0.821008437,0.740740741
Grasp,0.82055193,10
Cd300lg,0.820264435,4.074074074
Ocln,0.820005038,42.22222222
Rundc3b,0.819362677,77.77777778
Rhoc,0.819020205,30
Cdkn2c,0.818615121,2.345679012
Abcg2,0.818302396,69.38271605
Mfsd7c,0.817526959,18.88888889
Sdpr,0.816645893,27.65432099
Gch1,0.81617107,14.19753086
Olfm5,0.815982819,0.740740741
Cav1,0.815796067,30.74074074
Bmp15,0.815781927,0.24691358
RP24-78M9.6,0.815770831,0.864197531
Cav2,0.815759632,29.50617284
Slfn2,0.815202878,6.666666667
Usp18,0.815131035,11.60493827
Aqp11,0.814437022,19.38271605
Nfkbia,0.813964894,46.04938272
Acp5,0.813836544,1.111111111
Ets1,0.811794033,53.20987654
Plpp6,0.811673957,11.35802469
Cmtm8,0.811495364,22.22222222
Eogt,0.810552093,33.08641975
Gm13571,0.810434027,0.864197531
Sebox,0.810039033,2.222222222
Gng11,0.809651577,51.35802469
Plxnd1,0.808901884,9.012345679
Ly6e,0.808322629,71.48148148
Arhgap27os1,0.808074765,0.987654321
Pik3r6,0.807605549,12.59259259
B3gnt3,0.807378955,0.617283951
Dennd3,0.806318999,24.9382716
S100a13,0.806016453,34.07407407
Hgfac,0.805436758,0.24691358
Trim16,0.805266462,9.259259259
Rtp4,0.803200786,18.14814815
Arl4a,0.802805708,42.09876543
Slc39a10,0.802509068,60.74074074
Crip2,0.802347107,64.69135802
Il10rb,0.801956412,23.82716049
Fam124b,0.80189275,0.617283951
Foxc1,0.800915508,19.13580247
Proser2,0.800222951,13.82716049
Nkd1,0.799704089,17.03703704
Serpinb9,0.799079935,10.98765432
Rnf125,0.799001944,7.283950617
Tspo,0.798602538,27.65432099
Arf6,0.797693284,20.98765432
Pla1a,0.79765269,6.543209877
Pydc3,0.797559169,0.49382716
Oas1a,0.796777653,2.469135802
AW011738,0.795511985,2.592592593
Ccdc102a,0.795509839,4.814814815
Tpm4,0.795229991,41.48148148
Capg,0.794917989,9.012345679
Rasgrp4,0.794734154,8.024691358
Tead2,0.79465536,5.925925926
Abcc6,0.794083076,6.666666667
P2ry2,0.793967046,0.617283951
Kctd10,0.793604787,26.04938272
Hhex,0.793486094,4.814814815
Hmgb2,0.792928063,8.888888889
Tdrp,0.792755274,13.82716049
Hspb1,0.792334033,50.24691358
Gng5,0.791873293,43.08641975
Vwa1,0.791246607,45.55555556
Atox1,0.789146552,59.25925926
Bst2,0.788779454,19.01234568
RP23-198F11.3,0.788372055,1.728395062
Psmb8,0.787293378,12.34567901
Ankdd1b,0.786912514,3.209876543
A330009N23Rik,0.786086739,2.716049383
Ceacam1,0.785689208,10.12345679
2310001H17Rik,0.783445074,6.172839506
Col4a1,0.783308862,26.79012346
Kctd12b,0.783223287,7.530864198
Gimap9,0.783080053,3.580246914
Arap3,0.783026747,24.32098765
Tfrc,0.78300018,32.83950617
Sh3tc1,0.782548552,6.296296296
Hbb-bt,0.782502034,7.654320988
Vtn,0.782242903,46.04938272
Srms,0.780709388,2.222222222
Plaur,0.779625191,6.419753086
Pde2a,0.775724168,35.67901235
Pltp,0.773824921,83.45679012
Cytl1,0.773380201,0.987654321
Lmo7,0.772992741,24.56790123
Slc7a9,0.772829829,0.24691358
Gm7676,0.772316529,0.617283951
Mfng,0.772293613,8.765432099
Ucp2,0.771361105,27.28395062
Rasgrp2,0.771297491,31.48148148
Zap70,0.77103343,3.209876543
Snai2,0.770856004,1.111111111
Cnn2,0.770130053,15.92592593
Gm28187,0.769720587,0.24691358
Helz2,0.769620497,7.901234568
Mmrn2,0.769485213,16.66666667
Il27ra,0.76926744,0.617283951
Layn,0.769035897,15.30864198
Trim47,0.76871804,17.16049383
Gm15722,0.767207524,2.222222222
Lancl3,0.767180419,5.925925926
4933402J07Rik,0.766170265,1.728395062
S1pr3,0.765434602,10.49382716
Perp,0.765193781,6.913580247
Cd40,0.763499506,5.308641975
Alas1,0.763496609,30.74074074
4930486L24Rik,0.762922469,1.234567901
Lgals3bp,0.762675621,10
Smtn,0.761680125,14.19753086
Tagln2,0.761629216,31.72839506
Abcc4,0.761137549,42.83950617
4933417O13Rik,0.760588474,0.49382716
Ehd2,0.75955337,13.95061728
Ly75,0.759432358,6.666666667
4930562F07Rik,0.758717422,0.617283951
Itpripl1,0.756683763,5.308641975
Piezo1,0.756594916,9.75308642
4930523C07Rik,0.756412229,17.40740741
Atp2a3,0.756115652,6.049382716
Csrp2,0.756020788,16.91358025
Gsta4,0.755472328,28.7654321
Epor,0.755167088,1.111111111
Eps8l2,0.754054584,11.48148148
Tmem123,0.754038094,19.75308642
Klf11,0.752799759,7.407407407
Gm4070,0.751770265,4.567901235
Ccdc85b,0.751275595,18.88888889
Def6,0.750270126,11.48148148
Mndal,0.750177816,9.259259259
St3gal1,0.749593722,7.530864198
Dusp1,0.749306945,16.91358025
Slc6a6,0.748264287,77.28395062
Colgalt2,0.748213227,18.27160494
Tead4,0.747693376,7.530864198
Gbp7,0.746710695,13.08641975
Ahnak,0.746540639,35.18518519
Nod2,0.74648049,1.851851852
Kcp,0.746419279,7.160493827
Myh11,0.746098373,5.185185185
Fhl3,0.743250805,3.703703704
Mesdc1,0.743206064,9.012345679
Gbp5,0.742974852,5.802469136
Vamp8,0.738959517,21.48148148
Mcl1,0.738946058,17.90123457
Ccdc141,0.738862458,69.75308642
Ffar2,0.73666661,0.37037037
Adrb2,0.735376923,8.888888889
Ctnnb1,0.734990296,56.2962963
Tax1bp3,0.734588862,11.97530864
E030030I06Rik,0.734351748,2.839506173
Vim,0.734142126,34.9382716
Adora2a,0.733741357,4.567901235
Afap1l1,0.733136734,37.77777778
Tpm2,0.733032106,3.827160494
Ets2,0.732280181,11.72839506
Sertad1,0.731653221,5.061728395
Cdkn1a,0.731599876,21.72839506
Tal1,0.729422955,9.135802469
1810011O10Rik,0.729273258,2.839506173
Fam110a,0.728159742,6.913580247
Card10,0.728057619,9.75308642
Sp100,0.727313628,35.43209877
Gm11730,0.727214085,0.37037037
Enc1,0.727118651,10.61728395
Asb4,0.726833188,4.567901235
Dysf,0.726580188,9.87654321
Fam65a,0.726211073,22.22222222
H2-Q7,0.725863236,3.456790123
Hspg2,0.725248258,22.71604938
H2-Q4,0.723944391,7.654320988
Ephx3,0.723874978,1.358024691
Spock2,0.723359258,80.98765432
Edn3,0.723303305,4.444444444
Lamb2,0.722907034,26.54320988
Tagln,0.722604904,2.345679012
Anxa3,0.721428771,39.01234568
Ier3,0.720945431,13.95061728
Ecm1,0.719477231,12.4691358
Plk2,0.71743494,19.38271605
Mfge8,0.717341593,24.44444444
Gm12355,0.716884536,2.222222222
Fn1,0.71617506,40.61728395
Ifi27l2a,0.716092027,2.098765432
Casp6,0.716039292,7.777777778
Gm9780,0.715494625,0.864197531
Fmo2,0.715334297,7.654320988
Isg20,0.714809818,2.222222222
Mylk,0.714585539,15.18518519
0610039K10Rik,0.714053435,0.37037037
Sp110,0.7136184,7.283950617
Zfp36,0.712771522,6.543209877
Cd59a,0.712278651,22.22222222
Ifit3,0.71198439,6.913580247
Shank3,0.71196112,20.98765432
Lrrn3,0.711341533,18.39506173
Fosl2,0.711248909,4.938271605
Crispld1,0.711064209,10.74074074
Fam167b,0.710950923,0.617283951
Jag2,0.709980847,6.419753086
Crtap,0.709464238,6.049382716
Lbx2,0.708572268,0.49382716
Rai14,0.708497297,25.92592593
Pcp4l1,0.708266894,48.88888889
1700042O10Rik,0.706403227,12.59259259
Kitl,0.706249355,59.01234568
Mfsd2a,0.706057616,22.09876543
Adamtsl2,0.705496604,4.197530864
Slc19a1,0.705078689,14.19753086
Pcdh18,0.705005025,6.419753086
Id3,0.704981192,60
Map3k11,0.703857743,9.62962963
Ndrg1,0.70302918,43.7037037
Ptp4a3,0.702988599,18.02469136
Gpx1,0.701741686,20.49382716
C1qtnf2,0.701672574,5.555555556
Rps27l,0.70083045,22.71604938
Tbx3os1,0.700534877,16.04938272
Rgs12,0.700357614,31.2345679
Il2ra,0.699982372,0.987654321
Mospd1,0.699443312,23.08641975
Arhgef5,0.699442474,6.172839506
Gm6563,0.699209984,9.012345679
Parvb,0.697598568,32.96296296
Irgm1,0.697310945,8.518518519
Timeless,0.69729427,4.444444444
Lims2,0.696484853,32.09876543
3110070M22Rik,0.695978223,0.864197531
Il1r1,0.695044504,8.641975309
Zak,0.694829297,23.58024691
4833403J16Rik,0.694281822,1.481481481
Sh2b3,0.694236935,8.765432099
Plscr2,0.69419613,14.44444444
Ier5,0.693147217,11.60493827
1700084F23Rik,0.692315975,1.728395062
Gm10260,0.690778337,0.617283951
Bmx,0.689666059,3.086419753
Cdc42ep3,0.689593499,15.43209877
Tmem140,0.688177459,11.72839506
Acy3,0.6877773,2.962962963
Exoc3l,0.687567993,1.481481481
Lzts1,0.687187607,7.777777778
Plscr1,0.686878405,14.81481481
Impdh1,0.686410803,18.88888889
Dusp6,0.685241035,11.85185185
Tbc1d4,0.684730009,58.27160494
Myo1b,0.683653643,32.34567901
Syt15,0.683457764,1.358024691
Arpc1b,0.683137303,37.5308642
Ccl11,0.682986326,1.234567901
Gm16282,0.682972912,2.469135802
Trim25,0.682693941,20.98765432
Ripk3,0.682465883,0.617283951
Triobp,0.682349186,12.96296296
Gm10320,0.6820842,6.543209877
Bgn,0.681747717,8.395061728
Toporsos,0.680928458,11.11111111
Nampt,0.680718585,25.67901235
Gm12158,0.679661536,1.975308642
Bnip2,0.679329551,20.74074074
Socs2,0.678869981,14.07407407
Isyna1,0.678619044,31.97530864
Casq2,0.677052077,9.012345679
Stom,0.677044066,9.75308642
Gm36569,0.676643365,0.987654321
Nos2,0.67598043,1.481481481
Ifit3b,0.675802925,5.061728395
Sepp1,0.675671038,61.35802469
Txnip,0.675003007,21.72839506
Procr,0.674879011,1.728395062
Rin3,0.674520852,10.61728395
Samd9l,0.674326735,24.69135802
Zfp358,0.674033807,5.679012346
Tmem238,0.672192102,4.938271605
Ifi35,0.670641931,25.55555556
Ostf1,0.670443493,34.44444444
Atg4a-ps,0.669725208,0.24691358
Pear1,0.669356168,13.33333333
Gm27198,0.669214317,0.49382716
Gm5127,0.668822501,2.716049383
Atf3,0.66872663,1.975308642
Cyba,0.665607786,21.60493827
4930557F10Rik,0.665584453,2.839506173
Cgnl1,0.663777224,35.0617284
Gm8186,0.661651731,22.22222222
Xlr,0.66165077,2.962962963
Ackr3,0.660971135,13.20987654
Notch3,0.660760717,22.4691358
Mafk,0.660585727,5.555555556
Arpc3,0.660497839,37.90123457
Tns1,0.660407703,49.62962963
Tspan4,0.660161548,14.69135802
Rpl29,0.659883644,32.59259259
Gm8730,0.659808302,17.28395062
Abhd2,0.659114309,63.33333333
Pwwp2b,0.659112361,5.555555556
Ankrd37,0.658796187,10.37037037
Tspan13,0.657959238,59.87654321
Mcf2l,0.657714222,37.5308642
Pth1r,0.657706261,12.71604938
Pnpla2,0.657436069,11.2345679
Polk,0.657224122,40.98765432
Cdc42ep5,0.657081739,3.827160494
Stard4,0.656699992,11.11111111
Slc1a1,0.656568882,37.28395062
Oasl1,0.65645443,1.604938272
Elk3,0.655426761,29.25925926
Tm4sf1,0.655221149,39.01234568
Ifnar1,0.655170117,26.54320988
Gm10020,0.654891695,2.962962963
Gvin1,0.654865357,3.209876543
Hmgcs2,0.654227465,29.87654321
Banf1,0.654213006,11.72839506
Tns2,0.654179518,22.96296296
Egflam,0.653729862,18.02469136
Sik1,0.653202931,6.172839506
Cyb5r3,0.653019178,26.2962963
Gm43352,0.652547923,0.617283951
Zic3,0.652363788,16.54320988
Bik,0.652267871,0.864197531
1810037I17Rik,0.652118611,42.71604938
H2-K1,0.651668323,38.02469136
Fli1,0.649384666,51.11111111
Hyal2,0.649293842,8.024691358
Dusp3,0.649180476,37.16049383
Zbtb46,0.649128947,23.58024691
Col4a3bp,0.648756175,53.20987654
H2-D1,0.648683353,59.01234568
Ebf1,0.648267473,84.81481481
Eif4ebp1,0.648094699,3.456790123
H2-Q6,0.647962043,1.111111111
B2m,0.647464229,62.83950617
Ctsh,0.64691055,31.35802469
Ankrd50,0.646668578,11.97530864
Adgra2,0.645699194,18.7654321
B4galt4,0.645691928,15.92592593
Arhgap29,0.645602185,45.67901235
Sh2d3c,0.645218895,20.37037037
Gm28053,0.645152239,1.481481481
Gm10076,0.645131283,21.60493827
Pydc4,0.644954245,0.740740741
Rhobtb1,0.644814978,27.90123457
Rap1b,0.644623669,28.27160494
Gpihbp1,0.644233731,0.617283951
Sult1a1,0.644198635,7.283950617
Ccdc71l,0.644066336,4.444444444
2510046G10Rik,0.643929127,3.827160494
Adgrl2,0.64325973,33.20987654
Tor4a,0.643171952,1.604938272
Col4a2,0.642855136,23.82716049
Myl12b,0.642023572,42.4691358
Mmp25,0.641656499,0.617283951
Kcne4,0.641562983,1.481481481
St3gal6,0.641359257,61.97530864
Gnai2,0.640947201,52.71604938
H2-T23,0.640904826,5.679012346
Pfn1,0.640200057,51.11111111
Sipa1,0.640160638,22.34567901
Mmp28,0.639672974,10.61728395
Lgals9,0.639263156,15.92592593
Hnrnpf,0.638911739,38.51851852
Psmb9,0.638677468,7.283950617
A4galt,0.638033902,24.32098765
Btg3,0.637922237,5.555555556
Fam63a,0.6368673,22.34567901
Gm2000,0.636856503,39.13580247
Kctd12,0.635825293,13.08641975
Rps18-ps3,0.635340523,23.7037037
Serpinh1,0.635019092,29.75308642
Hba-a2,0.634647262,14.56790123
Prkd2,0.634093991,16.66666667
Gpr146,0.634075993,16.41975309
Map3k7cl,0.633974577,0.987654321
Sgms1,0.633805317,83.95061728
Psmb10,0.633713024,19.38271605
Junb,0.633612406,11.2345679
Klhl6,0.633304958,8.518518519
Rnf144b,0.632602981,26.17283951
Gm13889,0.632593281,8.148148148
Tnfaip1,0.632493164,19.38271605
G6pc,0.632428396,0.49382716
Ctnnd1,0.63230188,14.19753086
Osgin1,0.630266315,1.358024691
Maff,0.629935005,2.345679012
Lama4,0.629226534,21.2345679
Rcsd1,0.629151281,16.41975309
Dab2ip,0.628853696,28.88888889
Trpc3,0.628127235,20.49382716
Aldh1a3,0.627740388,0.987654321
Rpl18a,0.627155645,58.02469136
H3f3a,0.627022382,44.32098765
Pomp,0.626913974,42.96296296
Alox12,0.626755748,2.592592593
Ddc,0.626577852,24.81481481
Dpp4,0.626565985,6.790123457
Bsg,0.625997628,96.41975309
Plat,0.625878289,30.98765432
Oasl2,0.625852693,14.56790123
Zfp820,0.625569213,2.345679012
Maoa,0.625541244,39.50617284
Rpl18,0.62499994,43.20987654
Rps16,0.624777072,49.50617284
Akip1,0.624631246,5.061728395
Rgcc,0.624031136,40.98765432
Sbspon,0.624026643,2.962962963
Dock6,0.623988397,29.38271605
Hba-a1,0.623669696,16.2962963
Rps18,0.623295404,44.44444444
Cstb,0.622702907,23.20987654
Smim11,0.622690471,16.66666667
Alpl,0.622488911,11.97530864
Rpl39l,0.622038704,0.49382716
Cmtm6,0.621966505,11.72839506
Fbxl14,0.621850113,6.049382716
Swap70,0.620559296,18.7654321
Ctla4,0.620519276,30.24691358
Uaca,0.62001098,20.98765432
Ube2l6,0.619889318,6.419753086
Slc16a1,0.619503506,23.7037037
Esm1,0.619135549,1.234567901
Ppic,0.61880552,5.432098765
Mxra7,0.618741981,18.7654321
Ece1,0.618187982,34.44444444
Gm26863,0.618178129,1.111111111
Nid2,0.618065265,8.271604938
Tfpi,0.617947668,9.75308642
Rps17,0.617799941,28.64197531
Psme1,0.617587439,16.54320988
Itga4,0.617405653,10.74074074
Lyar,0.617043299,8.765432099
Pcdh1,0.616064442,15.92592593
Lama5,0.615790301,9.62962963
Gm28140,0.61563739,0.37037037
Gm20756,0.61561428,5.432098765
Rpl13-ps3,0.615608445,51.72839506
Uqcc3,0.615605592,16.91358025
Tbx2,0.615570313,6.172839506
Rapgef4,0.615363685,58.27160494
Pgm5,0.615326601,24.44444444
Rhob,0.614833207,30.74074074
Serf2,0.614725916,57.16049383
Gm10269,0.614397879,1.975308642
Ptma,0.614354986,66.2962963
Rps25,0.614255972,41.72839506
Rpl7,0.614081674,36.54320988
Sri,0.613907924,28.88888889
Kif1c,0.61348033,20
Rab3d,0.613470922,3.827160494
Synm,0.613194491,16.54320988
Rps19,0.613131441,54.32098765
Lrrc8c,0.612923331,25.55555556
Rasgrp3,0.612838627,47.90123457
Emp2,0.612465735,18.51851852
Gm11131,0.612335203,0.617283951
Pomc,0.612281963,5.432098765
Tmem51,0.6120997,10.61728395
Rps4x,0.611986278,43.95061728
Ptprg,0.611683363,89.50617284
Klf6,0.611451499,19.75308642
Ly6c2,0.611259004,0.49382716
Nxpe4,0.611161982,28.64197531
Rps7,0.610830491,24.19753086
Gm12185,0.610755756,9.87654321
Fam101b,0.610471141,17.77777778
Ablim1,0.609875673,68.02469136
S100a11,0.609306727,20
Fzd4,0.609160742,13.45679012
Rps14,0.609006718,59.25925926
Med28,0.608837651,26.2962963
Rpl22,0.608829758,25.43209877
Fmnl3,0.608504688,20.61728395
Sh3bgrl3,0.607982907,32.83950617
Mob1a,0.607884624,11.35802469
Ndufa7,0.607773993,46.54320988
Vat1,0.607517046,26.41975309
Gbp8,0.607336855,5.679012346
Steap4,0.607333366,0.617283951
Sec61b,0.607126183,19.50617284
Cd151,0.607119282,20.49382716
Tsc22d1,0.607096554,72.34567901
Rps29,0.606985892,64.19753086
Ost4,0.60697323,17.5308642
Arhgap27,0.606441324,7.530864198
Msn,0.606432793,38.02469136
Rplp0,0.606334026,29.87654321
H1f0,0.605995162,17.16049383
Gm10116,0.605699131,8.765432099
Gltscr2,0.605443717,14.9382716
D8Ertd738e,0.605268511,34.69135802
Gm9844,0.604967558,18.88888889
Nrp1,0.604802003,52.83950617
Dgkh,0.604758287,28.51851852
Megf6,0.604499842,9.135802469
Slc16a2,0.604466821,52.83950617
Axin2,0.604322509,11.97530864
Pdgfrb,0.60429055,25.92592593
Gstt2,0.604235131,14.81481481
Sap30,0.604089702,3.086419753
Ftl1,0.603968969,73.20987654
Pde5a,0.603887303,14.69135802
Gcnt2,0.603733565,28.51851852
6030445D17Rik,0.603666439,0.864197531
Trim56,0.603642053,10.37037037
Rnaseh2c,0.603616105,13.82716049
Dusp7,0.603531841,7.901234568
Gbe1,0.603512552,32.4691358
Arhgdia,0.603247395,35.0617284
St8sia6,0.602919258,9.75308642
Clic1,0.602838523,32.59259259
4931406P16Rik,0.602741675,52.59259259
Gm13470,0.602372463,2.962962963
Tmsb4x,0.60228567,85.92592593
Prkcdbp,0.601736857,13.58024691
Snx3,0.601628611,40
2900026A02Rik,0.601540853,15.80246914
Rpl36-ps3,0.60149354,18.88888889
Mustn1,0.601459343,2.592592593
Gm26510,0.600911753,11.11111111
Rpl38,0.600478183,48.27160494
Myl6,0.600451404,73.08641975
Shisa5,0.600435707,24.9382716
Arhgef3,0.600384237,33.82716049
Esyt1,0.599998074,11.85185185
Rgs4,0.599960132,18.39506173
Gstm2,0.599874421,3.333333333
Ppdpf,0.599688632,19.75308642
1700016D06Rik,0.599343627,16.04938272
Gngt2,0.598963583,4.691358025
Rbm20,0.59865213,15.80246914
Gm11808,0.598470308,44.69135802
Jup,0.598406734,18.51851852
Rpl34,0.598378009,33.33333333
Rps3a1,0.598142914,37.90123457
Rps12-ps3,0.597910621,11.35802469
Gpcpd1,0.597854489,84.9382716
Rpl37a,0.597783083,51.11111111
Rpl27-ps3,0.597741886,41.48148148
A930033H14Rik,0.597591239,6.296296296
Caskin2,0.597465399,14.32098765
Nod1,0.597445083,11.72839506
Tgfbr2,0.597435141,35.80246914
Rbm8a,0.596963186,26.04938272
Ivns1abp,0.596804716,26.2962963
Nsmce1,0.596292247,11.60493827
Itpr3,0.596262656,8.024691358
Sept11,0.596109229,30.49382716
Sptssa,0.596103025,22.34567901
Mecomos,0.595863579,1.111111111
Cdkn1c,0.595498954,5.308641975
Gprc5c,0.595025582,8.518518519
Rpl39,0.594978883,26.91358025
Elk4,0.59471939,19.13580247
H3f3b,0.594509189,67.40740741
Esyt2,0.594506318,53.45679012
Rps6,0.594396321,45.92592593
Rps23,0.594347507,53.82716049
Tnfrsf19,0.594067742,25.43209877
Sgms2,0.592925091,18.7654321
Nr1d1,0.59186389,20.74074074
Syf2,0.591592116,24.19753086
Xaf1,0.591564433,14.19753086
Rps20,0.591555756,30.74074074
Stard8,0.591463033,23.58024691
Txndc17,0.590475908,18.64197531
Mis18a,0.590394304,3.950617284
Myo1c,0.590281551,13.33333333
Spry1,0.589986969,4.691358025
Mapk12,0.589871009,8.395061728
Naa38,0.589835199,16.54320988
Gm9843,0.589780321,59.75308642
Prdm1,0.589724482,3.827160494
Ctdsp1,0.589521539,15.0617284
Rassf3,0.589348852,30.86419753
Ano1,0.588823159,11.2345679
Rpl27a,0.588486326,44.9382716
Stra13,0.588478158,15.0617284
Arpp19,0.588338355,34.44444444
Bcl3,0.588130762,1.234567901
Btg2,0.588048441,12.09876543
Baiap2l1,0.587943627,8.641975309
Mapk3,0.587871107,25.18518519
Leprot,0.587679745,18.51851852
Fam43a,0.587541837,8.641975309
Tnks1bp1,0.58732949,11.11111111
Gm9493,0.586760022,26.41975309
Igf1r,0.586035021,90
Sypl,0.585986519,32.22222222
Atp13a5,0.585979435,30.74074074
Pdxk,0.585920234,24.81481481
Snrpg,0.585176471,15.30864198
Anxa5,0.584889336,34.9382716
Rpl13a,0.584798179,36.41975309
Cetn2,0.584257091,13.7037037
Rpl21,0.584247804,47.16049383
Fam129b,0.584060323,16.66666667
Gm10036,0.584001055,37.40740741
Gm5,0.583869504,1.234567901
Eif3f,0.583647763,20.86419753
Anxa2,0.583503407,27.28395062
Hadh,0.582794852,9.87654321
Rpl8,0.582585786,47.40740741
Uqcc2,0.582386944,28.88888889
Trip10,0.582374178,5.925925926
Mfhas1,0.581993274,31.97530864
Cdc34b,0.581820106,0.24691358
Jun,0.581772434,20.74074074
Bag5,0.581621552,9.75308642
Eif3e,0.581480079,19.50617284
Rab8a,0.581125618,8.765432099
Itih5,0.58107452,55.30864198
S1pr1,0.580634072,32.22222222
Gm17322,0.580479271,0.24691358
Rpl23,0.580297092,41.2345679
Notch1,0.580293582,27.28395062
Gm37401,0.5802019,6.913580247
Arl2bp,0.580148365,29.87654321
Uba7,0.579782685,0.617283951
Cdc42se1,0.579370938,10.98765432
Map3k1,0.579334022,19.75308642
Extl3,0.578946157,38.14814815
Cxx1b,0.578908249,21.2345679
Tnfrsf25,0.578821861,2.716049383
Rpl37,0.578598478,49.25925926
Faim,0.578083675,15.0617284
Hmg20b,0.577981159,23.33333333
Dubr,0.577748793,8.888888889
Gnb2l1,0.577693819,22.22222222
Chmp2a,0.577343866,26.66666667
Pop5,0.577278547,21.85185185
Shfm1,0.577145026,43.45679012
Rps28,0.576880001,30
Iqgap1,0.576596651,31.85185185
Rps3,0.57646892,46.54320988
Mybph,0.576313131,0.37037037
Gm33206,0.576125288,1.728395062
Rnaset2b,0.575931215,12.96296296
Ech1,0.575831959,26.91358025
Cd200,0.575793193,35.80246914
Nrep,0.575304927,10
Pttg1ip,0.575137812,20.12345679
Hnrnpa0,0.574961554,12.4691358
F730311O21Rik,0.574535668,0.24691358
Gm10263,0.574209397,30.74074074
Fam32a,0.574185359,17.16049383
Snrpb,0.573937694,26.54320988
Akap12,0.573804316,27.90123457
Spc25,0.573794775,0.864197531
Rpl23a-ps3,0.573551093,19.25925926
Lsm2,0.573335803,8.641975309
Irf2bpl,0.573146805,19.01234568
Ttc32,0.573014407,5.925925926
Spr,0.572722464,17.16049383
Ppp1r2,0.572588867,34.19753086
Ubald2,0.572219331,16.54320988
Npr1,0.572111948,4.938271605
Uqcrb,0.572026162,42.34567901
Rps11,0.571951975,36.41975309
Tbrg1,0.571926883,13.82716049
Hbb-bs,0.57162708,17.5308642
Bche,0.57161318,12.96296296
Slc52a2,0.571474853,9.259259259
Nbl1,0.571467378,15.43209877
Hbegf,0.571420438,8.271604938
Bnip3l,0.570988044,35.80246914
Slc25a24,0.570965885,3.950617284
Rpl9-ps6,0.570511051,51.60493827
Eif3g,0.57047097,16.79012346
Sdcbp,0.570188048,24.07407407
Rps15,0.570169433,53.58024691
Rhoa,0.570134708,42.71604938
Tpt1,0.570088705,46.79012346
Hmgb1,0.569854579,43.08641975
Tapbp,0.569807944,19.75308642
Zfp36l1,0.56971422,38.7654321
Tln1,0.568911317,19.01234568
Sod1,0.568881585,28.39506173
Gm14154,0.568788652,0.24691358
Gltp,0.568532125,15.43209877
Nxpe2,0.568347554,20.24691358
Pls3,0.567750349,40.86419753
Gm10073,0.567733591,27.28395062
Ptbp1,0.567716531,14.69135802
Mill2,0.567369567,27.65432099
Lmntd1,0.566871304,26.66666667
Vamp5,0.566751658,20
Tnfaip8l1,0.56624454,3.580246914
Serinc3,0.566208007,51.97530864
Bok,0.565993931,10.37037037
Irf9,0.565340056,10.37037037
Lyl1,0.56528675,2.962962963
Shroom4,0.565141008,23.33333333
Gstm7,0.565032213,8.271604938
Rps8,0.564844415,58.51851852
Tmsb10,0.564793594,53.95061728
Dpm3,0.564645237,27.65432099
Heg1,0.564122781,60.98765432
Rbpms,0.564093362,38.7654321
Rpl35a,0.564082658,46.04938272
Clic4,0.564044737,45.43209877
Rcn3,0.563884408,5.185185185
Anp32a,0.563532979,34.07407407
Plscr4,0.563272223,34.44444444
Ufm1,0.563154003,10
Pqlc1,0.562693978,10.61728395
Lrp8,0.562691252,16.91358025
Dusp23,0.562341218,7.901234568
RP24-240G4.4,0.562149296,0.24691358
Shroom1,0.56178585,10.49382716
Klk8,0.561650987,1.851851852
Anp32b,0.561509394,12.96296296
Ifnar2,0.561487118,20.12345679
Cggbp1,0.561399892,10.74074074
Adamts1,0.561278976,7.777777778
Rpl6l,0.561032679,32.71604938
Heyl,0.560822728,7.777777778
C1s1,0.560784583,1.234567901
Rab11a,0.560755214,34.19753086
Smpdl3a,0.560424141,15.67901235
Aldh2,0.5599349,34.56790123
Rpl4,0.559870945,40.74074074
Cdc37,0.55963259,20.86419753
Dazap2,0.559382053,20.24691358
Rpsa,0.559255447,33.45679012
Gm10094,0.559242703,9.259259259
Cdc42ep4,0.559079445,15.30864198
Hnrnpab,0.558931552,10.12345679
Nudt14,0.558514782,4.691358025
Slc9a2,0.558447003,5.555555556
Rps15a,0.558192888,17.90123457
Rps2,0.557915545,11.2345679
Ddx54,0.557825945,8.888888889
mt-Nd2,0.557134558,27.77777778
Sumf1,0.556977733,40.86419753
Ptpn14,0.556796317,15.67901235
Naca,0.556489666,26.79012346
Lmcd1,0.556468078,4.938271605
Arhgdib,0.556405624,9.259259259
Sptbn1,0.556390643,87.28395062
Rps5,0.5563733,43.20987654
Blvrb,0.556133351,11.60493827
Dap,0.5561111,7.901234568
Ppm1f,0.555693096,15.18518519
Mrpl17,0.555470681,14.19753086
Pon2,0.555456197,26.04938272
Bmi1,0.554933685,7.037037037
Fam219b,0.554617043,8.765432099
Ccnd2,0.554305216,13.45679012
Apol9b,0.55403793,0.617283951
Rps10,0.553678227,21.2345679
Efr3b,0.55333516,49.25925926
Ybx1,0.552992712,27.03703704
Snrpd2,0.552830317,24.44444444
Pla2r1,0.552753065,5.679012346
Slc3a2,0.552536914,49.01234568
Arpc5,0.552450019,20.49382716
Mknk2,0.552389207,8.148148148
Hipk3,0.552233871,25.92592593
Capn12,0.552192773,0.617283951
Slc31a1,0.55210871,21.60493827
Jam2,0.552081587,33.45679012
F11r,0.551941905,17.65432099
Arhgap31,0.551189799,62.83950617
Casp8,0.550858595,11.11111111
Rpl14,0.550810095,57.16049383
Rps27a,0.550782889,48.7654321
Adipor1,0.55068749,20.49382716
Dhx58,0.550344299,2.469135802
Map4k2,0.550254944,24.07407407
Gstm1,0.550195086,33.33333333
Bmpr2,0.549974058,53.58024691
Mtus1,0.549950568,40.61728395
1810058I24Rik,0.549609778,15.0617284
Rpp25l,0.549550558,8.518518519
Klf10,0.549164846,8.395061728
Sf3b5,0.549158972,14.32098765
Gm16070,0.548747053,4.197530864
Art3,0.548310074,16.2962963
Ppp1ca,0.548129371,26.17283951
Gm14820,0.547595902,13.95061728
Rpl32,0.54754708,43.45679012
Rps9,0.547193359,45.55555556
Slco2b1,0.547098582,29.62962963
Fbxo6,0.547096798,8.395061728
Cish,0.547001681,1.481481481
Atp5e,0.546050394,33.58024691
Smad6,0.546003921,9.382716049
Aif1l,0.545966738,7.901234568
Rpl31,0.545859685,9.012345679
Scube2,0.545562357,2.716049383
Rps27rt,0.545444201,72.22222222
Rgs16,0.545082163,1.358024691
Rbm42,0.544842942,16.91358025
Fmo1,0.544703478,7.407407407
Copz2,0.544679192,12.34567901
Psma7,0.544578047,36.54320988
2610305D13Rik,0.544486146,2.962962963
Eif4g2,0.543617578,34.9382716
Ubl5,0.543334231,29.13580247
Hdac7,0.542982321,22.34567901
Cyth3,0.542953502,28.02469136
Gpx8,0.542859753,10
Unc13b,0.542654201,27.28395062
1810043H04Rik,0.542628564,12.34567901
Tmem160,0.54251637,11.48148148
Ptms,0.541940243,21.35802469
Znrd1,0.541910866,10.12345679
Rnaset2a,0.541876467,10.12345679
Vasp,0.541839775,15.18518519
Abhd17a,0.541559928,16.04938272
9930111J21Rik2,0.541484026,2.962962963
Sept9,0.541017125,10.37037037
Amotl1,0.540714887,20.86419753
Hist1h2bc,0.540652545,20
Marveld2,0.540232573,1.975308642
Gm20631,0.540210262,1.604938272
Rab5c,0.540140046,24.19753086
Lamb1,0.540138649,2.839506173
Srsf9,0.540099663,11.85185185
Rpl36,0.539392676,29.62962963
Ifih1,0.539391361,10.12345679
Gemin7,0.539332286,15.80246914
Jag1,0.539194942,13.95061728
S100a1,0.53906588,18.64197531
Gm684,0.538442887,2.098765432
Irgm2,0.537852546,9.135802469
Cmpk2,0.537328257,4.320987654
Psma6,0.537098718,24.56790123
Tcf7,0.537064389,1.481481481
Mkl2,0.537009554,43.7037037
Dlc1,0.536620345,63.7037037
Syne2,0.536098247,20.74074074
Rps26-ps1,0.536031861,20.37037037
Lrrc32,0.535981277,2.469135802
Gabarap,0.535827862,32.09876543
Rpl24,0.535569049,41.11111111
Alad,0.535563671,11.72839506
Tmem167b,0.535562997,6.419753086
Bcl10,0.535394296,6.296296296
Tcaf2,0.535347608,2.345679012
Cnot6l,0.535266939,26.17283951
Plekhf2,0.535133056,5.925925926
Pole3,0.534901614,5.802469136
Gm26870,0.534627575,3.703703704
2700060E02Rik,0.534626745,19.38271605
Zfp706,0.533888257,19.87654321
Tprgl,0.533751262,21.60493827
Pcbp1,0.533543222,14.07407407
Dctpp1,0.533448396,4.444444444
S100a16,0.53343978,29.13580247
Cobll1,0.533128616,59.75308642
Psmb3,0.532801986,17.77777778
Ica1,0.532426938,27.40740741
Lsm8,0.532367454,7.654320988
1110059G10Rik,0.532209019,7.654320988
Hes1,0.53193002,27.03703704
Eif3k,0.531543674,22.34567901
Pfdn5,0.531402785,38.02469136
Lpar6,0.531191333,13.45679012
Fes,0.530919011,4.691358025
Itga6,0.53061098,47.40740741
Ccnd1,0.5305358,9.012345679
Fkbp1a,0.530214108,41.72839506
Fgf13,0.530067289,33.95061728
Alyref,0.530037878,5.802469136
Tiam1,0.529867652,14.32098765
Agpat2,0.529798025,2.098765432
Stat6,0.529793479,7.037037037
Jund,0.52979268,24.9382716
Zfp422,0.52976562,8.271604938
Smdt1,0.529702193,36.2962963
Sepw1,0.529576469,51.60493827
Adam15,0.529176519,24.56790123
Nedd9,0.529144328,23.82716049
Palm,0.529085783,28.88888889
Mgp,0.528933483,13.45679012
Nol7,0.528896344,14.9382716
Btf3,0.528845801,7.160493827
Rac1,0.528815648,27.77777778
Lats2,0.528780422,26.54320988
Tmem71,0.528744611,2.592592593
Parp14,0.528669266,8.024691358
Pim3,0.528230955,13.58024691
Ltbr,0.528180857,5.555555556
Saysd1,0.528122719,10.37037037
Chmp5,0.527971679,22.96296296
Zbtb11os1,0.527544169,1.975308642
Msrb3,0.527457645,20.61728395
Ndufs6,0.527020657,25.0617284
Trim6,0.526994693,2.716049383
Rpl26,0.526747202,46.54320988
Akr1c12,0.526676187,0.37037037
Nlrc4,0.526508036,35.0617284
Bud31,0.52640289,12.22222222
Nmi,0.526299144,11.60493827
Afap1l2,0.526026621,24.56790123
Psmc3,0.526004126,22.71604938
Atp6v1g1,0.524976994,33.08641975
Sh3bgrl,0.524934485,31.48148148
Sh3bp4,0.524596571,15.30864198
2610001J05Rik,0.524340598,17.5308642
Commd5,0.523990965,4.567901235
Gm4950,0.523572378,13.7037037
Rpl17,0.52334609,26.79012346
Fam118a,0.523174919,10.12345679
Irf2bp2,0.522546058,17.03703704
Taf1c,0.522192598,27.03703704
Dynll1,0.521824928,60.37037037
Cfl1,0.521606172,48.51851852
Rbms2,0.52152387,27.16049383
Pdcl3,0.52140001,13.08641975
Tnfrsf1a,0.521395275,8.765432099
mt-Co2,0.521380482,60.98765432
Tmem45a,0.520978072,5.925925926
Lysmd3,0.520730128,6.049382716
Purb,0.520707917,21.11111111
Nanos1,0.520439171,3.827160494
Uqcr11,0.520334926,40.74074074
Prrt4,0.520293687,1.975308642
Ldlrad3,0.520079305,39.75308642
Alas2,0.519228711,2.098765432
Wdr1,0.518982364,15.67901235
Pcna,0.518641348,6.296296296
Ldha,0.518616101,27.28395062
Ankrd33b,0.518547922,6.790123457
Trim30a,0.518372458,17.40740741
Polr2j,0.518349399,13.82716049
Nab1,0.518328119,14.81481481
Mrps24,0.518203044,16.91358025
Phldb2,0.517827492,27.40740741
Rab18,0.517586704,26.66666667
Gm44148,0.517335657,15.18518519
Chtf8,0.517267465,8.888888889
Nomo1,0.517222082,14.19753086
Mad2l1bp,0.517062598,3.209876543
Rgs3,0.516460025,18.88888889
Sumo3,0.516380531,18.64197531
Trpc4,0.516070795,8.518518519
Ddah2,0.51601157,9.87654321
Tpst2,0.515921868,13.7037037
Scarb1,0.515843961,19.38271605
Anapc13,0.515680207,18.64197531
H2afv,0.515612809,29.01234568
Eef1a1,0.515604162,60.98765432
Ggt5,0.5155722,7.777777778
Rapgef4os1,0.515224039,19.87654321
Midn,0.515105853,12.09876543
Polr2i,0.514958809,10.12345679
Ubxn1,0.514775242,17.40740741
Tpm3-rs7,0.514729185,3.209876543
Tpm1,0.514297273,29.25925926
Rnf44,0.514251143,10.37037037
Rps26,0.513485795,13.20987654
Myh9,0.513109227,35.55555556
Angptl4,0.513106618,4.074074074
Gm26982,0.513106166,1.234567901
Endou,0.513047668,0.864197531
Cpt1a,0.513009772,14.07407407
Lsm10,0.512405769,5.925925926
Sav1,0.512385346,7.407407407
Ccdc125,0.511968586,3.827160494
Dbp,0.51188472,18.14814815
Mef2c,0.51172497,38.64197531
Vegfc,0.511708509,4.691358025
Eef1d,0.511672166,17.5308642
Rassf9,0.511481234,23.33333333
Tomm7,0.511397605,25.30864198
Gm7160,0.511246137,3.703703704
Polr2m,0.511064882,14.19753086
Cr1l,0.510965961,26.17283951
Magoh,0.510810383,11.2345679
Cnih4,0.510636632,16.41975309
Pf4,0.510627443,0.987654321
Mansc1,0.510598044,2.222222222
Acot9,0.510574329,9.50617284
Cnot6,0.510520349,36.54320988
Pradc1,0.510507785,6.913580247
Mvp,0.510306403,6.049382716
Rdm1,0.510184893,11.60493827
Ralb,0.509913296,13.82716049
Nhp2l1,0.509822591,19.62962963
Slc16a13,0.509780379,2.098765432
Sf3b4,0.509705675,10.49382716
Wasf2,0.509470983,48.14814815
Ndufb7,0.509409685,31.35802469
Gm29237,0.50886662,2.222222222
1300002E11Rik,0.508355778,7.283950617
Dtx3l,0.508276416,5.432098765
Chmp3,0.508226692,25.55555556
Itgb1,0.508100466,33.58024691
Agrn,0.507584628,25.80246914
Prkg1,0.507259822,72.34567901
Ubl4a,0.50723813,7.777777778
2700046A07Rik,0.507038348,2.222222222
Rpl11,0.506951669,25.0617284
Gsdmd,0.506716241,4.814814815
Ocel1,0.506695241,4.320987654
Prdx1,0.506559281,56.79012346
Wdr89,0.506501278,47.5308642
Rexo2,0.506448722,20.61728395
Sfn,0.506315151,2.098765432
Fez2,0.506002362,14.44444444
Mapre1,0.505909382,23.7037037
Acadl,0.505744771,23.58024691
Txn1,0.505462409,27.16049383
Rpl5,0.505011855,31.72839506
Rpl23a,0.504642466,8.271604938
Commd2,0.504614087,8.024691358
Lbr,0.504112592,10.61728395
Atp5j,0.503454158,50.98765432
Rpl28,0.503180233,31.60493827
Grpel1,0.502641793,10.37037037
Rnpepl1,0.502500163,12.34567901
2310036O22Rik,0.502418363,21.97530864
Oas2,0.502341938,1.604938272
Fnbp1l,0.502248207,28.27160494
Angpt2,0.502193486,3.209876543
Fbxl8,0.502084642,2.098765432
Atp5g2,0.501894781,25.80246914
Sertad3,0.501881976,4.691358025
Psmb6,0.501879678,31.60493827
Lmna,0.501762872,16.66666667
Rbx1,0.501713702,38.02469136
Krtcap2,0.501703734,24.44444444
1110034G24Rik,0.501695918,21.60493827
Gmnn,0.501678123,3.580246914
Prelid1,0.501255007,10.98765432
Actg1,0.50060011,50.86419753
Svbp,0.500466424,9.50617284
Actn4,0.500082284,33.33333333
Fcrla,0.500046341,6.049382716
Lamtor5,0.499763472,19.25925926
Cd320,0.499606049,10.74074074
Clec1a,0.499567452,3.456790123
Ppp1r18,0.499506652,4.444444444
Sub1,0.499190226,33.58024691
Ephx1,0.498970399,10.37037037
Tceb2,0.498763902,32.22222222
Rplp1,0.498651905,39.75308642
Pllp,0.498555963,22.34567901
Cald1,0.498247489,45.43209877
Slc46a3,0.497497559,9.135802469
Wbp5,0.497333707,25.30864198
Eif1,0.49732222,59.75308642
Higd2a,0.497281591,24.69135802
Rpl19,0.496880171,45.80246914
Taf7,0.496176085,7.160493827
Med10,0.49615707,11.48148148
Chmp2b,0.49534779,7.654320988
Stx3,0.494936656,16.54320988
Gpr160,0.494863382,4.320987654
Cpne3,0.494478058,14.81481481
Hey1,0.494133332,8.395061728
Insr,0.494019043,47.40740741
Snrk,0.493456608,36.91358025
Eif3h,0.493364104,22.83950617
Il17rd,0.493270731,14.9382716
Gins4,0.493049682,5.185185185
Tgfb2,0.49293032,24.56790123
Trim34a,0.492885386,5.925925926
Tspan12,0.492635427,18.7654321
Tcf3,0.492610227,13.08641975
Crybg3,0.492583018,10.86419753
Lamtor2,0.492378994,22.59259259
Card19,0.49234103,14.44444444
Ap5b1,0.492140814,0.864197531
Wdr83os,0.491952789,12.34567901
Plekhg5,0.49184681,11.72839506
Ing1,0.491394562,4.938271605
Foxd1,0.491118001,2.222222222
Polr2k,0.491009421,17.16049383
Pou2f3,0.490976412,6.049382716
Rpl41,0.490541423,79.62962963
Mcm3,0.490484117,1.851851852
Chmp6,0.490443339,6.913580247
Ddx60,0.49005457,8.888888889
Ninj1,0.489951233,8.641975309
Gamt,0.489794817,5.925925926
Mmd,0.489749311,10.12345679
Eif3j2,0.489686145,5.308641975
Nop10,0.489643385,30.61728395
Tecpr2,0.489126307,48.7654321
Zfp715,0.489070398,9.87654321
Ddah1,0.489036173,41.60493827
Tmpo,0.488887298,14.9382716
Fkbp4,0.488880395,23.45679012
Sorbs2,0.488738064,69.75308642
Capns1,0.488495997,42.09876543
Csnk1g2,0.488489697,11.72839506
Rassf1,0.488395692,13.33333333
Arfip1,0.488301244,5.061728395
Abt1,0.487573327,3.703703704
2200002D01Rik,0.48658151,0.987654321
Cox17,0.486507757,7.407407407
Lsm5,0.486023717,9.87654321
Btg1,0.485892903,13.58024691
Rps24,0.485847998,33.7037037
Rpl7a-ps5,0.48574848,8.148148148
Oaz2,0.485008989,33.20987654
Dach1,0.484629464,37.77777778
Imp3,0.484437771,9.259259259
Spag6l,0.484373295,43.08641975
Tmem258,0.484153202,22.22222222
Dnajc14,0.484085569,8.148148148
Arl6ip5,0.484022865,37.65432099
Smarce1,0.483856061,11.72839506
Eif5a,0.483718316,28.51851852
Smim15,0.483607657,7.654320988
Mllt6,0.483470712,18.02469136
Filip1l,0.483341999,7.530864198
Erbb2,0.48324344,2.592592593
Ppie,0.483098055,7.530864198
Taldo1,0.483007326,26.17283951
Atg101,0.482956698,9.135802469
Thap7,0.482908928,8.518518519
Ctdsp2,0.482683605,15.30864198
Klhl23,0.482609089,8.395061728
Tmem109,0.482556321,13.58024691
Git1,0.482417558,10.98765432
Rnf213,0.482064144,16.91358025
Prickle3,0.481951265,2.592592593
Ndufb11,0.481843899,32.22222222
Stat1,0.481829863,13.82716049
Adh5,0.481716273,9.87654321
Srp14,0.481511762,29.50617284
Zbtb14,0.481314171,4.444444444
Eif4a3,0.481092439,11.11111111
Pir,0.480919933,19.75308642
Atp6v0e,0.480138567,29.01234568
Capza2,0.479781873,25.30864198
Nfya,0.479270357,4.567901235
Cbr3,0.47908564,2.962962963
Cnbd2,0.479019648,28.27160494
Mbd3,0.478980629,12.22222222
Timm17b,0.478784777,8.395061728
Orai3,0.478756268,4.814814815
Wwtr1,0.478697713,39.38271605
Tmem14c,0.478471342,12.34567901
4833422C13Rik,0.478134962,4.074074074
Serpina3g,0.477977646,0.617283951
Gatad2a,0.477913099,18.64197531
Rps19bp1,0.477811278,7.901234568
Sparc,0.477578059,68.39506173
Fem1a,0.47743063,4.938271605
Fam117b,0.477189655,32.34567901
Snapc5,0.477155534,12.71604938
Lrp5,0.476862509,14.32098765
Sec13,0.476812933,11.2345679
Dram2,0.476812673,24.19753086
Mrps21,0.476728932,24.9382716
Ranbp1,0.47640956,24.9382716
Thap11,0.476359005,4.320987654
Gucy1a3,0.475820525,9.382716049
Cib1,0.475696244,5.679012346
D030056L22Rik,0.475587842,5.061728395
Rpa3,0.47540891,7.901234568
Abhd5,0.4751853,7.777777778
Hsd17b10,0.475160804,9.382716049
Hypk,0.474978305,19.25925926
Chrnb1,0.474973421,1.234567901
mt-Nd4,0.474922192,47.40740741
Fam13c,0.474860768,28.88888889
Kbtbd2,0.474751824,12.34567901
mt-Nd3,0.474694712,9.012345679
Gadd45b,0.474687765,2.345679012
Arf2,0.474668768,7.283950617
Nova2,0.474641367,7.160493827
Pfkl,0.473874478,14.19753086
Ctnna1,0.473855926,41.2345679
Edf1,0.473600172,34.9382716
Cdkn1b,0.473536101,11.2345679
Prkd3,0.473437418,20.24691358
Rras2,0.473362968,7.037037037
Agfg1,0.473251264,27.16049383
Ddit4l,0.473206955,12.83950617
Gm26532,0.47313238,17.03703704
Snrnp27,0.4728832,21.35802469
Rfk,0.472874789,6.543209877
Arpc2,0.472413045,35.55555556
mt-Nd5,0.472215692,9.50617284
Gm26632,0.472098869,5.555555556
Hmgn5,0.471852487,4.691358025
Dennd2c,0.471533122,2.716049383
Polr1d,0.471412701,17.28395062
Bola3,0.471141721,14.07407407
Sep15,0.471076173,35.0617284
Anxa7,0.470883541,20.86419753
Psme2,0.47065609,3.456790123
Dnttip2,0.470602184,8.271604938
Csnk2b,0.470573847,12.59259259
mt-Nd1,0.470307743,61.11111111
Bzw1,0.470214063,14.69135802
H2-M3,0.470083841,4.197530864
4921524J17Rik,0.469930075,8.888888889
Snrpf,0.469810293,13.58024691
Trmt112,0.469687523,17.03703704
Rell1,0.469663361,15.55555556
Ccng2,0.46952432,5.555555556
Gm3848,0.469501718,1.604938272
Rapgef2,0.469461845,59.50617284
Glmp,0.469009155,15.55555556
Plp2,0.468984728,2.469135802
Luzp1,0.468923115,49.13580247
Plin2,0.468772391,10.49382716
Ndufa2,0.468766948,33.45679012
Llgl2,0.468744533,1.358024691
Wtip,0.468637332,7.283950617
Acaa2,0.468402623,8.518518519
Gm10549,0.468362465,0.49382716
Polr2c,0.468297822,16.66666667
Chn2,0.46819456,30.24691358
Ajuba,0.468176263,2.716049383
Uap1,0.468137523,11.85185185
Snrpb2,0.468051053,12.83950617
mt-Cytb,0.46804062,61.97530864
Ndufa6,0.467566137,35.30864198
Utrn,0.467392928,77.16049383
Tbc1d1,0.467180003,13.33333333
Syde1,0.467146121,8.271604938
Grb10,0.467059741,25.67901235
Cetn3,0.466861347,22.59259259
Rsu1,0.46667326,32.71604938
Otud1,0.465998139,3.580246914
Slc9a3r1,0.46596266,10.24691358
Tbca,0.465950813,30.24691358
Eef2,0.465939021,42.34567901
Myeov2,0.465763804,23.95061728
Sar1a,0.465666935,14.81481481
1700020I14Rik,0.465562861,25.30864198
Kctd11,0.465551852,1.604938272
Ppia,0.465246436,62.96296296
Taf9b,0.465198519,5.185185185
Dnajc8,0.465155401,28.02469136
Eif3a,0.464935054,23.82716049
Filip1,0.46478341,24.19753086
Elovl7,0.464624283,30
Fkbp7,0.464193914,7.407407407
Tma7,0.464067063,33.82716049
Tbx4,0.463794107,0.49382716
Pa2g4,0.463777308,11.35802469
Mat2b,0.463753523,18.02469136
Tbc1d2b,0.463644024,16.41975309
Psma2,0.463462936,21.60493827
Gm10146,0.463401942,8.641975309
H2afz,0.463365864,29.25925926
Hmgn1,0.463256738,20.98765432
Trak2,0.463153835,13.08641975
Gna11,0.463015703,15.55555556
Bach1,0.462909921,7.777777778
Hspa1a,0.462887309,3.456790123
Plekhg2,0.462796228,8.765432099
Hnrnpul2,0.462792911,16.17283951
Esd,0.462677847,19.13580247
Ddx3x,0.462572256,27.40740741
Klhl5,0.462372136,29.75308642
Pcdh19,0.462037661,20.37037037
Sipa1l2,0.461905368,13.33333333
Mrpl50,0.461530562,7.160493827
Pttg1,0.461459392,23.58024691
Nhp2,0.461249086,5.802469136
Ccdc71,0.461001457,5.925925926
Cysltr1,0.460853855,2.592592593
Abracl,0.460851705,5.308641975
Cast,0.460601417,15.30864198
Nfkb2,0.460483648,1.975308642
Cyb5a,0.460370302,21.60493827
Trib2,0.460233719,15.0617284
Brd2,0.460215522,16.17283951
Mrpl34,0.460186792,9.382716049
Gtf3c6,0.459937763,7.037037037
Llph,0.459758012,10.37037037
Ppfibp1,0.459727465,27.90123457
Nedd8,0.459570926,33.20987654
Rbms1,0.459229452,57.28395062
Zbtb10,0.459069805,6.543209877
Cwc15,0.459048546,18.39506173
Kcnj12,0.459038892,2.469135802
Tmem256,0.458648736,23.82716049
Ccdc85a,0.458273152,46.91358025
Tmem184b,0.458225967,21.48148148
Rps21,0.458136399,12.59259259
Cebpzos,0.457883132,9.62962963
Rpl36al,0.457786735,25.43209877
Tmem159,0.457528291,6.913580247
Gadd45gip1,0.457210303,15.0617284
Stard13,0.457007213,8.641975309
Cdk2ap2,0.456737265,11.11111111
Gm4799,0.456636786,2.469135802
Ccdc124,0.456513582,13.33333333
Kdelc2,0.456474729,3.703703704
Ebna1bp2,0.456335867,10.24691358
Ssu72,0.456002956,23.45679012
Srp9,0.455359966,19.01234568
Sec14l1,0.455273145,20.12345679
Mycn,0.454936795,0.987654321
Rhoj,0.454919042,25.30864198
Ptn,0.45476522,77.16049383
Hnrnpk,0.454758336,39.38271605
Tbkbp1,0.454358289,11.72839506
Polr2f,0.454340879,14.32098765
Aim2,0.454311969,11.60493827
Pdgfd,0.454264915,58.88888889
Ehd4,0.454060173,12.09876543
Ier5l,0.453933126,2.469135802
Psmd10,0.453797975,6.049382716
Mal,0.453565759,27.5308642
Ctbp1,0.453083893,21.48148148
Fam72a,0.453039336,1.604938272
Lepr,0.453034879,6.419753086
Sh3tc2,0.452769045,12.34567901
Slc38a3,0.452301006,25.0617284
Prkx,0.452282011,5.555555556
Prkar1a,0.452106014,37.90123457
Tjp1,0.451873697,78.64197531
Hprt,0.451254382,26.79012346
Ogfr,0.451239619,7.283950617
Rps13,0.451202906,8.888888889
Sqrdl,0.450825462,4.814814815
Ddit4,0.450503616,12.83950617
Zxdb,0.450390282,3.333333333
Gpx7,0.450304067,4.567901235
1110008F13Rik,0.450179777,10.98765432
Slc6a20a,0.450060567,17.5308642
Gucy1b3,0.449611037,16.2962963
Smim10l1,0.449225833,20.24691358
Lasp1,0.44921808,15.30864198
Ccdc109b,0.449089755,3.456790123
Prelid2,0.449018894,2.592592593
Bax,0.448498516,25.30864198
Lrrc58,0.448466451,34.44444444
Ndufv3,0.448413033,26.66666667
Sumo2,0.448215547,38.02469136
Eif6,0.448075626,13.58024691
Gm12002,0.44797051,6.543209877
Pdcl,0.447941993,6.172839506
Sf3a2,0.44755055,7.901234568
Cactin,0.447189055,6.172839506
Ncl,0.446841425,23.20987654
Grb14,0.446798726,34.81481481
Mrps18c,0.446316688,13.33333333
Ppp1cb,0.446316596,37.90123457
Pdcd10,0.445821252,25.18518519
Arhgap10,0.44569833,10.98765432
Batf,0.445375819,1.604938272
Samhd1,0.445131181,19.01234568
Aes,0.445032457,20.86419753
Flna,0.444683617,14.19753086
Fam96b,0.444477656,11.97530864
Mrpl33,0.444449761,21.48148148
Gnb4,0.444442318,17.28395062
Ercc6l,0.444380334,0.37037037
Gstk1,0.444053265,4.197530864
Sox13,0.443854593,9.62962963
Lgalsl,0.443477858,5.555555556
Mpzl1,0.443471464,42.34567901
Nid1,0.443268984,12.83950617
Ctnnbip1,0.443099513,15.0617284
Tcn2,0.443067774,15.67901235
Marveld1,0.442868856,4.320987654
Rab35,0.442808659,7.037037037
Tceb1,0.442655929,20.37037037
Heph,0.442250536,34.19753086
Timm13,0.442054779,20.98765432
Gm10250,0.441816592,32.96296296
1700001C19Rik,0.441322967,1.234567901
Plxna4os1,0.441258364,0.864197531
Exoc3l2,0.440834604,1.111111111
Pim1,0.44065301,5.925925926
Magi3,0.440539094,37.16049383
Maf1,0.440331174,11.72839506
Tap2,0.440325064,16.2962963
Naif1,0.440276479,0.740740741
Mtpap,0.44013207,11.85185185
Mcc,0.439972754,53.95061728
Trim14,0.439720362,5.555555556
Eif2ak2,0.439366704,8.641975309
Bag1,0.439125533,10.37037037
Tex261,0.438984607,13.45679012
Calm1,0.438778643,72.96296296
Romo1,0.438724893,22.4691358
Stab1,0.437685361,10.12345679
Arf1,0.437653369,31.35802469
Adap2,0.437499518,15.0617284
Dynlrb1,0.437377062,31.35802469
Hist1h1c,0.437085138,12.96296296
Rasl11a,0.437013127,2.962962963
Pald1,0.436988414,10.98765432
Irf1,0.436768457,6.790123457
Mrfap1,0.436690958,30.24691358
Dek,0.436679113,16.54320988
Csk,0.436219221,10.37037037
Ptbp3,0.436118223,21.35802469
Eif4a1,0.4361093,34.19753086
Ran,0.436106017,19.87654321
Eif3d,0.436105931,10.86419753
Plec,0.435901274,19.87654321
Rpl10a,0.435773846,26.17283951
Nck1,0.435773476,20.49382716
Nr1h3,0.435593941,5.185185185
Tceb3,0.435590541,4.197530864
Ubtf,0.435404696,13.20987654
Lrrk1,0.435140432,18.64197531
Coro1b,0.43512347,10.86419753
B230219D22Rik,0.435101039,19.25925926
Il34,0.435095244,14.9382716
Swi5,0.435056498,25.92592593
Nxt1,0.43497203,5.925925926
Plxna2,0.434797844,32.83950617
Sdhaf1,0.434766581,4.691358025
Gm26569,0.434333057,1.481481481
Mxd4,0.433906326,25.18518519
Pde3a,0.433828918,9.135802469
Mtcl1,0.433727447,32.83950617
Rasl12,0.433726103,5.679012346
Rbm15,0.43287626,7.530864198
Serbp1,0.432872087,31.60493827
Rhog,0.432234182,4.938271605
Med21,0.432206818,11.48148148
Ywhab,0.432183771,28.02469136
Pdcd6,0.432177701,15.30864198
Tollip,0.431971986,10.49382716
Anpep,0.431935292,3.703703704
Ppp1r11,0.431878791,21.35802469
Efnb1,0.431722813,4.444444444
Prdx4,0.43164789,11.35802469
9530082P21Rik,0.431580003,5.432098765
Skp1a,0.431481254,24.81481481
Chchd1,0.431462528,13.45679012
Tbc1d20,0.431442577,8.641975309
Bcl2l12,0.431031897,6.296296296
Psmd6,0.430874688,13.95061728
Zbtb45,0.430705778,4.074074074
Cox6a1,0.430645229,52.83950617
Ifngr1,0.430500826,13.45679012
Prrg2,0.430452476,4.691358025
Ywhaz,0.430187302,21.72839506
Bad,0.430126947,13.33333333
Lgals7,0.429995527,0.864197531
A430005L14Rik,0.429836288,8.024691358
Rad21,0.429542606,15.0617284
Rpl15,0.429494151,6.790123457
Zfp319,0.429359895,1.851851852
Nfyb,0.42919992,4.814814815
Fkbp9,0.429037601,12.4691358
Bcl7b,0.428799846,9.50617284
Fis1,0.42806107,23.82716049
Ak3,0.427970244,16.66666667
Mprip,0.427948839,36.79012346
Slc35d2,0.427943121,5.432098765
Ap3s1,0.427575973,23.20987654
Man2a1,0.427381846,15.55555556
Tceal8,0.427365913,10.86419753
Rbm7,0.427167506,12.4691358
Psma4,0.427070541,13.45679012
Kcnj2,0.426847187,2.222222222
Bloc1s1,0.426760124,2.716049383
M6pr,0.426661248,16.41975309
Cebpg,0.426655621,13.82716049
Uba52,0.426603682,5.432098765
Rrm2b,0.426578749,16.91358025
Akr1a1,0.42643563,33.20987654
Zfp560,0.426405824,11.35802469
Nkiras2,0.426353202,4.320987654
Ndufaf3,0.426063572,11.35802469
Trim12c,0.426040065,7.160493827
Siva1,0.425925921,5.555555556
Foxp1,0.425862115,59.38271605
Reep3,0.425571016,34.69135802
Mis12,0.42554917,3.456790123
Gm10031,0.425534683,5.555555556
Bak1,0.425025893,5.308641975
Rab22a,0.425003461,15.43209877
2410022M11Rik,0.424757331,2.222222222
Actb,0.424734738,82.4691358
Txnrd3,0.424720634,2.345679012
Ly96,0.424682018,3.827160494
Fadd,0.42467321,1.604938272
Fam3a,0.424617245,7.160493827
Gm27201,0.424614886,1.358024691
Mrpl35,0.424548801,7.901234568
Gm9774,0.4241764,12.09876543
Tpd52,0.423955753,23.95061728
Ubl7,0.423728929,9.87654321
Htatsf1,0.423558044,8.148148148
Ppp1r13b,0.423023124,23.20987654
Hip1,0.422925939,56.91358025
Efhc2,0.422766705,6.913580247
Ap1s2,0.422763859,14.44444444
Efemp2,0.422664202,7.407407407
Lamc3,0.422008299,7.654320988
Rpl36a,0.421701228,3.086419753
Cdk4,0.421605643,11.11111111
Cxcl1,0.421410006,0.49382716
Tlr12,0.421178812,0.740740741
Mrpl14,0.421029353,13.08641975
Slc16a12,0.420852726,11.72839506
Txndc9,0.420743958,17.90123457
Gcc1,0.420597326,3.086419753
Usp43,0.420467933,2.222222222
Park7,0.420327962,33.7037037
Ssbp4,0.420277764,15.30864198
Bhlhe40,0.420036178,11.72839506
Phf23,0.41980229,6.049382716
G3bp1,0.419637602,22.96296296
Tepp,0.419421833,1.358024691
Mrpl36,0.419329256,10.24691358
Mrps33,0.419310258,25.43209877
Akt1,0.419203142,12.59259259
Dcun1d3,0.419034716,19.13580247
Fam104a,0.418830176,11.35802469
Gm38399,0.418797293,12.34567901
Slc35a4,0.41875235,7.407407407
Flii,0.418512534,16.17283951
Hsbp1,0.418394279,27.5308642
Eaf1,0.418392448,6.172839506
Wdr82,0.418262097,9.259259259
Igfbp3,0.418109897,2.222222222
Cd2ap,0.417943613,30.24691358
Cox7a2l,0.417916953,24.32098765
Ptprm,0.417552343,74.9382716
Fam103a1,0.417265927,13.95061728
Mrpl28,0.416701238,12.59259259
Minos1,0.416687545,31.85185185
Sec61g,0.41662627,12.4691358
Gtf2h5,0.416581857,18.27160494
2810428I15Rik,0.416574101,14.9382716
Fam129a,0.416532524,8.024691358
C330006A16Rik,0.416357057,7.037037037
Flnb,0.416295477,33.45679012
Galnt15,0.416174796,8.395061728
Sdc3,0.416049178,21.35802469
Ccny,0.415947102,34.69135802
Anapc11,0.415900536,20.98765432
Cdkn2aipnl,0.415810315,5.308641975
Arf5,0.415702018,25.30864198
Erh,0.415413834,23.08641975
Rbm22,0.415281951,9.012345679
Arl15,0.414816819,57.5308642
Mir143hg,0.414739979,4.197530864
Rab11b,0.414358465,24.19753086
Rpl3,0.413880784,33.20987654
Wfdc17,0.413877033,1.111111111
Mrpl20,0.413876317,13.95061728
Gclm,0.413716179,22.96296296
Cp,0.412984605,28.51851852
Coa3,0.412850023,20.24691358
Sh3rf1,0.412845998,36.41975309
Ms4a4d,0.41276492,0.740740741
Stx12,0.412255432,23.95061728
Grcc10,0.412250958,6.913580247
Psmb4,0.412111517,17.16049383
Neurl2,0.412071288,2.839506173
Emd,0.411657769,8.641975309
Unc5b,0.411556955,10.49382716
Psmg4,0.411391597,6.049382716
Psmd8,0.411177598,13.08641975
Lipa,0.411050745,12.4691358
Smim7,0.410908129,12.34567901
Platr22,0.410747736,2.592592593
Omd,0.410622807,1.111111111
Etl4,0.410528673,35.80246914
Pdzd2,0.410415609,28.02469136
Rdx,0.410149847,29.75308642
Scand1,0.410132308,9.259259259
Pih1d1,0.410076789,4.444444444
Alkbh2,0.410024674,4.074074074
Cxx1a,0.409904926,30.49382716
Aplp2,0.409880721,52.34567901
Dact1,0.409862349,1.728395062
Mrps14,0.409822491,19.13580247
Eef1g,0.409767523,32.59259259
Timp3,0.409679667,38.64197531
Inafm2,0.409583663,2.962962963
Mgat2,0.409300875,9.012345679
Ldlrap1,0.409104779,4.691358025
Ppib,0.408962396,31.2345679
Prr13,0.408931629,17.90123457
Tomm22,0.408654194,15.0617284
Inpp1,0.408610519,11.11111111
Ctsc,0.408565661,12.09876543
Max,0.408548967,17.65432099
Aurkaip1,0.408534558,16.66666667
Lima1,0.40765989,37.5308642
Map3k13,0.407506805,9.50617284
Zyx,0.407428164,7.160493827
2210013O21Rik,0.407399609,13.45679012
Actn1,0.406972166,12.59259259
Pip5k1c,0.406466988,11.2345679
Rit1,0.406297669,12.4691358
Vps36,0.406184452,12.96296296
Ndufc1,0.406047252,27.28395062
Srgap2,0.40602025,56.41975309
Ralbp1,0.405989037,25.80246914
Cyb5r1,0.40573786,5.432098765
Ubc,0.405654072,60.61728395
Rela,0.405512042,7.654320988
Xbp1,0.405210115,18.7654321
Trp53inp2,0.405014175,12.71604938
Gpx4,0.405013012,44.69135802
Tbcb,0.404905998,20.37037037
Atp5k,0.404829214,24.44444444
Ube2g2,0.40468907,6.172839506
Pin4,0.404300557,4.814814815
Chchd5,0.404121636,4.444444444
Pnrc2,0.403974132,8.024691358
Tap1,0.403971215,3.456790123
1700123O20Rik,0.40395085,5.432098765
Nhsl2,0.403910181,17.16049383
Ssna1,0.403906246,15.43209877
Pkig,0.40372235,25.67901235
Tgfb1,0.403650522,6.790123457
Borcs6,0.403508366,6.172839506
Tob1,0.403485672,12.71604938
Trim12a,0.403183662,13.7037037
H2-Aa,0.403078741,1.481481481
Nosip,0.402894839,8.024691358
Hspa1b,0.40267981,1.358024691
Tnfrsf12a,0.402611422,5.061728395
Mlkl,0.402522418,1.851851852
Myof,0.402385946,4.814814815
Nab2,0.402254226,3.333333333
Alg14,0.402192075,10.61728395
Ybx3,0.401890894,8.395061728
Mrpl46,0.401568954,8.148148148
Adgrg1,0.401209244,16.91358025
Yif1a,0.401195634,10
Ndufa8,0.401076333,23.95061728
Sorbs3,0.400968475,10.37037037
Sept10,0.400833931,12.34567901
Egln2,0.400646252,13.58024691
Gm11273,0.400495634,10.86419753
Nfe2l1,0.400480577,18.64197531
Mtmr6,0.400135101,18.27160494
Psmb1,0.399774326,30.98765432
Lsm4,0.399633546,13.08641975
Cdca4,0.399331955,1.851851852
Prkrir,0.399292286,5.555555556
mt-Nd4l,0.399239924,4.814814815
Phf5a,0.399238952,7.777777778
Adap2os,0.398974633,10.61728395
St6galnac4,0.39874002,5.308641975
Anp32e,0.398733044,13.45679012
Tmod3,0.398486202,29.75308642
Ube2i,0.39734695,16.79012346
Jak3,0.396873014,1.851851852
As3mt,0.396766267,11.97530864
Unc119b,0.39656117,7.037037037
Chtop,0.396389109,13.45679012
Adm,0.396330871,3.209876543
Ndufb2,0.395839264,21.72839506
Golim4,0.395326093,34.69135802
Rnf7,0.395167737,18.02469136
Cuta,0.395142725,17.5308642
Snrpc,0.3951059,8.888888889
Nr2f2,0.39497737,16.66666667
Trappc5,0.3948819,8.765432099
Erf,0.394833473,5.925925926
Ywhaq,0.394710458,44.9382716
Lrch1,0.394683664,49.87654321
Nap1l1,0.394568158,19.13580247
Ndufa5,0.394340425,30.37037037
Cox14,0.394328048,20.98765432
Tsc22d3,0.394313666,34.07407407
Slc30a10,0.394274215,8.271604938
Lman2,0.393837978,16.04938272
Tnfrsf11a,0.393800782,6.049382716
Mrpl51,0.393771936,13.33333333
Ntn4,0.393701406,5.679012346
Bccip,0.393532507,10.12345679
Snx17,0.393320005,12.34567901
Mcm6,0.392815004,4.444444444
Tmco1,0.392791217,27.90123457
Smim12,0.392729103,10.37037037
Wdr61,0.392539383,11.85185185
Cct4,0.392539159,17.03703704
Ap2m1,0.392511672,23.82716049
Uxt,0.392217784,3.209876543
Bri3,0.392172662,21.60493827
Med8,0.391890188,8.148148148
Ilk,0.391484678,19.01234568
Zbtb33,0.39097225,2.592592593
Polr2e,0.390800045,11.60493827
E030025P04Rik,0.390716255,0.49382716
Ndufa3,0.390673091,30.74074074
Polr2g,0.390620834,14.9382716
D930048N14Rik,0.390423121,2.098765432
Npepl1,0.390244882,11.11111111
4921511C10Rik,0.39008124,24.9382716
Gatsl3,0.389962904,8.518518519
Lbh,0.389659305,11.72839506
Lhfpl2,0.389623193,20.49382716
Med9,0.38933454,5.308641975
Reck,0.389270791,16.17283951
Dnajb1,0.389052522,6.049382716
Rbck1,0.389022391,12.34567901
Pak1ip1,0.388893859,10.12345679
Pole4,0.38871456,9.259259259
Nucb1,0.388072398,15.43209877
H2-T22,0.387828253,8.024691358
Cnbp,0.387248613,27.90123457
Ssx2ip,0.387247538,6.296296296
Rpf1,0.38701217,5.925925926
Cdkn2d,0.386905624,8.518518519
2510009E07Rik,0.386862639,13.58024691
Laptm4a,0.386817419,56.2962963
Rab39,0.386730093,12.71604938
H2afj,0.386406484,15.92592593
Mtpn,0.386385979,14.32098765
Cltb,0.386299937,25.18518519
B4galt1,0.386250221,11.60493827
Tubb5,0.386058809,37.77777778
Med7,0.386035998,6.049382716
Suox,0.385718461,3.086419753
Tle1,0.38547167,18.14814815
Psmb5,0.385367458,22.09876543
Ing2,0.385279012,4.320987654
Mcee,0.385068227,9.75308642
Car1,0.384822097,4.814814815
Lamtor3,0.38482051,10.12345679
Acsl5,0.384795971,6.172839506
Prune,0.384518207,9.50617284
Fdx1,0.384304368,6.419753086
Tomm5,0.384229151,10.49382716
Bhlhe22,0.383834174,1.111111111
Rpl30,0.383771169,4.567901235
Uqcrq,0.383688396,37.90123457
Clip1,0.38355104,31.2345679
Gm28055,0.38324213,1.851851852
Slc25a5,0.383169694,32.22222222
Igf2,0.382757949,3.209876543
C2cd2,0.382713177,12.4691358
Nrbp1,0.382697542,17.90123457
Cox7a2,0.382500375,36.54320988
Drap1,0.382498436,13.58024691
Thbs1,0.382454214,0.740740741
Tm9sf3,0.382280698,23.20987654
Gpc3,0.382020537,9.259259259
Tnfrsf10b,0.381978109,1.111111111
Nacc1,0.381846499,10.74074074
Zc3hav1,0.381835491,14.19753086
Meox1,0.381644685,0.987654321
Mphosph6,0.381625049,6.419753086
Entpd1,0.381566815,16.41975309
Sh3glb1,0.381389057,34.19753086
Rab1b,0.381362489,6.543209877
Fam96a,0.381223127,7.037037037
Hfe,0.381205772,2.962962963
Prrg1,0.381183641,23.95061728
Rbl1,0.380853606,4.567901235
Ccdc91,0.380478089,12.4691358
Metap2,0.38043781,22.83950617
Mrvi1,0.379930209,9.012345679
Plrg1,0.379917128,3.456790123
Ndufa1,0.379665018,23.45679012
Haus4,0.37958586,3.580246914
Mex3d,0.379078809,2.222222222
Il13ra1,0.378717195,7.283950617
Emg1,0.378704698,14.9382716
Mir17hg,0.378560995,1.358024691
Mrpl18,0.37840463,10.12345679
Tcp11l2,0.378396496,12.59259259
Epha4,0.378316214,22.71604938
Fut8,0.378055218,47.65432099
Fam118b,0.377983057,12.34567901
Dnase1l1,0.377904829,6.049382716
Atp11c,0.377875089,26.2962963
Higd1a,0.377624721,23.95061728
Ube2d3,0.376842498,35.92592593
Pnp,0.376841981,10.61728395
Gatad1,0.376647015,13.08641975
Dad1,0.376516336,39.38271605
Aph1a,0.376285513,13.33333333
Selm,0.376241306,32.96296296
Mrps16,0.376013249,10.74074074
Hspa2,0.375789823,7.283950617
Ddx21,0.375784095,6.049382716
Katna1,0.375657623,7.530864198
Denr,0.375093187,12.09876543
Atp6v1f,0.374966103,32.09876543
mt-Atp6,0.374789216,66.17283951
Cmc2,0.374614107,5.925925926
Mtap,0.374506634,5.679012346
Rpl7l1,0.374327367,8.271604938
Tmem154,0.374150952,0.49382716
Nipsnap3b,0.374073594,5.061728395
Tpm3,0.373997016,27.03703704
Ccser2,0.373635282,26.79012346
Plxdc1,0.37349325,9.50617284
Yes1,0.372823002,23.20987654
Slc39a1,0.372726613,13.08641975
Shkbp1,0.372304407,4.567901235
Hspb8,0.372254067,4.938271605
Pfdn2,0.372011467,25.43209877
Amotl2,0.371753125,9.259259259
Snrpe,0.371201766,11.35802469
Cfh,0.371045144,16.79012346
Slc35e1,0.370924225,3.827160494
Nudc,0.370741626,19.87654321
Nfatc4,0.370669329,1.851851852
Zadh2,0.370559738,10.74074074
Elovl1,0.370532449,9.259259259
Rab7,0.370109491,25.30864198
Hdac5,0.369978234,12.96296296
Rarg,0.369703791,8.765432099
Nr2f6,0.369493335,5.679012346
Selk,0.369490555,53.7037037
Snip1,0.368939353,3.827160494
Cir1,0.36865624,13.08641975
Aamp,0.368652532,18.27160494
Exosc5,0.368464997,6.049382716
Mitd1,0.368169873,9.62962963
Gm9889,0.368096068,1.111111111
Pthlh,0.368056675,0.740740741
1810026J23Rik,0.367864888,5.308641975
Zic5,0.367835957,8.024691358
Tmem261,0.367801294,5.432098765
Pnpla6,0.367759154,14.69135802
Bub3,0.367607105,16.17283951
Capn2,0.367519,20.37037037
Nupr1,0.367300219,6.790123457
Gar1,0.367252383,5.555555556
Eif2s2,0.367135339,28.51851852
Parp10,0.366839228,4.074074074
Fosl1,0.366666886,2.469135802
Tmtc1,0.366636663,28.64197531
Tmbim6,0.366601396,44.81481481
Tram1,0.366554374,17.16049383
Tmem50a,0.366151092,30.37037037
Ltc4s,0.365995284,4.814814815
Slc16a9,0.364854721,9.012345679
Rapgef5,0.364554002,26.17283951
Commd6,0.364164521,8.888888889
Upf1,0.364121324,5.925925926
9530026P05Rik,0.364033167,55.43209877
Sac3d1,0.363646814,3.209876543
Cdc42bpb,0.363626363,21.35802469
Use1,0.363618032,14.32098765
Supt4a,0.363405672,9.75308642
Casp12,0.363191884,4.320987654
Fam136a,0.362765957,5.061728395
Adrbk1,0.362082998,8.271604938
Rhbdf1,0.361959088,7.654320988
Cdc42,0.361952676,44.07407407
mt-Co1,0.361875279,78.02469136
Il17rc,0.361733188,2.839506173
2410015M20Rik,0.361676076,20.49382716
Rheb,0.361626734,33.08641975
Emp3,0.361540258,4.938271605
Ginm1,0.361475728,14.81481481
Tgfbr3,0.361367302,28.02469136
Gm43291,0.361221443,0.49382716
Klhl9,0.36097744,10
Zfp362,0.360970401,5.185185185
Guk1,0.360922707,17.65432099
Ifi27,0.360853497,35.67901235
Kctd20,0.360745771,11.48148148
Mt1,0.360576616,53.58024691
Nqo2,0.360214355,8.395061728
Airn,0.359901504,19.13580247
Gpd2,0.359533727,37.03703704
Cdca7,0.358626972,1.481481481
Yipf6,0.35860946,7.901234568
Srsf3,0.358562537,24.69135802
Ccnyl1,0.358467702,7.283950617
Atg12,0.358442091,9.50617284
Gnb1,0.358399521,51.72839506
Ndufb8,0.358237739,15.80246914
Hsp90ab1,0.358171566,68.51851852
Psenen,0.358132618,26.04938272
Eif1ad,0.35793042,4.197530864
1500011K16Rik,0.357930362,10.24691358
Neurl1b,0.35785836,0.987654321
Mrps2,0.357825996,2.222222222
Tmem37,0.357767129,3.333333333
Rab11fip5,0.357474746,8.765432099
Tnfrsf21,0.357469581,14.07407407
Bend7,0.357328924,9.382716049
4430402I18Rik,0.357313793,24.56790123
Pde8b,0.357133655,31.2345679
Dhx15,0.357081513,15.55555556
Cflar,0.356368598,20.12345679
Pvr,0.356211332,3.703703704
Dkk2,0.356177636,1.728395062
Cct7,0.356150434,27.16049383
Gm10399,0.35596128,1.481481481
Lyrm2,0.355832223,6.296296296
Peli1,0.355775097,29.50617284
Zbtb39,0.355529904,2.222222222
Uba1,0.355520629,16.91358025
Ctdnep1,0.355496721,7.160493827
Alkbh5,0.354917717,19.50617284
Pes1,0.354662984,3.209876543
Haus7,0.354641285,4.444444444
Uqcr10,0.354634091,32.09876543
Sqstm1,0.354604112,20.24691358
Kbtbd11,0.354134434,10
Sdhaf4,0.354046445,9.75308642
Icmt,0.353737829,7.037037037
Ccdc8,0.353663234,1.975308642
Nus1,0.35360449,8.395061728
Gm14305,0.353587733,2.839506173
Txn2,0.353556829,16.2962963
Slc50a1,0.353504409,20.74074074
Znrf1,0.353389151,29.62962963
Arpin,0.353280338,2.839506173
2010007H06Rik,0.353184242,3.209876543
Ict1,0.353131761,10.61728395
Gm13594,0.353123339,0.617283951
Pea15a,0.352965892,26.04938272
Mrpl11,0.35281758,9.012345679
Erich4,0.352772878,0.24691358
Lamc1,0.352558178,23.45679012
Msl3,0.352470035,4.938271605
Txnl1,0.352318326,13.08641975
Psmd2,0.352177043,16.91358025
E2f4,0.352127578,6.666666667
Ssrp1,0.352091719,11.2345679
Eif1ax,0.351935309,9.75308642
Ppp1r35,0.351928395,7.777777778
Actr3,0.351886645,23.20987654
Gfra2,0.351874773,6.296296296
Atp5j2,0.351154673,36.54320988
Ndufs8,0.351130547,15.0617284
Tcte2,0.351103004,27.28395062
Ssfa2,0.351001897,16.91358025
Rsl24d1,0.350891616,6.296296296
Calcrl,0.350790978,21.2345679
Nras,0.35075312,16.17283951
Ptges,0.35060448,3.827160494
Atp5l,0.350582399,42.4691358
Klhl25,0.350569407,3.580246914
Tonsl,0.350244971,24.32098765
Cthrc1,0.350097718,13.33333333
AU020206,0.349565159,7.160493827
Tnfaip3,0.349287563,1.604938272
Aida,0.349077434,12.83950617
Epb41,0.348739651,22.22222222
Spry4,0.348660144,2.962962963
Gas6,0.348550973,22.71604938
Ostc,0.348441365,15.30864198
Prkab1,0.348358409,5.925925926
Csde1,0.348235992,31.85185185
3110062M04Rik,0.348179382,6.790123457
Zcchc17,0.347782067,17.40740741
Mllt4,0.347698052,32.09876543
Pros1,0.347200484,16.66666667
Psma8,0.347055225,1.975308642
Traf5,0.346825099,32.22222222
Pdap1,0.346625048,10.74074074
Cnn3,0.34616211,25.43209877
Rwdd1,0.346109805,11.85185185
Stoml2,0.346084686,9.87654321
Cdpf1,0.346041135,4.814814815
Icam1,0.345898959,3.209876543
Twf1,0.345290686,6.543209877
Rpl7a,0.345231605,8.765432099
Ykt6,0.345100352,6.296296296
Psmc4,0.344804618,19.38271605
Gm9830,0.344402957,0.49382716
AI837181,0.344181726,5.061728395
Acadvl,0.344025498,13.20987654
Sec22b,0.343914904,10.74074074
Nde1,0.343628209,10.74074074
Sptlc2,0.343518101,20.49382716
Krcc1,0.343460855,21.85185185
Plcg1,0.343392699,20.12345679
Mocos,0.343352454,2.345679012
Cables2,0.343349673,4.320987654
Tspan5,0.343181742,56.79012346
Arl6ip4,0.343065344,10.74074074
Acot2,0.342966261,3.827160494
Glul,0.342802305,60.37037037
Hint1,0.342643583,40.24691358
Arhgap1,0.342422007,6.790123457
Snrpd3,0.342254847,14.44444444
0610012G03Rik,0.342252972,10.37037037
Myo1d,0.341872048,37.03703704
Fam63b,0.341796987,26.54320988
Adrm1,0.341728593,4.197530864
Usp1,0.341658692,7.037037037
Ecm2,0.341580489,14.56790123
Rock2,0.341345525,35.80246914
Smad5,0.341325691,9.50617284
Ptcd2,0.34112709,5.679012346
Mfsd1,0.340646249,7.777777778
Cpne8,0.340625116,25.18518519
Ndufb10,0.340544409,24.19753086
Samd12,0.340460195,48.51851852
Vwa5a,0.340363862,6.543209877
Tm6sf1,0.340283821,8.765432099
Set,0.339990431,16.54320988
Vapb,0.339745428,14.44444444
Nans,0.339598292,4.444444444
Tmem242,0.339494636,9.259259259
Eif3l,0.339288034,6.543209877
Serp1,0.339249926,7.160493827
Fbxl3,0.338489004,15.18518519
Sppl2a,0.338474685,16.04938272
Zfp629,0.338403314,3.209876543
Rpl6,0.338368616,24.07407407
Cct8,0.338050214,19.50617284
Imp4,0.338001239,6.172839506
Snrpa,0.337731319,10.24691358
Rps6ka4,0.337545092,4.938271605
Skil,0.337448593,12.22222222
Bcl2l1,0.337426681,40.49382716
Fam3c,0.337061546,12.83950617
Bola2,0.336857196,12.4691358
Mt2,0.336818017,36.91358025
Nr4a2,0.336534248,4.691358025
Ccdc115,0.336405759,4.444444444
Gt(ROSA)26Sor,0.336405331,12.34567901
Siah1a,0.336294351,10.37037037
Eif2s3x,0.336186504,10.37037037
Parp9,0.336145498,6.790123457
Crk,0.335827671,25.30864198
Rer1,0.335586125,15.55555556
Kank4,0.335542526,5.555555556
Zcrb1,0.33544774,21.2345679
Sugt1,0.335438504,17.5308642
Mrpl39,0.335436891,5.432098765
Marc2,0.335360647,14.44444444
Lsm6,0.3351923,12.59259259
Npm1,0.335178776,20.74074074
Col4a3,0.335003675,4.938271605
Nrros,0.334748641,7.407407407
Kars,0.334689588,6.666666667
Adcy6,0.334662112,7.530864198
Mdp1,0.334470161,8.148148148
Cd164,0.334336973,10.74074074
Akap13,0.334091531,39.62962963
Sike1,0.334071927,11.11111111
Map7d1,0.334030752,18.39506173
Vps29,0.334014812,20.49382716
P4hb,0.333649584,12.34567901
Gmppb,0.333412527,2.716049383
Dnajb11,0.333297149,14.32098765
Fam8a1,0.333134255,8.765432099
5730508B09Rik,0.332781776,2.592592593
Ehbp1l1,0.332707258,7.160493827
Ccdc12,0.332659852,29.75308642
Cyth2,0.332602954,9.87654321
Map1lc3a,0.332229967,24.56790123
Dynlt3,0.332169203,15.80246914
Sdf4,0.332084374,24.07407407
Faap20,0.331926376,8.024691358
Sema6a,0.331641358,35.67901235
Ing5,0.33157616,3.827160494
Srp19,0.331535541,12.71604938
Irf2bp1,0.331446717,4.567901235
Trpm6,0.331203119,4.320987654
Ppp4c,0.330520112,14.69135802
Ddx58,0.330459872,7.283950617
1110038F14Rik,0.330111838,11.48148148
Nbeal2,0.330056394,4.074074074
Pink1,0.329796361,14.32098765
Cmpk1,0.3296394,14.44444444
Utp23,0.329456456,3.333333333
Ptp4a2,0.329445711,24.56790123
Pabpc1,0.329270613,19.38271605
Ppp2r2d,0.329047797,10.12345679
Arhgap6,0.328983103,24.32098765
Hnrnph2,0.328907871,15.43209877
Becn1,0.328859726,11.48148148
Fhod1,0.328333719,3.456790123
Srf,0.328126988,4.691358025
Pxdc1,0.328053175,4.320987654
Fam160b1,0.328046518,6.049382716
Ccdc59,0.327743815,15.55555556
Arrdc1,0.32739028,6.296296296
Lyn,0.327373495,20.74074074
Tshz2,0.32735689,54.9382716
Stard3nl,0.327284331,17.5308642
Rbbp7,0.327187675,19.75308642
Ramp3,0.327143623,4.320987654
Nrm,0.327078594,1.111111111
Eef1b2,0.326975341,12.4691358
Fat4,0.326965619,9.50617284
Capzb,0.32693028,31.2345679
Msrb2,0.326913194,9.259259259
Nr3c1,0.32682873,31.35802469
Asf1a,0.326660903,6.296296296
Kif23,0.326651316,1.234567901
Sfr1,0.32637938,15.30864198
Gm10053,0.326208813,6.049382716
Tada2b,0.326192471,2.592592593
Hint2,0.326131074,12.59259259
Mef2a,0.325997548,38.14814815
Fam162a,0.325971258,15.92592593
Sorbs2os,0.325803781,9.62962963
Paqr7,0.325390523,16.54320988
Exosc4,0.325363977,7.901234568
Exoc5,0.32526763,22.09876543
Mid1,0.325228911,15.67901235
Necap2,0.325078685,8.765432099
Naa50,0.324966251,8.888888889
Ifi204,0.32469723,0.864197531
Il6ra,0.324555963,8.888888889
Kras,0.324421956,17.65432099
Grk5,0.323745079,24.19753086
Gm43573,0.323672926,0.49382716
Plin3,0.323583414,8.888888889
Gm26908,0.3231948,11.35802469
Pitpnb,0.322819031,9.382716049
Eif4b,0.322669907,12.09876543
Rps6ka1,0.322320546,6.666666667
Snhg18,0.322256364,3.950617284
Sp140,0.321991875,2.098765432
Utp11l,0.321952359,12.83950617
Rp9,0.321572556,15.67901235
Egln1,0.321482884,13.20987654
Ankrd36,0.321405681,5.925925926
Furin,0.320965153,10.74074074
Mrpl23,0.320739758,12.83950617
D730003I15Rik,0.320297836,5.679012346
Dohh,0.320266049,9.87654321
Tpd52l1,0.319765326,15.55555556
Ccndbp1,0.319747569,7.654320988
Txnl4a,0.319741278,7.160493827
Cox5a,0.31964945,31.35802469
Map4k3,0.319571067,25.80246914
Aldh9a1,0.319517889,7.407407407
Dnpep,0.319338521,9.62962963
Fbxl7,0.319146327,35.92592593
Ski,0.319016622,20.74074074
Git2,0.318196953,29.75308642
Sp3,0.317732287,20.12345679
Rap1a,0.317670564,38.02469136
Tnxb,0.317604535,4.197530864
Trim28,0.317584739,9.75308642
Dnajc30,0.317342509,7.037037037
Il15,0.317278096,4.567901235
Hnrnpa1,0.317237371,10.74074074
Dpp9,0.317167053,6.913580247
Katnbl1,0.317144084,7.901234568
Susd6,0.316839719,37.03703704
Rps6ka3,0.316345596,25.80246914
Cystm1,0.316243385,19.50617284
Mtfr1,0.316094244,4.691358025
Gatm,0.316082214,53.95061728
Bnip3,0.315736706,8.765432099
Hpcal1,0.315601457,21.72839506
Ttc33,0.315444688,9.382716049
Yod1,0.315142909,8.271604938
Kank2,0.315050107,13.45679012
Oaz1,0.31495249,51.48148148
Apbb2,0.314945561,57.28395062
Eny2,0.314902627,13.08641975
Pdlim5,0.314658369,33.95061728
Atp5d,0.314565514,26.54320988
Sptan1,0.314300718,37.5308642
Fam198b,0.314253642,3.086419753
Arl1,0.314070058,11.11111111
Acd,0.313979785,6.049382716
Rab1a,0.313558329,27.65432099
Dnaja1,0.313376869,25.80246914
Gm15261,0.312912814,4.814814815
Cab39,0.312716431,23.45679012
Tmtc2,0.312485011,73.58024691
Gm14211,0.312472853,3.703703704
Pip5k1b,0.312203255,20.37037037
Mrpl30,0.311805487,11.11111111
Hipk1,0.31156859,23.08641975
Iah1,0.311510047,5.555555556
Pxn,0.311489114,15.18518519
Dctn3,0.311396891,20.61728395
Pitpna,0.311137409,31.72839506
Klf3,0.310886874,19.01234568
Zfp622,0.310856439,4.938271605
Plekhm1,0.310714669,6.049382716
Zic2,0.310627216,3.827160494
Gabpb1,0.310615922,9.87654321
Stk24,0.310126294,10.37037037
Kctd2,0.310002968,5.432098765
Rgs19,0.309953102,3.827160494
Sh3pxd2a,0.309922449,8.024691358
Sde2,0.309919409,6.419753086
Cox6c,0.309827517,50.49382716
Tes,0.309815579,4.320987654
Zbtb4,0.309672772,16.04938272
Dph3,0.309508409,8.888888889
Polr2d,0.309466866,3.333333333
Anxa4,0.309378826,7.037037037
Msrb1,0.309123619,7.037037037
Ggta1,0.309061158,8.518518519
Msc,0.308864915,0.864197531
Foxo1,0.308762788,23.7037037
Efhd2,0.308293616,8.395061728
Cope,0.308197958,20.49382716
Dab2,0.308139801,19.13580247
Taf11,0.307567184,8.641975309
Pten,0.307520188,32.4691358
Mkks,0.307453383,8.271604938
Apoa1bp,0.307340598,14.69135802
Golm1,0.307195838,4.197530864
Rnf4,0.307126347,12.22222222
Zfand2b,0.30648356,6.913580247
Pfdn1,0.306392058,24.81481481
Frg1,0.30605172,16.66666667
Bola1,0.306013855,7.654320988
Pdlim2,0.305929091,5.308641975
Ahr,0.305879128,1.728395062
C1qtnf7,0.305802749,5.061728395
Mplkip,0.305423863,6.296296296
Plpp5,0.305367224,3.086419753
A630033H20Rik,0.305312215,1.358024691
Tsen34,0.305111129,15.67901235
Ptges3,0.30508831,24.19753086
Psmd3,0.304502601,10.86419753
Birc3,0.304467655,6.049382716
Ppp1r9b,0.304346164,13.95061728
Sart1,0.30410961,8.271604938
Aip,0.304058372,13.08641975
Nfatc1,0.303908948,6.543209877
Cript,0.303820026,12.34567901
Bod1,0.303736047,6.913580247
Ssr3,0.303684143,12.83950617
Uhmk1,0.303618368,13.33333333
Ccm2,0.303551565,16.04938272
Ndufb9,0.303498557,24.44444444
Tmem115,0.303484789,6.543209877
C1d,0.303347427,15.18518519
Cutal,0.303292809,1.604938272
Tslp,0.303269243,0.864197531
Ptgfrn,0.303226073,9.259259259
Arl5b,0.302918952,8.395061728
Mrps15,0.302884666,10.49382716
Slc31a2,0.302884546,8.148148148
Tanc1,0.302767251,29.87654321
Dhrs7,0.302649316,11.72839506
Ppard,0.302570583,18.14814815
Pmepa1,0.30241401,15.18518519
mt-Co3,0.30230336,73.20987654
Mrpl44,0.301935678,4.197530864
Tnfrsf22,0.301925547,1.728395062
Cltc,0.301798665,33.82716049
Wwc2,0.301652623,26.41975309
Snrpd1,0.30145016,13.20987654
Mtmr2,0.301416766,12.4691358
Bag3,0.301386132,10.12345679
Ethe1,0.301020179,6.172839506
Uqcrh,0.300736894,30.49382716
Zfp472,0.300627888,2.716049383
Ifrd2,0.300483583,3.456790123
0610037L13Rik,0.300265204,9.135802469
Cers4,0.300097796,18.64197531
Slc25a45,0.300071578,2.839506173
Gdi2,0.300029533,29.01234568
Slain2,0.29995999,13.7037037
Trappc6a,0.299821464,9.135802469
Twf2,0.299728682,10.24691358
Tnfrsf1b,0.299279341,2.962962963
Nagpa,0.299256038,3.580246914
Cd83,0.299042909,5.925925926
Eid1,0.299027748,10.74074074
Prcp,0.298820267,11.11111111
Arhgap18,0.298805735,18.7654321
Lman1,0.298743647,13.33333333
Rnf103,0.298700474,12.09876543
BC005537,0.298609697,22.22222222
Kdelr2,0.298483238,11.85185185
Cyp26b1,0.298469356,2.469135802
Cd79b,0.298019564,0.24691358
Eif5b,0.298012135,25.67901235
Tbc1d14,0.297829042,17.77777778
Znfx1,0.297806846,9.62962963
Pum2,0.297765708,27.5308642
Urod,0.297633445,6.419753086
Cct5,0.297416825,14.19753086
Serpinb6a,0.29733017,25.92592593
Lox,0.297328647,0.24691358
Cdc26,0.297231398,19.50617284
Fermt2,0.297176949,41.85185185
Kdelr1,0.297002832,13.82716049
Unc93b1,0.296805282,8.271604938
Calu,0.29661519,15.30864198
Hsd17b11,0.29654087,8.148148148
Fam210b,0.296351295,6.049382716
Rpp21,0.296177028,15.67901235
Tmem9b,0.295985009,19.75308642
Pmpcb,0.295549597,5.308641975
Stk38,0.295450661,26.2962963
Fam174a,0.295349612,15.80246914
Stard9,0.295312862,25.30864198
Phb2,0.295290185,13.33333333
Hcfc1,0.295198377,6.666666667
Cops6,0.295145254,14.19753086
Cuedc2,0.295126612,15.92592593
Plekhh2,0.295095253,18.7654321
Dpy30,0.294975439,17.28395062
A930004D18Rik,0.29496789,1.481481481
Rybp,0.294900934,17.90123457
Zbp1,0.294854875,0.24691358
Adamts10,0.294785313,14.69135802
Cox6b1,0.294590382,40.74074074
Cnpy2,0.294170012,14.9382716
Rtfdc1,0.293768674,9.259259259
2310009B15Rik,0.293756374,3.456790123
Trpv4,0.293705992,2.469135802
Tgoln1,0.293534135,19.25925926
Cdk17,0.293412544,30.24691358
Rabac1,0.293356566,46.41975309
Rasal2,0.293338059,63.58024691
Scarf2,0.293329117,1.604938272
Ube2q1,0.293013675,6.049382716
Surf4,0.292753248,6.913580247
Arid5b,0.292625372,30.98765432
Lims1,0.292504882,41.48148148
Mrpl37,0.292480442,5.802469136
Pacs1,0.292396908,26.41975309
Psmb2,0.29229384,30.24691358
Glo1,0.292221336,16.04938272
Zfp69,0.29218671,3.333333333
Ss18,0.292045071,11.60493827
Ect2,0.292000724,0.987654321
Impdh2,0.291942121,4.938271605
Upf3a,0.29192291,5.061728395
Gm12057,0.291812227,2.839506173
Lsm14a,0.291759977,17.65432099
Bet1,0.291731795,9.62962963
Kpnb1,0.29163903,10.24691358
Tecpr1,0.29160925,18.27160494
Sbds,0.291498334,16.91358025
Prpf8,0.290997743,14.81481481
D17H6S53E,0.290975395,4.074074074
Gm5617,0.290914569,3.333333333
Grn,0.290855473,12.71604938
Zfp760,0.290772083,5.308641975
Nfic,0.290766363,16.04938272
Cxcr4,0.290765254,1.481481481
Pcolce,0.290386331,4.444444444
Ndufs7,0.290349366,26.66666667
Plpp1,0.290208113,17.03703704
Sod2,0.29020371,12.4691358
Ssb,0.290048678,23.7037037
Kbtbd7,0.290029817,3.333333333
Ppp2r1a,0.289592948,16.66666667
Hsp90b1,0.28944035,42.09876543
Cdkn2aip,0.289401639,3.827160494
Ick,0.289346331,20.61728395
Psmd4,0.289062032,21.85185185
Polr3k,0.288867433,6.172839506
Tirap,0.288800891,3.703703704
Foxo4,0.288792563,2.716049383
Arhgef2,0.288751219,23.20987654
Myrip,0.288725796,15.92592593
Gm15356,0.288589533,0.12345679
Rpl12,0.288242045,6.666666667
Cln5,0.288079662,4.691358025
Wtap,0.28781832,17.90123457
Prorsd1,0.287619166,4.814814815
Evl,0.287569673,18.27160494
Coq10b,0.287511334,9.012345679
Pfdn4,0.287496207,11.85185185
Ndufa11,0.287247828,26.2962963
Tuba1b,0.286906117,46.66666667
Kcnk2,0.286842086,21.2345679
Mier1,0.286630424,25.80246914
Calr,0.286265845,37.28395062
Tmem30a,0.286211579,26.91358025
Cnot11,0.28589147,4.444444444
Ccni,0.285693996,16.2962963
Socs4,0.285474068,6.913580247
Cox7c,0.285147196,34.44444444
Mrps12,0.285071098,15.18518519
Eif4h,0.285050314,22.59259259
Klf12,0.284976802,49.50617284
Npc2,0.284796011,20.49382716
Pnrc1,0.284573963,11.85185185
Hmbox1,0.284447575,26.79012346
Pcbp2,0.284395936,30.74074074
Zfp703,0.284359532,3.827160494
Ogn,0.284031464,2.222222222
Prdx2,0.283732933,22.83950617
Nono,0.283334021,15.67901235
Gyg,0.283190405,6.913580247
Ifi30,0.283144919,3.209876543
Gm13157,0.283051751,2.098765432
Tmed2,0.282829891,19.87654321
Cdk6,0.282793738,8.024691358
Mrpl57,0.282787265,8.765432099
Tspan31,0.282696434,10.86419753
Tmem11,0.282559508,9.012345679
Mrpl12,0.282522591,9.012345679
Plcb1,0.282411953,84.69135802
Dock9,0.282338112,52.34567901
Cbx1,0.282224943,22.22222222
Ubl3,0.28211214,26.54320988
Nudcd3,0.281899896,43.08641975
Heatr5a,0.281761157,16.41975309
Fundc2,0.281185153,7.777777778
Arhgef17,0.280838298,10.12345679
Shc1,0.280733209,7.037037037
Srpr,0.280534859,16.91358025
Atp5c1,0.279996333,20.37037037
Cyp39a1,0.279698319,4.197530864
Cnpy4,0.279604089,2.716049383
Snrnp200,0.279414455,9.382716049
Ddb1,0.279289951,14.44444444
Ap2s1,0.278999082,15.92592593
Maea,0.278963134,12.09876543
Ngdn,0.278946241,8.765432099
App,0.278855274,80
Coro2a,0.27876312,5.679012346
Acadm,0.278491519,10.12345679
Abhd17c,0.278470009,6.419753086
Ppp1r7,0.278260224,9.50617284
Cdc42ep1,0.278161451,10.74074074
Mgat1,0.277923267,8.641975309
Fcho2,0.277583158,36.66666667
Acacb,0.277368579,9.382716049
Hexim1,0.276977882,5.679012346
Mkrn1,0.276646302,14.44444444
Pam,0.276594859,50.12345679
Pcnx,0.276486957,19.75308642
Flrt2,0.27640882,16.79012346
Tmem44,0.276245873,8.024691358
Nit2,0.276090631,4.197530864
Creb3l2,0.276021671,19.50617284
Tbc1d15,0.275668553,8.641975309
Tmem168,0.275620768,6.666666667
Efnb2,0.275468214,7.901234568
Sec62,0.275182718,53.33333333
Ano6,0.275100724,27.65432099
Atf5,0.275009028,4.197530864
Pcmtd1,0.274872688,40
Hras,0.274837249,7.037037037
Klf16,0.274765315,2.098765432
Rnf187,0.274577392,17.65432099
Pdzd11,0.274464206,6.790123457
Hcar1,0.274440429,0.37037037
Msantd4,0.274199308,6.049382716
Larp7,0.274169054,6.913580247
Puf60,0.274139816,21.85185185
Gnpda2,0.27409904,7.160493827
Ndufs2,0.274057,16.91358025
Herc6,0.273990672,9.135802469
Sun2,0.273681313,7.407407407
Mgst3,0.273664524,13.95061728
Inpp5d,0.273645355,9.259259259
Myo1e,0.273469783,26.91358025
Yif1b,0.273450655,12.83950617
Ubb,0.272952587,81.11111111
Gabarapl2,0.272715069,35.92592593
Elf1,0.272558206,19.38271605
Ace,0.272334135,2.469135802
Plcb4,0.272029604,44.9382716
Crnkl1,0.272003011,6.296296296
Eapp,0.27193422,15.67901235
Ndufa4,0.271892061,50.49382716
Zfand5,0.271329691,16.2962963
Ssr2,0.271221826,15.30864198
Mospd2,0.271205632,12.4691358
Mydgf,0.271192773,10.74074074
Ccdc166,0.271142467,2.098765432
Pdzd8,0.270786284,12.09876543
Ywhae,0.270527631,48.02469136
Bmp5,0.270306719,4.444444444
Hiat1,0.270280885,13.7037037
Clta,0.270002332,25.18518519
Fmo5,0.269879929,6.172839506
Traf7,0.269680798,9.50617284
Ghitm,0.26961804,17.77777778
Jade1,0.269608907,8.641975309
Tubb4b,0.269489086,27.77777778
Nrarp,0.269311482,4.567901235
Mrpl55,0.269125128,9.012345679
Lamtor1,0.26890865,12.96296296
Gm9968,0.268797792,1.975308642
Ppm1h,0.268748125,25.0617284
Lurap1l,0.268615836,5.679012346
Ap2a2,0.268548819,21.2345679
Rbfox2,0.268436274,35.30864198
Psma1,0.268429828,23.95061728
Ednra,0.268247482,7.160493827
Frmd4b,0.267718722,47.28395062
Fam168b,0.267428933,14.07407407
Xiap,0.267260276,29.25925926
Dennd5b,0.267086468,34.07407407
Hspa8,0.266853182,75.43209877
Pin1,0.266853175,13.82716049
Eno1,0.266819202,30.24691358
2310022B05Rik,0.266758881,11.97530864
Nebl,0.266608757,68.02469136
Cox8a,0.26640652,48.88888889
Atf4,0.266402833,10.49382716
Ggh,0.26609752,9.62962963
Vamp4,0.265952752,26.54320988
Eif2s1,0.26563379,8.518518519
Hmcn2,0.26550484,1.358024691
Cbx8,0.265449529,2.222222222
Spag7,0.265445196,11.11111111
Cdk9,0.265361608,10
Prmt1,0.265349461,15.30864198
Timm8b,0.265182887,19.50617284
Usf1,0.265075363,4.567901235
Impa1,0.265065819,6.913580247
Stim2,0.265029198,19.75308642
Calhm2,0.26474672,3.333333333
Mrpl15,0.264673046,9.62962963
Commd7,0.264433355,8.888888889
Glrx3,0.264219978,14.44444444
Armcx3,0.264089216,9.382716049
Ndufb3,0.264022008,22.71604938
Ppp3cc,0.264019419,20
Prickle1,0.263961102,35.0617284
Cd74,0.263757582,2.222222222
Psma5,0.263121034,13.20987654
Txndc12,0.262920401,10.74074074
Hlf,0.262890631,14.9382716
Cpt2,0.262684919,6.049382716
Mtfr1l,0.262671416,9.012345679
Adam10,0.26267088,37.16049383
Mtss1,0.262566834,26.41975309
Nbeal1,0.262533837,39.38271605
Frk,0.262491501,3.580246914
Fry,0.262412092,75.80246914
Stx1a,0.262177573,8.765432099
Stk40,0.261941567,8.765432099
Kif5b,0.261893493,48.51851852
Ccnd3,0.261829891,32.71604938
Sgk1,0.261822517,12.83950617
Ehd1,0.261816469,4.197530864
Calm3,0.261455188,28.64197531
Spcs1,0.261429029,24.56790123
Pnkd,0.261252399,27.40740741
Hcfc1r1,0.261001682,15.55555556
Commd8,0.26089663,5.185185185
Cat,0.260862608,9.75308642
Sec61a1,0.260851841,14.69135802
Rab14,0.260720244,29.87654321
Pcnp,0.260554585,19.87654321
Atp5a1,0.260540919,29.75308642
Cops7a,0.260473873,8.765432099
Vps4a,0.260460309,6.913580247
Mtmr11,0.260306852,4.074074074
Aspscr1,0.260267565,15.92592593
Tmed5,0.260132182,16.2962963
Rnf31,0.259998167,3.950617284
Tsn,0.259379205,20.74074074
Eci2,0.259359064,18.27160494
Spcs3,0.259004417,7.283950617
Gm15581,0.258688499,1.358024691
Trove2,0.258686875,16.91358025
Csnk1e,0.25862712,11.48148148
Gm13097,0.258516083,0.12345679
Zdhhc18,0.258183565,13.08641975
Ndufb6,0.258134201,16.41975309
Nfkbid,0.25811579,1.481481481
Spin1,0.25797917,13.33333333
Slc36a4,0.257959517,6.296296296
Ckap4,0.257828587,3.703703704
U2af1,0.257790578,22.34567901
Psmc2,0.25777133,14.19753086
Eif3j1,0.257481934,13.82716049
Mob2,0.257170672,15.80246914
Tmem59,0.257057991,41.48148148
Wbp4,0.257047189,15.0617284
Arpc4,0.256992069,6.419753086
Ddrgk1,0.256896361,21.72839506
Sp1,0.256893932,16.66666667
Psmd7,0.256846313,23.82716049
Phactr2,0.256674164,19.25925926
Usf2,0.256667,11.97530864
Ripk1,0.256172074,6.419753086
Bcas2,0.256153462,16.91358025
Kalrn,0.256149061,29.50617284
Tspan17,0.256105672,13.95061728
Slc6a13,0.256007215,6.296296296
Cd47,0.255627119,28.02469136
9430038I01Rik,0.255492123,4.691358025
Mepce,0.255421578,5.555555556
Ppp1r12c,0.255107999,10.74074074
Psmd13,0.255072412,18.51851852
Pank3,0.254987019,11.48148148
Nup210l,0.254965421,6.049382716
Phlda1,0.254750009,10.61728395
Itm2b,0.254651463,75.43209877
Sfxn3,0.254625788,7.160493827
Rfxap,0.254549756,5.925925926
Gm43126,0.254452719,0.617283951
Dbr1,0.254380021,2.345679012
Eif4a2,0.254351361,38.88888889
Dync1i2,0.254275813,29.87654321
Ctgf,0.254263225,1.481481481
Prrc2b,0.254251993,24.07407407
2310011J03Rik,0.254060268,6.419753086
Pcca,0.254007244,34.9382716
Vcp,0.253915734,25.92592593
Nsrp1,0.253794079,11.97530864
Hbp1,0.253732211,11.72839506
Tor1aip2,0.253670299,14.07407407
Atp5b,0.253494838,46.66666667
Usp46,0.253148876,14.19753086
Selt,0.25292648,17.40740741
Tdg,0.25289134,6.543209877
Mrpl24,0.252810885,8.888888889
Rest,0.25275406,5.432098765
Rprd1b,0.252621599,10.86419753
Bcap31,0.252500664,25.55555556
Pigm,0.252494759,3.456790123
Mlph,0.252350622,1.851851852
Scoc,0.252151441,17.77777778
Mif,0.251923105,21.60493827
Bag6,0.251886033,10.49382716
Camk1,0.251880944,15.67901235
Bmp4,0.251692977,2.716049383
Ndufc2,0.251679156,33.7037037
Casp4,0.251626285,1.481481481
Atg4a,0.251330996,5.432098765
Clptm1l,0.251211118,8.271604938
Cox5b,0.25112036,27.28395062
Tgfa,0.251097701,14.56790123
Mif4gd,0.250745087,10
Mturn,0.250721146,4.444444444
Zfp707,0.250537497,4.814814815
Als2cr12,0.250383052,8.518518519
Paip2,0.250343973,30.12345679
Zc3h11a,0.250132095,4.567901235
Atrnl1,0.250087261,24.19753086
Gypc,0.249687274,1.728395062
Sema4c,0.249686972,4.197530864
Glis2,0.249493913,6.543209877
Tmed9,0.249175831,26.54320988
Chrac1,0.249010078,8.888888889
Foxk1,0.24851315,9.50617284
2410004B18Rik,0.248295461,6.172839506
Tmbim4,0.248182587,20.74074074
Zbtb41,0.24811428,4.320987654
Cspg4,0.248045526,9.62962963
Cbr1,0.247832565,10.98765432
Fam120a,0.247685464,19.38271605
Gnas,0.247536172,67.65432099
Smarca2,0.247485015,40
Dctn6,0.2474595,12.83950617
Cttnbp2nl,0.247401004,14.19753086
Itpr2,0.247389826,27.28395062
Ift20,0.247298566,18.64197531
2010107E04Rik,0.247160523,23.33333333
Btbd2,0.24683626,5.679012346
Znrf2,0.246732484,6.913580247
Dapk1,0.246566051,21.97530864
Trp53inp1,0.24609624,10.49382716
Sf3b2,0.245648104,24.07407407
Gulp1,0.245623873,24.44444444
Cacna1c,0.245402676,21.85185185
Wars,0.2453696,7.283950617
Cebpz,0.245247313,10.86419753
Wbp11,0.245119951,12.34567901
Trim5,0.24511677,3.456790123
Armc1,0.245084967,11.2345679
Bckdk,0.245081526,6.419753086
Yy1,0.244905096,8.641975309
Trappc2,0.244845663,7.037037037
Rnf19a,0.244646913,13.33333333
Pdia3,0.24457749,28.02469136
Etv6,0.244445125,26.54320988
Tpp1,0.244360338,10.61728395
Plscr3,0.244324204,5.308641975
Zfp367,0.24411283,6.790123457
N4bp1,0.244036728,11.48148148
Limd1,0.243845806,13.58024691
Prex2,0.243695034,50.98765432
Casp2,0.243590512,4.197530864
Gm4951,0.243563229,2.716049383
4833439L19Rik,0.24352741,14.19753086
Yap1,0.24338276,11.72839506
Armc5,0.243364975,3.827160494
Parp12,0.243248128,8.395061728
Ngrn,0.243140519,6.913580247
Strap,0.243052427,7.654320988
Cdk2,0.242983661,2.469135802
Zfand3,0.242810876,35.43209877
Mien1,0.242784009,9.87654321
Tshz3,0.242489133,12.09876543
Rrp1,0.242467081,21.72839506
Apobec3,0.242012223,9.50617284
Tm9sf2,0.241996778,18.39506173
Fam171a1,0.241968823,15.92592593
Ric8,0.241857018,7.160493827
Cpd,0.241852807,24.19753086
Apool,0.241775258,6.790123457
Rnh1,0.241660943,15.55555556
Jmy,0.2416389,14.32098765
Rraga,0.241610393,14.81481481
Gm26883,0.241520886,15.18518519
Creb3,0.24151946,7.901234568
Lpar4,0.241517612,4.197530864
Ddx3y,0.240881882,25.92592593
Pgls,0.240734027,7.777777778
Creld2,0.240603867,7.283950617
Ttc7b,0.240514196,20.98765432
Dhrs4,0.240422036,5.185185185
Mmadhc,0.24037925,7.654320988
BC031181,0.239970952,24.81481481
Rpl22l1,0.239933259,18.51851852
Gorasp2,0.239793356,9.87654321
Hs3st1,0.239396556,7.160493827
Josd1,0.239341419,5.061728395
Ppp6c,0.239262739,16.17283951
Zfp24,0.239011151,8.271604938
Lsm3,0.238881981,7.901234568
Ppp4r2,0.238750404,12.59259259
St5,0.238739476,25.0617284
Ulk1,0.238612524,7.283950617
Xpc,0.238539851,6.666666667
Rbbp8,0.238326972,5.555555556
Tacc1,0.238176091,26.54320988
Fam204a,0.238053618,10.24691358
Pold4,0.238033745,4.567901235
Ptprr,0.237989391,12.71604938
Cyb5b,0.237785924,21.11111111
Cys1,0.237643078,4.197530864
Zcchc14,0.237067355,15.80246914
Mrps34,0.23693123,8.641975309
Rbm17,0.236902457,8.148148148
Nfe2l2,0.236778556,15.43209877
Fam207a,0.236703033,4.320987654
Hnrnpc,0.236340197,27.77777778
Vps4b,0.236090001,10.12345679
Tmem229b,0.235829533,4.320987654
Ahsa2,0.235561885,9.62962963
Aff1,0.234951197,22.71604938
Mgat4b,0.234899361,7.901234568
Emc2,0.23477921,16.17283951
Arpc1a,0.234715715,24.44444444
Itga5,0.234611384,3.333333333
Elf2,0.234494518,21.35802469
Skint6,0.234475645,7.160493827
Cacybp,0.234330977,15.0617284
Atxn7l3b,0.234275249,23.95061728
Slk,0.234090227,14.19753086
Ctsz,0.23389485,12.71604938
Il4ra,0.233834908,2.716049383
Uqcrc2,0.233781965,17.90123457
Tbcc,0.233750927,6.172839506
Tmem234,0.23345808,24.69135802
Prpf38a,0.2333944,6.790123457
Mrps25,0.232992248,8.518518519
Tmem126b,0.23296556,6.296296296
Klf7,0.232942923,39.38271605
Gm10479,0.232917425,1.604938272
Mad2l2,0.232842336,6.790123457
Nek7,0.23228201,28.64197531
Mrpl43,0.231772566,9.012345679
Fbxw7,0.231585992,15.43209877
Dpagt1,0.231569844,5.308641975
Mta2,0.231494827,5.185185185
Ppp2cb,0.231451699,12.09876543
Smc1a,0.231312903,12.09876543
Fam195b,0.23116215,14.07407407
Cds2,0.231149383,25.30864198
Nrg1,0.231049712,50.61728395
Gm4955,0.23097203,0.12345679
Gm17057,0.230840826,0.37037037
Smyd2,0.230639577,6.049382716
Fbxw2,0.230557911,18.02469136
Mrpl32,0.230516528,7.654320988
Vbp1,0.230295567,10.74074074
Cept1,0.230128229,20.49382716
Pfdn6,0.230110499,12.4691358
Pdia6,0.230055199,27.40740741
Raph1,0.230033719,20.24691358
Capn1,0.22999876,4.320987654
Srsf4,0.229835913,12.71604938
Nsfl1c,0.229786669,10.12345679
Gpi1,0.229480369,28.51851852
Zfyve21,0.229429573,5.802469136
Phf2,0.229401731,8.765432099
Ahsa1,0.229344397,17.16049383
Kcnk6,0.229011691,1.234567901
Ptpn12,0.228745586,21.48148148
Rbbp4,0.228561654,16.66666667
Rtf1,0.228478767,22.09876543
Taok2,0.228341137,8.271604938
Strn3,0.228339653,46.17283951
Tfam,0.22827025,5.432098765
Cct2,0.228209592,10.86419753
Mrpl27,0.228190698,11.48148148
Dnajc9,0.227955334,4.691358025
Psmc6,0.22754175,12.34567901
Nfkbib,0.227458864,4.197530864
Deb1,0.227314473,9.382716049
Fyco1,0.227301019,20.86419753
Pigyl,0.227255738,10.24691358
Tmem131,0.227217365,16.79012346
Creg1,0.22714633,7.654320988
Ypel3,0.226980312,30.98765432
Elof1,0.226809396,11.35802469
Suds3,0.226701262,9.259259259
D830026I12Rik,0.226499875,0.740740741
Sft2d2,0.226404356,7.777777778
Smad1,0.22636577,16.54320988
Mrpl40,0.226246925,8.395061728
Hnrnph1,0.226177838,21.35802469
Tmem2,0.225938999,11.35802469
Oaf,0.22592157,2.716049383
Nt5c,0.225795773,8.888888889
C1galt1,0.225770589,5.185185185
Mrpl54,0.225767996,8.888888889
Phf10,0.225760309,6.913580247
Colgalt1,0.225736604,8.765432099
Myo10,0.225722355,46.79012346
Hp1bp3,0.225674609,15.30864198
Baiap2,0.225207734,10.37037037
Ddx6,0.225201234,25.0617284
Taf12,0.225139131,8.518518519
Ppp1r15b,0.22508581,5.679012346
Atp5h,0.22507078,17.16049383
Cyp2d22,0.224850282,11.85185185
Unc50,0.224595104,13.08641975
Rpn1,0.224570569,17.40740741
Mn1,0.224567609,1.975308642
Rara,0.223963245,2.839506173
Mcfd2,0.223769042,7.283950617
Grik3,0.223739687,12.59259259
Smu1,0.223698904,10.12345679
Nap1l4,0.223652372,18.51851852
Slc1a5,0.223649497,4.197530864
Nhs,0.223529863,14.19753086
Lxn,0.223328402,8.765432099
Exosc8,0.222888152,6.419753086
Tmem205,0.222680768,14.07407407
Lamp1,0.222418735,33.20987654
Yipf4,0.222089225,16.17283951
Fam69a,0.221905971,16.54320988
Tshz1,0.221861599,15.80246914
Tapbpl,0.221834133,2.716049383
Zfp664,0.22182477,10.49382716
Mesdc2,0.221769588,12.96296296
Heca,0.221701719,4.691358025
Gm11767,0.221594781,0.49382716
Plekhj1,0.221504609,14.32098765
Ap2b1,0.221266306,28.39506173
Lilrb4a,0.221200722,0.37037037
Dcaf7,0.22119083,13.08641975
Ankrd13a,0.22116526,14.19753086
Gsk3b,0.221092837,40.98765432
Dstn,0.221002808,11.60493827
Ptgs2,0.220976185,0.740740741
Mrpl13,0.220920294,7.654320988
Clns1a,0.220754856,8.148148148
Zbtb7a,0.220627284,20.12345679
Arl6ip1,0.220520506,39.50617284
Pla2g16,0.220498523,12.96296296
Rock1,0.220494098,34.56790123
Vdac2,0.220456315,22.59259259
Fam50a,0.220426363,5.802469136
Prrc2a,0.220270543,13.7037037
Tax1bp1,0.220256098,25.0617284
Yeats4,0.22022331,3.950617284
Tpra1,0.220203763,8.148148148
Gpatch11,0.220057177,6.049382716
Mrpl4,0.220045418,13.33333333
Zrsr1,0.219661713,3.703703704
Inf2,0.219542304,17.5308642
Tram2,0.219251961,4.567901235
Inafm1,0.219012568,7.160493827
Api5,0.218880193,10.37037037
Lyrm1,0.218844189,10.74074074
Hacd4,0.218670435,3.456790123
Brk1,0.218566014,17.5308642
Dcp2,0.218557936,6.666666667
Socs5,0.218420436,10.86419753
Gxylt1,0.21839921,6.296296296
Slc44a2,0.218391099,7.407407407
Papola,0.218340907,28.02469136
Fap,0.218321051,3.580246914
Vdac3,0.21811862,21.35802469
Mgmt,0.217929153,5.185185185
Mbnl1,0.217849891,34.69135802
Scaf11,0.217671297,16.2962963
Pyurf,0.217638212,5.308641975
Vps72,0.217537504,11.60493827
Dhrs3,0.217473063,5.185185185
Rab2a,0.217434155,26.41975309
Ssr4,0.217331949,19.01234568
Sf3b6,0.217242616,17.40740741
Dgke,0.217228223,8.641975309
U2af2,0.217219797,13.20987654
Casp7,0.217190649,5.308641975
Axl,0.21718118,9.382716049
Trappc3,0.217044648,12.96296296
Cd274,0.217017742,2.222222222
Rasa1,0.216860146,17.65432099
Trp53rka,0.216836478,2.592592593
Herpud1,0.216757529,16.79012346
Gm14582,0.21675579,2.469135802
Rarres2,0.216735798,13.95061728
Trappc4,0.216429536,14.56790123
Hey2,0.21624089,3.456790123
Sf3b3,0.216223302,16.04938272
Ston1,0.215997909,6.296296296
Mcam,0.215997018,9.62962963
Snx13,0.215952144,18.27160494
Ube2m,0.215913641,7.407407407
Pdrg1,0.215851938,10.98765432
Slc39a3,0.215715758,5.679012346
Rpain,0.215702918,7.037037037
Mlf2,0.215568924,22.71604938
Lyz2,0.215562782,1.975308642
Tipin,0.215559824,9.62962963
Akirin2,0.215546765,9.382716049
Nr1h2,0.215524285,10.49382716
Fbln2,0.215334567,2.345679012
Pofut2,0.214856591,5.802469136
Sf1,0.214848676,13.7037037
Gm15614,0.214834302,11.60493827
Picalm,0.214760701,27.5308642
Rala,0.214710633,16.17283951
Rnase4,0.214561359,3.950617284
Sos1,0.214490114,19.50617284
Bod1l,0.214337019,15.0617284
Mef2d,0.214336519,16.66666667
Golga7,0.214250519,11.48148148
Pik3r3,0.213929658,25.0617284
Tmem263,0.213873205,4.691358025
Gabpa,0.213844201,4.814814815
Arhgap25,0.213808863,2.592592593
Naalad2,0.21371887,4.320987654
Mapk1ip1l,0.213486085,12.4691358
Mmp15,0.213391806,5.925925926
Rbp1,0.213316866,9.87654321
Klf13,0.21325396,23.7037037
Gpbp1,0.21318309,18.64197531
Zcchc2,0.213092707,4.691358025
Spsb2,0.21295259,4.197530864
Ccdc28b,0.212782938,11.11111111
Slirp,0.212773622,13.95061728
Yjefn3,0.212578083,14.19753086
Lrp10,0.212564055,9.012345679
Pura,0.21217299,33.08641975
Chic2,0.212071105,15.30864198
Ppp1r15a,0.21203034,2.716049383
Ssr1,0.211886012,16.2962963
Iscu,0.21184089,17.77777778
Oard1,0.211799876,6.172839506
2510039O18Rik,0.211608974,6.543209877
Wdr37,0.21160048,19.75308642
Specc1l,0.211324305,21.60493827
Mocs2,0.211207112,10.86419753
1110001J03Rik,0.211145649,11.60493827
Rtp3,0.211130728,2.345679012
Gm29107,0.21102308,2.098765432
Seh1l,0.210906091,6.296296296
Exosc7,0.210700567,10.61728395
Topors,0.21052589,6.296296296
Sun1,0.210474281,12.09876543
Aldoa,0.210449247,49.38271605
Zcchc6,0.210333899,14.69135802
Ralgapa1,0.210230979,47.16049383
Ankrd40,0.210224897,13.08641975
Sept2,0.210222515,21.2345679
Rbmxl1,0.210215496,4.320987654
Dnmt1,0.210192321,6.790123457
Nenf,0.210168608,14.19753086
Ddx39,0.210055887,5.061728395
Samd8,0.209858329,11.48148148
Ndufv1,0.209772264,14.32098765
Zbtb8a,0.20976505,2.962962963
Rnf11,0.209551656,13.58024691
Kcnmb1,0.209231993,1.481481481
Mbd2,0.209218735,12.96296296
Zfp945,0.209208707,7.160493827
Abcb7,0.209198273,19.25925926
Abcf1,0.209092888,12.4691358
Trib1,0.209084243,3.209876543
Ndufb4,0.209045894,9.259259259
Tmem98,0.2090198,6.913580247
Sf3a3,0.208941132,9.259259259
Etv3,0.208863656,5.555555556
1110004F10Rik,0.20872547,18.7654321
Ppid,0.208568857,10.74074074
Hnrnpd,0.208470757,13.45679012
Rgmb,0.208433643,3.950617284
Per1,0.208354811,8.148148148
Utp18,0.208130938,4.691358025
Cct3,0.207756544,16.54320988
Mapk14,0.207617162,17.90123457
Bmyc,0.207274046,13.95061728
Twistnb,0.207184888,4.938271605
Slc30a4,0.206737731,4.938271605
Ddx50,0.206645487,20.12345679
Stk35,0.20663873,3.580246914
Tor1a,0.206620622,6.296296296
Dnm3,0.206555691,63.33333333
Rnf146,0.206170578,11.72839506
Eif3b,0.206114008,8.518518519
Cox20,0.206081834,11.72839506
Kmt2e,0.205629119,40.37037037
Cul3,0.205616477,17.5308642
March5,0.205616235,8.024691358
D17Wsu92e,0.204911032,14.44444444
Enpp4,0.204730792,9.259259259
Actr2,0.204663355,19.87654321
Hspa5,0.204626768,34.32098765
Emc6,0.204625913,9.135802469
Orc5,0.204492136,20.61728395
Stk3,0.204278134,26.04938272
Pla2g4a,0.20400528,13.33333333
Dgkz,0.203965837,12.34567901
Zfp639,0.203887032,8.765432099
Mapk1,0.203850703,22.59259259
Tuba1a,0.203811617,51.97530864
Wsb2,0.203788172,8.518518519
Pgrmc2,0.203742914,7.654320988
Hnrnpa2b1,0.203625595,40.74074074
Il6st,0.203312709,15.80246914
Dennd5a,0.20308944,28.27160494
Srp54b,0.202978288,17.90123457
Pqbp1,0.202969595,7.283950617
Sbf2,0.202470827,36.54320988
Pym1,0.202423091,5.432098765
Myg1,0.202260164,6.790123457
Vps26a,0.201898211,8.641975309
Lix1l,0.201845761,8.641975309
Mdh2,0.20182027,23.95061728
Trabd,0.201750222,8.271604938
Spcs2,0.201662925,28.64197531
Mrpl21,0.201463351,11.85185185
Trappc6b,0.201333504,18.14814815
Babam1,0.201319041,12.22222222
Pggt1b,0.201221174,6.419753086
Gmds,0.201064864,32.71604938
Asna1,0.200704772,7.160493827
B4galt5,0.200591865,10.12345679
Tmf1,0.200473124,12.71604938
Pkm,0.200340795,49.01234568
Gm3716,0.200196646,0.24691358
Zmym5,0.200024391,15.30864198
Colec12,0.199730753,17.5308642
Btbd7,0.199624886,23.7037037
Usp50,0.199417474,17.40740741
Ensa,0.199409938,9.62962963
Mrps23,0.19940433,6.296296296
Stk11,0.199154904,12.4691358
Slc25a3,0.199131281,32.34567901
Leprotl1,0.198978829,9.012345679
Pigp,0.19873308,14.56790123
Tm2d3,0.198651443,16.41975309
Ube2a,0.198637891,9.75308642
Psmd12,0.198577235,14.44444444
Spop,0.198567646,34.44444444
Stub1,0.198361484,22.59259259
Nudt12,0.198334591,2.345679012
Jade2,0.198095058,6.049382716
Cycs,0.197918589,17.5308642
Ifit2,0.197866248,2.469135802
Psmb7,0.197865022,15.80246914
Mllt3,0.197760423,36.54320988
Dcaf13,0.197729636,5.555555556
Naa30,0.197697642,5.061728395
Ubxn6,0.197696463,10.12345679
Cisd2,0.197608899,14.44444444
Dync1h1,0.197447304,30.49382716
Sorbs1,0.197212251,45.18518519
Cog7,0.197155219,8.765432099
Atp5g3,0.197088635,19.13580247
Rad23b,0.197049353,13.58024691
Srsf7,0.196964466,25.18518519
Acox1,0.196941897,15.67901235
Eif1b,0.196800086,16.17283951
Tmem128,0.196784957,10.86419753
Tpgs1,0.196711914,10.61728395
Arhgef1,0.196705915,18.7654321
Mum1,0.196683354,11.48148148
Anks1,0.1964752,20.98765432
Ube2l3,0.196305642,18.64197531
Mrpl52,0.196254825,11.72839506
Ndufv2,0.196239379,21.72839506
Epn1,0.196035306,13.45679012
Aimp2,0.195996916,5.679012346
Fbxo22,0.195950978,6.172839506
Asxl2,0.195776701,33.7037037
Ppig,0.195453636,26.91358025
Clec2i,0.195408854,0.12345679
Ormdl3,0.195285688,7.901234568
Vmp1,0.19522344,52.59259259
Irak4,0.195193049,5.308641975
Avl9,0.195123876,11.97530864
Gtf2a2,0.195002546,14.69135802
Ubfd1,0.194863646,6.913580247
0610009B22Rik,0.194838296,7.654320988
Mcrs1,0.194837922,7.654320988
2310040G24Rik,0.194796276,1.975308642
Tiprl,0.194757279,10
Mrpl42,0.194726371,16.41975309
DHRSX,0.194612201,6.790123457
Pgm1,0.194607772,3.827160494
Patz1,0.194499832,10.61728395
Tradd,0.194485032,3.086419753
Cbl,0.194472676,19.25925926
Clstn1,0.194226838,27.03703704
Prkaa1,0.194162468,7.901234568
Irf3,0.194100312,15.18518519
Uqcrc1,0.194068565,24.32098765
Emc3,0.193937611,16.04938272
Lmbrd1,0.193932272,22.71604938
Stx7,0.193920898,16.17283951
Tbc1d8,0.193887454,5.802469136
Vapa,0.193808174,18.7654321
Eif5,0.193547712,22.96296296
Fam98b,0.19343151,4.938271605
Rars,0.193412932,6.172839506
Irf2,0.193399723,24.56790123
Stt3a,0.193227647,11.97530864
Trappc1,0.193226469,9.259259259
Aup1,0.193166724,10
Msl1,0.193151921,5.061728395
Parp2,0.193125881,7.777777778
Mzt1,0.193123387,9.75308642
Lmf2,0.19307861,4.074074074
Rnf152,0.193020235,7.654320988
Ythdc1,0.19291044,13.7037037
R3hdm4,0.192902494,9.012345679
Senp5,0.192862568,19.25925926
9330175M20Rik,0.19271949,6.296296296
Ywhah,0.192506846,26.79012346
Tor3a,0.192375465,3.950617284
Ube2d2a,0.191999278,25.18518519
Nav1,0.191855968,25.0617284
Slc10a7,0.191583542,18.39506173
Cdipt,0.191485925,10.74074074
Nuak2,0.191464837,1.728395062
Atg5,0.191241302,9.259259259
Nfu1,0.191173984,10.74074074
Map2k3,0.190889435,5.555555556
Dag1,0.190751999,19.50617284
Akt3,0.19069595,41.85185185
Hist2h2be,0.190601857,2.345679012
Otud6b,0.190570817,6.666666667
Mrps11,0.19048928,6.666666667
Plekha2,0.190369761,9.50617284
Ehd3,0.190367937,7.160493827
Zdhhc5,0.19036745,5.802469136
Eftud2,0.190267072,13.33333333
l7Rn6,0.19008289,10.37037037
Stt3b,0.190073123,15.92592593
Atp5o,0.190062195,33.08641975
Rapgef1,0.189955561,22.83950617
0610009O20Rik,0.189912171,9.50617284
Hnrnpm,0.189624568,28.51851852
Svil,0.189610355,19.87654321
Map3k3,0.189532807,19.87654321
Sos2,0.189490775,20.61728395
Pkn2,0.189441886,18.27160494
Ruvbl1,0.189172871,5.925925926
Dnajc10,0.189137124,14.9382716
Keap1,0.188982689,9.75308642
Fgfr1op2,0.188860859,12.09876543
Timm22,0.188712442,9.259259259
Pcbd2,0.18861836,13.45679012
St13,0.188574167,24.32098765
Tnip2,0.188519743,7.530864198
Trp53,0.188475371,8.024691358
Atrx,0.188456355,36.66666667
Tnks2,0.188446231,23.7037037
Sfpq,0.188414733,29.38271605
Caprin1,0.188370772,23.20987654
Trim24,0.188277422,14.07407407
Copb2,0.187305979,8.888888889
Trim27,0.187242185,3.950617284
Snai1,0.187077068,0.617283951
Chd3,0.187011091,11.2345679
Ube2r2,0.186600141,21.48148148
Pik3ca,0.186398246,18.7654321
Bcl2l11,0.186259167,5.802469136
Ajap1,0.186164907,5.061728395
Fnta,0.186131838,14.07407407
Ccdc127,0.186105901,8.024691358
Ndfip2,0.186000562,16.79012346
Bcl2a1a,0.185930318,0.37037037
Usp53,0.185897135,23.45679012
Klhdc8b,0.185816951,6.666666667
Tnrc6c,0.185777633,32.22222222
Sra1,0.185688193,12.83950617
Fbxo3,0.185616252,14.56790123
Stk25,0.185122808,14.9382716
Copz1,0.185068741,15.55555556
Smpd5,0.185041458,0.987654321
Smek2,0.184600956,17.90123457
Cramp1l,0.184385276,15.80246914
Rin2,0.184297872,17.5308642
Zic1,0.184286498,13.82716049
Esf1,0.18416099,17.40740741
Tnfaip8,0.183862656,8.888888889
Atad2,0.183833386,3.580246914
Kpna4,0.183746932,18.39506173
Pak2,0.183737076,19.25925926
Rnf167,0.183728291,12.4691358
Lrrfip1,0.183663278,12.22222222
Sh3d21,0.183531483,2.469135802
Nfkbil1,0.183447962,3.086419753
Stat2,0.183395031,8.641975309
Ezh1,0.183377997,14.07407407
Ctsd,0.183350267,25.43209877
Cox7b,0.183328375,27.77777778
Nr4a1,0.183300434,1.234567901
Tcf4,0.18299524,75.80246914
Atp1b3,0.182989848,18.7654321
Pan3,0.182937727,42.22222222
Itpkb,0.182889927,38.88888889
Rap1gds1,0.182840109,25.80246914
Rbbp6,0.182636964,22.59259259
Ddost,0.182553471,14.19753086
Nubp2,0.182224258,3.086419753
Arhgap26,0.182184731,38.02469136
Fam76a,0.18207599,15.30864198
Pde7b,0.1819963,39.25925926
Dgcr6,0.181939768,8.765432099
Homer3,0.181855998,5.432098765
Twsg1,0.181783995,5.432098765
Gpr137b,0.181715982,5.185185185
Eif3c,0.181576189,11.97530864
Pdcd6ip,0.181464805,14.32098765
Mettl9,0.181388329,8.148148148
Brox,0.181377133,8.641975309
Ctsa,0.181285729,14.69135802
Slu7,0.181204022,7.283950617
Spata6,0.181154615,10.98765432
Tmed4,0.181040552,14.07407407
Ncbp2,0.18100318,6.172839506
Mmgt1,0.180908732,2.469135802
Hdgf,0.180851602,8.888888889
Blvra,0.180832461,6.543209877
Rnf10,0.180551786,12.96296296
Armcx2,0.180545266,5.555555556
Rictor,0.180504665,19.13580247
Fam199x,0.180360747,7.654320988
Dnaja2,0.180062181,11.48148148
Ddx5,0.179930941,50.37037037
Coro2b,0.179877517,14.9382716
Orai1,0.179842484,6.419753086
G0s2,0.179834538,6.666666667
Jtb,0.17965673,11.11111111
Hnrnpul1,0.179534811,10.98765432
Rragc,0.179478065,8.024691358
Spaca6,0.179437622,7.654320988
Hivep1,0.179381966,8.271604938
Sec31a,0.179365842,8.765432099
Mrps17,0.179262225,11.60493827
Rrp7a,0.17918091,6.172839506
Msl2,0.179158019,11.11111111
Trim26,0.179090506,11.60493827
BC005624,0.179070365,12.22222222
Gps2,0.179023493,15.18518519
Eci1,0.178988181,9.259259259
Acsl1,0.178758335,12.96296296
Chst11,0.17866761,26.17283951
Derl2,0.178609507,11.35802469
Ptpn22,0.178451716,1.975308642
Sntb1,0.17842127,12.34567901
Numb,0.178362937,27.5308642
Bambi,0.178338156,2.469135802
Adss,0.178250106,11.97530864
Lncpint,0.178180112,45.67901235
Dnase2a,0.178131419,3.333333333
Prdm2,0.177937827,13.7037037
Ctcf,0.177919775,11.2345679
Gosr2,0.177880081,9.87654321
Fam98c,0.177873385,7.654320988
Rnf169,0.177871403,18.7654321
Ndel1,0.177702184,17.65432099
Qars,0.1776116,5.802469136
Dguok,0.177603906,12.59259259
Malt1,0.177581337,7.777777778
Eif1a,0.177502672,5.555555556
Gmfb,0.17699631,10.61728395
Usmg5,0.176924209,17.77777778
Morf4l2,0.176828948,20.98765432
Zbtb16,0.176798361,19.62962963
Eepd1,0.176774185,4.320987654
Lin7c,0.17673467,8.518518519
H2-Ab1,0.176708743,1.358024691
Ddx39b,0.176695244,20.49382716
Spred2,0.176695084,22.34567901
Fam114a2,0.176549327,10.37037037
Irak1,0.176424569,11.72839506
Pik3c2a,0.176375037,26.41975309
Rapgef6,0.176298328,29.25925926
Usp6nl,0.176056811,14.32098765
Stk17b,0.176038148,2.345679012
Tmed10,0.176012118,28.27160494
Pacsin2,0.175981014,11.72839506
Gm9803,0.175949337,10.61728395
Fgfbp1,0.175770476,0.617283951
Cyc1,0.175685126,19.50617284
Lama3,0.175648164,3.703703704
Nudt9,0.175370635,7.901234568
Zfp106,0.175362811,13.33333333
Ip6k1,0.175197699,19.01234568
Gfod1,0.175086116,7.654320988
Usp25,0.174942326,17.03703704
Cx3cl1,0.174832674,8.148148148
Arih1,0.174659901,37.65432099
Gnai3,0.174441436,12.09876543
Cbfb,0.174319356,13.45679012
Sept7,0.174076714,44.07407407
Mapkapk2,0.173898264,7.037037037
Zfp292,0.173880568,19.50617284
Tmem86a,0.173825466,2.839506173
Tpd52l2,0.173656104,12.71604938
Ccr7,0.173580842,0.12345679
Zmat2,0.17356945,12.34567901
Vsig10,0.173564004,4.320987654
Fam60a,0.173539393,1.728395062
Gabarapl1,0.173504026,16.54320988
Ptgis,0.173476582,2.098765432
Angel2,0.173440513,13.08641975
Mpp1,0.173427211,6.913580247
Cfl2,0.173415944,14.81481481
Bet1l,0.173395124,7.654320988
Supt5,0.17316182,10.74074074
2610002M06Rik,0.173078327,5.432098765
C1qtnf6,0.173048996,1.234567901
Golph3,0.173018265,6.913580247
P2ry14,0.172338402,21.11111111
Tigd2,0.172279549,6.666666667
Nr1d2,0.172229428,17.03703704
Ube2g1,0.172152309,23.45679012
Dll1,0.172050358,1.851851852
Fam114a1,0.171998178,4.197530864
Dnm2,0.171927862,29.25925926
Prdx3,0.171870509,9.87654321
Ptgfr,0.171867224,0.864197531
Asb13,0.171821281,5.925925926
Gtf2i,0.171541802,34.44444444
Sssca1,0.171541802,5.925925926
Cdv3,0.171519876,9.50617284
2310033P09Rik,0.171455863,8.024691358
Ptpn1,0.171338122,8.024691358
1700021F05Rik,0.171282844,7.037037037
Szrd1,0.171254646,11.60493827
Hspe1,0.171067893,16.2962963
Zfand6,0.171049358,31.48148148
Pck2,0.171024414,4.938271605
Stmn1,0.171020361,31.35802469
Shoc2,0.170942384,20.61728395
Yaf2,0.170896745,11.72839506
Ikbkb,0.170872015,14.9382716
2010111I01Rik,0.170759399,39.25925926
Atp5f1,0.170724955,22.4691358
Dctn2,0.170646479,14.9382716
Dusp11,0.170544951,16.2962963
Khk,0.170445066,4.074074074
Cnppd1,0.170390427,8.518518519
Gpr182,0.170256527,1.234567901
Cisd3,0.170244891,6.913580247
Tmem208,0.170152285,16.91358025
Med31,0.170125197,9.012345679
Crlf2,0.17002608,4.814814815
Sec63,0.169893323,17.40740741
Ruvbl2,0.169803577,3.333333333
1110004E09Rik,0.169505227,5.555555556
Diaph1,0.169409646,10.49382716
Glce,0.169364095,8.024691358
Ppp2r5d,0.169111656,5.061728395
Nynrin,0.169073957,5.185185185
Abcf3,0.16894511,8.024691358
Zbtb2,0.168862679,4.444444444
Cttn,0.168767624,9.135802469
Vrk3,0.168724913,7.407407407
Fkbp3,0.168709646,19.01234568
Cd81,0.168686791,72.96296296
Camk2n1,0.168665685,16.41975309
Larp4b,0.168407562,18.51851852
Ube2e3,0.168036698,14.69135802
Ik,0.168024913,13.33333333
Ddx24,0.168005129,29.25925926
Arfgef1,0.167936348,20.49382716
Amfr,0.167920796,14.07407407
Rsbn1l,0.167874925,18.51851852
Prkce,0.167688421,24.56790123
Tvp23b,0.167658816,10.24691358
Capza1,0.167559806,20
Csnk2a1,0.167547682,13.7037037
Gucy1a2,0.167513345,17.65432099
Gpr155,0.167424084,8.148148148
Trip6,0.167335073,4.814814815
Rilpl1,0.166987047,8.765432099
Shf,0.166865317,2.716049383
Pik3cd,0.166444285,4.320987654
A630012P03Rik,0.166427143,1.481481481
Dnajc3,0.166379129,15.43209877
Nedd4l,0.166268763,31.35802469
Adam17,0.166168878,10.37037037
Taf6l,0.166162771,8.518518519
Crim1,0.166031603,27.16049383
Arhgef6,0.165828511,7.160493827
Erich1,0.165704835,5.308641975
Pcif1,0.165666077,12.71604938
Serpine1,0.165641222,0.49382716
Prkar2a,0.16561101,13.95061728
Lrrc49,0.165590797,19.25925926
Lrp6,0.165546926,20.86419753
Nkd2,0.165414936,1.481481481
Lrrk2,0.165381617,8.271604938
Klhl24,0.165056821,13.82716049
Galk1,0.165038911,4.938271605
Klf9,0.165006771,19.13580247
Zmiz1,0.164946526,24.44444444
Utp3,0.164436422,6.172839506
Slmo2,0.164403787,5.061728395
4930503L19Rik,0.164269042,3.827160494
Man1a,0.164026311,16.41975309
Ncf2,0.163865841,3.209876543
Stxbp6,0.163825112,37.16049383
Tmed7,0.163502913,11.2345679
Ktn1,0.163372022,29.01234568
RP23-49I18.5,0.16322323,1.111111111
Fam208a,0.163191768,22.83950617
Slc36a1,0.162953751,5.802469136
Adar,0.162705502,13.58024691
Gm15418,0.162663228,0.740740741
Tlr4,0.16257503,2.839506173
Paip1,0.162552996,12.71604938
RP23-152P5.3,0.162469395,0.617283951
Dhx40,0.162457396,11.60493827
Cbx5,0.16244154,29.87654321
Plekhh3,0.162391327,5.308641975
Nfat5,0.162349297,44.44444444
Manbal,0.162311997,13.08641975
Galnt18,0.162261786,18.7654321
Zbtb44,0.162174864,11.2345679
Acads,0.162078336,4.691358025
Creb1,0.162066158,18.14814815
Sept4,0.161945596,36.66666667
Gcc2,0.161881816,15.0617284
Aimp1,0.161870691,9.62962963
Uba3,0.161638299,9.50617284
Dock4,0.161587213,67.90123457
Ccdc186,0.161447438,8.888888889
Tsg101,0.161433243,14.69135802
Uvrag,0.161329465,18.7654321
Sp3os,0.161236937,7.037037037
C030034L19Rik,0.161060093,0.864197531
Gm5431,0.161030417,0.24691358
Dpf2,0.160575541,12.22222222
Tspyl1,0.160495226,8.518518519
Gng2,0.160430053,9.87654321
Pot1a,0.160250477,8.888888889
Syne1,0.159952107,46.17283951
Tbc1d8b,0.159899736,1.481481481
Actl6a,0.15988597,8.888888889
Atp5g1,0.15978187,27.65432099
Wbscr17,0.159754194,12.83950617
Morc4,0.159527961,1.975308642
Ropn1l,0.159420385,2.592592593
Zrsr2,0.159202665,8.888888889
Polr1c,0.158764288,6.543209877
Sec11a,0.158559322,17.5308642
Psmd5,0.158508254,9.50617284
9930012K11Rik,0.158469793,1.975308642
Wac,0.158223241,28.14814815
Exoc2,0.158130051,14.32098765
Hectd1,0.158088447,22.34567901
Cyb561,0.157995419,7.160493827
Fibin,0.1577346,2.222222222
Kif2a,0.157524973,18.64197531
Snrpa1,0.157368521,6.296296296
Trnau1ap,0.157216443,9.50617284
Cic,0.157210337,7.283950617
Snx6,0.157185035,16.91358025
Tm2d1,0.157071972,16.91358025
Abce1,0.157048974,7.283950617
Dbnl,0.1570326,8.888888889
March2,0.15683833,17.77777778
Nup155,0.156754247,5.679012346
Amelx,0.156719464,0.864197531
Evi5,0.156710482,22.71604938
Ciz1,0.156687484,8.765432099
Ndufa9,0.156632417,10.98765432
Spns2,0.156628239,8.641975309
Tmem245,0.156540763,21.60493827
Prdx5,0.156481429,18.51851852
Mff,0.156386168,19.13580247
Adgra3,0.15621977,5.679012346
Rad23a,0.156093512,9.382716049
Naa20,0.156039123,16.79012346
Plgrkt,0.155951202,9.135802469
St3gal2,0.155769037,10.24691358
Rnf6,0.155757252,8.518518519
Nsun4,0.155747378,3.333333333
Arid5a,0.155690282,3.703703704
Ccr9,0.155678437,4.567901235
Ndufs3,0.155664849,22.59259259
Asb2,0.155633387,1.481481481
Nrk,0.155621013,0.37037037
Tdrd7,0.155618281,6.543209877
Zfx,0.155561303,13.45679012
Cfdp1,0.155436134,21.60493827
Scamp1,0.155392513,19.38271605
Pias3,0.155331116,5.555555556
Gm7102,0.155268022,0.12345679
Ttpal,0.155230204,5.061728395
Arl5a,0.155174387,6.543209877
Anapc5,0.155132211,20.12345679
Exoc6,0.155009864,12.83950617
Ncoa3,0.155000346,18.14814815
1810013L24Rik,0.154901729,11.60493827
Calm2,0.154850465,57.77777778
Erap1,0.154826592,3.950617284
Paics,0.154655373,7.407407407
Wnt5a,0.154649856,4.938271605
Emc7,0.154540078,20
Gm9949,0.154528651,0.12345679
Uhrf2,0.154084239,18.88888889
Lyve1,0.154052759,0.24691358
Myh10,0.153578331,9.382716049
Ddr2,0.153517818,5.555555556
Mpnd,0.153347188,7.283950617
Osbpl8,0.153342028,20.12345679
Atp2c1,0.153283961,32.09876543
Agtrap,0.15305955,4.444444444
Snf8,0.153050711,12.4691358
Ndufaf7,0.152881831,14.19753086
Rabgef1,0.152461507,14.32098765
Uba2,0.152450811,15.0617284
Acvr1,0.152267307,14.44444444
Hnrnpa3,0.152214008,30.12345679
Rab29,0.152141124,3.703703704
Rph3al,0.151981669,4.814814815
Foxd2,0.151933172,0.24691358
Clcc1,0.151730652,8.888888889
Psmd11,0.151654372,20.74074074
Fnip2,0.151579575,13.58024691
Nucks1,0.151550416,18.02469136
Tmem147,0.15130181,15.67901235
Tmem167,0.151130341,17.65432099
Phax,0.151012761,11.2345679
Atraid,0.150886842,22.09876543
Ngly1,0.150835686,9.259259259
Tex264,0.150827079,10.24691358
Gls,0.150817401,21.60493827
Arhgap17,0.150675162,13.58024691
Tbpl1,0.150542458,9.135802469
Dopey1,0.150536459,19.25925926
Rexo1,0.150489141,7.407407407
Bin3,0.150456215,6.543209877
Mex3c,0.15044493,6.419753086
Tardbp,0.150442698,18.7654321
Thrap3,0.150340581,18.14814815
Zfp644,0.149841619,15.55555556
Ipo11,0.149771339,13.45679012
Nipal3,0.149758215,9.50617284
Hspd1,0.149736074,13.45679012
Immp2l,0.149623029,26.66666667
Ccdc117,0.149500414,5.802469136
Bcl7c,0.149456881,8.888888889
Rab6a,0.149295287,20.98765432
Foxo3,0.149219239,16.54320988
Tcp1,0.149213632,11.11111111
Ist1,0.149121711,11.2345679
Stat3,0.149080446,23.20987654
Gusb,0.148640373,6.543209877
Nucb2,0.148614553,4.814814815
Stag2,0.148398481,21.48148148
Matr3,0.148365055,21.48148148
Carhsp1,0.148306258,4.814814815
Cd19,0.148290203,0.12345679
Tomm20,0.148103914,18.7654321
Man2b1,0.147833739,7.037037037
Fyttd1,0.147764976,15.55555556
Ap2a1,0.147625505,11.85185185
Ube3b,0.147577115,6.913580247
Gm21807,0.147571165,1.481481481
Csnk1d,0.147533422,16.79012346
Psmc5,0.147481694,15.67901235
Tec,0.147452179,7.777777778
Snx2,0.147207519,11.72839506
Ggact,0.147185628,12.96296296
Mfap1a,0.146939611,10.74074074
Stxbp1,0.14689224,17.03703704
Ctsl,0.146756786,18.7654321
Ndufa12,0.146709486,17.90123457
1110037F02Rik,0.146624243,12.4691358
Socs7,0.146337622,11.48148148
Ankra2,0.146149261,7.654320988
Qser1,0.146082499,10.74074074
Gmfg,0.146027985,0.864197531
Gm20696,0.14601029,6.172839506
Dnajb6,0.145951902,20.74074074
Rbm18,0.145916369,8.271604938
Glod4,0.145859802,11.60493827
Scrn2,0.1457417,2.469135802
Gm10974,0.145549004,1.234567901
Pkn1,0.145547433,7.530864198
Hadhb,0.145298256,13.08641975
Lipe,0.145209762,13.82716049
Marf1,0.145108752,29.50617284
Slc29a1,0.144963067,5.802469136
Dgka,0.144888537,8.765432099
Ndufb5,0.144774653,19.13580247
Tnfrsf23,0.144613005,1.111111111
Ube2z,0.144528708,8.641975309
Nufip2,0.144466052,19.25925926
Rcc1,0.144249783,12.83950617
Cldnd1,0.144114829,14.9382716
Ankrd29,0.144040942,4.938271605
Dynlt1f,0.14395277,1.234567901
Eml4,0.143909934,15.43209877
Gnl1,0.143866045,5.555555556
Derl1,0.14382628,13.58024691
Nuak1,0.143690647,8.148148148
Stox1,0.143191597,2.962962963
Acp2,0.143153832,6.049382716
Zfp652,0.142714973,16.91358025
Tnip1,0.142662477,5.925925926
Jmjd1c,0.142494222,44.56790123
Yme1l1,0.142446065,17.5308642
Sf3b1,0.142362428,27.03703704
Slc5a6,0.142361054,4.691358025
Grb2,0.142205566,15.92592593
Maz,0.142195441,7.530864198
Lin7a,0.142169711,12.4691358
Znhit1,0.142082896,17.77777778
Gm26656,0.141913463,0.12345679
Ttc39b,0.14174278,7.901234568
Zbed3,0.141742262,2.962962963
Mfsd10,0.141717871,6.419753086
Fth1,0.141583221,64.19753086
Pex13,0.141563294,15.67901235
Csnk1a1,0.141544349,41.11111111
Ipmk,0.141331312,6.790123457
Cant1,0.141328633,5.802469136
Ascc3,0.14130601,19.50617284
Chmp4b,0.141154165,14.9382716
AU019823,0.141140023,4.074074074
Ms4a7,0.141055011,0.49382716
Ganab,0.14099923,10.37037037
Herc1,0.140936503,32.83950617
Gars,0.140889846,8.395061728
C2cd2l,0.140802263,4.444444444
Exoc6b,0.14072543,47.5308642
Psmc1,0.140641668,13.45679012
Ntn1,0.140531195,12.22222222
Prkacb,0.140430095,22.83950617
Nkapl,0.140360346,1.975308642
Trim8,0.140322282,10.24691358
Spata13,0.140220754,11.2345679
Tpi1,0.140200792,18.51851852
Noct,0.139928438,5.432098765
Med13l,0.139800858,19.13580247
Nat9,0.139668636,4.320987654
Runx1t1,0.139614176,18.14814815
Dcun1d5,0.139578572,13.82716049
8030462N17Rik,0.13946467,10.61728395
Cd209f,0.139416834,0.24691358
Sgf29,0.139200262,5.925925926
Plekha3,0.139199512,6.049382716
Tdp2,0.139190905,5.308641975
Sin3a,0.139089967,9.50617284
Cops4,0.139072004,10.49382716
Mphosph8,0.139029061,17.40740741
Prkar2b,0.138998206,4.444444444
Ppp3cb,0.138936889,17.90123457
Bicd2,0.138906463,11.35802469
Smad4,0.138826326,11.72839506
Mfsd4,0.138718852,3.950617284
Mrps26,0.138690783,11.35802469
A230046K03Rik,0.138521403,11.35802469
Nub1,0.138492656,11.11111111
Synpo,0.138481942,2.592592593
Asxl1,0.138428411,23.20987654
Gga1,0.138041494,9.135802469
Med26,0.137970374,5.802469136
Dmwd,0.137951572,5.555555556
Dennd4c,0.137577315,23.82716049
Rnf2,0.137522302,4.814814815
Usp12,0.137506928,6.666666667
Rbm38,0.137466814,1.851851852
Mcmbp,0.137460235,17.90123457
Mrps7,0.137423452,7.283950617
Decr1,0.137303783,5.061728395
Rasgrf2,0.137275464,9.259259259
Mfap1b,0.137268946,10.24691358
Dctn1,0.137184542,9.259259259
Rab13,0.137128047,4.691358025
Nedd4,0.136995807,37.16049383
Map3k7,0.136912045,9.50617284
Gadd45a,0.136820011,2.469135802
Itpa,0.136767475,6.543209877
Slfn8,0.1367169,0.617283951
Otud4,0.136681581,11.60493827
Atp6v1d,0.13663596,16.66666667
Zfp810,0.136611211,5.061728395
Emc4,0.136380836,13.95061728
Clint1,0.136350839,14.69135802
Gm33370,0.136211921,0.864197531
Samm50,0.136194315,8.148148148
Cdk11b,0.136136998,12.83950617
Snap23,0.135861234,10.74074074
Limch1,0.13578665,50.61728395
Stx11,0.135665999,0.740740741
Elavl1,0.135566685,19.75308642
Eprs,0.135423446,11.85185185
Hdlbp,0.13526944,15.43209877
Cenpm,0.13525587,0.49382716
Pcyox1,0.135187125,9.259259259
Igf2os,0.135105274,0.12345679
Ppp1r14a,0.135083341,13.08641975
Zfp637,0.134990658,6.049382716
Fam134c,0.134805494,14.32098765
Snx18,0.134631507,9.382716049
Rfxank,0.134417102,5.061728395
Ado,0.134413486,3.703703704
Golga4,0.133989664,13.33333333
Vsir,0.133867477,6.543209877
Gsr,0.133528967,8.518518519
Zmynd11,0.133482274,23.33333333
Mageh1,0.133383568,10.12345679
Cln6,0.133337089,1.975308642
Mxra8,0.13333275,5.432098765
Igf2r,0.133149246,4.691358025
Ppp2ca,0.133130462,15.80246914
Trpm4,0.133125516,4.567901235
Ythdf2,0.133064521,9.87654321
Sdhb,0.133008882,20.86419753
Ldb1,0.13297126,6.666666667
Tspan14,0.132868482,10.98765432
Mta1,0.132815915,7.407407407
Zdhhc9,0.13275383,8.888888889
Dnaja4,0.132710869,4.320987654
Vps35,0.132619216,12.34567901
Coro1c,0.132602753,12.09876543
Tmem64,0.132458425,4.691358025
Osbpl1a,0.132395947,23.95061728
Pitpnc1,0.132389876,65.0617284
Zbtb34,0.132350879,4.320987654
Nars,0.132190285,13.20987654
Zfp217,0.132175554,2.592592593
Edar,0.132052396,0.49382716
Prrc2c,0.131943786,24.9382716
Canx,0.131865238,30.74074074
Ttll7,0.131853953,25.92592593
Top2b,0.13174623,15.55555556
Terf1,0.131652969,12.96296296
Isca1,0.131600062,5.185185185
Mrpl1,0.131381043,6.913580247
Fryl,0.131324334,31.35802469
Cgrrf1,0.131301407,5.679012346
Mfsd6l,0.131091937,0.12345679
Herpud2,0.131022393,10.61728395
Herc4,0.130949791,23.08641975
Hccs,0.130938988,4.691358025
Cdc14a,0.130640511,12.71604938
Bmf,0.130499344,0.987654321
Clec2e,0.130268022,0.12345679
Mib1,0.130263398,22.59259259
Socs3,0.130236203,1.111111111
Limk1,0.130163102,7.160493827
Helz,0.129941172,16.66666667
Sar1b,0.129809468,14.44444444
Ppp1r12a,0.129746562,26.54320988
Anxa11,0.129589432,3.703703704
Fads3,0.129048688,3.086419753
Fmod,0.128814116,1.481481481
Arcn1,0.128670413,14.19753086
Arpc5l,0.128637237,12.96296296
Nkap,0.128543637,6.790123457
Numa1,0.128416379,14.07407407
Flot1,0.128336403,9.62962963
Sesn1,0.128322137,29.87654321
Mpp7,0.128309834,12.22222222
Pkd2,0.128201289,14.56790123
Kdm7a,0.128148811,14.19753086
Plod3,0.128057711,4.814814815
Nelfe,0.12803498,3.703703704
Lysmd2,0.128006907,6.666666667
Zc2hc1a,0.127962629,14.07407407
Osbpl9,0.127849173,39.25925926
Itpr1,0.127842977,24.9382716
Sestd1,0.12769772,5.925925926
Lrp8os2,0.127626272,1.851851852
Acot10,0.127097463,0.49382716
Spef1,0.126882712,2.592592593
Ppp6r1,0.126516294,5.185185185
Jak2,0.126363806,15.30864198
Ncoa4,0.126046241,2.716049383
Dsel,0.125956158,3.333333333
Cmas,0.125916733,9.012345679
Ergic3,0.125858666,18.14814815
Adh1,0.125834311,0.617283951
Emilin1,0.125640951,1.851851852
Prrc1,0.125615649,8.395061728
Bptf,0.125570295,25.67901235
Txndc5,0.125411504,6.543209877
Fundc1,0.125376739,6.666666667
Trim39,0.125332528,4.197530864
Tfe3,0.125296263,4.938271605
Rmnd5a,0.124870439,15.0617284
Baz1a,0.124808247,4.567901235
Dnajb9,0.124661187,9.75308642
Slc25a17,0.124461131,8.395061728
Ttc28,0.124101337,34.07407407
Mrpl41,0.124012737,14.32098765
Bsdc1,0.123974543,8.765432099
Brd3,0.123874855,11.48148148
Idnk,0.123854874,7.037037037
Sult5a1,0.123540577,1.234567901
Eln,0.123515597,3.209876543
H2-Eb1,0.123475064,1.358024691
Acvr2a,0.123324415,7.407407407
Pik3cb,0.123290489,7.901234568
Ccs,0.123058186,9.135802469
Ubn1,0.122955158,12.71604938
Gab1,0.122908465,37.16049383
Gm10687,0.122883518,1.234567901
Itga7,0.12263205,5.432098765
Zc3hav1l,0.121689559,1.358024691
Mcoln1,0.121598566,5.308641975
Nt5c2,0.121490878,21.60493827
Gapvd1,0.121429543,23.45679012
Irak3,0.121294554,2.222222222
Lypla2,0.121118835,7.901234568
Tmem173,0.121086641,0.740740741
Ash1l,0.121073571,36.41975309
Btd,0.120658728,6.172839506
Slc35a1,0.120616785,8.271604938
Copa,0.120486187,17.90123457
Strip1,0.120413979,11.60493827
Adipor2,0.120385588,31.72839506
Malat1,0.120170015,100
Brd7,0.120097771,10.61728395
Lamtor4,0.119971924,10.37037037
Xpot,0.11988577,7.777777778
Rcc2,0.119871896,6.419753086
Mpc2,0.11978542,16.2962963
Rab28,0.11976144,18.27160494
Cisd1,0.119733942,15.0617284
Dld,0.119681125,10.74074074
Akr1b3,0.119668251,7.654320988
Naip2,0.119621772,0.864197531
Eed,0.119603738,7.654320988
Gm17178,0.119428001,5.432098765
Ssh1,0.119264978,10.61728395
Cybb,0.119203447,0.49382716
Stx6,0.119135792,13.08641975
Arhgap42,0.119134292,15.67901235
Maml1,0.119112222,7.283950617
Nxf1,0.118846082,19.01234568
Slc30a9,0.118793015,15.0617284
Sarnp,0.118791604,24.44444444
Ttl,0.118655293,6.913580247
Renbp,0.118605565,3.703703704
Btbd1,0.118364083,14.07407407
Erc1,0.118132369,20.61728395
Wipi2,0.118124334,11.11111111
Pafah1b2,0.117915511,17.28395062
Cap1,0.117880406,8.765432099
Tgif1,0.117857247,1.851851852
Ubtd1,0.1177284,5.432098765
Trpv2,0.117654692,4.320987654
Frmd6,0.117617016,10
Car5b,0.117585786,1.728395062
P4ha2,0.11751456,5.308641975
Actr1a,0.117367,13.7037037
Zeb1,0.117268168,39.01234568
Setd1b,0.117216993,7.037037037
Figf,0.117213136,2.839506173
Otub1,0.117121733,10.37037037
Phactr4,0.117114644,18.51851852
Ociad1,0.117026151,20.86419753
Ndufs4,0.116964066,24.44444444
Ubxn4,0.116932729,22.83950617
Dnajc5,0.116869466,18.7654321
Taok1,0.116792597,30.24691358
Btbd3,0.116749208,12.59259259
Mipol1,0.116687373,12.22222222
Pdlim7,0.116534867,9.75308642
Mtch1,0.116266299,15.55555556
Inpp5k,0.116248497,11.60493827
Epn2,0.116231051,30.98765432
Mov10,0.116152218,2.839506173
Smc4,0.115945734,4.938271605
Cyhr1,0.115890846,14.69135802
Fam26e,0.115607957,0.864197531
Irs3,0.115477092,0.740740741
Relb,0.115463736,4.320987654
Akna,0.115290249,1.234567901
Ppargc1b,0.115218308,3.456790123
Smchd1,0.115174044,20.98765432
Atp13a3,0.115129244,11.48148148
Smad2,0.115086872,7.777777778
Rb1cc1,0.114988701,22.34567901
Qsox1,0.114902529,6.543209877
Arap2,0.114683117,32.96296296
Mgll,0.114554502,18.14814815
Tbx18,0.114438065,1.234567901
Cmtm7,0.114168496,2.469135802
Atp1a1,0.113716781,26.79012346
Impad1,0.113611557,9.012345679
Fbxw11,0.11348096,20.74074074
Lcor,0.113191,29.01234568
Rnpep,0.1131482,11.97530864
Ccdc53,0.113098222,7.407407407
Rilpl2,0.113083009,4.691358025
Pcyt1a,0.113032209,9.259259259
Marcks,0.112993444,16.2962963
Hdhd2,0.112954411,8.765432099
Arid4a,0.112862418,17.40740741
Tbc1d30,0.112828135,3.580246914
Fbxl17,0.112737928,40.24691358
Smg7,0.112711252,17.03703704
Ryk,0.112679325,14.19753086
Bbip1,0.112568941,15.92592593
Col4a4,0.112555299,2.592592593
BC030336,0.112290498,9.62962963
Morn2,0.112114673,3.827160494
Aktip,0.112051927,14.19753086
Hgs,0.111798054,7.901234568
Rgl2,0.111716757,14.07407407
Glyr1,0.111596927,17.03703704
Dusp22,0.111528146,10.37037037
Ncstn,0.111439903,9.50617284
Apopt1,0.111336875,11.97530864
0610030E20Rik,0.11108918,6.543209877
Kremen1,0.110872251,6.296296296
Slc25a4,0.110802256,39.62962963
Emc10,0.110751438,25.0617284
Serinc5,0.110698782,14.07407407
Sept1,0.110678801,7.407407407
Gtf2e2,0.110621645,8.148148148
Gm43278,0.11061437,0.987654321
Pgpep1,0.110612699,5.802469136
Gipc1,0.110402626,10.61728395
Cep83,0.110188125,12.71604938
Tmem65,0.110165805,8.271604938
Col6a2,0.110084311,1.481481481
Ccdc82,0.110062099,6.172839506
Napa,0.109944786,15.67901235
Ewsr1,0.109781513,24.9382716
Nutf2,0.109683807,5.432098765
Cst3,0.109640649,74.81481481
Rgl1,0.109577779,18.02469136
Snx7,0.109566566,6.419753086
Arf3,0.109496464,14.32098765
Fam133b,0.109248537,17.03703704
Crem,0.109000431,11.97530864
Madd,0.108988396,8.518518519
Gm2897,0.108698579,0.987654321
Klc1,0.108674634,29.87654321
Prkag1,0.108670688,10.74074074
Ghr,0.108648476,29.01234568
Gas2l1,0.108572571,3.950617284
Bbx,0.108182512,13.33333333
Camkk2,0.108146068,6.790123457
Papss1,0.108119999,10
Rnf181,0.10799724,7.037037037
Pds5b,0.107963832,19.87654321
Spopl,0.107832789,8.271604938
Ints9,0.107684389,15.43209877
Dicer1,0.10763525,12.96296296
March7,0.107411393,20.98765432
Cpz,0.107301294,0.12345679
Shb,0.106738016,4.444444444
Clock,0.10672266,20
Ranbp2,0.106694073,12.09876543
Aftph,0.106676949,19.01234568
Prkag2,0.106627471,11.72839506
Etnk1,0.106305764,24.07407407
Kdm6b,0.106110047,11.11111111
Serp2,0.106093244,8.148148148
Phc2,0.106091834,16.66666667
Adam9,0.10607987,6.419753086
Unc13c,0.106067443,29.75308642
Tspan18,0.105953934,2.469135802
Atp6ap1,0.105906491,20.74074074
Cep112,0.105871226,16.04938272
Map4,0.105833729,47.65432099
Pdia4,0.105352623,11.48148148
Snx5,0.105332481,10.37037037
Arid2,0.105129265,19.01234568
Agrp,0.105100339,6.666666667
Ttc5,0.105095161,10.12345679
Ibtk,0.104687031,6.790123457
Nfib,0.104617465,55.18518519
Clec4a2,0.104610716,0.617283951
Vhl,0.104601788,3.456790123
Xpr1,0.104551595,24.44444444
Reep5,0.104447139,26.2962963
Gm11998,0.104297597,0.12345679
Fem1c,0.104296294,10.49382716
Atp8a1,0.104047973,46.54320988
Gtdc1,0.103958623,21.2345679
Mb21d1,0.103580795,0.740740741
Zfp260,0.103175201,10.86419753
Gm6483,0.103140686,8.395061728
Vwa3a,0.103066406,8.888888889
Pxk,0.10303398,11.72839506
Zfp148,0.102823746,24.32098765
Cmtm3,0.10277325,3.950617284
Pbx2,0.102587408,4.197530864
Rbmx,0.102520145,9.50617284
Tpr,0.102317678,19.38271605
Slc25a51,0.102282074,11.2345679
Ift27,0.102269111,5.432098765
Ric1,0.102242631,12.71604938
Fam107b,0.102224239,6.419753086
Tjp2,0.101769167,19.01234568
Nadk,0.101698548,10.61728395
Cchcr1,0.10164748,2.098765432
Gm20400,0.101305114,2.098765432
Wdr26,0.10128149,20.61728395
Phf1,0.101145519,8.765432099
Siglecf,0.101109057,0.12345679
Supt16,0.101074078,13.08641975
Dedd2,0.100835489,3.209876543
RP23-81F19.2,0.100393755,0.24691358
2810474O19Rik,0.100269604,10.24691358
Nptn,0.100140936,26.54320988
4930599N23Rik,0.100135311,5.802469136
Flt3l,0.100111831,5.185185185
Pofut1,0.10011117,9.382716049
Napepld,0.099952307,5.185185185
Ehmt2,0.099951647,9.50617284
Fndc3a,0.099872938,17.28395062
Pvrl2,0.099744984,2.716049383
Zbtb38,0.099539518,18.27160494
Nxn,0.099536357,30.74074074
Anapc2,0.099444579,8.024691358
March6,0.099380334,21.97530864
Gm26522,0.099357746,1.851851852
Col15a1,0.099340033,2.345679012
Vps37b,0.099065197,5.679012346
Vezf1,0.09895958,12.4691358
Rbms3,0.098812859,27.5308642
Rnf166,0.098790272,5.555555556
Arid3a,0.098698761,1.604938272
Strn4,0.09869719,9.50617284
Adcy9,0.098687583,15.18518519
Ankrd44,0.098661264,17.65432099
Tacc2,0.098637105,9.62962963
March3,0.098565753,17.5308642
C1qtnf1,0.098468707,0.740740741
D15Ertd621e,0.098464708,6.172839506
Ddi2,0.098440317,11.97530864
Hspa12a,0.098398606,3.827160494
Lgals8,0.098368697,7.654320988
Gm42418,0.098290828,17.03703704
Akt2,0.098225387,7.654320988
Chst2,0.09810095,4.567901235
Rab12,0.098020242,12.71604938
Il20rb,0.097935909,1.234567901
Ctnnbl1,0.097789438,11.11111111
Clk1,0.097335866,24.44444444
A630072M18Rik,0.097320885,4.567901235
Rnf38,0.097201323,16.79012346
Sppl3,0.097177843,19.01234568
Ift172,0.097159112,8.148148148
Sema6b,0.097127186,4.074074074
Steap3,0.097112473,2.716049383
Lifr,0.09697043,13.82716049
Ubr4,0.096621886,11.35802469
Plcb3,0.096609672,3.209876543
Zfp617,0.096578675,4.197530864
Zfp697,0.09654291,6.049382716
Aldh16a1,0.096409366,1.975308642
Hint3,0.096354978,9.259259259
Slc7a3,0.096330569,2.469135802
G3bp2,0.096183348,16.17283951
Snx12,0.096165546,13.08641975
Dse,0.095997737,4.320987654
Aff4,0.095965508,28.02469136
Arid1a,0.095869319,21.11111111
Setd3,0.095696421,16.17283951
Dazap1,0.095560378,15.30864198
Riok3,0.095554361,14.69135802
Tbk1,0.095109967,10.12345679
Rcor1,0.095000832,9.75308642
Naip5,0.094995797,0.49382716
Spice1,0.094995475,5.061728395
Ccdc107,0.094918856,11.2345679
Hexa,0.094871806,10.74074074
Atp11b,0.094867967,12.59259259
Rpn2,0.094823935,19.01234568
Pard3,0.094676714,41.72839506
Kifc3,0.094615273,13.7037037
Phf20l1,0.094540743,26.04938272
Wapl,0.094507067,25.80246914
Cbx7,0.094141541,6.666666667
Pxmp4,0.09409817,5.925925926
Wdfy3,0.094082814,24.69135802
Zzz3,0.094042692,12.71604938
Hps3,0.0940243,5.555555556
Ifngr2,0.093842546,5.061728395
Sdha,0.093782069,26.04938272
Camsap2,0.093750804,13.45679012
Papd5,0.093741447,15.43209877
Ppm1m,0.09359553,4.320987654
Efr3a,0.093555854,14.9382716
Diaph2,0.093555033,33.20987654
Tcea3,0.093433328,1.851851852
R3hdm2,0.0934199,20.61728395
Rnf217,0.093170616,7.530864198
Atp2b1,0.093009521,24.69135802
Osbpl10,0.09294708,5.061728395
Tmem57,0.092897619,14.32098765
Ei24,0.092864193,12.59259259
Rabif,0.092782039,5.802469136
Ormdl2,0.092725061,14.56790123
Nol9,0.092619926,3.580246914
Dbi,0.092476813,37.90123457
Slc12a7,0.092336305,1.975308642
Arid3b,0.092218065,3.333333333
Gm15441,0.092014631,0.864197531
Gm19684,0.091742744,0.987654321
Rfx1,0.091502263,3.703703704
Rtn3,0.09144982,46.17283951
N6amt2,0.091119042,6.913580247
Ascc1,0.091103418,8.024691358
Rusc2,0.091041334,13.95061728
Clcn7,0.091000551,8.518518519
Mllt10,0.090861276,39.62962963
Nov,0.090845438,0.49382716
Gm28874,0.090815851,0.617283951
Birc2,0.090796067,6.913580247
Arl2,0.090760141,11.60493827
Asah1,0.090728055,13.58024691
Cby1,0.090722948,5.679012346
Cpne2,0.090664292,8.271604938
Eri1,0.090581637,3.950617284
Ubr1,0.090459236,21.2345679
Mecp2,0.09045013,22.22222222
Slc25a20,0.090338388,6.666666667
Polr2a,0.090306641,11.60493827
A830080D01Rik,0.09023586,9.259259259
Pde6d,0.089884977,10.49382716
Nubpl,0.089808429,7.901234568
Lpcat1,0.089528826,6.790123457
Rep15,0.08949831,0.864197531
Sec23b,0.089448439,8.148148148
Fam219a,0.089436333,18.7654321
Sox4,0.089223563,4.567901235
Man1c1,0.089211868,7.283950617
Smad7,0.08911059,10.24691358
Knop1,0.089021097,11.2345679
Dlgap4,0.089018758,12.83950617
Cxxc1,0.088986992,5.061728395
Mark3,0.088811702,32.96296296
Tmeff1,0.088738744,20.61728395
Uvssa,0.088568935,13.08641975
Fibp,0.08851194,9.259259259
Fam107a,0.088462611,5.555555556
Baz2a,0.088447266,13.95061728
Bcr,0.088431053,11.11111111
Inpp5a,0.088409162,12.71604938
Pik3ip1,0.088066135,16.2962963
Dph6,0.087826885,9.259259259
1700037C18Rik,0.087767462,2.469135802
Ube3a,0.087696128,32.96296296
Ranbp9,0.087639793,14.9382716
Acin1,0.087583726,20
Gm26857,0.087546925,0.24691358
Magt1,0.087315978,11.60493827
Ssbp1,0.08719322,9.50617284
Nrip1,0.087182864,13.58024691
Stx8,0.087151116,19.01234568
Blmh,0.087099799,11.85185185
Mrc2,0.087049231,4.938271605
Ttf2,0.086916277,1.604938272
Mr1,0.086894386,1.604938272
Fam161a,0.086526539,2.592592593
Hook3,0.08644676,23.08641975
Ctps,0.086364427,4.074074074
Rbm39,0.086360124,61.97530864
Tmem129,0.08635741,3.456790123
Patl1,0.086250704,6.172839506
Vstm2b,0.086170478,2.839506173
Kat6a,0.086108572,13.82716049
Hspa4,0.086075896,12.4691358
Usp15,0.08580231,13.45679012
Pkp4,0.085744332,35.67901235
Senp1,0.085591558,10.12345679
Gdpd5,0.085590129,6.790123457
Arfgap3,0.085523456,10.61728395
Whsc1l1,0.08548737,28.88888889
Srsf10,0.085310955,15.67901235
4833420G17Rik,0.085066777,10.61728395
Nmt2,0.084950625,11.72839506
Zc3h14,0.084934662,11.2345679
Sdccag3,0.084924217,8.888888889
Sparcl1,0.084814529,63.45679012
Pef1,0.084164364,5.185185185
Degs1,0.084157436,11.60493827
Cdyl2,0.08412685,7.160493827
Hip1r,0.08400552,9.259259259
Suclg2,0.083737022,7.407407407
Ube2k,0.083673117,28.64197531
A930007I19Rik,0.083657296,2.592592593
Csnk2a2,0.083595051,8.641975309
Stk16,0.083462436,10.37037037
Ddx46,0.083458508,9.62962963
Dhrs1,0.083433599,6.543209877
Ddt,0.083417976,6.543209877
Hnrnph3,0.083306181,20.74074074
Sf3a1,0.083302074,7.407407407
Mgea5,0.083138551,18.88888889
Ppp5c,0.083103946,8.395061728
Smurf2,0.08297076,23.20987654
Mbd1,0.082897373,6.666666667
Rnf114,0.082817576,10.37037037
Pebp4,0.082679425,1.111111111
Ergic1,0.082601146,10.74074074
Polr3f,0.082531865,4.567901235
Cdc27,0.082448729,13.95061728
Gm10964,0.082445257,0.24691358
Dtnbp1,0.082354379,8.148148148
Cdc42se2,0.082328649,16.41975309
Dpysl2,0.082322649,37.90123457
Crot,0.08230424,6.296296296
Mpped2,0.08225478,14.19753086
Phc3,0.082160269,16.79012346
Gm28154,0.082112112,0.49382716
Rxra,0.082078275,2.962962963
Anxa1,0.082064901,1.111111111
Pdia5,0.081671985,1.728395062
Apobec1,0.081548066,4.567901235
Fam188a,0.081288443,12.34567901
Ap1g1,0.08115424,11.35802469
Elmsan1,0.08101009,7.037037037
Inpp4b,0.080969075,23.95061728
Mark1,0.080958612,6.790123457
Zfp407,0.080888849,20.61728395
Krt222,0.080761984,4.814814815
Erp29,0.080633726,14.81481481
Rnf215,0.08062603,7.901234568
Wasl,0.080561107,10.61728395
Lcorl,0.080558357,22.96296296
Ercc5,0.080502522,5.925925926
Inppl1,0.080346838,5.679012346
Usp47,0.080272986,18.39506173
Oma1,0.080233364,7.407407407
Gm26648,0.080206188,0.24691358
Il15ra,0.080086036,6.172839506
Lrch3,0.080004667,29.13580247
Clec10a,0.079805915,0.49382716
Letm1,0.079641231,8.518518519
Jak1,0.07961734,14.69135802
RP23-430B14.2,0.07945171,6.172839506
Tsc22d2,0.079416034,15.43209877
Eef2kmt,0.079413177,2.839506173
Halr1,0.079305204,0.49382716
Fuca2,0.079281652,5.802469136
Atxn1,0.078968908,43.58024691
Cradd,0.078734069,12.09876543
Mpg,0.078690019,3.333333333
Epb41l2,0.07858717,19.87654321
Arf4,0.078455305,17.90123457
Ythdf3,0.078407505,15.18518519
Serinc1,0.078391221,30.61728395
Polr3gl,0.078281818,9.012345679
Gnaq,0.078272569,43.58024691
Gm13307,0.078250803,1.234567901
Smek1,0.078135669,10.98765432
Sema5a,0.078117956,13.95061728
Wnt16,0.078003697,0.24691358
Bcar1,0.07777425,9.135802469
Trafd1,0.077736146,7.407407407
Atl3,0.077731057,16.2962963
Sh2d4b,0.077716165,1.111111111
Cd244,0.0775878,0.24691358
Lypd1,0.077554803,2.222222222
Ggnbp2,0.077536358,22.59259259
Smarca4,0.077464738,14.69135802
Glb1,0.07743958,8.641975309
Atp6v1e1,0.077425884,17.5308642
Cep68,0.077137835,10.24691358
Gm9920,0.076848429,0.24691358
Psap,0.076748454,62.4691358
Cntln,0.076589074,14.32098765
Mrpl48,0.076352503,14.44444444
Chchd7,0.076226566,8.765432099
Usp8,0.076084595,9.259259259
Hk1,0.076044491,15.43209877
Chmp7,0.076026599,8.024691358
Lypd2,0.075970425,0.24691358
Rlim,0.075882539,8.641975309
Vps54,0.075733301,16.66666667
Ppp1r18os,0.075699767,0.987654321
Stx4a,0.075625166,14.69135802
Gm13919,0.075618399,12.4691358
Enpep,0.075554297,10
Adarb1,0.075285639,6.543209877
Senp3,0.075274193,6.913580247
Vti1b,0.075243285,20.74074074
Srsf11,0.075218305,26.66666667
Lrrc18,0.075042372,0.864197531
Lage3,0.074986483,9.259259259
Itga2b,0.07497252,2.839506173
Prdm16,0.07491291,8.888888889
Zfp207,0.074797391,22.22222222
Arhgef12,0.074563177,44.19753086
Aim1,0.074175403,2.469135802
9130401M01Rik,0.073995328,3.456790123
Edem2,0.073746561,7.037037037
Xpnpep1,0.073565486,9.50617284
Pbrm1,0.073542434,29.25925926
Ripk2,0.073242921,4.320987654
Abca3,0.073231565,10.74074074
Rangap1,0.073175409,9.75308642
Serhl,0.07295755,3.950617284
Als2cl,0.072926553,7.160493827
Parva,0.072873575,9.259259259
Sae1,0.072744638,10.12345679
Itsn2,0.072685321,27.28395062
Hnrnpll,0.072565063,12.96296296
Wnk4,0.072395826,1.234567901
Fbxo30,0.072368596,5.432098765
Txlnb,0.072347115,1.975308642
Parp4,0.072296566,8.271604938
Plekhg1,0.072295923,41.2345679
Chordc1,0.072263479,10.74074074
Gm28904,0.072227357,0.12345679
Zkscan3,0.072178414,15.30864198
Mtdh,0.071888204,25.30864198
Samsn1,0.0716654,1.975308642
Ppm1j,0.071651776,0.740740741
Ccl19,0.071534196,0.12345679
Spats2,0.071216506,8.148148148
Rsrc2,0.071127692,26.17283951
Stx17,0.071009433,6.419753086
Fbxo11,0.070824358,28.02469136
Arhgef7,0.070788914,10.24691358
Zfp322a,0.070278168,8.641975309
Gm16192,0.070258098,0.617283951
Ube2e1,0.070251098,13.7037037
Rnf111,0.070242742,12.34567901
Kansl1,0.070179675,48.39506173
Ankrd12,0.070162534,30
Prpf39,0.069970156,12.09876543
Tbc1d22a,0.06991066,11.72839506
Fubp1,0.069901643,23.45679012
Etfdh,0.069813472,7.654320988
Hmg20a,0.069781313,23.45679012
Crebbp,0.06976419,34.9382716
Acbd3,0.069588846,5.185185185
Wdr44,0.069581329,7.037037037
Gna13,0.069558188,13.7037037
Ssh2,0.069346293,44.81481481
Lpp,0.069303082,31.72839506
Polg,0.069190252,7.037037037
Stx5a,0.069159343,18.88888889
Srrm1,0.069122078,24.32098765
Cyr61,0.069112526,1.481481481
Enox2,0.068932968,15.30864198
Trappc9,0.068894364,20.86419753
Tmem218,0.068770927,4.197530864
Pcmtd2,0.068695308,10.12345679
Mctp1,0.06868954,9.382716049
Ep400,0.068519161,16.2962963
Gmpr2,0.068468682,9.62962963
Peak1,0.068444791,19.13580247
Upf2,0.068382368,16.91358025
Trim44,0.068235629,17.5308642
Bre,0.067484312,24.81481481
Zc3h7a,0.067326788,13.45679012
Supt20,0.067259436,14.56790123
Wdr76,0.067196923,7.160493827
Msantd2,0.067172443,11.72839506
Stat5b,0.06691482,14.07407407
Itga3,0.066810935,3.209876543
Pomt2,0.066729549,4.074074074
Cirbp,0.066658947,13.33333333
Slmap,0.066609897,15.30864198
Gnal,0.066565936,7.777777778
Cd68,0.066387593,1.234567901
Birc6,0.06631217,31.2345679
Plcg2,0.066089277,1.851851852
Mtx2,0.066002301,10.98765432
Col18a1,0.065981981,2.469135802
Mtx1,0.065889489,9.012345679
Syt7,0.065827565,6.543209877
Ep300,0.065742839,16.2962963
AW554918,0.065732983,20
Zfp329,0.065652168,11.2345679
Top1,0.065598029,26.66666667
Gk5,0.065462557,4.938271605
Tor2a,0.064951561,4.444444444
Nudt7,0.064837248,4.197530864
Mthfr,0.064446082,3.209876543
Usp9x,0.064312985,22.83950617
Lrrfip2,0.064263757,9.75308642
Tpk1,0.064158051,12.22222222
Zfp618,0.06413882,3.950617284
Tbl1x,0.064127642,24.56790123
Pdcd4,0.064002206,13.58024691
Kdm6a,0.06396619,18.39506173
Mkln1,0.063853056,29.75308642
Sec23a,0.063852039,11.48148148
Bzw2,0.063812006,5.308641975
Sec24b,0.0636067,15.0617284
Arl6ip6,0.063520118,5.185185185
Ankrd11,0.063450855,19.50617284
Tnpo1,0.063401216,16.54320988
Serpini1,0.063373218,11.72839506
Gle1,0.063356255,11.11111111
Ppp4r1,0.063329347,10.24691358
Pja2,0.063272369,27.65432099
Dhx9,0.063221962,7.037037037
1700017B05Rik,0.063207249,2.098765432
Nfkb1,0.06320025,21.2345679
Osbp,0.063137397,8.271604938
Rnaseh2b,0.063101043,3.950617284
Ankhd1,0.06295809,33.20987654
Eif2ak3,0.062864061,6.049382716
Slc22a15,0.062759016,4.074074074
Cdk2ap1,0.062567995,6.790123457
Mical1,0.062537819,2.839506173
Zfp771,0.062529891,8.518518519
Tmtc4,0.06248393,8.024691358
Commd10,0.062439558,8.395061728
Tfeb,0.062233574,9.75308642
Adamts5,0.062224039,2.469135802
Plxna4,0.062142581,14.56790123
Rel,0.062129529,2.716049383
Inpp5f,0.062075729,17.40740741
Emp1,0.062030001,0.987654321
Ttc23,0.062009377,12.83950617
Psmd1,0.061985147,18.64197531
Usp34,0.061946971,35.92592593
Sacm1l,0.061894725,13.33333333
Lats1,0.061354981,7.283950617
Megf8,0.061198636,8.765432099
H2afy2,0.061139801,4.197530864
Mboat1,0.060965833,9.012345679
Dnal4,0.060738779,3.827160494
Mrps5,0.060728672,8.518518519
D630036H23Rik,0.060726905,0.49382716
Dhx34,0.060725655,1.975308642
Sec22a,0.060707531,8.518518519
Slc9a1,0.060670766,9.012345679
Stip1,0.060500047,11.60493827
Asb10,0.060489834,0.12345679
Rnft1,0.060481406,5.432098765
Nckap1,0.060471067,35.0617284
Gtf3c5,0.060343024,3.456790123
Fam111a,0.060339006,2.098765432
Rai1,0.060264315,12.83950617
Coro7,0.060224283,7.037037037
F13a1,0.060212569,1.111111111
Chp1,0.060146074,14.56790123
Pabpc4,0.060095346,8.148148148
2810030D12Rik,0.059796673,0.617283951
Rab27a,0.0595861,3.333333333
Klhl4,0.05903166,7.407407407
Mdm1,0.058963719,2.592592593
Gm15731,0.058687616,0.12345679
Sin3b,0.058645851,10.61728395
Celf1,0.058633495,26.2962963
Gm12216,0.058602729,4.938271605
Mri1,0.058590105,3.333333333
Hif1a,0.058511986,14.44444444
Ccz1,0.058435689,8.641975309
Elmo1,0.058321394,37.40740741
Dcaf12,0.058255524,10
Slc25a33,0.058224937,6.913580247
Chrm3,0.057853501,5.802469136
3110056K07Rik,0.057767347,11.85185185
Cdc73,0.057695067,14.56790123
Parp16,0.057651017,3.209876543
Fus,0.057428516,45.43209877
Disp1,0.057420803,3.827160494
Abcg3,0.057258761,0.864197531
Sntb2,0.05723321,11.72839506
Hsp90aa1,0.057223943,25.55555556
Rd3,0.057173107,0.617283951
Snn,0.057138021,4.320987654
1700030F04Rik,0.05711563,9.382716049
Hltf,0.057009084,5.679012346
Papd4,0.056904967,9.382716049
Gm6288,0.056885397,0.49382716
Gm16036,0.056839187,0.24691358
Tbc1d10b,0.056794494,5.555555556
Mcph1,0.056784048,5.802469136
Pdlim3,0.05642329,1.111111111
Gm14230,0.056330869,0.12345679
Trip12,0.056238644,26.79012346
Tmem104,0.056199682,3.086419753
Col14a1,0.056180541,3.209876543
Rsrc1,0.056173042,19.50617284
Eps8,0.05605764,20.37037037
Kdm5a,0.055827836,16.79012346
Twist1,0.055730129,0.12345679
Rc3h1,0.0556984,22.4691358
Gm26905,0.055696293,1.975308642
Morc3,0.055662456,9.75308642
Tlr3,0.055639636,4.691358025
AI846148,0.055589426,9.382716049
Atp6v0a1,0.055539965,25.43209877
Trpm7,0.055522753,27.77777778
Mat2a,0.055316018,30.74074074
Setd5,0.055162013,32.96296296
Hadha,0.055109517,10.61728395
Pcnt,0.05500481,5.185185185
Fam189a2,0.054997704,4.814814815
Atxn7,0.054939387,13.7037037
Dcps,0.054929102,7.283950617
Gab3,0.054480529,4.814814815
Ptpn21,0.054347075,4.074074074
Rbpms2,0.054197408,3.580246914
Zfp950,0.054107683,22.83950617
Caml,0.053893753,15.43209877
Map2k2,0.053864505,15.67901235
Gm13561,0.053743068,0.37037037
Thra,0.053713678,20.49382716
Gm26916,0.05368468,20.74074074
Slc18b1,0.053571939,3.827160494
Txk,0.053558226,0.617283951
Idh3b,0.053533924,11.48148148
Ube2f,0.053499409,7.407407407
Npas1,0.053465554,0.49382716
Rbpj,0.053433896,9.259259259
Pabpc4l,0.053372883,0.864197531
Mon2,0.053320422,13.7037037
Srpx2,0.053280961,0.49382716
Nlrc5,0.053196646,1.234567901
Focad,0.05303973,11.35802469
Psmc3ip,0.053008714,0.987654321
Tnfaip8l2,0.053003697,0.37037037
Dhx32,0.052974628,6.419753086
Msln,0.052911275,0.12345679
Ankrd6,0.052810015,13.20987654
Tmem243,0.052738324,22.34567901
Pard6g,0.052653152,3.827160494
Tcf20,0.052594425,19.01234568
Nrd1,0.05258289,17.03703704
St6galnac3,0.052550232,56.41975309
Stag1,0.052453632,40.61728395
Vrk1,0.052376977,4.814814815
Abi1,0.052343569,25.67901235
Ago2,0.052338462,11.11111111
Smurf1,0.052235845,12.09876543
Med1,0.051966688,12.09876543
Slc22a1,0.051848429,0.12345679
Abhd16a,0.051835662,14.19753086
Cldn34c1,0.051694101,10.37037037
Hsd17b4,0.051387768,25.80246914
Hivep2,0.051367216,32.09876543
Hdac9,0.051214531,8.641975309
Ddx11,0.05117407,1.111111111
Wdr33,0.051116271,29.75308642
Gpr108,0.051066703,8.148148148
Ifitm10,0.05100419,3.703703704
Mpc1,0.050907109,21.72839506
Vps45,0.050886539,6.913580247
Casz1,0.050842578,1.851851852
B9d1,0.050671109,3.086419753
Nfkbiz,0.050595561,2.839506173
Slc22a2,0.050554529,0.24691358
Arhgef40,0.050495212,8.271604938
Asb8,0.050426771,7.160493827
Secisbp2l,0.050279032,10.61728395
Gm20395,0.050138632,0.12345679
Stxbp5,0.049985894,12.71604938
Pced1b,0.049945701,12.09876543
Arhgap12,0.049877849,13.95061728
Fech,0.049830709,6.666666667
Lrrn4cl,0.049815157,0.12345679
Tmem5,0.04968531,6.913580247
Slc25a37,0.04961678,1.851851852
Chm,0.049493539,14.07407407
Mus81,0.049476648,3.580246914
Gm11851,0.049445471,0.12345679
Snrnp40,0.049297411,10
Rpap3,0.049241666,4.567901235
Arhgap9,0.049214418,0.24691358
Ugdh,0.049063679,6.172839506
Taf13,0.049025825,8.148148148
Eva1c,0.048707778,2.962962963
Slc25a40,0.048326397,4.691358025
Tpst1,0.048212584,7.777777778
Chpf2,0.048089326,7.530864198
Slbp,0.048046794,7.037037037
Bbc3,0.047993137,1.728395062
Mapk8,0.047879753,12.34567901
Aph1b,0.047861611,3.703703704
Fgd6,0.047859612,8.888888889
Tcerg1l,0.047699999,2.098765432
Llgl1,0.047546832,6.049382716
Akap7,0.047509817,13.20987654
Tnfrsf17,0.04745841,0.12345679
Gm2a,0.04719177,9.135802469
Tmem170b,0.047151488,5.432098765
Rerg,0.04707469,3.333333333
Dpcd,0.047015784,8.518518519
Snx15,0.046996232,7.901234568
Rnf115,0.046840137,13.45679012
Med27,0.046084302,8.641975309
Lman2l,0.045880157,10.24691358
Lrrc40,0.045826751,3.580246914
Smg1,0.045681869,19.87654321
Vrk2,0.045653442,5.185185185
Maob,0.045593447,7.901234568
Thoc2,0.045591287,25.18518519
Tmem176b,0.045543308,8.641975309
Mllt1,0.045523917,2.839506173
Klhdc10,0.045252598,14.19753086
Fxr1,0.045186496,14.9382716
Reep1,0.04517664,16.41975309
Rcan2,0.045063577,17.03703704
Elovl5,0.045050203,15.55555556
Prpf4b,0.04501026,15.18518519
Tll1,0.044380344,2.222222222
Morf4l1,0.044347686,18.27160494
Dynll2,0.044305404,16.66666667
Dennd6a,0.044215821,16.91358025
Fip1l1,0.044153897,13.08641975
P2ry1,0.044131238,2.345679012
Lsm14b,0.043689523,3.703703704
Prpf38b,0.043625688,9.75308642
Maml2,0.043621938,20.86419753
Kif3b,0.043543462,6.790123457
Tor1aip1,0.043536784,18.14814815
Gns,0.043347924,9.75308642
Man2b2,0.043301035,2.345679012
Slc15a4,0.04326477,2.839506173
Traf6,0.043160153,8.395061728
Dip2c,0.042571466,33.08641975
Ctso,0.041787955,8.395061728
Nnmt,0.041774492,0.49382716
Plekha1,0.041733227,16.17283951
Fam89a,0.041728281,0.617283951
Cyfip1,0.041656769,18.51851852
Suz12,0.041567436,14.07407407
Dusp16,0.041480443,10.24691358
Ikbip,0.041450856,6.666666667
Fblim1,0.041358595,1.234567901
Atpif1,0.041337811,27.5308642
Cacul1,0.040995355,12.22222222
Fam20b,0.040961679,8.148148148
Snd1,0.040894917,15.43209877
Cry1,0.04081769,3.086419753
Ubap2l,0.04062342,20.74074074
Clec9a,0.040526802,0.617283951
Fam84b,0.040486859,2.222222222
Sumo1,0.040244967,30.86419753
Psd3,0.040207613,28.88888889
Gm19619,0.040203327,0.24691358
Vangl1,0.040117602,9.259259259
Phactr1,0.039992272,35.55555556
Cers5,0.039936187,15.30864198
Vmn2r56,0.039926063,0.617283951
Sdf2,0.039870174,14.69135802
Gfod2,0.039869085,10.12345679
Slc16a11,0.039854372,4.691358025
Gm10837,0.039787431,0.37037037
Ppm1l,0.039715829,13.82716049
Sertad2,0.039571519,18.64197531
Tmem106b,0.039271935,9.382716049
Kdm4c,0.03901599,21.35802469
Tra2b,0.038834826,24.07407407
Fkbp15,0.038832058,8.518518519
Tnfsfm13,0.038770795,0.740740741
Smarcd2,0.038727262,5.308641975
Gga2,0.03870846,3.703703704
Tbc1d12,0.038410983,14.32098765
Pkd1,0.03837104,12.83950617
Grm7,0.038350077,42.34567901
Slc44a5,0.038307188,3.703703704
Serping1,0.038184179,4.567901235
Lzts2,0.038125862,12.4691358
Wnk1,0.037867079,41.48148148
Athl1,0.037865133,2.469135802
Gm26551,0.037752748,9.62962963
Sidt1,0.037614777,2.592592593
Dnajb12,0.037491858,5.185185185
Impa2,0.037384473,1.481481481
Asap1,0.037335781,38.39506173
Myef2,0.037311782,10.49382716
Usp3,0.037267661,10.74074074
Casd1,0.037082068,10.98765432
Chd4,0.037071462,21.48148148
Mmp17,0.036430511,1.358024691
Dido1,0.036395424,11.72839506
Dnajc13,0.03631111,10.24691358
Tmem198b,0.036253775,3.827160494
Ano10,0.036140551,5.555555556
Rnf19b,0.036090573,3.086419753
Lynx1,0.035995902,8.271604938
Cep350,0.035940924,14.81481481
Stard6,0.0359308,2.345679012
Mms22l,0.035674677,1.728395062
Zc3h7b,0.035619199,9.382716049
Rad50,0.035554186,5.555555556
St14,0.035443623,0.12345679
Map2k4,0.035428428,16.41975309
Zfp280d,0.035366093,18.51851852
Lrif1,0.035348202,7.530864198
Cep170,0.035314276,10.61728395
Esco1,0.035266976,7.407407407
Pts,0.035183661,5.185185185
Sigmar1,0.035178483,6.419753086
Ppp2r5c,0.034813654,19.62962963
Tmem45b,0.034658041,0.617283951
Afap1,0.034582421,7.160493827
AW495222,0.034565619,0.617283951
Rbm43,0.034473198,1.851851852
Ptpn11,0.034466609,13.7037037
Foxj3,0.034423737,12.59259259
Stard7,0.03434594,10.37037037
Trim33,0.034285944,15.30864198
Lclat1,0.034271731,7.037037037
Man1a2,0.034195612,14.32098765
Pbld2,0.034080871,2.592592593
Lpcat3,0.034029571,11.60493827
Gm15738,0.033975915,4.938271605
Ankrd17,0.033556358,25.92592593
Map3k5,0.033485899,10
Fam177a,0.033445456,10.98765432
Lcp1,0.033271719,3.456790123
Dolk,0.033256595,3.580246914
Col3a1,0.033225508,1.481481481
Nup93,0.033197939,7.407407407
Chil5,0.033179298,0.864197531
Msx1,0.033170191,3.580246914
Appl1,0.033139283,15.0617284
Mast2,0.033129426,15.55555556
Fam46c,0.032994455,0.49382716
Ccdc181,0.032626608,2.098765432
Nup153,0.032567952,8.271604938
Ncor2,0.032489654,10.74074074
Ppm1b,0.03238002,11.11111111
Tox3,0.032321435,4.567901235
Dynlt1c,0.032301294,2.345679012
Stx18,0.032239799,8.518518519
Prpsap2,0.032208962,5.432098765
Poc1b,0.032162662,4.938271605
Hdgfrp3,0.032095649,10.49382716
Mtmr12,0.031892754,6.790123457
Gm26535,0.031885397,0.24691358
Fam178a,0.031751872,14.44444444
Pde8a,0.031724213,19.01234568
Snrnp48,0.031689038,19.75308642
4930481A15Rik,0.031670307,2.716049383
4732440D04Rik,0.031666879,3.950617284
Smarcc2,0.031571547,18.02469136
E330009J07Rik,0.031444271,6.666666667
Azin1,0.031352599,7.160493827
Lmod1,0.031284658,1.604938272
0610010F05Rik,0.031261267,7.654320988
Luc7l2,0.0312017,49.38271605
Gng12,0.031195593,20.98765432
Zfp777,0.031192237,5.061728395
Slc26a2,0.031146026,1.604938272
Zufsp,0.031090209,4.197530864
Golgb1,0.031033481,18.27160494
Traf3ip1,0.030949737,3.703703704
Itih2,0.030914972,0.987654321
Krt40,0.030822551,0.12345679
Pik3c3,0.030777679,5.432098765
Nagk,0.030777519,8.765432099
Acox3,0.030765145,3.950617284
Pgp,0.030600193,6.296296296
Zbtb20,0.030573802,87.40740741
Heatr6,0.030489219,6.049382716
Cd22,0.030452865,0.12345679
Rcn1,0.030360444,2.716049383
Col8a1,0.030314233,3.209876543
Rapgef3,0.030239042,18.64197531
Dync1li1,0.030071573,9.75308642
Cfap46,0.03005336,16.79012346
Sesn3,0.029501671,15.43209877
A230006K03Rik,0.029461227,7.901234568
Ndor1,0.029297597,3.950617284
Ppp2r4,0.029295436,14.32098765
Tubgcp5,0.029082846,9.50617284
Pdxdc1,0.029079257,17.65432099
Zyg11b,0.028933857,14.44444444
Shroom2,0.028846614,14.44444444
Ndfip1,0.028821045,13.82716049
Gm26669,0.028789279,0.49382716
Mpv17l2,0.028743068,3.580246914
Myocd,0.028558226,0.617283951
Gm20186,0.028327172,1.851851852
0610009L18Rik,0.02823475,1.604938272
Txndc11,0.028166988,10.24691358
Sbf1,0.028124116,6.913580247
Myo9b,0.028122866,8.148148148
Igsf6,0.028049908,0.37037037
Krit1,0.027999536,27.90123457
Gm43672,0.027957486,0.617283951
Zfp804a,0.027915382,9.382716049
Kcmf1,0.027869422,19.13580247
2700081O15Rik,0.027772643,2.839506173
B830012L14Rik,0.027726433,2.222222222
Drosha,0.0276834,5.925925926
Ptk2,0.027627512,41.72839506
Snx21,0.027444579,8.395061728
Rap2b,0.027402957,2.345679012
Zfp654,0.027390012,9.50617284
Spidr,0.027365942,7.160493827
Dtd1,0.027292412,13.95061728
Treml2,0.027264325,0.12345679
Naa35,0.027241184,8.148148148
Agpat3,0.027186117,11.72839506
Atg4d,0.02718135,4.938271605
Kirrel,0.027171904,2.592592593
Nrp2,0.02710732,10.61728395
Dgkg,0.026987061,3.456790123
Gm5622,0.026663586,0.49382716
Tssc4,0.026592645,9.75308642
Soat2,0.026524954,0.12345679
Ngfrap1,0.026365359,16.54320988
Tmem55b,0.026288222,8.641975309
Atxn7l1,0.026238172,11.85185185
Lyst,0.026234494,12.4691358
Ptprk,0.026130216,37.40740741
Mga,0.025987817,15.55555556
Slc17a5,0.025986138,7.283950617
Aebp2,0.025928732,8.888888889
Fam181b,0.025924214,3.580246914
Itgb5,0.025876004,10.86419753
Rexo4,0.025833882,4.814814815
Cnot1,0.025832721,13.45679012
Arhgef25,0.025726337,6.913580247
Acap3,0.025709874,4.938271605
Tmco4,0.025693161,2.469135802
Samd5,0.025600739,2.098765432
Rsrp1,0.025598918,49.01234568
Cdr2l,0.025184843,2.345679012
A930012L18Rik,0.025138632,0.864197531
Ctif,0.025133043,13.7037037
Cerkl,0.025092421,2.098765432
Lum,0.025046211,1.234567901
Rab10,0.024929238,25.67901235
Ndufaf2,0.024917274,8.765432099
Gm10552,0.024861368,0.49382716
Tmem156,0.024815157,0.24691358
Lace1,0.024799623,12.09876543
Zhx3,0.024584621,27.28395062
Gm11210,0.024537893,0.740740741
Atp7a,0.024449489,11.11111111
2900009J06Rik,0.024445471,1.604938272
Uty,0.024349889,22.83950617
Cmtm4,0.024261468,6.666666667
Fam221a,0.024121996,0.49382716
Phip,0.023992488,26.79012346
Cdc42ep2,0.023983364,2.716049383
Hnrnpr,0.023902406,26.79012346
Fhl2,0.023844732,1.234567901
Klrk1,0.023798521,0.24691358
Pan2,0.023780558,7.037037037
Dera,0.023613678,2.345679012
Evc,0.023567468,1.358024691
Arhgap20,0.023521257,4.197530864
Gm16638,0.023475046,3.086419753
Prdm5,0.023404694,12.09876543
Braf,0.02322203,25.30864198
Gm21092,0.022894127,40.74074074
Acbd5,0.022741031,14.56790123
Gm15541,0.022643253,0.24691358
Mapkap1,0.022601649,18.88888889
Gtpbp2,0.022590025,9.259259259
Dcaf5,0.022405522,11.72839506
Akap11,0.022375774,15.67901235
Rapgef3os2,0.022365989,0.49382716
Gm17276,0.022319778,5.432098765
Acbd4,0.022316439,7.777777778
RP23-85B15.7,0.022273567,0.49382716
Clasp1,0.022256533,20.49382716
Gm3448,0.022190092,7.777777778
Pycard,0.022181146,2.469135802
5031425E22Rik,0.022132275,20.37037037
Cd14,0.022088725,0.740740741
Sec24d,0.021974412,7.777777778
Sel1l,0.021819156,12.96296296
H2-Ke6,0.021534196,6.049382716
Larp1b,0.021395564,6.419753086
Nckap5l,0.021303142,4.074074074
Gm37184,0.02116451,0.24691358
Tril,0.021146047,10.74074074
Eif4g1,0.021006504,24.32098765
Cars,0.020979667,5.308641975
Epc1,0.02094592,20
Zfand1,0.020933457,4.074074074
Herc2,0.020686618,17.5308642
Agtpbp1,0.020622856,11.97530864
Bag2,0.02051756,2.098765432
Sft2d1,0.020507454,14.32098765
Rassf4,0.020425139,1.851851852
Hddc2,0.020378928,4.567901235
Recql,0.020332717,2.962962963
Dcbld1,0.020240296,3.580246914
Ncoa7,0.020206709,12.83950617
Sympk,0.020178711,9.50617284
Cabp1,0.020145535,5.185185185
Syn1,0.020120055,11.11111111
Mark4,0.020101664,5.925925926
Nt5dc1,0.020062309,9.259259259
Trpc6,0.020055453,0.987654321
Tpbg,0.019963031,2.098765432
Mcur1,0.01987061,4.814814815
9630028H03Rik,0.019645074,6.543209877
Tprn,0.019454713,1.851851852
Safb,0.019418538,14.56790123
Sco2,0.019408503,3.456790123
Ywhag,0.019085706,17.90123457
Rp2,0.019085028,3.703703704
Scarb2,0.019049102,14.56790123
Nap1l3,0.018992606,4.444444444
Pdgfa,0.018956591,7.407407407
Uchl1os,0.018946396,0.987654321
Lgals4,0.018761553,1.851851852
Gm15735,0.018715342,0.617283951
Pbx3,0.01869204,22.96296296
Zfp385a,0.018669131,3.333333333
Fastk,0.018632866,9.012345679
Tmem192,0.018622921,4.197530864
Srrm2,0.018547141,40
Zfp691,0.018530499,1.851851852
Endod1,0.01852741,10.86419753
RP23-343H23.2,0.018438078,0.24691358
Pum1,0.018353941,28.39506173
Psmd9,0.018338139,8.888888889
Slc12a4,0.018299445,4.320987654
Tgfbr1,0.01814385,9.135802469
Zfr,0.018064142,27.65432099
Diablo,0.017998201,8.395061728
Ptpn9,0.017869354,19.25925926
Elp6,0.017837338,3.333333333
Amot,0.01780943,9.62962963
Naf1,0.017606285,2.716049383
Zfyve9,0.017581394,19.75308642
Plxnb2,0.017560074,5.185185185
St6galnac6,0.017513863,4.197530864
Prkcb,0.017484544,31.11111111
Ap3m1,0.01747342,10.98765432
Rnf219,0.017421442,3.209876543
Emsy,0.017301701,15.92592593
Gmip,0.01728281,1.975308642
Ebf2,0.017236599,1.111111111
Slc22a21,0.017144177,1.234567901
Cdk13,0.017122876,15.80246914
Rreb1,0.017098145,18.7654321
Pspc1,0.016926998,6.913580247
Dctn4,0.016861074,20.37037037
Galnt7,0.016758618,9.87654321
Ptpru,0.016728281,3.086419753
Rcan3,0.01663586,4.691358025
Trmt2b,0.016543438,4.197530864
Galnt1,0.016502834,15.55555556
Ppp1r14b,0.016497227,2.469135802
Sdhaf3,0.016165146,5.432098765
Ctdspl,0.01612897,17.40740741
Urm1,0.016127542,6.666666667
Nsd1,0.016035549,38.7654321
Rab7b,0.015988909,0.49382716
R3hcc1l,0.015968607,11.48148148
Phc1,0.015942699,6.543209877
Skida1,0.015850277,4.197530864
Btbd9,0.015842349,29.62962963
Ptgr2,0.015804067,5.308641975
Slc25a25,0.015711645,5.432098765
Ssc5d,0.015619224,0.617283951
Pmp22,0.015526802,7.160493827
Tmem178,0.015434381,3.456790123
Fer,0.015380153,11.97530864
Gatad2b,0.015357262,21.2345679
Nsf,0.015166151,21.60493827
Cep295,0.015157116,6.419753086
4732471J01Rik,0.01512253,16.54320988
Nell1,0.015088015,6.296296296
Pacrgl,0.015018484,3.950617284
Gm15800,0.01495515,14.9382716
Spata1,0.014926063,7.037037037
Kit,0.014879852,1.975308642
Tnpo3,0.014732703,15.0617284
Lmnb1,0.014602588,2.716049383
Lrrc39,0.014556377,0.617283951
Fnbp4,0.014555127,9.75308642
E230001N04Rik,0.014510166,0.617283951
Ppp1r16b,0.014441654,26.66666667
Gm15723,0.014417745,0.617283951
Vwc2l,0.014232902,3.333333333
Dennd1b,0.014111822,13.58024691
Gm26573,0.014048648,11.72839506
Sept8,0.014037114,11.35802469
Gm26624,0.013955638,7.160493827
Odc1,0.013904999,6.666666667
Rfc2,0.013885947,10.61728395
Zfc3h1,0.013808738,14.07407407
Zfp36l2,0.013770795,1.604938272
Hoxb2,0.013724584,2.716049383
Hsdl2,0.013678373,6.543209877
Epha7,0.013585952,4.074074074
Pld4,0.01344732,1.111111111
Kxd1,0.013427268,12.96296296
Uhrf1bp1,0.013354898,2.469135802
Cnr2,0.013216266,0.24691358
Csgalnact1,0.013185858,28.7654321
Cygb,0.013123845,3.209876543
Clvs1,0.013077634,5.679012346
Ap3b1,0.013040958,19.38271605
Vta1,0.01301396,11.2345679
Cep104,0.012985213,4.444444444
Me3,0.012960982,7.160493827
Rnf216,0.012826868,20.12345679
Pkp2,0.01280037,0.987654321
Tet3,0.012723411,13.58024691
Sbno2,0.012707948,4.074074074
Iqsec1,0.01255796,20.49382716
Dchs1,0.012523105,3.209876543
Rgs10,0.012476895,4.691358025
Cux1,0.01241306,22.4691358
Zmym2,0.012340441,19.50617284
Hnrnpdl,0.012287963,16.41975309
Sema3a,0.012245841,2.716049383
Polr3h,0.01219963,3.456790123
Yipf1,0.012123422,11.2345679
Cdc25b,0.012107209,1.481481481
Nemf,0.012101031,15.18518519
Scaf8,0.012074961,19.50617284
Ddx17,0.012026662,26.04938272
Vopp1,0.012014787,4.938271605
Msra,0.011934651,6.790123457
Phykpl,0.011645102,3.333333333
Dhrs7b,0.011598891,5.679012346
Cplx2,0.011460259,4.938271605
E130102H24Rik,0.011414048,4.814814815
Idh1,0.011394746,8.148148148
Smim3,0.011321627,2.222222222
Slco1a5,0.011275416,0.37037037
Fbxw17,0.011229205,2.962962963
Nfam1,0.011136784,0.37037037
Ippk,0.011090573,4.938271605
Dcn,0.011044362,5.555555556
Alpk1,0.010998152,7.037037037
Smap2,0.010951941,6.172839506
Srek1ip1,0.01090573,6.419753086
1700026J14Rik,0.010859519,0.24691358
Ppp3ca,0.010819165,49.38271605
Rai2,0.010813309,2.222222222
Stmn2,0.010674266,21.2345679
Fam193a,0.010625966,20.49382716
Trp53i11,0.010536044,2.222222222
Mdh1,0.010481066,31.35802469
Lrba,0.010432767,28.64197531
2810403A07Rik,0.010131433,13.82716049
Micall2,0.009935305,1.604938272
Plk3,0.009473198,1.358024691
Srsf5,0.00946677,25.80246914
Tspan6,0.009426987,4.444444444
Six5,0.009288355,1.358024691
Cfap20,0.009281088,10.61728395
Tmem126a,0.00927357,24.19753086
Pknox1,0.009149723,5.802469136
Zscan26,0.00910594,16.54320988
Adck5,0.009103512,3.703703704
Tex29,0.009057301,0.24691358
Ankrd54,0.00896488,2.839506173
Plekhg3,0.008918669,9.382716049
Rhpn2,0.008872458,4.938271605
Fcer1g,0.008826248,1.604938272
Msh3,0.00874845,7.777777778
Trim3,0.008733826,7.654320988
Cnot4,0.008645672,28.02469136
Taf1a,0.008595194,3.827160494
Fitm2,0.008456562,2.345679012
2610037D02Rik,0.008406762,15.30864198
Ndufaf4,0.008271719,6.296296296
2900089D17Rik,0.008225508,1.234567901
Lztfl1,0.008222669,8.271604938
1810062G17Rik,0.008133087,0.617283951
Adgre1,0.008040665,1.234567901
Pwwp2a,0.008039666,10.74074074
Xrn1,0.007969474,18.14814815
Igsf9b,0.007948244,0.49382716
Gm19705,0.007902033,2.962962963
Ncoa2,0.007872875,25.92592593
Gm28286,0.007855823,0.12345679
Rab3ip,0.007809612,4.197530864
Mthfsd,0.00771719,5.679012346
Qtrtd1,0.00767098,2.962962963
Mgat4a,0.007578558,6.296296296
Lrwd1,0.007532348,2.345679012
Cntnap5a,0.007438176,11.72839506
Pgf,0.007393715,2.098765432
Uso1,0.007347505,10.49382716
Ppp2r5e,0.007341577,18.02469136
Gm15337,0.007301294,1.234567901
Tctex1d2,0.007208872,3.086419753
Sufu,0.007019101,10.74074074
Atp6v0b,0.007003478,36.17283951
Lst1,0.006977819,0.864197531
Mapt,0.006858578,45.92592593
Obfc1,0.006839187,3.209876543
Gm17231,0.006792976,10.49382716
Nfxl1,0.006746765,3.333333333
Kcnq5,0.006713679,15.43209877
Cd59b,0.006700555,2.098765432
Gm3248,0.006654344,0.864197531
Ino80b,0.006515712,5.555555556
Mtch2,0.006492481,12.09876543
Mid2,0.00642329,5.802469136
Gm15336,0.006377079,2.592592593
Anxa6,0.006293015,9.012345679
Mafg,0.006284658,9.75308642
Pcbp3,0.006271873,8.395061728
Ptpn18,0.006238447,1.234567901
Scn3b,0.006192237,3.209876543
Fbxl5,0.006146026,10.74074074
Scmh1,0.00613408,28.27160494
Ubxn2b,0.006053604,5.061728395
Psen1,0.005914972,8.395061728
Akap9,0.005795981,19.25925926
Nudt3,0.00577634,6.543209877
Mid1ip1,0.005730129,8.024691358
Usp19,0.005683919,9.135802469
Triqk,0.005637708,2.592592593
Hmox2,0.005591497,10.12345679
Prim1,0.005545287,2.345679012
Mnat1,0.005511111,13.33333333
4930448N21Rik,0.005506182,18.51851852
Tubb2a,0.005409583,19.50617284
Ddx20,0.005406654,2.962962963
B230354K17Rik,0.005360444,2.962962963
Tab2,0.005290503,17.40740741
Spg20,0.005221811,5.432098765
Kdm2a,0.005216383,21.72839506
Ctc1,0.00512939,3.827160494
Stk19,0.005036969,7.407407407
Abi3,0.004990758,1.234567901
Cmss1,0.004944547,8.271604938
Aldh3b1,0.004898336,1.234567901
Dync2li1,0.004759704,2.222222222
Slc43a1,0.004713494,0.37037037
Sept6,0.004574861,3.827160494
S100a6,0.00448244,2.345679012
4933404O12Rik,0.004436229,1.111111111
Fam222b,0.004395286,17.90123457
Ccdc34,0.004390018,5.061728395
Vti1a,0.004298686,28.39506173
Aifm2,0.004297597,2.222222222
Lrrc8b,0.004251386,10.12345679
Lancl1,0.004205176,9.50617284
Mmp2,0.004158965,0.617283951
Rcbtb2,0.004066543,3.827160494
Eif4g3,0.004057187,27.65432099
Gm16867,0.004020333,1.358024691
Ascc2,0.003974122,5.185185185
Fbxl12,0.003881701,7.160493827
Akap10,0.003863988,17.90123457
Carnmt1,0.003650647,6.296296296
Nudt4,0.003604436,7.901234568
Chek2,0.003558226,2.716049383
Zdhhc1,0.003512015,8.395061728
Plag1,0.003373383,3.456790123
Gstt1,0.003327172,4.938271605
Rassf8,0.003284389,13.08641975
Ablim3,0.003280961,3.086419753
Mthfd2l,0.00318854,4.938271605
Mdfic,0.003142329,3.580246914
Rev1,0.003074727,13.33333333
Pitpnm1,0.003049908,4.938271605
Trappc12,0.003003697,7.777777778
1700041G16Rik,0.002911275,1.234567901
Maml3,0.002897991,18.51851852
Atg16l2,0.002865065,6.790123457
Idh2,0.002818854,7.283950617
Ermp1,0.002772643,4.691358025
Senp6,0.002753091,19.13580247
Cped1,0.002726433,12.22222222
Fam216a,0.0025878,4.320987654
Inmt,0.00254159,0.37037037
Gm14326,0.002449168,6.790123457
Pip5k1a,0.002356747,10.74074074
Mxi1,0.002331177,14.9382716
Pou2f1,0.002318393,18.02469136
Mamld1,0.002310536,4.197530864
Dyrk1a,0.002268254,14.32098765
Arl6,0.002264325,4.938271605
Pcnxl4,0.002218115,5.679012346
Dpy19l4,0.002125693,10
Add3,0.002076893,21.35802469
Pcm1,0.002028594,25.18518519
Zfhx3,0.001980294,18.51851852
Ppp1cc,0.00194085,13.20987654
Smyd3,0.001931994,25.43209877
Rec8,0.001848429,1.234567901
Minpp1,0.001802218,5.061728395
Gm28905,0.001756007,2.592592593
Inpp4a,0.001663586,9.87654321
Pik3r5,0.001524954,0.864197531
Siah2,0.001478743,2.592592593
Senp7,0.001400696,17.5308642
Mapkbp1,0.001247689,5.802469136
Ift57,0.001016636,4.814814815
Zfp467,0.000878004,3.456790123
Fndc3b,0.000831793,13.08641975
Dnajc1,0.000821097,29.87654321
Ipo13,0.000739372,5.555555556
Wee1,0.000693161,0.987654321
Elf4,0.00064695,0.740740741
Rbm25,0.000627898,34.56790123
Mettl20,0.000600739,2.962962963
Ctps2,0.000554529,6.172839506
Il11ra1,0.000508318,6.913580247
Ttc3,0.000482998,38.14814815
Zfp266,0.000415896,12.71604938
Cenpf,0.000369686,0.49382716
Cluap1,0.000323475,4.320987654
Vstm4,0.000231054,5.802469136
Fuca1,0.000184843,9.135802469
Trim62,0.000138632,2.098765432
Dync1li2,9.65997E-05,16.2962963
Hs6st2,9.24214E-05,3.580246914