gene,cellex_score,expr_proportion
Spata18,0.977196723,8.981001727
Dnah10,0.975271661,35.63615429
Tctex1d4,0.973417887,18.42256765
Glipr1l1,0.971382788,6.735751295
Pih1h3b,0.970090004,7.944732297
Dnaaf3,0.969805074,28.32469775
Ppp1r36,0.969000923,23.89176742
RP23-435E16.1,0.968247703,21.24352332
Slc26a3,0.966527406,9.556706966
Uox,0.964720781,8.059873345
Gm44109,0.96022887,4.202648244
Tcp11,0.95961171,11.11111111
Ttc29,0.958997226,36.154289
Ccdc108,0.957125333,38.51468048
Cfap58,0.955127721,4.260218768
Dydc1,0.95511395,5.411629246
Car9,0.952894851,4.490500864
Gm867,0.952232239,39.83880253
Ak9,0.951221574,49.91364421
Cfap73,0.949267426,5.238917674
Iqca,0.948249443,26.54001151
Ankrd66,0.94756841,13.2412205
Cfap221,0.947150343,17.55900979
Mak,0.947079944,16.6378814
Akap14,0.945871792,11.8019574
Lrrc43,0.945055671,34.02417962
4833427G06Rik,0.943712828,23.3736327
Tekt3,0.943443385,3.10880829
Lrp2,0.943415275,10.07484168
Fam81b,0.941896393,15.02590674
Gm29538,0.941511812,7.944732297
1700012P22Rik,0.941259184,13.41393207
Dthd1,0.940268495,42.71732873
Dytn,0.939582152,6.966033391
Cfap52,0.938699882,33.33333333
Sntn,0.938167313,8.232584917
6430531B16Rik,0.937977296,6.160046056
Dnah12,0.937878888,76.79907887
Lhb,0.937666871,8.002302821
Zfp474,0.93761609,21.35866436
Ccdc180,0.937043288,29.53367876
1700034E13Rik,0.936872037,2.936096718
Gm10714,0.936588765,53.4830167
Cdhr3,0.936467958,35.23316062
Asb14,0.934287861,12.89579735
FRMPD2,0.933374086,31.20322395
Gm15587,0.933039624,7.714450201
Mapk15,0.932736697,26.19458837
Fam216b,0.932146677,31.318365
Lrrc6,0.929750114,24.75532527
Ttc21a,0.928470019,31.72135866
Klkb1,0.927918494,3.10880829
Defb20,0.927884575,1.03626943
Wdr63,0.927073124,35.11801957
Mlf1,0.926555927,15.77432355
1700028P14Rik,0.925804966,36.44214162
Mdh1b,0.925772763,5.987334485
Tctex1d1,0.924086603,10.5929764
Vmn2r39,0.923411444,0.978698906
Rgs22,0.92311737,50.94991364
Fam166b,0.922953974,14.39263097
C1qtnf3,0.922382899,3.569372481
Dnajb13,0.921648118,5.411629246
Dlx4os,0.92130369,0.978698906
Cfap161,0.92082904,11.16868164
Ptpn20,0.920582294,3.281519862
Zbbx,0.920523282,39.20552677
Ak7,0.92008411,54.80713874
Hydin,0.919405043,51.35290731
B3gnt4,0.918776218,4.605641911
Clec1b,0.918753243,1.899827288
Wdr49,0.918564987,69.77547496
Spag17,0.917847819,52.50431779
Cfap70,0.917588576,28.4398388
Odf3b,0.917277255,40.87507196
Nr1i2,0.91697938,2.014968336
Gm44145,0.91679695,1.611974669
Olfr315,0.916724734,0.805987334
Nup62cl,0.916096666,2.302820956
Gm28888,0.915939635,1.554404145
Erich2,0.915891278,10.65054692
Gm43579,0.91535931,2.820955671
Ccdc170,0.91526396,45.94127807
Ect2l,0.914800612,21.53137594
1700007G11Rik,0.914557199,89.06160046
Tmem212,0.914450053,51.75590098
Gm38037,0.914345683,4.14507772
Unc5cl,0.913466134,33.44847438
Lrrc34,0.913389956,5.18134715
Efhb,0.913136227,28.78526195
CN725425,0.912475394,2.533103051
Smlr1,0.912369447,1.439263097
Ppp1r32,0.912299949,3.281519862
Gm1110,0.912186249,2.590673575
Ttll10,0.912175623,4.893494531
Tigd4,0.911740924,3.511801957
Gm17225,0.911087036,6.390328152
Lrrc71,0.910685161,24.98560737
Pih1d2,0.910529137,11.62924583
Ube2u,0.910489456,9.786989062
Gm12108,0.909532297,1.093839954
Dnah6,0.909501692,55.72826713
Gm12695,0.908863196,10.88082902
Lrrc74b,0.908434665,11.39896373
Defb30,0.907549516,1.496833621
Cdkl4,0.905842706,26.42487047
Dnah9,0.905824816,56.59182499
Dnah11,0.905574377,55.15256189
Fam47e,0.905369605,12.32009211
Sap30bpos,0.905187013,2.763385147
Daw1,0.904563888,24.00690846
Gm10440,0.903285961,2.705814623
Gm28729,0.902957786,1.381692573
Tsnaxip1,0.902884917,25.7915947
Lrrc36,0.902155284,47.89867588
2410004P03Rik,0.901948354,5.411629246
F11,0.901785408,2.648244099
Gm17250,0.900443616,0.863557858
Gm13481,0.899926767,40.0115141
Crocc2,0.899792235,17.55900979
Tcte1,0.899339394,7.311456534
Tnni3,0.899253936,8.175014393
Dlec1,0.898819488,9.671848014
Rsph4a,0.898680346,10.70811744
Cfap43,0.898261984,60.9671848
Gm1661,0.898008578,16.29245826
Tmem232,0.896137187,39.72366149
Nek5,0.895171016,25.15831894
Cfap61,0.894903975,43.52331606
Drc7,0.894438242,17.38629822
Gas2l2,0.894100385,2.705814623
Got1l1,0.894085815,4.260218768
Fbxl13,0.89322147,21.64651698
March10,0.892912257,6.332757628
Vwa3b,0.892848747,18.24985607
Ccdc153,0.892252432,30.39723661
Gm42722,0.892061289,44.78986759
BC051019,0.889646073,10.24755325
4930547M16Rik,0.88930526,6.102475533
Cfap45,0.888979054,13.87449626
Cfap44,0.888806311,53.65572827
Maats1,0.888163439,23.54634427
Gm15821,0.886293453,0.748416811
Efcab6,0.886260391,16.52274036
Slc39a4,0.886083622,0.863557858
1700001C02Rik,0.885088314,8.750719632
Vwa3a,0.883839021,42.19919401
Dnali1,0.88372274,15.19861831
Ankef1,0.883160688,7.196315486
Gm16188,0.882830725,1.32412205
Ankfn1,0.882682248,62.29130685
Ccdc81,0.882453839,15.48647093
Gm11264,0.882126151,0.978698906
Fam169b,0.881200475,5.354058722
Ptx4,0.881067049,0.402993667
Col6a5,0.881027161,4.835924007
Cfap206,0.880736316,29.76396085
Iqcd,0.880526246,22.51007484
Prr29,0.880126779,2.475532527
Wdr66,0.879940242,36.78756477
Cfap54,0.879873753,61.54289004
Zp3,0.879414927,4.835924007
Acot5,0.879307283,5.123776626
Dnaic1,0.879014164,30.39723661
Ccdc33,0.87901319,11.85952792
Zswim2,0.878995571,1.093839954
Stoml3,0.8782791,5.526770294
Dynlrb2,0.878262593,24.35233161
1700024G13Rik,0.877897767,1.439263097
Gm42806,0.877626007,0.748416811
Wdr93,0.875679732,17.90443293
Pifo,0.875233595,23.25849165
Scnn1a,0.874247393,5.411629246
Pklr,0.873831083,2.014968336
Ttc34,0.873803046,6.044905009
Gm33050,0.873449706,0.633275763
Lrguk,0.873168307,20.20725389
Gm26887,0.872788349,4.43293034
Eno4,0.872709549,18.13471503
2610028H24Rik,0.872667716,0.863557858
Gm14280,0.87261067,5.872193437
SDR42E2,0.872010475,3.742084053
Olah,0.871499113,5.008635579
Armc4,0.871331817,38.22682786
Enkur,0.870511009,28.61255037
Chia1,0.870474391,4.720782959
Lrriq1,0.869794127,43.81116868
Gm16130,0.868406021,0.748416811
1700016K19Rik,0.868322009,8.750719632
Awat2,0.867656979,4.951065055
Dnah3,0.867151672,31.72135866
Pi15,0.866958068,4.029936672
Adamts20,0.866903656,68.04835924
Nek10,0.866067705,17.55900979
Ccdc146,0.864138388,52.15889465
Hkdc1,0.864098544,4.029936672
Cftr,0.864026241,10.76568797
Gm15841,0.863642525,0.518134715
Zmynd10,0.862469882,11.16868164
Fhad1,0.861797331,27.63385147
Cfap100,0.861500879,24.92803685
Slc35g3,0.861329149,0.978698906
Gm42902,0.859675347,2.590673575
Rnf183,0.85952151,0.287852619
Gm9978,0.859112431,0.633275763
Mzb1,0.8589712,0.978698906
Morn3,0.858138411,14.62291307
BC030867,0.857983245,4.202648244
Barhl1,0.857949203,1.381692573
Spag16,0.857423584,78.23834197
Fancd2os,0.857012177,0.518134715
Marc1,0.856366376,4.087507196
Ccdc121,0.856222205,1.669545193
Ccdc60,0.855730938,23.6039148
Cckbr,0.855501454,3.281519862
Kif27,0.854848497,16.00460564
Spef2,0.854838806,62.69430052
Gm37974,0.854484347,0.287852619
Casc1,0.853867873,12.32009211
Ccdc40,0.853089836,15.08347726
Stpg1,0.852950606,30.80023028
Rsph14,0.852502498,9.786989062
Fam159a,0.851953018,4.893494531
Rp1,0.850792946,7.656879678
Vmn2r30,0.850461803,27.17328728
Fam179a,0.850390944,21.12838227
Catip,0.849221738,15.60161197
Ccdc113,0.847915674,5.411629246
Lrrc46,0.846979837,4.893494531
Cfap53,0.846055509,10.1324122
Gm16157,0.845862094,2.07253886
Cfap77,0.845615655,30.05181347
Cpn1,0.845096684,3.914795625
Gm43458,0.84496093,2.533103051
Vmn2r35,0.844889807,4.778353483
Riiad1,0.844577712,28.03684514
Dnah2,0.844068582,47.49568221
1700019G24Rik,0.843759372,1.03626943
Syt10,0.843042087,31.66378814
1700040L02Rik,0.84293816,22.1646517
Rsph10b,0.842900182,35.69372481
Smim6,0.842400134,1.669545193
Gm29266,0.842359986,25.15831894
6820408C15Rik,0.841859356,12.43523316
Nek11,0.841599906,32.527346
Gm29571,0.841586006,6.332757628
Acap1,0.840009925,4.43293034
Adgb,0.839991087,34.13932067
Gm16158,0.839436043,1.784686241
Meig1,0.839000675,15.88946459
Drc1,0.838949972,30.91537133
Col8a2,0.838932615,12.55037421
Dnah7a,0.838715977,29.13068509
Wdr27,0.838681715,7.772020725
Gm42809,0.837901904,0.230282096
Gm43153,0.837782156,0.863557858
Gm16702,0.836920599,20.43753598
Calcoco2,0.836423649,1.03626943
Ppp1r42,0.835841382,11.05354059
Dnah7c,0.835737209,28.72769142
Cfap69,0.835523456,40.52964882
Dsg2,0.834538341,6.390328152
Efcab11,0.834378136,17.15601612
Ccdc150,0.833993848,9.959700633
Plch1,0.833570152,25.15831894
Chaf1a,0.83343098,3.454231434
Gm7173,0.83331993,33.27576281
4931429I11Rik,0.833072343,7.369027058
Itga11,0.832847698,18.82556131
Ak8,0.832826995,10.99597006
4921507G05Rik,0.832440939,1.611974669
Lrrc23,0.832329798,14.85319516
Spag8,0.832250595,8.002302821
F730035M05Rik,0.831919514,1.611974669
1700012B09Rik,0.831785992,8.059873345
Ttc25,0.831521416,18.94070236
Thegl,0.831294685,2.187679908
Fank1,0.830769039,21.30109384
Fam92b,0.830640732,3.281519862
Spata17,0.830631164,50.66206102
Sptlc3,0.830312732,13.41393207
Cfap57,0.830236731,7.656879678
BC049715,0.828669901,2.533103051
Gm10000,0.828043196,0.230282096
Stmnd1,0.827798956,1.03626943
Kcnn4,0.827779573,6.102475533
Gm20383,0.827386409,2.07253886
Dnah5,0.82737753,38.22682786
Shank2,0.826888925,52.96488198
Mrgprx2,0.826531867,0.805987334
Lrrc9,0.826322825,34.71502591
1700010H22Rik,0.826276677,0.230282096
Gm11992,0.826200407,2.590673575
Kif9,0.823879534,45.65342545
1700007K13Rik,0.823869524,18.99827288
Tymp,0.823785821,7.714450201
Ccdc30,0.823600362,48.41681059
Kif11,0.823361065,4.317789292
Lrrc48,0.82289501,32.58491652
Dlx4,0.821902067,0.460564191
1810020O05Rik,0.820446336,3.569372481
Iqub,0.820415938,24.12204951
Dpep2,0.819614128,4.663212435
Dnaaf1,0.819162256,3.339090386
Cyp2j7,0.819085726,0.575705239
Endog,0.818088431,29.99424295
Ttll6,0.817629637,21.58894646
Nme5,0.817374586,37.53598158
Slc6a19,0.817309732,2.590673575
Caps2,0.817013473,3.914795625
Tat,0.816611668,0.172711572
6530403H02Rik,0.816605476,11.16868164
1700041M19Rik,0.816598859,2.417962003
Dpy19l2,0.816418203,10.18998273
Samt3,0.815591928,0.172711572
Mns1,0.815369734,16.6378814
Ikzf3,0.815304483,1.093839954
Gm26619,0.814893998,0.230282096
Gm14507,0.814756755,2.36039148
Iqgap2,0.8140386,30.39723661
Ribc2,0.813254487,4.605641911
Hc,0.812856562,3.39666091
Fam149a,0.812579954,16.35002879
Gm10032,0.812243554,0.575705239
G6b,0.812221823,0.172711572
Iqcg,0.812212644,26.30972942
Gm17135,0.812031303,21.24352332
Nuf2,0.811606141,3.281519862
Ccdc96,0.811530838,1.957397812
Tex26,0.811067625,3.051237766
Cfap126,0.810760975,13.64421416
Ccdc65,0.810183117,8.693149108
Gm16083,0.809510689,39.20552677
Myb,0.809117314,8.175014393
Smim5,0.808642699,4.087507196
Gm14372,0.808586814,1.784686241
Gm28100,0.808428003,0.575705239
Prrg4,0.808238073,7.944732297
Ttc16,0.807832728,10.47783535
Gm28380,0.807615913,0.402993667
Armc3,0.807169399,29.93667242
Ccdc67,0.80550791,2.417962003
Traf1,0.805321416,9.556706966
Slc22a12,0.80516855,0.690846287
Rsph1,0.804416122,18.0771445
Rassf9,0.804212811,34.42717329
Dapl1,0.803590872,3.914795625
C130026L21Rik,0.803323114,4.375359816
Tekt4,0.803016287,3.10880829
Capsl,0.802164736,6.563039724
Folr1,0.801046058,3.281519862
Cd36,0.800490567,3.223949338
Gm16325,0.800137737,1.208981002
Serpini2,0.79922563,0.805987334
Nek2,0.798783724,0.518134715
Arhgef33,0.798427592,13.0109384
Calml4,0.797546924,8.059873345
Dnah14,0.79604433,5.987334485
Vwa5b1,0.795008607,16.29245826
1700030J22Rik,0.792439022,5.123776626
Dchs2,0.791895096,17.84686241
March4,0.791842031,18.01957398
Cd55b,0.791668748,1.208981002
Bbox1,0.79135075,28.49740933
Efhc1,0.790517633,10.24755325
Ccdc24,0.789757775,1.784686241
Acot6,0.788684148,13.29879102
Gm38096,0.788056447,0.460564191
Ttll8,0.787817892,27.57628094
Gpr55,0.787633506,0.805987334
4932443I19Rik,0.78733542,17.04087507
Stk33,0.787259309,30.74265976
1700088E04Rik,0.786737741,32.98791019
Celsr1,0.786562126,9.786989062
Gm26911,0.785610039,4.951065055
Tekt1,0.785259491,10.3626943
2010300C02Rik,0.78506003,11.16868164
Kif6,0.783602919,55.9009787
Tspo2,0.783450998,0.575705239
Ppil6,0.782656689,36.49971215
Gm26832,0.782586422,0.345423143
Ubxn10,0.782526692,5.123776626
Ptprh,0.781941762,1.784686241
Nkx6-1,0.781874506,4.951065055
3300002A11Rik,0.781574076,67.53022453
4930598A11Rik,0.780546223,1.611974669
Foxj1,0.780544576,10.07484168
Mamdc2,0.780449594,10.47783535
Grhl3,0.780102567,1.03626943
Wdr78,0.779435874,27.57628094
Pde6h,0.77918979,3.742084053
Dmkn,0.779175342,3.914795625
4930469G21Rik,0.779022162,5.123776626
Samd13,0.778953084,3.10880829
Wdr38,0.778932064,2.130109384
Klrb1f,0.777751696,0.460564191
Dnah1,0.777386911,11.11111111
4933408J17Rik,0.776701126,0.345423143
Gm38509,0.775736784,0.518134715
9530036O11Rik,0.775013708,25.27345999
Cd109,0.774974385,7.484168106
Glb1l2,0.774603216,1.842256765
Cfap157,0.774280342,4.43293034
Cfap99,0.774156343,13.87449626
Cep126,0.774049946,30.97294185
Gm3294,0.773274993,8.059873345
Uckl1os,0.772815204,8.002302821
Mb,0.771494048,1.381692573
Crb2,0.771169377,11.62924583
Pgpep1l,0.771038604,6.620610248
Gm26776,0.770847416,1.32412205
Gm5458,0.770762063,0.345423143
Fbxo43,0.769646001,0.402993667
Slc14a2,0.769540045,6.044905009
RP24-492L15.6,0.768041367,0.345423143
E130006D01Rik,0.767529574,2.590673575
Cyp2s1,0.766733853,4.029936672
Slc25a31,0.766071055,2.07253886
Armc2,0.765429439,37.93897524
Adgrv1,0.765422829,47.72596431
Gm42800,0.7647489,0.345423143
Ccdc151,0.764166599,9.844559585
Tbata,0.764056849,1.151410478
Zmynd12,0.763643909,12.03223949
Kcnh3,0.762683381,2.07253886
Dnaic2,0.762353677,9.383995394
Vmn2r28,0.762300761,0.690846287
Olfr1507,0.760686678,0.460564191
Otop2,0.760204902,0.402993667
Gm26801,0.75977011,1.439263097
Plin5,0.759424124,2.302820956
Fam167a,0.757077755,5.066206102
Crb1,0.756729445,8.57800806
Ankub1,0.756267873,34.54231434
Gm10256,0.756214203,0.287852619
Mok,0.756178037,33.56361543
Arx,0.754485617,0.518134715
Iqck,0.753940417,31.54864709
Ccdc39,0.753895723,16.40759931
Fbln7,0.753594953,3.511801957
Lrrc18,0.753459903,1.784686241
Tex29,0.753449155,1.03626943
Clec9a,0.753350821,2.014968336
E130111B04Rik,0.752222817,1.899827288
Ccdc162,0.752057106,42.54461716
Gm12162,0.75191447,0.345423143
Chrdl2,0.751835399,1.03626943
Ccdc110,0.751694192,2.533103051
Rfx2,0.751589206,28.03684514
Ccdc114,0.750953324,8.808290155
Lekr1,0.750868117,31.72135866
D930032P07Rik,0.750475119,3.569372481
Smgc,0.750304956,0.402993667
Ccdc78,0.750190854,16.6378814
Fsip1,0.74940992,4.778353483
Usp43,0.748930829,3.051237766
Wdr90,0.748278538,7.714450201
Ubxn11,0.747468009,26.36729994
Trp73,0.747353566,9.556706966
Ttc39d,0.747303644,4.951065055
Slco1a5,0.7470396,1.611974669
Gm13497,0.746637774,2.07253886
Ccdc148,0.744366212,43.69602763
1300017J02Rik,0.743051595,12.60794473
Gm26777,0.742717651,8.232584917
D130043K22Rik,0.742021879,12.72308578
Kif19a,0.741996532,9.096142775
Cib4,0.741366108,1.266551526
Rps2-ps6,0.740814222,0.402993667
Gm17202,0.74065855,4.490500864
Pbx4,0.740490592,19.57397812
Rph3al,0.740135425,11.11111111
Gm11770,0.739510489,0.805987334
Xylb,0.73940987,3.914795625
Lrrc56,0.738621327,5.066206102
Lrrc51,0.737826305,23.54634427
Gm15857,0.737590291,0.287852619
Gm595,0.737379429,0.230282096
Dusp14,0.737103316,2.533103051
Stk36,0.73709179,11.05354059
Ttll13,0.737005553,4.260218768
Efcab12,0.736602648,9.556706966
Gm14505,0.736259272,1.093839954
Gm12474,0.735610768,1.151410478
Gm42791,0.735195945,2.533103051
Wdr31,0.734335422,8.232584917
Gm16006,0.734233057,0.978698906
Npnt,0.734086003,6.678180771
Lca5,0.734009452,21.07081174
BC021891,0.733839364,0.748416811
Ccdc173,0.73332284,23.25849165
Gm26908,0.732236887,21.24352332
1700003E16Rik,0.732185916,5.066206102
Rarres2,0.731845512,28.55497985
Gm16630,0.731748019,1.093839954
Gtf2a1l,0.731633784,0.805987334
Ulk4,0.730365964,39.43580887
Gm26685,0.730118336,0.575705239
Mycbpap,0.730022276,17.55900979
Nr4a3,0.729967621,2.993667242
Gramd1c,0.72936835,8.750719632
Efcab1,0.729317074,7.196315486
Gm42951,0.729186485,0.518134715
Glb1l3,0.729006104,0.863557858
Gm37381,0.728817,1.03626943
Ccdc3,0.728718068,9.61427749
Crocc,0.728612775,22.33736327
Bace2,0.727640523,14.96833621
Gnaz,0.727605346,14.85319516
Gm43902,0.726150303,1.208981002
Ephx4,0.726117939,5.526770294
Dyrk3,0.725281123,3.166378814
Agbl2,0.725254434,6.5054692
Dnal1,0.725118713,32.87276914
Saxo2,0.724277061,8.462867012
Morn1,0.723938349,25.61888313
Fbxo15,0.723921373,0.863557858
Gm11099,0.72355895,16.17731721
Crygn,0.723044671,2.878526195
E530001K10Rik,0.722561813,5.526770294
Lmntd1,0.722325771,27.63385147
Nin,0.722245454,23.71905584
Cfap74,0.7220598,36.154289
Gm6999,0.720884066,3.166378814
Katnal2,0.720810233,23.71905584
K230010J24Rik,0.720766437,8.865860679
Treml1,0.720704893,1.151410478
Ttc12,0.720141495,15.54404145
Serinc2,0.719358973,1.727115717
Fam227a,0.719321201,16.06217617
Lca5l,0.718912967,14.16234888
Gm30332,0.717732777,0.402993667
Mfsd6l,0.716752022,0.287852619
Styxl1,0.716447795,7.656879678
Sp9,0.716120222,0.863557858
Ankrd45,0.71584925,13.0109384
Ttll9,0.714715328,12.89579735
Xrra1,0.714285995,2.187679908
Smkr-ps,0.71414415,6.908462867
Gm13830,0.712560432,23.3736327
A830011K09Rik,0.711843913,0.863557858
Lrriq3,0.711569592,5.526770294
Lrrc10b,0.711289102,1.669545193
Defb23,0.709138292,1.03626943
4933407L21Rik,0.708544288,3.972366149
Bdkrb1,0.708538425,0.805987334
4930444P10Rik,0.707072765,3.223949338
Ankrd42,0.706811127,14.96833621
1700013F07Rik,0.7055172,7.311456534
Kif24,0.704057924,16.75302245
BC106179,0.703878113,0.863557858
Agbl3,0.702891092,29.6488198
Scml4,0.702676508,9.096142775
Vit,0.702442731,24.75532527
Ccdc158,0.701981051,2.475532527
Lpar3,0.701794864,3.914795625
Lrrc52,0.700909022,0.345423143
Gm15675,0.700353239,3.223949338
Lama3,0.699911806,6.275187104
Morn5,0.698174896,3.511801957
Cep128,0.697944415,23.94933794
Epb41l4a,0.696504794,17.27115717
Chil5,0.696465493,1.957397812
Cfap46,0.696345231,46.34427173
4933406C10Rik,0.696143959,8.520437536
Kcnn3,0.69603708,22.56764537
Aoc1,0.695902376,0.460564191
4921523L03Rik,0.695288488,0.575705239
Agbl4,0.694851705,87.04663212
5530401A14Rik,0.694715427,2.475532527
3110083C13Rik,0.692835342,3.511801957
4921506M07Rik,0.69154048,2.014968336
Ttll3,0.691188657,40.35693725
Gm973,0.690082187,52.27403569
Hdc,0.689190627,3.454231434
Sec14l4,0.688364783,0.921128382
Synpo2,0.688133665,21.87679908
Tm4sf1,0.688131601,27.28842832
Lin7a,0.687884029,23.71905584
Ccdc138,0.687719046,22.85549799
1700016G14Rik,0.68708171,1.093839954
Tmem107,0.686593359,15.14104778
Fbxo16,0.685773762,7.023603915
Spef1,0.685634386,3.799654577
Tsga10,0.685382445,31.43350604
1700026L06Rik,0.68458915,2.014968336
Wdr60,0.684479515,24.52504318
Scube3,0.683814331,2.993667242
Gm16555,0.682599869,0.575705239
4921536K21Rik,0.681444841,0.748416811
Slc28a3,0.680283472,1.842256765
Ccpg1os,0.679937464,7.196315486
Rnf138rt1,0.679698818,1.151410478
Elmod1,0.679569983,32.2970639
Gm43003,0.67883312,0.518134715
Gramd2,0.678832941,2.130109384
Sft2d1,0.678823991,35.46344272
Dyx1c1Ccpg1,0.678206125,6.044905009
Oxgr1,0.678051052,1.093839954
Pcsk4,0.677543348,3.223949338
Slc24a4,0.677214301,6.735751295
Dnah7b,0.677178417,43.98388025
Gm29296,0.676732785,0.921128382
Dydc2,0.675667598,3.684513529
Gm5432,0.675664827,5.18134715
Adam5,0.675476611,3.569372481
Gm15728,0.67542108,2.648244099
Clca3a1,0.67532463,1.093839954
Erich3,0.675090516,14.04720783
Gm10138,0.673981809,4.029936672
Gm12326,0.673224716,16.52274036
Spa17,0.673077009,6.966033391
Stox1,0.672094281,5.641911341
Rabl2,0.670975942,15.60161197
Fbxw10,0.670415639,6.620610248
Sntg2,0.668838695,6.620610248
Osbpl3,0.66866579,12.20495107
C130083M11Rik,0.666665007,0.402993667
Cerkl,0.666513431,5.699481865
Gm42884,0.664706804,1.439263097
Dusp18,0.664518246,4.951065055
Nphp4,0.664178982,8.865860679
Ttc9,0.663292073,7.023603915
4930458D05Rik,0.663139608,1.899827288
Sctr,0.663114571,9.556706966
Myo7a,0.662301312,6.620610248
Mctp2,0.662247861,3.051237766
Cdkl1,0.662224858,4.202648244
Cd55,0.661432368,6.5054692
Lyg2,0.661130151,0.633275763
Myocd,0.661092912,1.496833621
Rnf32,0.660208807,15.31375936
Ccdc13,0.659810506,8.347725964
Taco1os,0.659077904,4.893494531
Gm13703,0.65844822,1.842256765
RP23-133N24.2,0.656910208,5.757052389
Mia,0.656891843,0.633275763
Lgals3,0.656803963,1.842256765
Syne1,0.656437535,77.60506621
Ift88,0.656325073,27.74899252
Aebp1,0.655097302,19.45883708
Acbd7,0.654957487,0.633275763
Cep83,0.654922528,26.82786413
Glis3,0.654379876,57.1099597
D830044I16Rik,0.65420559,1.727115717
Thg1l,0.653699651,2.648244099
Gm10941,0.653533496,1.842256765
Fbxo36,0.652978808,20.7253886
Prtn3,0.652869833,4.375359816
Nipal2,0.652547686,16.75302245
Tsku,0.652326035,2.993667242
Rpgrip1l,0.652011794,14.33506045
Galk2,0.651522889,25.10074842
Barx2,0.650927853,6.5054692
Nudt4,0.650895943,20.26482441
Ccdc171,0.650593931,23.54634427
Anxa11,0.65044782,7.656879678
Vmn2r44,0.649810256,0.575705239
9230110C19Rik,0.647520286,9.499136442
Ascc1,0.647493381,16.75302245
Tsix,0.646280967,0.921128382
Gm17455,0.644788139,2.533103051
Odf2l,0.64439874,17.0984456
Hs3st6,0.644117017,0.805987334
Wnt11,0.643406698,0.518134715
Gm1818,0.642769757,0.345423143
Slc43a3,0.642740734,1.554404145
Rpgr,0.642492714,16.29245826
5430427M07Rik,0.642439083,1.784686241
Gm2087,0.64212841,15.60161197
Iqch,0.642127984,9.61427749
Ttc26,0.640971886,12.60794473
1810010H24Rik,0.638819888,2.705814623
Gm20662,0.638811778,0.460564191
1700010K24Rik,0.638762243,7.829591249
Ccdc74a,0.638215522,4.490500864
Rd3,0.637994422,1.266551526
4930429D17Rik,0.637694095,0.863557858
Fstl4,0.637278971,14.27748993
Gm10643,0.636508958,1.093839954
Kcnmb1,0.635849272,1.727115717
Col5a3,0.635827094,9.786989062
Nrg4,0.634919411,2.936096718
Gm11508,0.634525891,8.347725964
Gm43938,0.633988556,11.68681635
Baiap2,0.633663265,16.06217617
Cdh7,0.633291102,11.85952792
Fam183b,0.632791074,5.987334485
Gm15689,0.631474265,0.690846287
1700026J14Rik,0.631047895,0.633275763
Thbs3,0.630627416,14.96833621
Gm11190,0.630203617,0.345423143
Ccdc57,0.63004928,24.52504318
Klhl31,0.629921726,0.460564191
4933405D12Rik,0.629746159,2.763385147
D630039A03Rik,0.628960484,1.381692573
Espn,0.628821126,4.087507196
Nnat,0.62800693,78.18077145
Hrk,0.627391429,5.066206102
Ankk1,0.627116371,0.690846287
Ift81,0.62667711,29.07311457
2700033N17Rik,0.626446839,1.554404145
Chek2,0.625897213,7.25388601
Rbm24,0.625866833,3.454231434
1110017D15Rik,0.625743889,10.24755325
Bbof1,0.625599416,18.65284974
Styk1,0.625574905,1.381692573
Speer2,0.625210263,0.460564191
Cep89,0.625005984,15.31375936
Gm28727,0.624754616,6.21761658
Gcnt1,0.623080102,3.166378814
Dcdc2a,0.622640698,18.42256765
Gm44276,0.622603822,0.460564191
Mdm1,0.622326588,5.238917674
1500015O10Rik,0.622265823,8.29015544
Spata24,0.621794883,9.556706966
4930405D11Rik,0.620931192,3.281519862
Dnajc6,0.620922677,40.06908463
Vmn2r43,0.620784051,0.345423143
Ddo,0.620210865,18.65284974
Casz1,0.61987214,4.260218768
Intu,0.619371167,7.944732297
Dmc1,0.61866756,3.281519862
Efcab2,0.61852215,17.55900979
Ky,0.6183714,6.390328152
Atp8b5,0.617794009,5.699481865
Dalrd3,0.617493514,30.33966609
Gm44368,0.617424669,0.575705239
Bmp8a,0.617239853,0.633275763
Gm28694,0.617165257,0.633275763
Cyp4v3,0.616871853,8.29015544
Tceal3,0.615750671,14.27748993
Krt8,0.614927344,0.460564191
Col26a1,0.614890678,7.426597582
1700041G16Rik,0.61388174,3.569372481
Ift74,0.612444166,21.30109384
Gm5087,0.611825232,3.972366149
Rab36,0.610603074,17.90443293
Gm9725,0.609743102,3.684513529
Ccdc191,0.609619053,32.81519862
Efcab10,0.608736105,2.533103051
Wdr95,0.608057411,2.705814623
Agr3,0.608048027,0.748416811
Rsph3b,0.607328778,6.850892343
Map3k19,0.607271191,20.66781808
Pik3c2g,0.607231186,1.03626943
Acss3,0.606994959,31.0880829
Sec24d,0.60609609,20.49510651
Plekha7,0.605518811,19.05584341
Tmem45b,0.605480503,1.03626943
Lmo3,0.605135127,8.175014393
Tmem67,0.604999181,10.65054692
Fgf7,0.604406981,0.921128382
2210408I21Rik,0.604210278,48.30166955
1700029J07Rik,0.603816921,9.729418538
Clec3b,0.603707766,6.908462867
Tbc1d32,0.60285875,21.24352332
Trp53bp2,0.602273039,17.04087507
Gm26671,0.602159284,3.511801957
Tmem108,0.602138812,46.68969488
Gm4876,0.601105883,43.63845711
Vmn2r31,0.600773011,0.287852619
Gtsf1l,0.600543219,0.287852619
Fam188b,0.600336124,10.82325849
Gm12027,0.600157871,0.978698906
Pth2r,0.598285262,1.03626943
Klhl41,0.598222522,1.093839954
Srl,0.598163344,6.5054692
Trpc6,0.597588463,2.07253886
Spag6l,0.59676318,39.66609096
Itga2b,0.594513509,5.584340818
Proser3,0.594463074,5.641911341
Calb1,0.594267265,9.32642487
1700020G17Rik,0.593008397,1.208981002
Oscp1,0.592269142,17.55900979
P2rx6,0.59197454,9.786989062
Slf1,0.59194121,29.36096718
Rwdd3,0.590951681,6.332757628
Lbp,0.590883771,3.972366149
Gpr35,0.589702558,2.130109384
4930402F06Rik,0.589102705,0.230282096
2610301B20Rik,0.588538841,11.91709845
Zbed5,0.587980425,2.302820956
Vmn1r4,0.587906477,1.208981002
BB365896,0.587566994,0.690846287
Tbc1d31,0.586749993,11.22625216
Grk4,0.586448356,23.02820956
4930578M01Rik,0.586324408,4.720782959
Cnksr2,0.586212682,14.96833621
Wwc1,0.58482758,27.74899252
Wdr35,0.584319445,15.25618883
D430041D05Rik,0.583868414,15.94703512
BC021785,0.583542885,0.230282096
Pdlim3,0.583275264,1.32412205
Zfand4,0.583246538,8.405296488
B530045E10Rik,0.582624187,1.266551526
Acr,0.582438233,1.266551526
9330179D12Rik,0.582010805,3.914795625
Efhc2,0.581995466,6.044905009
Ttc8,0.580505522,37.53598158
Kctd1,0.580285169,19.80426022
Esrrg,0.579831442,42.08405296
Gm11734,0.579650534,1.381692573
Prrt1,0.578104721,17.67415083
Cep290,0.578065307,18.0771445
Tchh,0.577144376,1.32412205
Sco2,0.576322048,6.908462867
Rasgrp1,0.576094871,2.245250432
Adck4,0.576078733,20.03454231
Gm5103,0.575797516,0.230282096
Gm29508,0.575473367,1.784686241
D8Ertd82e,0.575276362,19.57397812
Dync2h1,0.575000326,34.19689119
Rfx3,0.574666178,59.35521013
Cd59b,0.574016919,4.663212435
4930509E16Rik,0.574014673,0.460564191
Gm15541,0.573197317,0.805987334
Anxa1,0.572788955,2.130109384
Ptgr1,0.571861459,0.748416811
Gabre,0.571530552,0.978698906
Gm16230,0.571012193,4.951065055
Hoxb13,0.570500714,0.230282096
Gm26626,0.569431634,0.172711572
Steap1,0.569385539,0.805987334
Apobec4,0.568146857,6.5054692
Cxcr4,0.567394257,1.554404145
Prm3,0.566003386,0.172711572
Tex9,0.565736056,13.75935521
Fhod3,0.565085313,12.95336788
Mfsd7b,0.564114714,13.41393207
Rhpn1,0.562905718,3.223949338
Fam161a,0.562679896,4.720782959
Cep41,0.562243383,3.799654577
2810029C07Rik,0.562095864,3.454231434
Mat1a,0.561679023,0.172711572
Fat2,0.561397646,0.805987334
Megf6,0.561233302,5.354058722
Pitpnm3,0.561103969,7.944732297
Med9os,0.560340105,0.978698906
Gm11513,0.559691939,0.172711572
Ildr1,0.559659109,0.748416811
Lrrc19,0.559386212,11.16868164
Htr5b,0.559187071,1.03626943
Mipep,0.558811854,9.556706966
Krt18,0.558426043,0.518134715
Wdr19,0.557794931,8.981001727
4930550C14Rik,0.557249995,2.245250432
Ccdc64,0.556908231,8.405296488
Tacc2,0.556695319,16.81059298
Cd27,0.555355903,31.60621762
9530026P05Rik,0.555231654,58.89464594
Pawr,0.555192421,13.87449626
Ccdc189,0.554777893,3.223949338
T,0.554544467,0.172711572
Pacrg,0.553907864,58.66436385
Fam229b,0.551460258,14.56534254
Mettl21c,0.550640634,0.460564191
Eda2r,0.550301732,2.936096718
A830018L16Rik,0.550224245,10.93839954
Psmc3ip,0.549504411,1.842256765
Sorbs2os,0.549425708,10.01727116
Cutal,0.548684903,1.554404145
Tango6,0.548044488,12.89579735
St8sia2,0.547967052,5.699481865
Ccdc88c,0.547951723,11.97466897
Crip3,0.546846097,1.266551526
Ift80,0.546131757,10.88082902
Ccdc160,0.546074126,3.10880829
Atp2b4,0.545156406,15.37132988
Gm11767,0.544058137,0.518134715
Gm28989,0.543516705,0.690846287
Clcn4,0.543023136,19.05584341
Gm15886,0.541367071,6.390328152
Nek1,0.540671272,29.07311457
6430584L05Rik,0.540391171,0.518134715
Frem2,0.540250401,6.275187104
Cdc14a,0.540162074,18.71042026
P4ha3,0.540094932,3.626943005
Adam3,0.539657352,0.575705239
Edar,0.539349977,0.575705239
Rsph3a,0.539301193,5.526770294
Gm16853,0.539165099,1.32412205
1110032A03Rik,0.538321885,14.56534254
Cntnap5c,0.538026921,10.70811744
Wfdc3,0.536519594,0.748416811
Ttc30b,0.536419945,2.936096718
Cphx3,0.535412622,4.951065055
Flnc,0.535218864,4.087507196
Hipk1,0.535008388,22.91306851
Cds1,0.534615578,8.57800806
Cetn4,0.534583518,5.238917674
Mpl,0.533725141,3.857225101
Fam126a,0.533335431,19.86183074
Ezr,0.532792129,7.426597582
Gm15726,0.532748787,1.208981002
Tbx4,0.532584611,0.287852619
Nck2,0.531702723,22.39493379
Bbs7,0.531582965,12.60794473
4930432B10Rik,0.531209589,5.411629246
RP23-89C10.5,0.531202314,3.051237766
Casd1,0.530541143,20.03454231
Gm6288,0.530352948,0.748416811
Sncaip,0.530321451,20.14968336
4732463B04Rik,0.529931922,2.014968336
Gcnt2,0.529715833,15.4289004
Dzip1l,0.529514176,6.793321819
RP23-85B15.7,0.52946166,0.978698906
Kctd8,0.529337462,27.51871042
Klb,0.528568826,1.554404145
Arvcf,0.52749237,14.62291307
Hsph1,0.52734383,19.91940127
Ccdc34,0.526144662,9.844559585
Bbs1,0.525668459,3.626943005
D430042O09Rik,0.52549964,19.97697179
Jazf1,0.525307227,15.94703512
Kcnc2,0.524652216,25.90673575
Trim68,0.524473271,3.914795625
Zc2hc1c,0.52426199,0.921128382
Axdnd1,0.523920565,2.245250432
Aqp1,0.523493364,0.460564191
Baz1a,0.522236658,6.793321819
BC026585,0.52203627,8.059873345
Mzf1,0.52109677,4.202648244
Wdpcp,0.520302515,28.78526195
Efcab7,0.519665371,7.484168106
Gm10549,0.519627739,0.460564191
1700082M22Rik,0.519289222,0.633275763
Ift122,0.519028476,17.04087507
Dnaaf5,0.518039439,5.123776626
Tmem194,0.517735674,6.735751295
Rgs11,0.517552457,8.57800806
Fam221a,0.517029293,1.093839954
Csmd1,0.516148301,82.67127231
Fbxw9,0.515356222,6.563039724
Ankrd44,0.514362761,30.80023028
Slc14a1,0.514108586,5.987334485
Mtus2,0.513677746,11.74438687
Coq4,0.512238843,6.044905009
Rapgef3os2,0.512155787,1.03626943
Bphl,0.511781111,11.5716753
Chchd6,0.511761109,16.40759931
Bank1,0.511142403,5.757052389
Mro,0.510773852,21.18595279
Otud3,0.510384208,1.381692573
Dzank1,0.509819208,19.40126655
Gad1os,0.509789962,0.748416811
Reln,0.509704139,27.69142199
Gm28154,0.509476759,0.748416811
Spata6,0.508569903,14.85319516
Armc9,0.507947465,17.61658031
Gm30524,0.507635639,1.266551526
Xist,0.507556118,0.978698906
Rnase4,0.50740619,4.490500864
Tenm3,0.50723092,38.91767415
Dnaja4,0.506825235,4.835924007
Neurl2,0.506366863,1.957397812
Cdk6,0.506172578,9.211283823
Pcnxl4,0.505980141,11.11111111
Gm17359,0.505747008,15.88946459
Plekha2,0.505687909,11.97466897
Gclc,0.505663054,15.60161197
Trim37,0.505035419,22.91306851
Ppl,0.50434474,0.690846287
Gm16503,0.503938429,1.899827288
Mthfd1l,0.503865526,12.7806563
Cacna1d,0.503400338,28.38226828
C2cd3,0.503378083,21.47380541
Gfod2,0.503268205,16.8681635
Hirip3,0.503196003,4.778353483
Pltp,0.503020112,30.28209557
Csrnp3,0.50275495,25.96430628
Mybl2,0.502744853,1.381692573
Cspp1,0.502742788,42.48704663
Gnal,0.502624376,12.83822683
Gm35911,0.501074949,0.690846287
Slc38a1,0.500830539,38.8025331
Anapc1,0.500190035,22.62521589
Rsph9,0.499839108,8.462867012
Dcdc2b,0.499648558,5.526770294
4930444A19Rik,0.498653856,7.426597582
Arhgap18,0.498194166,19.74668969
Gm15564,0.497881194,1.899827288
Sag,0.496275813,2.130109384
9530077C05Rik,0.496062066,7.484168106
Hspa4l,0.495944175,21.76165803
Stk3,0.495228165,31.66378814
Arl13b,0.495193923,13.75935521
G630016G05Rik,0.494250904,5.641911341
Fndc1,0.494245849,2.648244099
Atxn1,0.493863186,68.04835924
Fzd3,0.493425797,16.52274036
Adamts16,0.493303076,5.757052389
Zc3h6,0.493019242,15.19861831
Pkp2,0.492914446,1.611974669
Il6ra,0.492884562,10.65054692
Eef2k,0.492346021,17.78929188
C230037L18Rik,0.492023199,7.656879678
Scai,0.491332452,27.40356937
4931429P17Rik,0.491064738,0.863557858
Enkd1,0.490634413,2.936096718
Sdccag8,0.490092825,29.13068509
Gm14964,0.489587287,24.87046632
Man1a,0.489156903,21.18595279
Ikbke,0.489079544,3.39666091
Wdr34,0.488608443,11.28382268
Agbl5,0.487924656,5.699481865
Lmln,0.487005557,9.32642487
Gm20618,0.486697967,0.633275763
Ccdc80,0.486639086,9.038572251
Tmem116,0.486500508,5.699481865
Ttc28,0.486361421,47.55325273
Wdr73,0.485725861,10.18998273
Bbs5,0.484477987,9.902130109
RP23-205F19.4,0.484459572,0.978698906
Fam81a,0.483980164,4.835924007
Trappc8,0.483803968,22.91306851
Tmem71,0.483618109,1.496833621
Mxra8,0.483512959,6.735751295
Acox2,0.483323432,0.805987334
Gm28411,0.483118165,5.757052389
Rasa4,0.482514369,7.714450201
A330033J07Rik,0.482335652,13.58664364
Tmem219,0.481032325,12.60794473
Wnt4,0.480204098,5.008635579
Fgfr1op,0.480187907,6.908462867
Unc13d,0.479959072,1.669545193
Lyrm1,0.479507427,10.65054692
A830010M20Rik,0.479035879,1.151410478
Tub,0.478991716,8.923431203
Lrmp,0.478866093,1.03626943
Ankrd6,0.477577913,19.34369603
BC051142,0.476884992,4.951065055
Lrrc45,0.476498607,13.58664364
Fam186a,0.475743825,2.130109384
Fam161b,0.475412985,3.626943005
4930452B06Rik,0.474763745,2.187679908
Mroh8,0.474735322,1.669545193
Malrd1,0.474611613,4.375359816
1700105P06Rik,0.474391934,1.03626943
Gm17276,0.474209147,9.096142775
Klhl3,0.474118705,7.25388601
1810062G17Rik,0.473665578,1.093839954
Cers6,0.473527614,13.87449626
Gm44206,0.473124368,3.166378814
Rasef,0.472908239,0.805987334
Klhdc9,0.47271784,2.302820956
Nme7,0.472196695,9.441565918
Elof1,0.471699408,9.902130109
Mob3b,0.471585545,40.81750144
Gm4890,0.471550738,2.993667242
Stxbp4,0.471315107,21.81922855
Sumo1,0.471056639,43.58088659
Bicc1,0.470680303,28.95797352
Rnf150,0.470353887,13.35636154
Arhgap6,0.46978231,25.73402418
Kcnmb2,0.468816202,7.023603915
RP24-120F8.4,0.468310604,6.793321819
Slc35d1,0.46819349,15.77432355
Rnf144b,0.467792223,10.3626943
Ccdc157,0.467751777,8.117443869
Zdhhc1,0.467598269,13.58664364
Mcm6,0.46642858,3.051237766
Pax6os1,0.466194938,1.611974669
Cdk17,0.465858069,26.30972942
Rbpms,0.465559959,19.5164076
Lztfl1,0.465357632,14.33506045
Pcp4l1,0.464772565,15.54404145
Syngap1,0.464667146,4.720782959
Cacnb2,0.464348532,56.64939551
Kif26b,0.464008618,14.4502015
Stpg2,0.461953733,4.778353483
Gm26805,0.46166093,0.921128382
1700034H15Rik,0.461521035,0.921128382
Eda,0.461237744,15.83189407
Cdh12,0.461212373,13.75935521
Plekha5,0.460623303,35.29073115
Sobp,0.4605909,36.84513529
4930505A04Rik,0.460342279,1.669545193
Tmem53,0.460336008,7.599309154
Plxnb2,0.460088265,8.405296488
Igsf3,0.459195235,7.369027058
Rps6ka2,0.458196813,13.52907311
Ctxn1,0.457388234,5.066206102
2610044O15Rik8,0.456700865,6.275187104
Gpc4,0.456384738,6.332757628
Rnf114,0.456297073,13.18364997
Cep164,0.456290951,12.66551526
Oaz3,0.456052093,1.208981002
Pbld2,0.455971435,4.720782959
Mettl20,0.455671559,6.044905009
Gm26534,0.455652021,3.223949338
Dynlt1c,0.454823626,4.087507196
Uchl1os,0.454656154,2.130109384
Batf3,0.454651435,1.381692573
Galc,0.454481007,10.42026482
Cdkl2,0.453619346,5.757052389
Adam22,0.453558325,28.72769142
Cldn2,0.453181942,0.287852619
Zfp704,0.453041775,23.71905584
Cdk20,0.45287668,3.569372481
Cmss1,0.451785416,13.12607945
Strbp,0.451548478,69.77547496
9030617O03Rik,0.450383747,7.023603915
Slc25a21,0.450163455,14.04720783
Inpp5k,0.449921475,13.58664364
Crnde,0.449467703,4.490500864
Ttll4,0.449430061,12.43523316
Synpr,0.449338436,13.70178469
Pyroxd2,0.448576367,1.784686241
Cd80,0.448139607,1.957397812
Spata7,0.447822326,19.80426022
Col23a1,0.447394619,11.51410478
Sclt1,0.446930981,26.0218768
4732414G09Rik,0.446329599,1.439263097
Fsd1l,0.445957837,11.51410478
Zfp772,0.445871861,2.302820956
Cfap20,0.445708415,16.29245826
Dmd,0.445548956,83.30454807
Bbs12,0.444822778,3.914795625
Cachd1,0.44452048,30.97294185
Ccdc190,0.444441873,13.93206678
Itgb3bp,0.444434126,22.68278641
1700037C18Rik,0.444114485,3.223949338
1700003F12Rik,0.444033533,1.439263097
Azin2,0.443766579,7.023603915
Ift140,0.443712528,10.76568797
Sema3e,0.443660716,15.94703512
Hist1h4h,0.443599088,2.07253886
Pard6b,0.443443437,0.805987334
Bbc3,0.442891323,2.475532527
Dner,0.442594362,26.42487047
Pask,0.442114797,2.302820956
Lmod1,0.441797383,1.957397812
Irs1,0.441536354,14.62291307
Tmem138,0.441503771,7.599309154
Eea1,0.441359166,18.82556131
Ccbe1,0.44040229,8.635578584
Palm2,0.439937915,24.87046632
Gm42649,0.439839903,2.130109384
RP24-445D7.2,0.439828213,3.10880829
Vmn2r113,0.43961777,0.345423143
Esyt2,0.438944794,25.7915947
Spice1,0.438803351,5.814622913
Iffo2,0.438254549,2.187679908
D3Ertd751e,0.437970342,22.51007484
Cchcr1,0.437573525,2.878526195
Nxpe4,0.437365824,11.8019574
Fam185a,0.43612252,4.778353483
Cep162,0.436119976,9.729418538
Ccdc17,0.43575815,1.957397812
Gabrg3,0.435730156,33.90903857
Tctn1,0.435579676,4.778353483
Arsj,0.435323457,2.648244099
Hspa2,0.435270458,4.778353483
Wdyhv1,0.435245597,7.944732297
Bdh2,0.43447527,4.778353483
Cadps2,0.43425117,13.29879102
Sgsm1,0.433607459,10.82325849
Tpte,0.433081173,1.496833621
Stard6,0.433054752,3.569372481
Zbtb7c,0.432706327,12.08981002
Gm26981,0.432322099,5.354058722
Spag1,0.432196977,6.563039724
Ralgps2,0.431783918,17.32872769
Mapkbp1,0.431716518,9.729418538
Cntrl,0.4315632,10.24755325
Pygl,0.431366255,2.763385147
Etfa,0.431351112,24.98560737
Sox5os4,0.430889213,12.7806563
Gm12353,0.43048034,14.39263097
Wrn,0.429992215,14.79562464
1110004E09Rik,0.42947914,4.778353483
St8sia1,0.429187729,7.196315486
1700112D23Rik,0.428722212,3.569372481
Prelp,0.427417132,7.772020725
Tmem231,0.42740489,3.339090386
Nxn,0.426057545,38.8025331
Shisa6,0.426038774,11.34139321
Gm28501,0.425872706,3.166378814
A430073D23Rik,0.424992768,6.332757628
Nubpl,0.424867233,8.750719632
Tctn3,0.424449532,4.202648244
Catsperg1,0.424424021,1.957397812
Sycp3,0.423964909,29.82153138
Ppm1e,0.423945184,31.72135866
Rnf152,0.423899465,6.966033391
Zc2hc1a,0.423497223,15.25618883
Gm10419,0.42342206,4.317789292
Gm26632,0.423362385,3.051237766
Otof,0.423321539,2.07253886
Pou6f1,0.423202281,15.14104778
Gm2716,0.423141267,0.460564191
Cdkl3,0.422472979,13.2412205
St3gal2,0.42228355,9.902130109
Hist1h2be,0.422061092,12.14738054
Gm28905,0.421409504,4.663212435
Spats2l,0.42135209,13.0109384
Ap3m2,0.42057079,7.023603915
Gm17259,0.420294374,2.820955671
Casq2,0.420277267,2.878526195
Fbxl2,0.419475864,14.2199194
Tmem17,0.419472378,4.663212435
Ptprn2,0.419389675,20.9556707
Nrbp2,0.419331652,26.71272309
Ankrd29,0.418196782,4.778353483
Ccdc181,0.417996618,3.10880829
Hoga1,0.417928311,4.087507196
Pdgfa,0.41789294,9.499136442
Pqlc1,0.417747193,4.087507196
Scn7a,0.417541133,2.302820956
Epb41l4b,0.417097951,12.32009211
Wwox,0.416971301,63.32757628
Prtg,0.416896476,11.68681635
Wdr62,0.416731091,2.763385147
Fmn2,0.416579481,50.6044905
Nphp1,0.416355542,6.793321819
Antxr2,0.416219166,5.757052389
Klhl32,0.416202971,21.81922855
Cd24a,0.416160417,6.908462867
Tmem47,0.415193187,24.29476108
Srsf10,0.41515504,18.19228555
Mttp,0.41511325,14.33506045
Gm32950,0.414654352,2.130109384
Scn3b,0.414367447,5.354058722
Ttl,0.414147519,7.25388601
Pycrl,0.413711393,5.46919977
St3gal6,0.413489906,23.1433506
D630036H23Rik,0.413327658,0.575705239
Pde6d,0.412932919,11.28382268
Wwtr1,0.412887199,22.85549799
Thap3,0.412735683,33.90903857
Cmtm4,0.41244529,9.729418538
Hs6st3,0.412208782,17.84686241
Pamr1,0.411970556,6.160046056
5430403G16Rik,0.411743525,5.757052389
Rdh10,0.411492376,5.238917674
9430060I03Rik,0.411050266,3.569372481
Swt1,0.410962606,20.49510651
Cep112,0.410760375,19.34369603
Ophn1,0.410447438,34.88773748
Lrp2bp,0.41009925,1.899827288
Gm42567,0.409950894,1.727115717
Nfatc2,0.409672429,7.138744963
Eva1c,0.409099262,4.893494531
Tjp3,0.409006112,0.633275763
4430402I18Rik,0.408787309,17.44386874
Sorbs2,0.4083539,42.42947611
Poli,0.40813215,2.36039148
Nxpe2,0.408076188,9.383995394
Gm15402,0.407511151,0.633275763
Ccser1,0.407404617,53.13759355
Pgbd1,0.407357635,2.187679908
Esr1,0.407214523,11.11111111
Polk,0.406821434,13.58664364
Bloc1s6os,0.406623828,2.590673575
Dnajc15,0.405503017,11.11111111
Arhgap39,0.40542319,27.74899252
Lmo4,0.404924144,13.64421416
Gm4128,0.404280444,2.36039148
Gstz1,0.404210941,13.58664364
Arhgdib,0.403339905,3.454231434
Rhbdl3,0.403063921,9.671848014
Gm11128,0.402978307,2.417962003
Epb41l5,0.402938004,13.64421416
Svil,0.402932746,22.79792746
Lrrc17,0.402743457,2.302820956
4930568G15Rik,0.40257783,0.345423143
Cfap36,0.402065195,16.17731721
RP23-466P2.3,0.402052703,2.36039148
Gas6,0.401410525,14.85319516
Clnk,0.401408793,1.727115717
D630045J12Rik,0.401342398,11.05354059
B230303O12Rik,0.4001612,2.014968336
Amotl2,0.399710427,5.814622913
Gm26670,0.399554216,1.957397812
Slc37a1,0.398976882,2.763385147
Ift172,0.398962597,8.808290155
Ift46,0.39840565,8.57800806
Plppr4,0.398311011,7.196315486
Dus2,0.397963238,9.441565918
Fam71e1,0.397438344,3.223949338
Nmb,0.397359987,2.475532527
Ttll5,0.397280059,26.59758204
Lix1,0.397065977,6.850892343
Mapk10,0.39692421,48.35924007
Fam210b,0.396525977,4.087507196
Npl,0.396337898,3.742084053
Bbs9,0.396336035,25.33103051
Cc2d2a,0.39625242,13.0109384
Ccdc15,0.395940086,7.25388601
Tnfrsf23,0.39590154,1.093839954
Slc44a3,0.395740209,1.496833621
4932438H23Rik,0.395687463,3.972366149
Gm15635,0.395369987,0.805987334
Pdlim4,0.395315713,5.354058722
Cnnm1,0.395275396,3.857225101
Shank3,0.395030896,5.584340818
Ap4m1,0.394506644,5.584340818
Mpdz,0.394352637,16.46516983
4930451G09Rik,0.39396841,2.302820956
RP23-335G1.1,0.39389274,1.669545193
4930512B01Rik,0.393610579,2.417962003
Gm42997,0.392581913,2.130109384
Ift57,0.392297431,6.793321819
Naaa,0.391960292,7.369027058
Gemin8,0.391955012,6.275187104
Crtc3,0.39148161,19.05584341
Pbxip1,0.391161695,18.94070236
Tmem218,0.390866525,5.296488198
Cenpf,0.390771673,1.093839954
Zfp956,0.390539647,7.196315486
Gm17750,0.390300507,3.742084053
1700001L19Rik,0.390217674,1.842256765
Vwc2l,0.390101026,5.123776626
Hsbp1l1,0.389857084,0.805987334
Mks1,0.389737006,6.447898676
Npcd,0.389717605,2.130109384
Hap1,0.389560109,16.06217617
Capn10,0.389006292,9.153713299
Blcap,0.38849851,11.22625216
Unc13c,0.387722179,31.26079447
Ccdc14,0.387696054,1.899827288
Chpt1,0.387408673,31.89407024
Actn1,0.386959085,7.196315486
Acot1,0.386655412,1.899827288
Fam60a,0.386429455,1.554404145
Apbb2,0.38626248,43.00518135
Plppr3,0.385879201,6.5054692
Morn2,0.385727154,3.857225101
Rassf4,0.385552083,2.705814623
Akap9,0.385459029,24.5826137
Cct6b,0.385119013,1.496833621
Cxadr,0.384952794,4.835924007
Myh3,0.384742066,6.21761658
Wdr25,0.384636153,4.605641911
Zfp946,0.384617341,2.245250432
Gm14230,0.384329947,0.230282096
Fxyd4,0.383514747,2.936096718
4930481A15Rik,0.382890759,3.857225101
Gm27188,0.382582962,1.957397812
Pak6,0.382335675,2.417962003
Tarsl2,0.382260419,4.202648244
L3mbtl4,0.382138858,3.10880829
Sirt3,0.38197285,11.8019574
Kcnip4,0.381854023,53.59815774
Nup153,0.381804654,10.1324122
Rhbdd1,0.381746214,15.94703512
Gm13710,0.381599768,1.32412205
Satb1,0.381475693,8.693149108
Lama5,0.381297415,2.763385147
Atp8b4,0.381280446,1.151410478
Ankrd26,0.380979382,7.656879678
Rad51c,0.380571853,2.763385147
Fhit,0.379533695,39.89637306
Layn,0.379213783,3.339090386
Tctex1d2,0.378954204,4.490500864
Ppp1r13l,0.377440536,0.863557858
Ccdc122,0.376605582,5.526770294
Pim2,0.376539213,4.835924007
P4ha2,0.376251344,4.605641911
Cluap1,0.376083048,6.102475533
Gm9780,0.375868372,0.115141048
Sptan1,0.375515675,25.50374208
Grin2d,0.375273066,1.957397812
Gm43603,0.374782856,3.281519862
Emsy,0.374623472,18.53770869
Sox9,0.374428033,10.01727116
Catsper2,0.374037053,5.987334485
Ccnd2,0.373686135,5.526770294
Anxa2,0.373441835,10.47783535
4931414P19Rik,0.373105983,4.43293034
Kcnma1,0.372530823,40.2417962
Npy2r,0.372299623,2.245250432
Rita1,0.372073924,4.835924007
Xpnpep3,0.371399302,11.16868164
Zfp423,0.371251879,16.00460564
Kif17,0.370977474,2.820955671
Col5a2,0.370146797,6.620610248
Vangl1,0.368918942,10.5929764
Ldlrad2,0.368454514,0.460564191
N4bp2,0.368038495,6.447898676
Kbtbd11,0.367468537,5.526770294
Mpp1,0.36732955,5.18134715
Dph6,0.365743206,9.959700633
Hacl1,0.36568203,8.462867012
Rhobtb1,0.36510347,8.462867012
Ckap5,0.36460918,32.93033967
Lrwd1,0.364475471,3.454231434
Sgms2,0.364275353,7.023603915
Pde1a,0.36410607,15.94703512
Hrasls,0.364053042,1.32412205
Fam111a,0.363859986,2.417962003
Irx5,0.363856873,2.763385147
Lclat1,0.363810814,8.462867012
Kifap3,0.363723631,20.84052965
Rec8,0.363669995,2.014968336
Sox5os2,0.363377732,3.166378814
Mansc4,0.362997125,0.690846287
Dixdc1,0.362938437,15.94703512
Ccbl2,0.362615375,6.21761658
Tasp1,0.362436387,14.2199194
Tuft1,0.362392485,2.417962003
Kiz,0.361882638,22.79792746
Sox6,0.361712651,54.51928613
Gsto2,0.360629545,2.993667242
Zfp462,0.360092249,31.72135866
Lhfpl4,0.360058268,6.966033391
4933434E20Rik,0.359762944,17.61658031
Bzrap1,0.359438189,8.808290155
Ift43,0.359083678,13.52907311
Phtf1,0.358533687,11.39896373
Figf,0.358473305,2.36039148
Oxr1,0.358393044,52.67702936
Mbnl3,0.357837699,0.633275763
Slc38a6,0.357728118,13.41393207
Sh3bgrl2,0.357132086,2.878526195
Iqce,0.356799021,8.059873345
Cd274,0.356613296,1.381692573
Ruvbl2,0.356555421,2.648244099
Tcea3,0.356324149,2.014968336
Bmp6,0.356124009,10.76568797
Neil2,0.356046916,1.266551526
Tox2,0.356016245,6.21761658
Usp37,0.355728403,17.61658031
Gm13594,0.354209748,0.287852619
Lace1,0.354108286,14.16234888
Pir,0.353963365,9.268854347
Slc39a9,0.353461603,10.30512378
Gm3448,0.352944982,9.844559585
Cyb561,0.352877568,5.699481865
Vmn2r29,0.352853102,1.554404145
Ptpru,0.352726744,4.663212435
Itga10,0.351971809,2.993667242
Dhx40,0.351942713,9.441565918
B9d1,0.351920547,3.684513529
Trip4,0.351845515,20.49510651
Bhlhb9,0.351811456,10.07484168
4933427D14Rik,0.351509199,6.275187104
Slc4a8,0.351222238,6.735751295
Kcnq5,0.351205331,21.07081174
Trp53bp1,0.349920565,13.75935521
Traf3ip1,0.349474541,4.835924007
Ccl25,0.348999892,8.981001727
Csrp2,0.348374896,3.626943005
Lpar1,0.348336198,17.61658031
2700046G09Rik,0.346834784,2.475532527
Rccd1,0.346649286,5.584340818
Gas2l1,0.346335149,3.569372481
Cep104,0.34621027,5.641911341
Gm20680,0.346015338,2.878526195
Gm12454,0.345681549,0.287852619
Pard3b,0.345616128,49.22279793
BC025920,0.345568653,2.187679908
Rgl1,0.344989197,16.81059298
Unc93a,0.344722093,0.172711572
Igf2bp2,0.344500262,2.993667242
Kdelr3,0.3443387,0.978698906
Rnd3,0.343030749,5.46919977
Fas,0.342781747,3.742084053
Junos,0.342417432,4.087507196
Gm13561,0.342247106,0.402993667
Ryr2,0.341683763,19.34369603
Rbms1,0.340979928,27.57628094
Bok,0.340952344,4.029936672
Ngef,0.340709148,8.57800806
Ccdc187,0.34060257,0.690846287
Thnsl1,0.340553013,3.454231434
Tmem132b,0.34000173,17.61658031
Kctd15,0.339979926,1.899827288
Cyp4f17,0.339846695,3.626943005
Zfpm2,0.339818095,43.12032239
Akna,0.33971233,1.151410478
Cep95,0.339464944,12.32009211
Gm26721,0.339072254,2.475532527
Rreb1,0.338939502,26.59758204
Kctd16,0.338923522,12.89579735
Recql5,0.338868877,9.096142775
Coq3,0.338812592,10.99597006
Dync2li1,0.338806323,3.10880829
Tigd2,0.338670923,5.411629246
Slc22a4,0.338133214,9.729418538
Zfp185,0.33807107,1.093839954
Dyrk4,0.337279029,0.518134715
Adamts6,0.336949944,16.8681635
Gm14966,0.336592103,8.232584917
Tgfbr3,0.336582938,16.52274036
Slc35f3,0.336440028,2.187679908
Mdm2,0.336163,12.60794473
E130114P18Rik,0.336024917,12.43523316
Elmod3,0.335683979,4.893494531
Rcc2,0.335681455,5.814622913
4932435O22Rik,0.335636657,0.921128382
Shq1,0.335421801,3.972366149
Cdk14,0.335405618,32.58491652
Fam179b,0.335189493,10.65054692
Tmem216,0.334851535,8.808290155
Bcl9,0.334279867,19.40126655
Platr22,0.334225002,1.151410478
Gm16365,0.334184728,4.605641911
Zfp174,0.334157261,2.475532527
Bag2,0.334047612,2.590673575
Stx17,0.33358587,6.678180771
Slc12a8,0.333022134,1.669545193
A930033H14Rik,0.332411835,1.957397812
Upf3b,0.332065356,16.06217617
Pappa2,0.331966945,1.727115717
Smim14,0.331038471,5.987334485
Dbi,0.331023319,37.53598158
Aig1,0.33089293,33.50604491
Ttc23,0.330864272,12.32009211
4933404O12Rik,0.330696239,1.554404145
C030037D09Rik,0.330632752,4.260218768
Acad12,0.330595321,7.25388601
Mt3,0.329649865,31.26079447
Pus7,0.32952376,6.5054692
Prr3,0.329144218,6.620610248
Wars2,0.329035615,11.45653425
Platr15,0.328820024,0.633275763
Bclaf1,0.328795921,27.80656304
Ercc5,0.328226925,5.814622913
Hnrnpll,0.328157396,13.12607945
Impg2,0.328125411,2.07253886
2310030G06Rik,0.327825448,0.633275763
Six4,0.326796846,0.748416811
Taf1a,0.326711827,5.46919977
Naf1,0.32657345,2.993667242
Tom1l1,0.326429447,12.66551526
Dok6,0.326188351,23.89176742
Vamp1,0.326050724,8.981001727
Radil,0.325982817,4.490500864
Mgat5,0.325868681,19.63154865
Plcb3,0.325450609,2.936096718
Mrps6,0.325432284,5.238917674
5430402O13Rik,0.324363032,5.18134715
Ppp1r16a,0.323984814,7.023603915
Fam189a1,0.323673167,9.038572251
Fbxo17,0.323669975,2.417962003
Pcgf2,0.323638628,3.511801957
Kcnrg,0.323436214,17.96200345
Mecomos,0.32284238,0.402993667
Ctsh,0.322815017,6.332757628
Fgd4,0.322699648,20.14968336
Cmtm8,0.321949388,3.684513529
Npas4,0.321715964,0.805987334
Nipal3,0.321451758,7.772020725
Txlnb,0.321317435,1.899827288
Itpkb,0.32131202,30.56994819
Phka2,0.32072332,7.599309154
Slc41a2,0.320710242,4.260218768
2310040G07Rik,0.320300023,5.757052389
Hoxb3,0.320260944,6.332757628
Ppcdc,0.319997891,8.232584917
Dedd2,0.319347391,2.705814623
Smpdl3b,0.318025878,2.302820956
Ccdc102a,0.31799702,0.863557858
Lypla2,0.317891731,6.620610248
Zc3h12b,0.317852305,19.5164076
Phex,0.317680059,1.611974669
Gm12796,0.31753541,0.345423143
Slc2a13,0.317081105,10.82325849
Pcsk2os1,0.316710004,1.611974669
Med31,0.316611408,6.678180771
Ptpro,0.315766591,8.865860679
Cybrd1,0.315548783,1.611974669
Zhx2,0.315083706,13.93206678
Lyrm7,0.31507517,2.763385147
Rit2,0.314980764,20.78295912
Rfx1,0.314884795,3.626943005
Alms1,0.3148291,16.06217617
Zfp617,0.314541085,3.857225101
Fmo5,0.313789145,3.511801957
Airn,0.31371079,10.30512378
Dpy19l3,0.313699803,3.39666091
Scarb1,0.313144176,8.002302821
Dapp1,0.313129652,4.663212435
Tbc1d19,0.313106464,11.85952792
B4galt5,0.312871676,7.484168106
Frem1,0.312864948,6.21761658
Gsr,0.312627277,6.735751295
Synm,0.312552908,4.893494531
Hsf2,0.312336763,8.462867012
Yap1,0.311720051,7.54173863
Mid1,0.311635863,9.153713299
Gmnc,0.311573949,1.266551526
Gtf3c5,0.311247109,3.511801957
Cald1,0.311097674,19.97697179
Gm15441,0.31106498,0.690846287
Nkapl,0.310925605,1.496833621
Egln3,0.3108707,1.554404145
2900009J06Rik,0.310862474,1.842256765
Fitm2,0.310437638,2.878526195
4933408B17Rik,0.310260364,2.705814623
Zfp36l1,0.31007431,14.79562464
Ccdc62,0.309520714,9.61427749
Odf2,0.309462239,21.18595279
Cpne2,0.309160893,7.599309154
Atxn7l1,0.309157897,14.27748993
Sdk2,0.308920218,9.096142775
Ednra,0.308688,4.029936672
Zfp827,0.308650126,11.34139321
Lsm14b,0.308382292,3.569372481
Tusc3,0.308378555,18.94070236
Letm2,0.308261516,15.48647093
BC005624,0.308150122,8.981001727
Smoc2,0.307064038,2.014968336
Mroh5,0.306927605,1.611974669
Rgl2,0.306851933,13.64421416
Tpk1,0.306443946,12.37766264
Sorbs1,0.305745167,37.36327001
Ehbp1l1,0.305728926,3.742084053
Eml5,0.305634299,17.73172136
Duxbl1,0.305268269,1.899827288
Gbas,0.305166175,16.81059298
Ddr1,0.304639704,23.31606218
Eef2kmt,0.304287092,2.648244099
2410089E03Rik,0.304201487,22.39493379
Nr2f1,0.303994253,12.32009211
Med25,0.303833265,8.981001727
Zfp667,0.303767435,2.936096718
Myof,0.302793057,2.187679908
RP24-136L4.5,0.302565182,0.633275763
Wnk2,0.302551586,15.37132988
Ankrd54,0.302389432,3.454231434
Ddx20,0.302299463,3.857225101
Hsp90aa1,0.301620607,25.56131261
Fhitos,0.301392974,1.151410478
Kdm7a,0.301191659,13.12607945
Lrrc2,0.300804651,2.533103051
Rhpn2,0.300720759,5.584340818
Ccdc134,0.300649491,3.569372481
Fat1,0.30048514,10.65054692
Dsc2,0.300450504,1.208981002
Spata13,0.299951008,9.959700633
Dock8,0.299846556,7.887161773
Coro2b,0.299635462,11.34139321
4930533K18Rik,0.299381243,0.633275763
Clstn2,0.299346314,12.66551526
Rnf180,0.299000546,8.462867012
Plp2,0.298885435,0.748416811
Btbd11,0.298601048,8.232584917
Tram2,0.298514759,3.051237766
Trmt1l,0.298410144,17.90443293
Ddx26b,0.298401361,16.92573402
Mettl24,0.298333746,8.059873345
Atr,0.298327006,12.66551526
Gm26555,0.298293242,1.266551526
Ano6,0.298189728,18.88313184
Nek4,0.298087358,3.454231434
Mgat4b,0.297994773,4.951065055
Tgif1,0.297633503,1.496833621
Pitpnm1,0.297417969,6.044905009
Foxp4,0.297342277,6.102475533
Gm20186,0.297043526,2.07253886
5031425E22Rik,0.296426058,22.10708117
Gm26615,0.29541583,1.093839954
Atp2b1,0.29537355,24.69775475
Gm29536,0.29526133,6.044905009
1110051M20Rik,0.295259983,31.83649971
Cacfd1,0.295148784,5.18134715
Als2cr12,0.295104589,5.411629246
Pdyn,0.294633292,1.611974669
Syt9,0.294405393,4.260218768
Rmst,0.293840127,46.5169833
Tstd1,0.293781809,1.151410478
Syde2,0.293772014,2.130109384
Naa40,0.293706735,12.7806563
Mecom,0.293590937,10.76568797
Prune2,0.293516222,29.53367876
Ptpn14,0.293363115,4.663212435
Adarb1,0.292921034,6.447898676
Gm43936,0.292128423,0.748416811
Samd15,0.291906449,1.093839954
Tmem220,0.291185908,1.611974669
Gm15489,0.290998649,4.951065055
Slc22a14,0.290276178,5.872193437
Ptpn13,0.290254233,16.00460564
Ndc1,0.289978233,3.339090386
Vti1a,0.288235456,34.02417962
Crem,0.288222951,9.902130109
Crim1,0.288100086,20.61024755
Upp2,0.287690936,23.89176742
Gm15723,0.287424357,0.690846287
Nlrc5,0.287041154,1.266551526
Phxr4,0.286979727,9.844559585
Wdr92,0.286859464,3.281519862
Tchp,0.286701431,2.648244099
Luzp1,0.286386175,23.20092113
Gpr19,0.286175942,7.54173863
Rev3l,0.285938044,30.51237766
Klhdc7a,0.285617147,1.669545193
A930007I19Rik,0.28560284,2.533103051
Dnmbp,0.285310743,6.793321819
Tead3,0.285035718,1.727115717
Scrn2,0.284914388,1.496833621
Gm15892,0.284897621,3.972366149
Phkg1,0.284675692,36.21185953
Sppl2b,0.284239538,8.002302821
Arhgef4,0.283989196,27.2308578
Pzp,0.283225124,4.605641911
Slc35a2,0.282948759,7.484168106
Atp1a1,0.282746229,24.29476108
Enah,0.281982758,33.04548071
Nfatc1,0.28156999,3.39666091
Stk11ip,0.281489903,2.130109384
Msrb3,0.281313965,7.311456534
Smad5,0.280818325,4.951065055
Clu,0.280580009,38.39953944
Pcsk2,0.280368659,14.2199194
Tagln2,0.280246549,5.814622913
Gm10848,0.280133166,1.669545193
Zkscan16,0.280042334,3.10880829
1810022K09Rik,0.279927472,14.85319516
Qtrtd1,0.279895213,3.626943005
Six5,0.279872658,1.784686241
Ildr2,0.279629883,8.57800806
Dnajc3,0.279377856,10.99597006
Dchs1,0.27885659,3.857225101
Ttc5,0.278292077,7.829591249
A430033K04Rik,0.278185412,4.260218768
Map9,0.278096447,4.605641911
Agpat9,0.277853222,2.245250432
Dhx34,0.277781501,1.727115717
Ring1,0.277631053,14.56534254
Col4a1,0.277433211,4.43293034
Slc20a1,0.277216864,11.39896373
Ino80b,0.276792136,6.21761658
C530044C16Rik,0.276787768,0.748416811
Naga,0.276347699,3.569372481
Efcc1,0.27632467,2.417962003
Srek1ip1,0.276266706,7.196315486
Evi5,0.275923793,18.19228555
Uhrf1bp1l,0.27580922,9.902130109
Ptk7,0.275237852,5.238917674
Cep63,0.275160012,5.411629246
Uhrf1bp1,0.274564674,3.339090386
Meis2,0.274485391,36.6148532
Arhgap44,0.27446332,7.023603915
Gm42477,0.274133796,6.21761658
Ptprk,0.273835079,40.87507196
Iqcb1,0.273761674,13.58664364
4930522L14Rik,0.273272582,6.735751295
Gatb,0.273042557,4.317789292
Ston2,0.272576011,18.59527922
Slc7a7,0.272499204,2.763385147
Khk,0.272052247,2.417962003
Gm28539,0.271832231,5.872193437
Cenpv,0.271497604,7.138744963
Dcp1b,0.271436511,8.693149108
Cnn3,0.27087447,13.58664364
Immp2l,0.270248178,22.74035694
Gm26582,0.269607169,4.260218768
Miip,0.268724998,5.872193437
Hacd1,0.268634054,7.944732297
Kcnq1ot1,0.268309631,39.72366149
Sox5,0.268303639,46.86240645
6330418K02Rik,0.268105854,1.439263097
Kdm4d,0.267932547,2.475532527
Msi2,0.267743137,69.37248129
Mpp2,0.267724025,4.14507772
Gm26542,0.267559481,7.887161773
Pibf1,0.267419999,20.37996546
Adamtsl1,0.266455303,16.75302245
Fam184a,0.266121831,18.01957398
Tbc1d30,0.266018477,2.475532527
Dbpht2,0.266008636,1.32412205
Efna5,0.265784506,28.15198618
Pacrgl,0.265767803,4.548071387
Ext1,0.265677043,36.6148532
Maml2,0.265321073,21.01324122
Unc79,0.265303789,14.50777202
Dph3,0.265166704,4.605641911
Kif21a,0.265120788,29.01554404
Gm43126,0.264893939,0.345423143
Plcd3,0.264790665,2.993667242
Xpc,0.264609103,4.14507772
Kazn,0.264331981,14.85319516
Diaph1,0.264319006,7.484168106
Scaf8,0.264228173,21.24352332
Echdc3,0.263796924,1.554404145
Galk1,0.263256043,3.051237766
1110019D14Rik,0.263133973,14.85319516
Inpp4a,0.263083024,11.68681635
Lpin1,0.262856333,8.059873345
Tgfbr2,0.262557087,6.620610248
Faah,0.262071343,4.548071387
Spink10,0.262024327,4.605641911
Papola,0.261877004,20.14968336
Nrp2,0.261481799,12.20495107
Fam84b,0.261388435,2.014968336
2010111I01Rik,0.261166437,33.33333333
4930503L19Rik,0.260716091,2.763385147
Kcnmb4,0.260646218,2.187679908
Ptges3,0.26056705,13.58664364
Usp2,0.260253205,9.959700633
Smyd3,0.26010243,28.49740933
Dnal4,0.259580264,3.281519862
Srgap3,0.259140678,28.6701209
Cep19,0.258874638,4.375359816
Mllt1,0.258656365,2.993667242
Grik4,0.257895229,17.96200345
Ubxn2b,0.256881228,5.699481865
Nap1l3,0.256860805,4.260218768
Rufy1,0.256549374,13.81692573
Flna,0.256368151,5.584340818
Rmdn1,0.256002774,20.09211284
Slc16a12,0.255906464,2.993667242
Fhl1,0.255890917,7.311456534
Musk,0.255813832,1.03626943
Tshr,0.255052247,1.784686241
Unc5d,0.255036838,16.29245826
Pxn,0.254944335,8.175014393
Ralyl,0.254656479,11.28382268
Thada,0.254462261,17.0984456
Prpf4b,0.254297398,14.10477835
Plekhg5,0.254291915,4.778353483
Mkrn1,0.2542568,8.059873345
Snhg20,0.253870396,20.55267703
Rbm43,0.253522384,2.014968336
Cd247,0.253455634,0.460564191
Fus,0.253201548,44.61715602
Lpar4,0.252953481,2.475532527
2610037D02Rik,0.252595041,16.6378814
Ly6h,0.252414391,24.00690846
Tnfaip8,0.252407439,6.160046056
Sh3rf3,0.251846732,7.772020725
Cpne8,0.251531034,12.03223949
Kndc1,0.250825984,13.29879102
Fuz,0.250786022,5.18134715
Tfcp2l1,0.250738427,0.518134715
Guf1,0.25069385,6.966033391
Ulk2,0.250427618,23.25849165
Ttll11,0.24956788,6.102475533
Anks1,0.249361781,15.4289004
Slc2a12,0.249079138,4.087507196
Fam216a,0.248459188,4.663212435
Zfp277,0.248407345,11.85952792
Khdrbs3,0.248351955,8.981001727
Pias2,0.248332761,14.85319516
Mtx1,0.247968744,8.232584917
Plpp1,0.247924002,9.556706966
Inadl,0.247903221,7.656879678
Sytl3,0.247830126,0.863557858
Gm16192,0.247829109,0.575705239
Gm13269,0.247778618,1.266551526
Syt14,0.247625319,4.720782959
Plec,0.247463494,8.693149108
Lrrc49,0.247405009,14.96833621
Ctnna1,0.247011634,17.84686241
Saa3,0.246955445,0.575705239
N4bp1,0.246950685,6.563039724
1700086L19Rik,0.246600582,1.208981002
Tpcn2,0.246164439,4.087507196
Rnf145,0.245794384,8.405296488
Gmds,0.245791651,24.12204951
Malat1,0.245669291,100
Nedd4l,0.245232799,25.73402418
Stk19,0.244270396,7.772020725
Spint2,0.243645048,8.750719632
Oard1,0.243336815,3.339090386
A330009N23Rik,0.243239117,0.460564191
Fam189a2,0.242946627,4.317789292
Fxn,0.242887352,2.705814623
Dpcd,0.242852452,7.484168106
Creld2,0.242849571,4.202648244
Ldb2,0.242483386,17.67415083
Whrn,0.242321393,3.742084053
Ercc6l2,0.241728339,12.60794473
Patl1,0.241273869,5.46919977
Dis3l2,0.240633868,25.44617156
AU020206,0.240245696,2.993667242
Ajuba,0.240014813,0.748416811
Unc80,0.239930134,16.35002879
Sh2d4b,0.239458969,1.093839954
Gm13052,0.239228485,5.872193437
Rnf169,0.239110018,13.41393207
D630024D03Rik,0.238814474,1.32412205
Uaca,0.238792902,3.799654577
Hmgcll1,0.237981932,10.76568797
Kcnh1,0.237422269,2.590673575
Phip,0.236988421,26.42487047
Xrcc5,0.236754881,8.635578584
Meg3,0.236699933,90.73114565
Diablo,0.236524782,8.347725964
Nox4,0.236341231,2.533103051
Stim1,0.235574807,21.99194013
Syne2,0.235436706,6.332757628
Paics,0.235159601,4.375359816
Pitpnm2,0.234168385,12.49280368
Clybl,0.234160594,23.31606218
Tex14,0.233712058,2.993667242
Pip5k1b,0.233574868,10.5929764
9130401M01Rik,0.232973174,2.993667242
Rarb,0.232946451,15.19861831
Tnrc18,0.232740915,14.4502015
Gm15261,0.232676413,2.130109384
Ocln,0.232625399,5.18134715
Nedd9,0.232619737,8.808290155
Zdbf2,0.232606746,4.14507772
Ipcef1,0.232217284,2.014968336
Strada,0.232167773,10.07484168
Gm8739,0.232046003,1.669545193
Pdk1,0.231541988,4.778353483
Cars,0.231515501,5.008635579
C2cd5,0.230732482,14.91076569
Pcm1,0.230663638,25.90673575
2900026A02Rik,0.230427653,4.375359816
Mthfsd,0.230314654,6.044905009
Rapgef2,0.230252039,26.0218768
B230354K17Rik,0.230053109,3.281519862
Dzip1,0.22999074,7.887161773
Osbpl5,0.22995924,2.936096718
Fam13a,0.229807925,15.31375936
Col20a1,0.229628852,1.784686241
Rorc,0.229498744,2.648244099
Prickle2,0.229029105,51.00748417
Armc7,0.228659197,1.842256765
Ube2e2,0.228633892,51.18019574
Gm553,0.228347249,0.575705239
Mid2,0.228317132,6.044905009
Gm20732,0.22818848,9.959700633
Tbcel,0.228100781,9.786989062
4930523C07Rik,0.228091911,3.223949338
Hipk3,0.228062205,8.232584917
Fars2,0.228006929,22.04951065
Vim,0.227907808,5.987334485
Snx10,0.22782428,9.268854347
Rasgrf2,0.227678965,6.21761658
L3mbtl3,0.227667836,12.32009211
Fam76a,0.227563342,10.24755325
Rapgef6,0.227543864,21.99194013
Dag1,0.227295059,12.60794473
Kcnd3,0.227239331,12.37766264
Zap70,0.227219804,0.690846287
Jade1,0.226981157,4.548071387
Eya4,0.226626719,4.951065055
Tshz2,0.226624351,29.36096718
Arl6,0.226492371,5.238917674
Ift52,0.226349017,8.923431203
Lyrm4,0.22603424,15.02590674
Psmd9,0.225848224,9.153713299
Arv1,0.225651787,3.626943005
Antxr1,0.225621338,14.4502015
Unc119b,0.225455082,3.223949338
Ift27,0.225185727,3.569372481
Plin4,0.224841351,0.805987334
Akap13,0.224381472,19.57397812
Me2,0.224164682,6.160046056
Serpinh1,0.224063504,6.966033391
Igsf9b,0.223810501,0.633275763
Zfp777,0.223796695,4.317789292
Rad50,0.223413661,5.814622913
Dhx32,0.223228082,5.411629246
Itpr1,0.223139529,19.2861255
Ssbp3,0.22286568,10.82325849
Map3k14,0.222820708,8.462867012
Ehbp1,0.222671872,38.39953944
Il5ra,0.221917797,0.287852619
Cabin1,0.221680036,11.05354059
Ap5b1,0.221611875,0.287852619
Il2ra,0.221602601,0.172711572
Golgb1,0.221186367,17.44386874
Ano1,0.220639197,2.763385147
Plgrkt,0.220520723,6.21761658
Ppp3cc,0.220465121,12.03223949
Ccnd3,0.220060139,19.63154865
Gm5577,0.219405131,4.663212435
Zcchc11,0.218984525,22.10708117
Plxna4,0.218760438,13.58664364
Gm26559,0.218733046,0.978698906
Nrg1,0.218712306,36.03914796
Myo16,0.218678532,10.70811744
Synj1,0.218475635,15.37132988
Tmem260,0.218191713,13.93206678
Cox10,0.218034103,6.966033391
Pkig,0.217703249,10.24755325
Fam120b,0.217607788,15.08347726
Ropn1l,0.217452887,1.669545193
Gm28153,0.217126097,28.78526195
Dapk1,0.217097519,13.41393207
Aox1,0.21690761,7.196315486
Fgf14,0.216891137,67.53022453
Agtrap,0.216653725,2.475532527
Astn2,0.216489157,43.40817501
Sugct,0.216339897,13.35636154
Sirt1,0.215644197,4.43293034
Gm26532,0.215591103,5.757052389
Cacna1a,0.2149495,25.50374208
Mib2,0.214868705,8.808290155
Zbtb20,0.21480315,91.70984456
Slc6a15,0.214753307,4.720782959
Frmd3,0.214749793,7.081174439
Gm29427,0.214070911,1.554404145
Rp2,0.21388662,3.972366149
Fam102b,0.213568777,3.799654577
Dhrs3,0.213249554,3.166378814
Cdc42bpg,0.213115194,1.439263097
Pard6g,0.21261013,3.454231434
Mlc1,0.212473116,13.29879102
Zfp612,0.212374495,6.5054692
Plcb4,0.212318686,27.05814623
Atf6,0.212017764,11.05354059
Ggnbp1,0.211493569,8.347725964
Hhatl,0.211239887,4.087507196
Rgcc,0.21038415,9.499136442
Bcl2,0.209895004,21.87679908
F830045P16Rik,0.209733366,0.921128382
Selenbp1,0.209514147,4.778353483
Igdcc3,0.209340607,2.187679908
Pcnx,0.209180561,11.28382268
Pxdc1,0.209096456,2.130109384
Lncpint,0.209056572,34.65745538
Chrdl1,0.208825406,0.575705239
Chic2,0.2086916,9.499136442
Gm16126,0.208600741,1.669545193
Gpatch1,0.208197589,10.30512378
Col5a1,0.20819046,1.554404145
Lman2l,0.208038666,9.556706966
Rad9b,0.207340785,6.044905009
Otx2os1,0.206395553,1.266551526
Dyrk1a,0.2062225,13.75935521
Drosha,0.205652619,5.757052389
Nfxl1,0.204573862,3.914795625
Gm44386,0.204424441,2.590673575
Braf,0.204232315,23.48877375
Myo1e,0.203715287,14.96833621
Gm15537,0.203666051,1.381692573
Usp13,0.203496616,4.490500864
Ptbp1,0.203367301,4.375359816
Chordc1,0.203355069,9.096142775
Uvssa,0.203327339,10.42026482
Tubb4b,0.20294966,15.31375936
Macf1,0.202646156,72.48128958
Ivns1abp,0.202518005,6.21761658
Lrpprc,0.20237837,8.405296488
Ahsa1,0.202240661,9.786989062
Tes,0.20199994,1.957397812
Cnot1,0.201997634,12.66551526
Ppox,0.201619567,6.044905009
Pttg1,0.201548732,9.61427749
Gm20508,0.201484105,0.402993667
Ttf2,0.201206484,0.978698906
1700108J01Rik,0.200994908,3.569372481
Aph1b,0.200822058,3.10880829
Nln,0.200730228,6.102475533
Rab28,0.200615582,13.70178469
Snph,0.200490316,10.65054692
Srgap2,0.20028167,21.58894646
Myo5a,0.200250334,16.35002879
Polr1c,0.20000269,4.029936672
Slc12a7,0.199787219,1.669545193
Mgmt,0.199762827,3.223949338
Dsel,0.199477862,1.957397812
Ermard,0.199113879,18.19228555
Cd163l1,0.199103225,2.245250432
Ngfrap1,0.197492724,15.25618883
Nol9,0.19746272,2.763385147
Gas2,0.197423741,4.835924007
Siah3,0.19707273,1.266551526
Gm26533,0.19699792,3.166378814
Mtcl1,0.196252485,13.93206678
Man1a2,0.19620869,12.95336788
Dnajb4,0.196194191,9.383995394
Usp19,0.195865803,9.211283823
Ccr9,0.195816443,2.763385147
Cobll1,0.195684057,22.22222222
Spop,0.195515496,23.25849165
Rhbdd2,0.195292136,7.656879678
Abcc1,0.194390261,4.548071387
Zak,0.194174958,4.605641911
Fuom,0.194043316,3.857225101
Chuk,0.193914234,11.91709845
Arhgap42,0.193641801,11.8019574
Kank4,0.193600639,2.475532527
Lacc1,0.193241031,2.36039148
Oxct1,0.193159258,22.1646517
Atp2a2,0.193099921,31.318365
Trmu,0.192847829,6.275187104
E430024P14Rik,0.192780925,3.684513529
Lect1,0.192593105,0.921128382
Atp2a3,0.192277924,0.748416811
Mirg,0.191996129,6.620610248
Usp29,0.191880539,12.72308578
Ruvbl1,0.191650505,3.281519862
Traf3,0.191457533,10.82325849
Wscd2,0.191276414,2.36039148
Gm16432,0.190776672,7.656879678
Itgb4,0.190725901,5.008635579
St6gal1,0.190693069,26.36729994
Tppp3,0.190496782,13.81692573
Cep44,0.190469233,3.914795625
Minpp1,0.190130091,5.411629246
Arl4a,0.189832643,5.296488198
Cbx8,0.18975193,1.03626943
Acvr2a,0.189713191,5.296488198
Ubl3,0.189599105,13.41393207
Kcnq1,0.189172689,13.0109384
Rbm20,0.189038949,4.029936672
Safb,0.188593381,13.2412205
Tiam1,0.18856192,4.087507196
Ppef2,0.188529898,1.32412205
Tagap,0.188471432,0.230282096
1700019D03Rik,0.188412765,2.820955671
Nudc,0.188334349,8.981001727
Ptprm,0.188191082,35.69372481
Srsf5,0.188123623,24.35233161
Cry2,0.188057653,9.038572251
Pabpc4l,0.18800017,0.690846287
Gpr63,0.187976193,1.899827288
Dkk3,0.187894622,9.671848014
Ssbp2,0.187801844,24.40990213
Ipo11,0.187715508,9.038572251
Klhl7,0.187369663,14.4502015
Trim39,0.187339941,2.763385147
St3gal5,0.186911059,8.750719632
Rasa2,0.186844905,16.92573402
Rps6ka5,0.186490227,20.61024755
Gns,0.186373516,8.462867012
Glb1l,0.186271861,3.799654577
Kif3a,0.185985855,11.28382268
Gm16008,0.185984836,1.32412205
Nceh1,0.1859753,6.966033391
Idh2,0.18588285,7.311456534
Pnrc1,0.185766281,5.641911341
B4galt1,0.185662172,3.799654577
Rbm39,0.185040749,57.22510075
Agpat4,0.18454454,15.08347726
Pax2,0.184518246,2.07253886
Plat,0.184410126,7.311456534
Sorbs3,0.184120114,4.548071387
Cnot10,0.183963054,12.95336788
Asah2,0.183515172,3.972366149
Tmem200c,0.183467819,0.921128382
Zfp521,0.18330651,19.80426022
Fam124a,0.182989077,2.705814623
Hspa4,0.182542721,9.441565918
Prpf38b,0.182526328,8.29015544
Adhfe1,0.181840965,7.599309154
Dst,0.181325672,42.14162349
Hsp90b1,0.180630523,22.22222222
R3hcc1l,0.180613025,10.65054692
Calr3,0.180429641,1.439263097
C1rl,0.179966892,0.460564191
BC067074,0.179679865,1.151410478
Rb1,0.179523047,22.1646517
Olfr741,0.179297125,0.057570524
Rai1,0.179186327,10.5929764
Rragd,0.17906413,2.648244099
4930402H24Rik,0.178787122,60.73690271
Rgs1,0.178718574,0.057570524
Irgm2,0.178470922,2.302820956
Pdzd4,0.17828544,6.908462867
Creg2,0.177807156,3.39666091
Stx2,0.177681289,3.857225101
Arl3,0.177161368,18.24985607
Rora,0.177086614,73.9781232
Gm37240,0.177040212,13.81692573
2810402E24Rik,0.176919984,2.705814623
Agap2,0.176868124,1.669545193
Ormdl3,0.17673204,3.914795625
Tnr,0.176696924,20.78295912
Nfatc4,0.176587851,0.518134715
Rcor1,0.176440323,7.426597582
Marveld1,0.176381262,1.381692573
Col4a2,0.176331952,4.835924007
Apol9b,0.176034528,0.115141048
Gm15731,0.175664679,0.115141048
Trim33,0.175301963,13.0109384
Inca1,0.17524293,2.36039148
RP23-344G21.5,0.174994391,0.748416811
Zbtb7a,0.174954288,11.45653425
Pcbp3,0.174888006,8.117443869
Pald1,0.174742333,4.202648244
Mtnr1b,0.174332133,0.402993667
Pkd1,0.173862153,11.34139321
Stk11,0.173783614,7.023603915
Nt5dc1,0.173761779,8.232584917
Lonrf1,0.173447594,2.130109384
Car1,0.173257828,2.07253886
Dnajc13,0.173237872,9.61427749
Gm20395,0.173155332,0.115141048
C2cd4d,0.172679933,0.690846287
Pdxk,0.172604216,5.929763961
Mgat4a,0.172492761,6.275187104
Serpinb6b,0.172154011,0.690846287
Spata1,0.171993898,6.390328152
Plagl1,0.171986558,2.820955671
Rdm1,0.171973347,3.972366149
Dnajb6,0.171897385,14.39263097
Ifitm3,0.171891619,6.332757628
Stox2,0.171647612,30.28209557
Etl4,0.17146192,13.64421416
Atxn7,0.17132116,11.74438687
Erdr1,0.171321035,6.102475533
Gm15998,0.17123661,0.518134715
Pdia4,0.17114986,8.232584917
Athl1,0.171143826,2.245250432
Fam89a,0.170580593,0.690846287
Nsg2,0.170542282,11.68681635
Asxl2,0.17043554,22.04951065
Osbpl6,0.169275621,10.88082902
Slc25a18,0.168807683,13.06850892
Plk3,0.168611748,1.381692573
Magi3,0.16861108,12.95336788
Kcnj16,0.168549472,4.260218768
Cby1,0.168429073,4.260218768
Npr3,0.168310759,0.460564191
Olfr658,0.1681285,0.460564191
Zc3h14,0.168047841,8.462867012
Rnf19a,0.167932977,6.966033391
Gprc5c,0.167226421,1.669545193
Plscr2,0.167071297,3.10880829
Fer,0.166993008,11.05354059
Arhgap32,0.166989724,20.9556707
Setd4,0.166808655,3.799654577
St13,0.1666332,15.08347726
Rtn1,0.166584542,42.77489925
mt-Cytb,0.166080766,26.82786413
Prkag2,0.165018212,8.232584917
Zfp703,0.164897521,1.439263097
Dtx3,0.164538552,20.84052965
Ahi1,0.164416669,26.65515256
Zfp866,0.16438987,3.857225101
Cyp39a1,0.164378491,2.130109384
Lgr4,0.16437277,8.981001727
4921511C10Rik,0.164303058,10.5929764
Mnat1,0.164250214,12.08981002
Sec23b,0.164187971,5.987334485
Ppargc1a,0.163751669,16.75302245
Txnip,0.163621546,3.454231434
Afap1l2,0.163497432,7.023603915
Gm9869,0.163273485,0.518134715
Nlrc4,0.163055474,11.28382268
Ccs,0.16268834,6.390328152
Lrig3,0.162272154,4.202648244
AU019823,0.162186245,2.187679908
Il1rapl1,0.162047244,68.50892343
Invs,0.162012248,13.64421416
Ttc30a1,0.162004039,0.978698906
Rims2,0.161980838,25.44617156
Krcc1,0.161871489,9.268854347
Wee1,0.161731657,1.266551526
Rexo4,0.161322739,4.14507772
Hspbp1,0.161245704,5.008635579
Kitl,0.161081004,8.462867012
Cdk12,0.161068871,20.37996546
Wdfy1,0.160883339,7.196315486
Rlf,0.160203255,15.77432355
Pcgf5,0.160181755,7.311456534
Sipa1l1,0.159864304,9.153713299
Fn3k,0.159730914,2.763385147
Wnt5b,0.159715673,10.24755325
Gtf2e2,0.158972793,5.641911341
5031414D18Rik,0.158912554,0.633275763
Btbd8,0.158897557,8.57800806
Csmd3,0.158818898,57.74323546
Pspc1,0.15870248,6.735751295
3110082I17Rik,0.158294289,6.908462867
Bmx,0.157938114,0.575705239
Hnrnpf,0.157711045,8.059873345
1700011I03Rik,0.15757921,1.957397812
Sipa1l2,0.157578483,4.720782959
Taok1,0.157118551,21.70408751
Atp6v0a4,0.157052421,0.921128382
Stip1,0.156734627,8.865860679
Ppp1cb,0.156734427,14.50777202
Tcp11l2,0.156732797,5.123776626
Scn8a,0.156615301,13.64421416
Rgs12,0.156615176,6.102475533
Fgfr1,0.15638046,11.39896373
Parva,0.156352533,6.735751295
Magi1,0.156297182,40.81750144
Micu1,0.156245466,14.39263097
Ppargc1b,0.156237544,2.130109384
Wwc2,0.156209668,12.72308578
Iqsec2,0.156197084,9.32642487
Map1b,0.155841462,33.79389752
Ppp1r9a,0.155622814,26.65515256
Mmp16,0.155620458,18.19228555
Ramp1,0.155461214,12.72308578
Taok2,0.155402738,4.317789292
Pigl,0.154745532,4.951065055
Susd1,0.154674862,1.611974669
Itm2c,0.154515664,32.81519862
Clip4,0.154120735,4.202648244
Usp24,0.154086241,13.47150259
Tmc4,0.153942124,2.820955671
Nfia,0.153779528,66.09096143
Gm16599,0.153738766,7.944732297
Caprin2,0.15366885,4.087507196
Xpo1,0.153614652,13.75935521
Plxdc1,0.153157628,3.166378814
Gm26916,0.153133161,16.29245826
Fam46a,0.153084203,1.784686241
Rai2,0.153071744,2.130109384
Grip1os1,0.152601283,0.115141048
Nckap5,0.152559093,30.39723661
Ergic3,0.152322095,12.43523316
Cep135,0.152182915,3.684513529
Nat9,0.151835781,2.590673575
Tead1,0.151756224,18.53770869
Gm43401,0.151668892,0.633275763
Stk35,0.151651725,1.554404145
Smad6,0.151631408,2.533103051
Slc45a4,0.151462847,2.763385147
Tspan33,0.151446066,3.166378814
Mfsd10,0.151041746,3.511801957
Rilpl2,0.150730621,3.166378814
P4htm,0.150569882,9.671848014
Cab39l,0.150361062,16.35002879
Nrxn3,0.150314961,58.03108808
Gcc2,0.150273673,9.61427749
Hspa12a,0.149127391,2.417962003
Pdcd4,0.149028646,10.65054692
Bbs4,0.148728902,4.490500864
Senp6,0.148694733,17.73172136
Comt,0.148469393,25.44617156
Foxp1,0.148396619,24.00690846
Ggta1,0.148108883,3.39666091
Arhgap21,0.148045493,23.31606218
Sptb,0.147747896,4.317789292
Dusp22,0.147213837,6.735751295
Parp16,0.147162713,2.475532527
Ddx5,0.146927956,35.40587219
Mllt3,0.146428967,23.77662637
Fyb,0.146375546,5.46919977
Hook2,0.146001123,3.914795625
Mpp3,0.145978159,2.07253886
Cct3,0.145663275,8.981001727
Acer3,0.145435377,15.48647093
Ahnak,0.145409356,4.14507772
Gm29642,0.145251728,3.569372481
Pef1,0.14520191,3.223949338
Stag2,0.144984244,14.2199194
Greb1l,0.144946617,6.793321819
Pacsin2,0.144729147,6.563039724
Epha3,0.144650081,4.951065055
Nid2,0.144509522,1.439263097
Mettl15,0.144491022,12.66551526
Kcnb1,0.14408782,5.929763961
Vps13a,0.143841948,25.44617156
Mkl2,0.143835856,13.41393207
Fbxo11,0.143831394,21.76165803
Cdk5rap1,0.143465658,3.742084053
Sgce,0.143257075,14.16234888
Cnppd1,0.142676463,4.605641911
Ksr1,0.142151504,8.693149108
Mdga1,0.141747976,2.417962003
Plcxd3,0.141713156,6.5054692
Ccdc112,0.141404889,2.590673575
Tex22,0.14093087,1.899827288
Ceacam1,0.14074481,1.381692573
Ablim1,0.140742629,21.24352332
Mxi1,0.140731424,13.29879102
AW554918,0.140513428,16.17731721
AU041133,0.140445191,1.669545193
Pecr,0.139776389,2.820955671
Socs2,0.139707024,2.014968336
Fam69a,0.139673057,8.693149108
Egflam,0.13956436,2.130109384
Sox4,0.139483589,3.39666091
BC024139,0.139175139,0.805987334
Fam181a,0.139143354,1.381692573
Nucb2,0.138688516,2.936096718
Mga,0.13866969,12.95336788
Klhl13,0.138273633,8.405296488
Basp1,0.137837842,6.908462867
Slc4a10,0.137763689,10.18998273
Rapgef1,0.137681339,14.10477835
Sfi1,0.137461839,11.68681635
mt-Nd4,0.137296814,17.84686241
Stat6,0.137066183,1.32412205
Dynlt1f,0.136916575,0.690846287
Gm11418,0.136870875,1.439263097
Cldn18,0.13615913,1.611974669
Hotairm1,0.136153795,4.029936672
0610010F05Rik,0.136077958,6.850892343
Rif1,0.136046748,8.865860679
1600010M07Rik,0.135993252,5.872193437
Usp9x,0.135944268,17.78929188
Msh3,0.135865076,7.081174439
Sec14l1,0.135779518,6.563039724
Tmcc3,0.135669291,43.06275187
Fbxl12,0.135634822,6.620610248
Mapkapk3,0.135487119,1.899827288
Ank1,0.135365561,4.087507196
Fam107b,0.135181334,4.087507196
Tbc1d9,0.134984646,3.857225101
Fggy,0.134621687,12.55037421
Rogdi,0.134466505,7.426597582
H2-Eb1,0.134204464,0.748416811
Diaph3,0.134152709,5.584340818
Aff1,0.133699684,12.43523316
Ski,0.133598984,8.750719632
Aim1,0.13339811,1.554404145
2810049E08Rik,0.133345373,1.727115717
P2rx7,0.132888292,6.966033391
Cadm1,0.132834646,38.39953944
Asb10,0.132680675,0.057570524
Rgs4,0.132472105,4.260218768
Fundc1,0.132415087,4.087507196
Kcnu1,0.13223913,3.626943005
Phkg2,0.13221405,7.599309154
Polr3f,0.131939349,3.454231434
Gga2,0.13192486,3.051237766
Magi2,0.131811024,87.73747841
Zfp804b,0.131774323,7.714450201
Lrif1,0.131619926,6.447898676
Mr1,0.131518766,1.093839954
Upf2,0.131250216,13.12607945
2310040G24Rik,0.131231415,0.805987334
Sf1,0.130945684,6.966033391
Gpx8,0.130670658,2.475532527
Psme4,0.130030032,24.35233161
Akap8l,0.129993908,21.58894646
9330160F10Rik,0.129839787,2.302820956
Hspa1b,0.129758694,0.402993667
Ogt,0.129685039,39.26309729
Srcin1,0.129673687,12.08981002
Tlr6,0.128417461,0.057570524
Dpyd,0.128377141,32.58491652
Galnt14,0.128337758,2.936096718
Caml,0.128335126,11.8019574
Smek1,0.128316575,8.002302821
Trappc6a,0.128212466,4.087507196
Glt8d1,0.128117656,10.24755325
Gm10563,0.127988829,8.462867012
Tmc6,0.127761007,2.820955671
Tenm4,0.127508048,22.97063903
Ankfy1,0.127274528,11.16868164
Rab11fip1,0.127226872,1.496833621
Pofut2,0.127015342,2.820955671
Eefsec,0.126962124,10.82325849
RP23-343H23.2,0.126886091,0.230282096
Lrrc16a,0.126485535,25.73402418
Med1,0.126208816,9.268854347
Hgs,0.126129424,4.951065055
Leng8,0.126051461,17.78929188
Smg6,0.125827825,24.23719056
Ikzf4,0.125804438,2.187679908
Btrc,0.125447109,16.29245826
Sesn1,0.125027312,20.78295912
Arpin,0.124992178,1.03626943
Phf11b,0.124960204,0.115141048
Pnpt1,0.124223466,5.641911341
Nuak1,0.123959645,4.663212435
Zdhhc18,0.123804195,5.987334485
Gm26816,0.123624755,3.857225101
Trhde,0.122941024,9.038572251
Dnhd1,0.12291557,2.302820956
Smarcad1,0.122546709,10.5929764
Klhdc10,0.122423648,11.91709845
Kcnb2,0.122037091,12.26252159
Gm9796,0.122015282,0.057570524
Ncs1,0.122008513,5.929763961
Fam65b,0.121954817,7.54173863
Il6,0.121856097,0.172711572
Adgrl2,0.121848802,6.102475533
Kif2a,0.121805659,11.51410478
Casp12,0.121758204,1.32412205
Pcnt,0.121416436,4.317789292
Stx18,0.121365281,6.908462867
Ctnna2,0.121338583,65.22740357
Gm26745,0.121117654,5.584340818
Ipmk,0.121030917,4.14507772
Kntc1,0.120862448,0.575705239
D930015E06Rik,0.120825054,2.302820956
Gm13802,0.120761731,0.287852619
Slc17a5,0.120694122,5.814622913
Eml2,0.120478482,13.35636154
Isg20,0.120436869,0.345423143
Trappc12,0.120162018,6.735751295
Mthfr,0.120150486,2.302820956
Pfkfb4,0.120026162,5.411629246
Acacb,0.119979099,4.375359816
Acbd4,0.119903311,6.620610248
Snhg11,0.11984252,53.2527346
Poc1b,0.119725575,3.684513529
Socs3,0.119521292,0.575705239
Hoxc4,0.119195502,6.332757628
Cetn2,0.119151381,3.051237766
Celf4,0.119074596,16.58031088
B230208H11Rik,0.118971957,0.690846287
Agrp,0.118938499,4.260218768
Rnls,0.11851241,6.044905009
Tep1,0.118471373,2.417962003
Hectd1,0.118381803,13.70178469
Rnf10,0.118105398,7.081174439
Nagk,0.117968374,7.426597582
Clic6,0.117955864,0.978698906
Csnk1g1,0.117935258,15.60161197
Rab13,0.117886099,2.417962003
C130071C03Rik,0.117692299,23.48877375
Adcy6,0.117358256,3.10880829
Gm26883,0.116894464,7.944732297
Hmgn5,0.116818249,1.611974669
Xrn1,0.11659838,15.94703512
Gm26606,0.11657313,4.260218768
Slc16a11,0.116291166,3.857225101
Apobec1,0.116111199,2.878526195
Cbarp,0.116006162,9.096142775
Cnnm2,0.115832161,7.772020725
Gm11541,0.115409105,0.230282096
Zfand1,0.115406686,3.339090386
Gm12057,0.115098005,1.266551526
Atf3,0.115051854,0.287852619
Siglecg,0.115011143,0.057570524
St7,0.114902947,8.405296488
Pkia,0.114895602,10.88082902
Pola1,0.114844337,6.160046056
Ppp1r12c,0.114807361,4.605641911
Bola1,0.114606613,3.166378814
Zfp467,0.114537566,3.051237766
Cyp46a1,0.11444264,3.684513529
Lyst,0.114432537,9.729418538
Nell1,0.114271848,5.987334485
S100pbp,0.114269291,6.793321819
Gm13307,0.114226538,0.748416811
2700049A03Rik,0.114151995,12.20495107
Kdm2a,0.113994314,19.17098446
Baiap3,0.113888375,5.757052389
Jmjd1c,0.113700787,32.06678181
Gm19684,0.113659575,0.460564191
Lasp1,0.113573088,5.238917674
Clic1,0.113265598,6.044905009
Cebpg,0.113263242,4.43293034
Nmt2,0.113037049,8.347725964
Supt20,0.113001577,10.76568797
Ksr2,0.112216607,4.43293034
Ddb1,0.112159501,6.5054692
Grip1,0.112007059,19.2861255
St5,0.11188846,12.95336788
RP23-114E15.17,0.11173339,1.727115717
Ddr2,0.111593178,2.705814623
mt-Co3,0.111496063,40.12665515
Amy1,0.111396942,11.16868164
Sun1,0.111203539,6.21761658
Rpap3,0.111193915,3.166378814
Slc25a12,0.110877097,16.75302245
Dock7,0.110763937,15.02590674
Ccdc107,0.110679958,7.54173863
Chic1,0.110280617,8.57800806
Neu2,0.110228865,0.690846287
Lamb2,0.11008977,3.857225101
Cux1,0.109851244,19.45883708
Blmh,0.109357895,7.656879678
Brd8,0.109268401,12.03223949
Sugt1,0.108923809,7.25388601
Cntn5,0.108862567,16.92573402
Naa35,0.108802979,6.735751295
Hspa5,0.10816105,20.20725389
Polr3h,0.108034646,3.051237766
Apoo,0.107916272,3.972366149
Gtf2f2,0.107678456,7.196315486
Gm42889,0.107529449,0.057570524
Ift20,0.107528973,9.211283823
Hoxb4,0.107427453,2.763385147
Fam72a,0.107355248,0.402993667
Cntnap2,0.107244094,35.92400691
Ppp1r14c,0.107153497,10.47783535
Ppp2r3a,0.107054752,25.96430628
Ablim3,0.107045,2.936096718
Gm15083,0.106882598,0.402993667
Gm26760,0.106811011,2.014968336
Adgra3,0.106790881,3.10880829
Cacna2d2,0.106735279,6.447898676
Loxl3,0.106505226,3.39666091
Adck5,0.106473363,3.281519862
Tmem2,0.10628926,5.18134715
Kat6b,0.106162915,15.19861831
Trnau1ap,0.106081167,5.238917674
Gm42747,0.105937599,0.115141048
Serhl,0.105365887,2.705814623
Col4a4,0.105308982,1.496833621
Stim2,0.105136084,8.923431203
Ndufaf7,0.105096551,7.944732297
Prdm11,0.104950878,3.39666091
Ptafr,0.10466412,0.287852619
Gm26905,0.104530956,1.554404145
Rfc2,0.104008679,8.635578584
Cdpf1,0.103882809,1.727115717
Aff3,0.103793892,14.91076569
Stk16,0.103517487,6.678180771
Pla2r1,0.103207715,0.805987334
Bbip1,0.103053895,10.65054692
B230323A14Rik,0.102989257,10.47783535
Pax8,0.102605921,0.978698906
Gm26551,0.102601584,7.599309154
Tapbp,0.102451449,4.260218768
Hnrnpr,0.10231638,21.64651698
Zfyve28,0.102152883,2.820955671
Erc1,0.102135235,13.87449626
mt-Atp6,0.101338583,32.35463443
Galnt16,0.101002106,11.05354059
Dennd6a,0.10084353,12.60794473
Klhl29,0.100251638,8.002302821
Slc35a1,0.100221154,4.720782959
Dhrs7,0.100188766,4.951065055
Rbks,0.099840564,7.484168106
Plscr1,0.099261983,2.417962003
mt-Co1,0.099212598,38.62982153
Large,0.099133858,26.36729994
Ccdc82,0.099076376,3.799654577
Gm13031,0.098858366,1.669545193
Eri3,0.098819625,15.6591825
Cep350,0.098761867,11.62924583
Cdon,0.098750987,5.238917674
Sp3os,0.098688642,3.684513529
Zfp395,0.098619077,5.641911341
Psmd5,0.098516145,5.296488198
Nedd4,0.098503937,25.67645366
Rad51b,0.098288839,1.957397812
Apex2,0.098190756,7.944732297
Ubald2,0.097966669,3.799654577
Ttc3,0.097795276,32.87276914
Smurf2,0.097422231,16.98330455
Ppm1k,0.097383952,5.584340818
Msantd2,0.09676491,8.002302821
Sfxn1,0.096537413,5.584340818
Triqk,0.096524829,2.187679908
Cabp1,0.096147974,4.14507772
Pank1,0.096089198,5.757052389
Slc2a1,0.095945446,10.01727116
4930544I03Rik,0.09561619,1.727115717
Rnf217,0.095486517,4.835924007
Aftph,0.095146964,12.7806563
H2-DMb1,0.095061029,0.460564191
Trim34a,0.094767502,1.727115717
Sin3a,0.09453993,5.354058722
Chm,0.094160845,10.70811744
Nalcn,0.093864435,16.40759931
Ust,0.093308666,13.06850892
Krt26,0.093202802,0.115141048
Robo2,0.092961674,28.09441566
Treml2,0.092884432,0.057570524
Clvs1,0.092881273,4.605641911
Cherp,0.092651671,8.462867012
Fcho2,0.092559419,17.90443293
Atf7ip,0.092224529,15.4289004
Il6st,0.091734916,8.232584917
Ddx60,0.091400753,2.014968336
Slit2,0.090892238,15.4289004
Gm12536,0.090337472,0.287852619
Zbtb44,0.090289992,5.757052389
Plod2,0.089961014,6.102475533
Luc7l2,0.089527559,41.10535406
Chrm3,0.089473286,4.778353483
Zfp217,0.089347216,1.151410478
Akr1b7,0.089269996,0.057570524
Fam120c,0.089160155,12.14738054
Paxbp1,0.089076502,6.678180771
Abhd14b,0.089038744,8.57800806
Primpol,0.088903228,1.842256765
Cp,0.088799369,7.944732297
Mrpl1,0.088677887,3.972366149
1700001L05Rik,0.088506845,0.057570524
Elmsan1,0.088295593,4.778353483
Gm26693,0.088266288,3.742084053
Ylpm1,0.088120665,15.83189407
Cacna1b,0.087942277,5.526770294
Fndc3a,0.087803674,11.39896373
0610039K10Rik,0.087472143,0.057570524
Abhd15,0.087424538,2.36039148
Amelx,0.08739255,0.345423143
Dlg4,0.087355624,9.211283823
Yeats2,0.087174279,9.556706966
Kremen1,0.08708689,3.799654577
1810041L15Rik,0.087083155,2.475532527
Lst1,0.087053724,0.863557858
Cry1,0.087009987,2.07253886
Chd2,0.0865692,16.92573402
Cd302,0.086443657,4.548071387
Gm20685,0.085568215,0.633275763
Icosl,0.085433547,1.957397812
Rsrp1,0.085433071,40.2417962
Rbm25,0.08496063,30.22452504
4930593A02Rik,0.084956782,4.43293034
Slc39a11,0.084694854,4.778353483
Zcchc7,0.084645669,28.38226828
Ctsa,0.084604833,8.002302821
Asb3,0.084596109,14.39263097
Pgm1,0.084486961,1.727115717
Sestd1,0.084365078,3.454231434
Cadm3,0.084256631,6.850892343
Taf6l,0.084205366,4.260218768
Rabgap1,0.084173228,23.31606218
Ano3,0.084165307,4.778353483
Zfp292,0.084080726,10.93839954
Ppp1r15a,0.084064807,1.266551526
Eif1a,0.083444061,2.763385147
Mov10,0.083293926,1.669545193
Ccl4,0.083014963,0.057570524
Cntln,0.082918374,9.383995394
Lgi1,0.082868959,24.46747265
Aif1l,0.08282522,1.727115717
Bend7,0.082739135,3.742084053
Gm28187,0.08272736,0.057570524
Spint1,0.082617001,0.172711572
Klf16,0.082593462,0.863557858
Mipol1,0.08253969,7.138744963
Laptm4a,0.082362205,24.46747265
Gpr108,0.082168676,5.987334485
Slamf6,0.082139446,0.575705239
Trp63,0.082087809,6.160046056
Nr2f6,0.082036966,1.957397812
Obfc1,0.081865848,2.936096718
Abca3,0.081837847,7.311456534
Kif15,0.081737766,0.402993667
Stom,0.081375183,1.439263097
Pcsk5,0.081227078,2.014968336
Adamts17,0.081045206,2.130109384
Arglu1,0.081023622,28.72769142
Ttc27,0.080913095,6.275187104
6030407O03Rik,0.080855223,2.130109384
Llgl2,0.080706781,0.230282096
Commd2,0.080552836,2.187679908
Adss,0.080549552,6.447898676
Tnrc6c,0.080334564,19.68911917
Galnt18,0.079883632,11.11111111
Slc35d2,0.07936321,1.32412205
Pptc7,0.079322424,6.21761658
Slc25a36,0.07911616,14.2199194
Helz,0.078864272,10.18998273
Klhl40,0.078701541,1.03626943
Parp4,0.078620255,5.354058722
Fxr1,0.078496993,10.99597006
Ranbp9,0.078422515,10.07484168
Dnah2os,0.078319007,0.115141048
Gm1604b,0.077884166,1.03626943
Hint2,0.077814954,4.43293034
Arpc5l,0.077544114,7.426597582
Plcd4,0.077403708,9.671848014
Epha5,0.077375353,11.97466897
Dtnb,0.076925399,17.04087507
Kxd1,0.076918781,10.07484168
Vps13b,0.076771654,22.33736327
Odc1,0.076530394,5.296488198
4921513I03Rik,0.076494105,0.057570524
Anxa6,0.07629109,7.369027058
Nfkbid,0.07617001,0.460564191
Nod2,0.075931232,0.230282096
Sik1,0.075908545,1.208981002
Ppid,0.075753221,4.778353483
Zfp329,0.075716044,7.369027058
Urah,0.075692455,0.057570524
Abcc12,0.07553327,0.402993667
Slc25a24,0.075484687,0.690846287
Gm5617,0.075421615,1.151410478
Hpgds,0.07535769,2.014968336
Smco3,0.075239398,1.611974669
4930562F07Rik,0.074737345,0.057570524
Emp1,0.074498567,0.690846287
Gm16876,0.074497898,0.863557858
Cecr2,0.074365855,11.22625216
Dnajc17,0.074301604,10.07484168
Stag1,0.074251969,31.03051238
Itgam.1,0.074180197,0.057570524
Acadsb,0.073778876,12.49280368
Emp2,0.073402096,3.914795625
Sox1,0.07333022,1.266551526
mt-Co2,0.073307087,21.01324122
Hfm1,0.073275204,1.784686241
Ddx46,0.073041962,6.275187104
Pax6,0.072863148,5.123776626
Arhgef17,0.072847506,3.857225101
Msrb2,0.072450922,3.511801957
Bbx,0.07235867,8.29015544
Usp47,0.072358144,13.2412205
Csnk1a1,0.071968504,26.88543466
Col4a5,0.071870561,7.54173863
Hnrnpd,0.071841256,6.332757628
Exoc2,0.071779889,7.656879678
Rnf182,0.071666203,8.059873345
Gng3,0.071593955,5.411629246
Piwil4,0.071474053,0.115141048
Trp53inp1,0.071288045,4.605641911
Ei24,0.071049067,8.059873345
C77080,0.070951976,2.187679908
Sfxn4,0.070796,5.18134715
Fam122b,0.070704024,0.690846287
Nfkb2,0.070598535,0.460564191
Mis18bp1,0.070518943,0.402993667
Otx2,0.070359758,0.115141048
Atxn2,0.07007874,19.86183074
Asxl1,0.069854126,14.2199194
Eif4g3,0.069685039,23.71905584
Inpp5a,0.069530843,8.405296488
Gm26848,0.069133858,23.31606218
Gm16124,0.069086729,4.548071387
Ifi44,0.069006686,0.402993667
Adipor2,0.068401034,21.47380541
Tmpo,0.068371249,4.202648244
Zfp280d,0.068275062,14.4502015
Irx3,0.068265334,1.208981002
Calm2,0.068188976,40.87507196
Cx3cr1,0.067960502,4.375359816
Hsp90ab1,0.067952756,29.93667242
Ywhae,0.067716535,23.77662637
Pex11a,0.06771473,0.921128382
Cbx4,0.067672565,2.187679908
Crebbp,0.067637795,25.21588946
Ptpn4,0.067559055,19.34369603
Ece2,0.067168312,5.354058722
Fras1,0.067163073,1.842256765
Kdm6b,0.067140186,7.196315486
Slc1a1,0.06711973,5.757052389
Thrap3,0.06701745,10.18998273
4931406C07Rik,0.066905344,4.43293034
Ptprf,0.06686358,7.484168106
Ankrd36,0.066687223,2.475532527
Ppp3cb,0.066599884,9.959700633
Atpif1,0.066141732,20.37996546
Col18a1,0.066103327,1.439263097
Zfyve26,0.065911879,6.735751295
Vps37b,0.065838454,3.454231434
Htr2c,0.065827173,6.678180771
Exoc3l,0.065783952,0.230282096
Rsad2,0.06572379,0.633275763
Dach2,0.065584134,5.411629246
9830147E19Rik,0.065537456,3.742084053
Wapl,0.065433071,17.0984456
Cklf,0.065405019,4.835924007
Hmgb1,0.065317029,11.51410478
Dnajb2,0.065310411,8.347725964
Agmo,0.065275591,15.83189407
Col9a1,0.065239705,1.208981002
Bad,0.065129266,4.202648244
Tcn2,0.065078978,4.835924007
Ssx2ip,0.06501919,2.07253886
Gas2l3,0.064817876,0.518134715
Pan3,0.06480315,26.07944732
C130026I21Rik,0.064755168,4.490500864
Orai2,0.064674924,1.554404145
Ubn2,0.064566929,31.66378814
Phactr4,0.064360214,11.74438687
Ppp1r12b,0.064251969,16.17731721
Diras2,0.064210244,0.863557858
Efr3a,0.063537541,9.729418538
Trim7,0.063498797,2.130109384
Eogt,0.063350104,3.511801957
Hs3st3b1,0.063288183,1.611974669
Tnpo3,0.063015665,11.8019574
Plod3,0.062929329,2.533103051
Cplx2,0.062753424,4.14507772
Zfp711,0.062552349,1.093839954
Ap1s3,0.062480102,0.460564191
Katna1,0.062421091,2.417962003
Syne3,0.062379853,2.07253886
Bcl2l12,0.062338615,1.727115717
Galntl6,0.062283465,16.46516983
Galm,0.062234707,1.669545193
Tenm1,0.062204724,13.87449626
Mctp1,0.062122976,6.332757628
Igf2r,0.061977629,2.302820956
Cpa6,0.06192669,1.32412205
2810474O19Rik,0.061869709,5.699481865
Cflar,0.061695182,6.678180771
Msi1,0.061575544,7.887161773
Btaf1,0.061574803,17.21358664
Nuak2,0.061524992,0.402993667
Pced1b,0.061389923,8.923431203
Slc25a40,0.061059495,3.569372481
Gm26870,0.060888252,0.863557858
Med13,0.060871782,13.06850892
Frmpd4,0.060796451,10.65054692
1700065J11Rik,0.060649475,0.057570524
Nfs1,0.060545616,5.123776626
Trpm5,0.06049029,0.172711572
Ifi204,0.060410697,0.172711572
Gm11851,0.060331105,0.115141048
Lingo2,0.060314961,24.87046632
Tmem178,0.060301073,2.590673575
Glod4,0.060300872,6.332757628
Tmem52,0.060252219,1.03626943
Plekhm3,0.060216817,10.42026482
1700001O22Rik,0.06017192,0.518134715
Setbp1,0.06015748,20.66781808
Miat,0.060107068,7.54173863
Tcaf2,0.060092327,0.402993667
Nsf,0.06007874,17.21358664
Dennd1a,0.059685039,32.98791019
Lamtor4,0.059643676,5.354058722
Syt1,0.059291339,17.32872769
Rapgefl1,0.059161409,1.151410478
Ptgfrn,0.058968782,2.936096718
Mmp23,0.05858007,0.748416811
Prpsap2,0.058451168,4.087507196
Mroh7,0.058190807,1.381692573
Ndufaf3,0.058138764,3.39666091
Serpine1,0.058102515,0.115141048
Cyr61,0.05810114,0.690846287
Casc4,0.057745189,10.3626943
Rfx4,0.057630182,22.27979275
Sox2,0.057548684,8.462867012
Ewsr1,0.057480315,15.88946459
Dnajc10,0.057450358,7.25388601
Mtpn,0.057379815,4.835924007
Rgs9,0.057168839,3.166378814
Lamc2,0.057067813,0.748416811
Gfra2,0.056898726,1.957397812
Hltf,0.05677599,3.972366149
Gm6483,0.056755008,4.720782959
Gm29478,0.056692913,10.42026482
Mrps2,0.056510665,0.633275763
Ntrk2,0.056456693,34.13932067
Gm27198,0.056192295,0.115141048
Cacnb4,0.056141732,20.84052965
Ppdpf,0.055946298,3.569372481
Hdac4,0.055809926,9.556706966
Emd,0.055784757,2.533103051
Gm42529,0.055475963,0.115141048
Cblb,0.055423043,8.923431203
Ube2d3,0.05519685,13.47150259
Atg10,0.05501741,9.786989062
Hnrnpa2b1,0.054645669,22.74035694
Supt5,0.054627319,5.066206102
Nrep,0.054602476,1.842256765
Dstn,0.05453068,5.296488198
Lage3,0.054090101,5.641911341
Sncg,0.054015748,19.34369603
Ubtd1,0.053995041,3.051237766
Glg1,0.053937008,24.87046632
Mad1l1,0.053307087,41.96891192
PISD,0.053070866,30.80023028
Timp2,0.05287097,9.038572251
Maged1,0.052677165,19.68911917
Sfxn5,0.052440945,34.36960276
Kdm3a,0.052436357,9.786989062
Trps1,0.052362205,49.85607369
Chst11,0.052204724,15.19861831
Tulp3,0.052125984,18.53770869
Tmem189,0.05211721,2.07253886
Gtf2h2,0.051842434,4.720782959
Phf21a,0.051811024,33.39090386
Smad4,0.051415493,6.332757628
Frmd6,0.051188648,5.46919977
Lmnb1,0.051141645,1.957397812
Ntng1,0.051023622,15.08347726
Ints7,0.050653335,4.548071387
Gm6260,0.050620821,0.287852619
Numb,0.050551181,15.88946459
Scrn1,0.050510144,6.735751295
Trim6,0.050302451,0.345423143
Arhgap4,0.050222859,0.921128382
Zfp286,0.050193679,2.936096718
Cln6,0.050143266,0.805987334
Mrps12,0.050016395,5.526770294
Ntn1,0.049760571,6.21761658
Samd12,0.049685039,20.03454231
Gadd45a,0.049506527,1.093839954
Uqcc1,0.049427711,8.635578584
Mybph,0.049426934,0.057570524
Srf,0.049338818,1.496833621
Agpat2,0.049188157,0.287852619
Pqlc3,0.049028972,0.230282096
Zfr,0.048740157,21.01324122
A630072M18Rik,0.048661493,2.417962003
Arid1a,0.048582677,13.18364997
Pcbd2,0.04843733,6.563039724
Usp33,0.048346457,15.31375936
Adgre5,0.048249041,2.475532527
Avil,0.048153454,1.151410478
Kdm5a,0.048082636,11.62924583
Eif5,0.048031496,11.74438687
Erich6,0.047937242,0.690846287
Tdrd3,0.04785376,8.059873345
1700017B05Rik,0.047835084,1.439263097
Smu1,0.047774368,4.375359816
Serpinb6a,0.047694049,9.959700633
Cbx7,0.047602399,3.799654577
Rnft1,0.047411352,3.39666091
8030423F21Rik,0.047277937,0.115141048
Flrt1,0.047218018,4.202648244
Rbm5,0.047086614,21.18595279
Tmem181a,0.047026299,9.038572251
Gm2824,0.046879975,1.554404145
Gal,0.046850394,29.18825561
Trpm7,0.046535433,19.63154865
Zfp516,0.046494922,5.238917674
Gmppb,0.046482012,0.805987334
Ccz1,0.046281188,6.160046056
Akt3,0.046141732,24.46747265
Gm28876,0.046123307,0.575705239
Thoc2,0.046062992,17.84686241
Man2b2,0.046004457,1.611974669
Plcl2,0.045971016,4.317789292
Phf11d,0.045924865,0.115141048
Rbl1,0.045845272,1.266551526
Zc3hav1l,0.045686087,0.518134715
Copg2,0.045683781,12.32009211
Pkp4,0.045669291,24.40990213
Gm15523,0.04544731,0.057570524
Ddx6,0.04503937,12.49280368
D1Ertd622e,0.04498437,5.238917674
Meis1,0.04496063,25.10074842
Mtm1,0.044945163,6.044905009
Trim30a,0.044636168,3.281519862
Dmp1,0.044605325,0.402993667
Pygb,0.044566929,18.19228555
Zfp808,0.0442544,5.872193437
Acsm5,0.044138253,0.805987334
4930578G10Rik,0.044085313,7.599309154
Tdrd7,0.043876568,3.166378814
Pura,0.043622047,17.44386874
Lgals4,0.04353709,1.611974669
Pax3,0.04321621,6.908462867
Qars,0.043114736,2.475532527
Zfp106,0.043078738,6.447898676
Aqp4,0.042853807,13.52907311
Asb4,0.042741165,0.460564191
Atp11c,0.042399707,8.462867012
Rasal2,0.042283465,31.72135866
Sdf2,0.04209327,10.82325849
Arhgap5,0.042047244,34.02417962
Gm10552,0.04194524,0.345423143
Thnsl2,0.041865648,1.03626943
Diaph2,0.041811024,22.56764537
Phykpl,0.041794905,2.820955671
Fam98b,0.041705084,1.957397812
Tead4,0.04162687,0.690846287
Snta1,0.041593554,11.39896373
Ctc1,0.041586285,3.10880829
Rara,0.041388093,0.978698906
Nap1l5,0.041338583,24.00690846
S1pr3,0.041228908,1.208981002
Zfp532,0.041181102,21.30109384
Asic2,0.041023622,21.35866436
Sema4b,0.040995818,6.447898676
Rcc1,0.040985468,6.908462867
Prkar2b,0.040880707,2.245250432
Cpd,0.040869551,11.34139321
Rgs6,0.040724696,32.70005757
Lsp1,0.040512576,0.518134715
RP23-231J2.1,0.040472441,10.76568797
Fam195a,0.040168146,1.266551526
B830012L14Rik,0.040035021,1.496833621
Taf4b,0.039817842,2.590673575
Fubp1,0.039527559,15.60161197
Kirrel,0.039524225,1.669545193
Tsc22d2,0.039411843,9.61427749
Adgrg4,0.039318688,0.978698906
D830026I12Rik,0.039239096,0.115141048
Slc7a15,0.039117235,0.518134715
Papd4,0.038885053,6.21761658
Tapbpl,0.038841133,1.093839954
Gm28652,0.038681948,0.460564191
Pid1,0.038661417,26.82786413
Gpx4,0.038582677,16.58031088
Kdm2b,0.038447884,6.966033391
Ccdc166,0.038363578,0.518134715
Ssbp4,0.038325875,4.490500864
Zfp629,0.038292611,1.151410478
Dnajc27,0.038033401,4.951065055
Mt1,0.037874016,25.61888313
Gm1976,0.037728994,6.735751295
Nudt14,0.037726839,0.978698906
Dennd4c,0.037716535,13.98963731
Ash1l,0.037637795,22.56764537
Nkiras2,0.037408469,1.03626943
Sema5b,0.037407416,3.511801957
Ahdc1,0.037404658,8.347725964
Rarg,0.037399419,2.648244099
Sqrdl,0.037395684,1.03626943
Slc4a3,0.037169817,5.641911341
Irx2,0.037132181,0.805987334
Celf1,0.037007874,17.44386874
Arf3,0.036987092,7.714450201
Zcchc18,0.036850394,16.35002879
Filip1,0.036819058,5.584340818
Glipr2,0.036798978,1.899827288
A630012P03Rik,0.036692136,0.402993667
Gm5089,0.03659818,5.296488198
Gm43477,0.036548342,4.260218768
Tnrc6b,0.036535433,33.27576281
RP23-4H17.3,0.03647875,0.748416811
Hist2h2be,0.036373766,0.805987334
Psip1,0.036299213,14.16234888
Gm16541,0.036240803,3.914795625
Adamts19,0.036198038,0.921128382
Prrc2c,0.036141732,15.14104778
Usp20,0.036139376,6.447898676
4930599N23Rik,0.036108893,2.878526195
Aatf,0.035988188,8.002302821
Filip1l,0.035975804,1.957397812
Acot10,0.035577841,0.172711572
Dicer1,0.035501257,7.369027058
Pomc,0.035498249,0.921128382
Trim67,0.035418656,1.093839954
Cmpk2,0.035339064,0.690846287
Gm9956,0.035100287,0.057570524
Gabrb3,0.03496063,12.14738054
Ppm1m,0.034702324,2.302820956
Dmwd,0.034591195,2.820955671
Lsm14a,0.034557228,6.908462867
Lrba,0.034488189,22.91306851
Zbtb14,0.034463547,1.093839954
Btbd9,0.034409449,22.91306851
Clec10a,0.034304362,0.057570524
Scaper,0.034251969,21.87679908
Prkce,0.034173228,14.27748993
Susd6,0.034015748,14.96833621
Uty,0.033937008,17.04087507
Tmem178b,0.033858268,34.08175014
Vsig10,0.033821693,1.899827288
Gm14582,0.033747214,0.690846287
Rock1,0.033700787,17.44386874
Rps6ka1,0.033667622,2.014968336
Sf3b2,0.033307087,11.05354059
Siglece,0.033269659,0.230282096
Bcl2l11,0.033243237,2.187679908
St14,0.033190067,0.115141048
Mkln1,0.033149606,20.43753598
Gtf2ird2,0.032952468,3.223949338
Pdzd3,0.032871697,0.115141048
Npm1,0.032807898,7.311456534
Ubxn4,0.032677165,14.2199194
Uba7,0.032632919,0.115141048
Clmp,0.03262046,2.936096718
Car12,0.032553327,0.575705239
Fbn1,0.032470325,1.957397812
Spag5,0.032125984,50.54691998
Gm10069,0.032084095,5.008635579
Rprd1b,0.032053937,4.720782959
Cuedc1,0.032047244,18.0771445
Dhx9,0.031999388,4.202648244
Sae1,0.031992896,6.447898676
Gulp1,0.031811024,10.99597006
Adra1a,0.031779211,6.160046056
RP23-455C13.7,0.031757402,1.32412205
Hivep2,0.031732283,22.62521589
Maob,0.031653219,5.411629246
Nup155,0.031525769,2.763385147
Irs3,0.031518625,0.172711572
Aldoa,0.031417323,27.92170409
Map3k7cl,0.03135944,0.115141048
Zfp609,0.031181102,16.11974669
Bod1l,0.031161173,6.850892343
Sspo,0.031060252,0.518134715
Itga3,0.03104107,1.842256765
Scg2,0.031023622,18.3074266
Aoah,0.030961477,0.921128382
Myo10,0.030866142,25.10074842
Cacna1e,0.030865816,6.620610248
Emg1,0.030819464,4.720782959
Ptpn2,0.030665393,6.447898676
Hspe1,0.030629921,8.232584917
Lats1,0.030601669,4.43293034
Neurl1b,0.03040433,0.172711572
Trip6,0.030165552,1.784686241
Tnrc6a,0.03015748,21.70408751
Pim1,0.029926775,1.611974669
Gpr179,0.029892574,2.245250432
Jak3,0.02976759,0.287852619
Foxb1,0.029659038,0.748416811
Acad10,0.029638036,4.490500864
Hmcn1,0.029612266,5.411629246
Mark3,0.029448819,20.78295912
Zkscan2,0.029369628,2.36039148
Fam117a,0.029051258,2.533103051
Cpped1,0.029024961,7.311456534
Gm26569,0.028971665,0.230282096
Tiam2,0.028724895,12.60794473
Pbx2,0.02849411,2.417962003
Ube2cbp,0.028414518,1.496833621
Nkap,0.028413991,3.511801957
P4ha1,0.028188976,10.88082902
Dennd5b,0.028031496,14.85319516
Abca1,0.027716535,10.1324122
Gm26703,0.027440448,1.957397812
Tet2,0.027244094,11.8019574
Xpot,0.027180897,4.14507772
S100a6,0.027141038,1.842256765
Rsrc2,0.027086614,17.0984456
Mllt10,0.026692913,26.36729994
Nadk2,0.02659298,6.275187104
Nfkb1,0.026299213,14.2199194
Dennd1b,0.026141732,9.959700633
Hnrnph3,0.025984252,12.83822683
Man2c1os,0.025860865,7.426597582
Srsf1,0.025748031,13.98963731
Ulk1,0.025681099,2.590673575
Agbl1,0.025469596,2.187679908
Kpna4,0.025433071,8.693149108
Cir1,0.025400031,4.260218768
Enox2,0.02519685,10.24755325
Dnaja1,0.02496063,9.729418538
Trio,0.024724409,17.32872769
Hmbox1,0.024645669,11.16868164
Arsi,0.024196116,0.057570524
Txn1,0.024094488,7.484168106
Rapgef4,0.024015748,10.76568797
Pros1,0.024004342,4.720782959
Zmynd11,0.023937008,13.18364997
Ubr4,0.023858268,6.390328152
Zcchc14,0.023855385,7.138744963
Chchd5,0.023798153,1.151410478
Setd7,0.023779528,10.47783535
Mettl7a1,0.023703877,8.29015544
AI314180,0.023700787,14.39263097
Rplp1,0.023622047,11.91709845
Slc2a9,0.023559376,1.32412205
Znrf2,0.023479784,2.590673575
Bloc1s1,0.023320599,0.690846287
Wnk3,0.023257326,7.25388601
Sec61a2,0.023228346,14.27748993
Sox21,0.023120037,0.690846287
Cux2,0.023058608,6.966033391
Rtp4,0.023002229,1.784686241
Rcan2,0.022992126,11.39896373
Lrp8,0.022951415,3.857225101
Cx3cl1,0.022859564,3.626943005
Mvb12b,0.022834646,10.88082902
Gldc,0.022769734,1.727115717
Id4,0.022700053,7.944732297
Nbeal1,0.022598425,18.0771445
Pak3,0.022519685,11.28382268
Gm4799,0.022445081,0.402993667
Gsk3b,0.022440945,21.18595279
Akap7,0.022283465,8.693149108
Vezf1,0.022231999,7.138744963
Megf9,0.022125984,14.85319516
Rest,0.022047119,2.187679908
Nhp2,0.021967526,1.32412205
Nipsnap1,0.021920974,4.490500864
Tacc1,0.021889764,12.60794473
Tuba1a,0.021811024,30.22452504
Itfg1,0.021732283,18.13471503
Ccdc91,0.021653744,3.972366149
Toporsos,0.021569564,1.381692573
Sacm1l,0.021417323,8.059873345
Smc4,0.021395037,2.36039148
Rc3h1,0.021338583,14.4502015
Capn1,0.021330786,1.381692573
Trim24,0.021292231,6.966033391
Rpn2,0.021259843,11.22625216
4930486L24Rik,0.021251194,0.057570524
Pycard,0.020694046,1.784686241
2010007H06Rik,0.020455269,0.921128382
Cpne3,0.02029641,3.972366149
Lancl1,0.020260086,7.369027058
Tsc22d1,0.02023622,16.35002879
Ect2,0.020216492,0.230282096
Abhd3,0.020200841,9.153713299
Ddit4l,0.020084073,3.742084053
Setd5,0.01992126,22.62521589
H2-Q6,0.019898122,0.115141048
Cast,0.019856357,3.914795625
Atp6v1d,0.01984252,8.29015544
Gm10600,0.019818529,2.302820956
B230118H07Rik,0.01976378,9.32642487
Casp2,0.019738937,1.32412205
4930556J24Rik,0.019527559,7.138744963
Dtx1,0.019383466,5.238917674
Dad1,0.019291339,13.98963731
Dnase1l1,0.019181789,1.669545193
Ephb2,0.019180937,3.972366149
Pde9a,0.019033162,4.720782959
Evc,0.019022604,0.921128382
Syn3,0.018976378,7.369027058
Kat6a,0.018897638,9.038572251
1700086O06Rik,0.018863419,1.899827288
Dennd2a,0.018740157,9.556706966
Asic4,0.018704234,0.863557858
4921539H07Rik,0.018624642,0.172711572
Ddrgk1,0.018582677,8.635578584
Gnl1,0.018465457,2.533103051
Fhdc1,0.018215787,1.151410478
Zadh2,0.018207928,3.857225101
Colgalt1,0.018164459,3.511801957
Gabpb1,0.018121517,3.281519862
Ccdc18,0.018067494,2.130109384
Gm15738,0.017908309,3.511801957
Sssca1,0.017828717,2.590673575
Cdkn2aipnl,0.017749124,1.32412205
Adgra1,0.017748716,4.548071387
Nutf2,0.017738897,2.878526195
Eml6,0.017559055,19.97697179
Htt,0.017244094,10.18998273
Gosr2,0.017230658,4.835924007
Bin3,0.017191977,3.051237766
Msx1,0.017112385,2.417962003
Vps35,0.017094285,6.620610248
Hspb8,0.0169532,1.554404145
Clip1,0.016929134,10.18998273
Gm38112,0.016873607,0.921128382
A230006K03Rik,0.016692913,6.21761658
Tspan12,0.016553332,5.18134715
Cdc26,0.016535433,7.081174439
Brd3,0.016458398,5.929763961
Oprm1,0.016396052,2.936096718
Ppfia4,0.01631646,2.475532527
Bcar3,0.016271446,8.405296488
Mgea5,0.016141732,11.45653425
Fat3,0.016062992,35.40587219
Patz1,0.016049029,4.835924007
Dcakd,0.01602005,6.390328152
Suclg1,0.015984252,9.844559585
Cox20,0.015915414,5.008635579
Rbbp6,0.015826772,11.45653425
Vps45,0.015754524,4.43293034
Pitpna,0.015669291,11.85952792
Kcnk2,0.015511811,8.117443869
Cstf3,0.015354331,13.81692573
Rem1,0.015202165,0.287852619
Ptp4a2,0.01519685,8.462867012
Slc38a3,0.01511811,8.693149108
1700019G17Rik,0.01504298,1.381692573
Calr,0.01503937,15.54404145
Smek2,0.01496063,8.520437536
Gm28981,0.014829519,1.266551526
Ackr3,0.014565425,1.784686241
Bptf,0.014488189,14.62291307
Izumo4,0.014251969,9.153713299
Sbspon,0.014247055,0.345423143
Gstm1,0.014094488,8.693149108
Gm20641,0.01408787,0.172711572
Tmem37,0.014008278,0.633275763
Osr1,0.013928685,0.115141048
Tspan15,0.013763419,6.620610248
Psap,0.013700787,45.13529073
Pole4,0.013689908,2.993667242
Sall2,0.01366184,7.023603915
Cdk13,0.013622047,10.93839954
Trank1,0.013610315,1.957397812
Tor1aip1,0.013543307,12.03223949
Nrg3,0.013385827,35.63615429
Orai3,0.013291945,1.03626943
Foxo1,0.013149606,10.01727116
Snx12,0.012913386,7.484168106
Znhit1,0.012834646,9.268854347
Snx25,0.012598425,7.656879678
Mrpl39,0.012575613,1.842256765
Wls,0.012519685,16.58031088
Ptpn22,0.01249602,0.575705239
Nmnat2,0.012440945,16.69545193
Garnl3,0.012204724,8.059873345
Gm27010,0.01217765,0.805987334
4930425O10Rik,0.012161598,0.057570524
Inhbb,0.012143858,0.978698906
Gm4951,0.012018465,0.575705239
C1galt1,0.01185928,2.014968336
Ephb3,0.011793554,0.518134715
Nkain3,0.011732283,8.002302821
Chd1l,0.011700096,3.799654577
Snrk,0.011574803,9.786989062
Ccdc117,0.011540911,2.648244099
Dcun1d3,0.011417323,6.160046056
4930532G15Rik,0.011381726,0.921128382
Rps21,0.011302133,3.857225101
Alas2,0.010983763,0.345423143
Txnrd3,0.010824578,0.575705239
Atp1b1,0.010787402,24.87046632
Abhd11,0.010585801,3.684513529
Tmem59l,0.010551181,11.16868164
Ddx3y,0.010393701,11.91709845
Pcsk1n,0.01023622,32.2970639
Mrpl13,0.010187838,2.648244099
Per2,0.01015748,5.18134715
Eaf2,0.010000852,5.526770294
Slc15a3,0.009949061,0.172711572
Ddx11,0.009869468,0.518134715
Gkap1,0.00984252,14.2199194
Lrp5,0.009710283,3.281519862
Zscan26,0.009685039,11.97466897
4930570G19Rik,0.009391913,2.705814623
A530084C06Rik,0.009337068,0.057570524
Gm11998,0.009312321,0.057570524
Sorl1,0.009291339,12.32009211
Inppl1,0.009232728,2.763385147
Gm26835,0.009212598,10.70811744
Mlxipl,0.009153136,1.611974669
Elavl1,0.009133858,11.28382268
Garem,0.009055118,13.47150259
Pafah2,0.008993951,2.187679908
Supt16,0.008976378,7.25388601
Dopey1,0.008897638,10.5929764
Igsf11,0.008874358,26.07944732
Rcbtb2,0.008834766,3.10880829
Casp7,0.008755174,1.957397812
Oma1,0.008716819,4.260218768
Med26,0.008675581,2.705814623
Rab11fip3,0.008661417,11.22625216
Mthfd2l,0.008595989,3.914795625
Lynx1,0.008582677,5.354058722
Fam98c,0.008357211,2.936096718
Cbx5,0.008346457,16.11974669
Rbpj,0.008227331,5.929763961
Prpf38a,0.008118434,2.417962003
Shoc2,0.008110236,10.30512378
Itm2b,0.007952756,44.38687392
Usp8,0.007874016,5.411629246
Gm28410,0.007800064,0.057570524
Fam131a,0.007561286,2.187679908
Gapvd1,0.007559055,13.06850892
Ica1l,0.007402101,1.381692573
Col13a1,0.006844954,0.518134715
Nova2,0.006765361,1.727115717
Gm11110,0.006685769,0.690846287
Clip2,0.006614173,6.850892343
Fan1,0.006606176,4.720782959
Slc25a34,0.006539,0.402993667
Prelid2,0.006526584,0.402993667
Kif16b,0.006456693,8.232584917
Por,0.006377953,11.97466897
Rab24,0.006299213,8.57800806
Pnisr,0.006220472,36.78756477
Fnip1,0.006141732,16.06217617
Gins4,0.006128621,1.093839954
Ammecr1l,0.006062992,9.211283823
Rbfox2,0.005984252,15.4289004
Acaa2,0.005969436,2.245250432
Pcolce,0.005889844,1.151410478
C230035I16Rik,0.005810252,1.439263097
Gpr173,0.005730659,2.245250432
Cisd3,0.005713612,3.051237766
Ap2s1,0.005669291,5.526770294
Dok3,0.005651067,0.863557858
Wdfy2,0.005590551,9.902130109
Tbpl1,0.005571474,4.375359816
March6,0.005433071,12.60794473
Uhrf2,0.005354331,9.499136442
Ppp1r12a,0.00519685,15.4289004
Plxna4os3,0.005014327,0.575705239
Ahsa2,0.004934734,3.857225101
Fbxw4,0.00488189,9.844559585
3110056K07Rik,0.004724409,7.714450201
Dll1,0.004695957,0.690846287
Hspd1,0.004566929,6.21761658
Tax1bp1,0.004409449,11.16868164
Mecp2,0.004251969,13.58664364
Mir17hg,0.004218402,0.230282096
Cdk5rap2,0.004173228,13.12607945
Gm42418,0.004094488,10.1324122
Isca1,0.004059217,2.533103051
Tnpo1,0.004015748,10.42026482
Gm5127,0.003979624,0.402993667
Nap1l1,0.003937008,5.641911341
Raver2,0.00385334,3.511801957
Mif4gd,0.003820439,3.972366149
Sod2,0.003700787,4.778353483
Ebf4,0.003661254,2.36039148
Nub1,0.003622047,5.46919977
Cct7,0.003464567,8.808290155
Adam32,0.003422477,1.439263097
Tpr,0.003385827,10.5929764
Tmem156,0.003263292,0.230282096
Hist1h1c,0.003256473,3.39666091
Scn2a1,0.003228346,9.096142775
Trove2,0.003149606,7.081174439
Dpysl5,0.003104107,2.590673575
Map3k3,0.002992126,9.729418538
Tmem64,0.002944922,2.014968336
Ssr4,0.002834646,8.405296488
Gm26624,0.002677165,5.008635579
Tspan6,0.002467367,3.281519862
Sgpl1,0.002387775,3.051237766
Cyb5r1,0.002308182,1.266551526
Pum1,0.002283465,20.55267703
Pcyt1b,0.002218589,8.347725964
Zfp664,0.002204724,4.029936672
Os9,0.002125984,8.693149108
Npr2,0.002069405,2.705814623
Matr3,0.002047244,10.99597006
RP24-112I14.3,0.001989812,1.784686241
Arl5a,0.00191022,2.648244099
Rnf216,0.001653543,14.39263097
Foxk1,0.00159185,3.626943005
Sgsm2,0.001496063,5.814622913
Fzd6,0.001432665,2.417962003
R3hdm1,0.001338583,23.1433506
Pakap,0.00127348,2.417962003
Iqgap1,0.001259843,6.678180771
Cish,0.001193887,0.230282096
Fam222a,0.001167679,2.705814623
Ppp6r1,0.001114295,2.187679908
Dcaf5,0.001102362,8.002302821
Mcee,0.001034702,2.648244099
Cox6b2,0.00095511,2.705814623
Gm38251,0.000875517,1.381692573
Aff4,0.000866142,17.27115717
6430573F11Rik,0.000817375,4.317789292
Kif3b,0.000795925,4.663212435
Arid2,0.000708661,10.53540587
Mir124a-1hg,0.00063674,2.993667242
Atrx,0.000551181,19.97697179
Lrp10,0.000477555,3.684513529
Prdm6,0.000397962,0.690846287
Kansl1l,0.000393701,18.71042026
Evc2,0.000238777,1.496833621
Anxa5,0.00023622,7.599309154