gene,cellex_score,expr_proportion
Gm14696,0.994936328,7.768529528
C030005K15Rik,0.993331712,5.509314308
RP23-474J16.2,0.993235227,24.09829568
Aox1,0.992607417,38.44629409
Gna14,0.992605068,27.42766548
Gm14697,0.991928803,29.52833928
Sapcd1,0.990592652,18.11335711
Lhx4,0.990476731,15.18034086
Grin3b,0.989620162,32.46135553
Tns1,0.989188492,55.92548553
Hgf,0.989070539,10.89972255
Isl1,0.988921258,23.38485929
Gm7694,0.987483225,13.23820848
Pik3r5,0.987210308,9.116131589
Gata6,0.986349042,4.240982957
6030407O03Rik,0.986162858,24.93063813
Gm43614,0.985612016,4.042806183
Lcp1,0.98549967,58.62068966
Vwa7,0.985136011,17.12247325
Grid2ip,0.984961497,22.31470472
Vdr,0.984229685,8.95759017
Plekhd1,0.983979097,34.56202933
Layn,0.983768886,11.96987713
RP23-449M8.5,0.98367904,3.923900119
Mrvi1,0.98350438,8.759413397
Anxa2,0.982978685,38.56520016
Kitl,0.98258837,50.37653587
Glis3,0.98032125,37.89139913
Creb5,0.979706059,59.33412604
Casp12,0.979620448,5.152596116
Pdgfd,0.979460708,39.79389616
Gm30524,0.979054465,19.93658343
Anxa4,0.979027554,38.36702338
P2rx6,0.978296452,23.34522394
Atp6ap1l,0.978006843,7.292905272
Hsd17b2,0.977202095,17.9548157
BC055402,0.97663562,2.457391994
Prss12,0.975950877,29.17162109
Vipr2,0.975097803,14.86325803
Ccdc88c,0.974864911,23.93975426
Isl2,0.974101846,3.091557669
Rspo2,0.97324983,46.09591756
Itpr3,0.973231536,17.51882679
Gm16685,0.972674292,11.05826397
Gm42982,0.972368118,39.15973048
Arhgap36,0.971975818,25.32699168
RP23-449M8.6,0.971823075,3.131193024
Arhgef19,0.971596934,11.17717004
Tcea3,0.971342851,6.381292113
Smcp,0.969964828,1.030519223
Adamtsl5,0.969952095,36.18707887
Gm14025,0.969841806,5.707491082
Calcb,0.96913401,30.95521205
Lacc1,0.968877744,7.649623464
Col5a2,0.967768351,18.03408641
Gem,0.967418609,19.14387634
Trim58,0.96664527,2.338485929
Srpx2,0.966491561,5.588585018
Pip5kl1,0.966073894,35.71145462
Tesc,0.965042533,36.424891
RP24-177G14.2,0.964535548,10.58263971
Ahnak2,0.96441558,34.95838288
Gm38399,0.963853553,34.87911217
Gm11670,0.963602929,2.298850575
Medag,0.962985701,12.40586603
Cgnl1,0.962908648,29.48870392
Gm38025,0.962786744,2.338485929
Bag3,0.962538045,21.79944511
Lypd6,0.962502011,36.38525565
Gm13067,0.961846138,3.250099088
Htr2a,0.961449919,36.06817281
Ap1m2,0.960783293,3.091557669
Tnfsf8,0.960625029,4.795877923
Gm15675,0.959772937,6.539833532
Htra1,0.959471713,35.59254855
Gm12022,0.959219533,2.93301625
Ifnlr1,0.959021136,7.768529528
9930111H07Rik,0.958791043,4.003170828
Gm14406,0.957866791,6.064209275
Papl,0.957847964,4.676971859
Wnk4,0.95741479,8.600871978
Ccdc122,0.957292567,15.29924693
Gm14133,0.956674795,5.112960761
Zfp101,0.956504325,43.99524376
Mctp2,0.95641318,17.39992073
Tex22,0.956184003,15.21997622
2600014E21Rik,0.955308488,7.015457788
Plekhd1os,0.954823746,3.131193024
Pde6b,0.954136852,5.707491082
Sema3d,0.953688925,48.156956
Chodl,0.952758142,40.15061435
Gm15690,0.95159903,9.393579073
Cela1,0.950664535,5.073325406
Gm15469,0.95055831,0.594530321
4930557J02Rik,0.950508551,15.53705906
Plce1,0.95048396,52.31866825
Bcl6,0.950389445,26.7934998
Cpa3,0.949898907,3.448275862
Pmp22,0.949639075,21.16527943
Ppp1r1c,0.949549061,4.914783987
Lifr,0.949142693,42.72691241
Mcam,0.948904886,26.91240587
Serinc2,0.948873559,11.01862862
2700089I24Rik,0.94870407,2.457391994
Plac8l1,0.94795803,6.658739596
Flt3,0.94712466,52.55648038
Chat,0.945597764,60.2457392
Pdgfrl,0.945513385,16.76575505
P2rx5,0.94520298,14.74435196
Col23a1,0.944692027,18.66825208
Gm13589,0.944380446,15.97304796
Gm26673,0.944379278,17.20174396
Abcc3,0.944122947,8.878319461
Mmp28,0.943866503,6.302021403
Slc35f2,0.943337619,11.53388823
Gm5118,0.942617867,1.228695997
Palld,0.94221688,53.07173999
Rtn4rl2,0.941821327,0.515259612
Gm43401,0.941480873,3.369005153
Nfia,0.941235933,86.76179152
Gm37168,0.941213252,5.826397146
Nr2f2,0.940860627,16.52794293
Hpn,0.940682479,10.10701546
Esrrb,0.940450754,8.878319461
Gfra1,0.937809595,61.39516449
Msrb3,0.937708669,36.10780816
5930412G12Rik,0.937163585,4.280618312
Lancl3,0.937119754,20.72929053
Tmod1,0.936694508,47.76060246
Cyp27a1,0.936124019,10.8600872
Mnx1,0.935942277,1.862861673
Tapt1,0.935362315,54.77606025
Gm15856,0.934865515,14.78398732
Exd1,0.934728014,14.46690448
Il7,0.934635348,4.122076893
Gm16045,0.934396384,1.704320254
Col24a1,0.934375062,12.84185493
Palmd,0.934013882,33.17479191
Dcn,0.933520264,18.50971066
Nupr1,0.932999468,3.408640507
Klrg2,0.932887228,1.981767737
Cpt1a,0.932726263,17.63773286
Fgf18,0.930716757,7.094728498
Serhl,0.929936688,12.20768926
Gm26633,0.929755725,21.52199762
Lnx2,0.929283051,8.838684106
Actn2,0.929221906,22.11652794
Sept9,0.929184356,20.9274673
Syt2,0.929123501,65.83432422
A730046J19Rik,0.928712953,1.862861673
Tns2,0.928607126,10.50336901
Dysf,0.927988798,37.01942132
Lypd6b,0.927714931,29.2508918
Kcnj14,0.927673488,6.183115339
Rorc,0.927486166,8.085612366
Ntng2,0.926366616,41.18113357
Dhrs11,0.926330451,18.27189853
Filip1,0.92628712,33.92786365
Adamtsl2,0.925251038,4.201347602
Grip1os3,0.925210028,5.94530321
Sgk3,0.924795651,26.11969877
Gm10687,0.924593494,6.69837495
1700007F19Rik,0.924254385,1.625049544
Fgf11,0.924056963,14.14982164
Kcna1,0.923746678,44.78795085
Ankrd35,0.923490681,21.24455014
Glipr1,0.921951976,10.78081649
Syde1,0.919963711,5.509314308
Col4a5,0.919246534,16.80539041
Itpr2,0.919157229,29.60760999
Slc4a2,0.91907081,32.06500198
A330043C09Rik,0.918855885,3.369005153
Onecut2,0.917198404,36.02853746
Adap2,0.917076429,4.042806183
Spag6,0.916219042,5.390408244
Gm9754,0.915640577,0.911613159
Trim16,0.915083621,5.152596116
Slc8b1,0.914909897,12.56440745
Mtl5,0.914856951,1.981767737
Col5a1,0.914554527,15.33888228
Poln,0.91441897,21.83908046
Adamts6,0.914253311,72.09671027
Sel1l3,0.914231259,26.31787554
Pld1,0.914130687,16.52794293
Coro6,0.914068443,67.7764566
Gm26578,0.913500464,2.655568767
Zp3,0.913403528,2.615933413
A830018L16Rik,0.91334555,88.10939358
Syndig1,0.912548098,74.55410226
Entpd3,0.912522024,24.97027348
Crb2,0.911230922,3.804994055
Ccdc7b,0.911106641,16.01268331
Eya4,0.911077787,18.15299247
Runx2,0.910984191,48.03804994
Pstpip1,0.910863624,4.359889021
Clrn1,0.910715288,5.667855727
Vwf,0.910341709,3.051922315
Gm16308,0.909846603,0.475624257
Gm6408,0.909716925,1.426872771
Gm5868,0.90898174,1.902497027
Npr3,0.908726469,3.250099088
Sv2c,0.908609153,71.77962743
Cyp4f13,0.908227222,13.31747919
Ikbke,0.907795302,4.161712247
Spp2,0.907284314,1.030519223
Rerg,0.907215286,41.77566389
Rcor2,0.906778607,11.61315894
Cd55,0.906495595,9.591755846
Slc5a7,0.90563252,68.80697582
Palm3,0.904262564,5.786761792
Gm10851,0.903748041,26.15933413
Pstpip2,0.903519669,16.25049544
Plxdc1,0.90317487,31.3515656
Slc35d3,0.903074052,2.100673801
Adgrl4,0.902802381,8.481965914
Pkp2,0.901952461,23.34522394
Lingo4,0.901215997,3.131193024
Slc35f3,0.901116643,49.98018232
Col5a3,0.901108245,16.01268331
Dgkk,0.900860201,21.99762188
Tnfsf13b,0.900558368,14.86325803
Cdca7l,0.900545964,5.707491082
Tacr1,0.900527372,32.06500198
Hhatl,0.900460278,8.561236623
Sema6a,0.900406199,74.47483155
Fstl1,0.900401943,49.58382878
Il22ra1,0.899502512,1.228695997
Sec14l1,0.899452236,36.18707887
Arhgef26,0.898295077,14.07055093
Gm4425,0.897938513,9.076496235
Echdc2,0.897544553,11.09789933
Nos1ap,0.897361164,58.30360682
Cdhr1,0.896514831,7.927070947
1010001N08Rik,0.896276268,0.396353547
Map3k8,0.896233454,2.378121284
Pik3r6,0.896052135,2.100673801
Il4ra,0.895891109,6.539833532
Fbxw10,0.895695087,6.302021403
Snrpn,0.89549753,90.88386841
Heg1,0.895497331,13.19857313
Nod1,0.895294165,4.399524376
Elovl7,0.894758638,22.63178755
Agbl1,0.894162922,34.64130004
Acan,0.894037834,4.359889021
Kcng4,0.893718292,7.649623464
Prss56,0.893180567,1.625049544
Slco5a1,0.893071665,13.04003171
Pvrl4,0.892650233,4.082441538
C9,0.8925045,4.756242568
Slit3,0.891638949,97.34443123
Tnfrsf12a,0.891302857,11.81133571
Enox2,0.891186314,48.98929845
Gm16267,0.891056351,2.893380896
Rasl12,0.889289009,1.862861673
Arhgap9,0.888971935,1.625049544
Zak,0.888703075,13.35711455
Tpcn2,0.888179859,23.90011891
Itga6,0.887685934,18.23226318
Nefm,0.887504378,71.06619104
Gm5106,0.887482593,11.33571145
Gm10505,0.887015735,0.356718193
Ltbr,0.886129872,3.408640507
Gm29483,0.885844688,0.396353547
Gm14862,0.885385862,0.990883868
Uts2b,0.883802239,8.997225525
RP23-83P19.1,0.883640774,3.01228696
Ptpn22,0.883392764,13.87237416
Mical1,0.883349288,7.015457788
Rai14,0.881710227,12.40586603
Slc12a3,0.881447186,5.707491082
Dock5,0.881068741,8.402695204
Trhr,0.880452859,26.47641696
Cdh6,0.880432121,70.63020214
St6gal1,0.880380197,42.96472453
Tmprss6,0.879910084,0.911613159
Itga7,0.879886553,10.30519223
Gas2l3,0.879610714,7.372175981
Duox1,0.879361658,4.676971859
Spsb1,0.879162845,4.875148633
Parp14,0.8791473,3.725723345
0610040J01Rik,0.878162106,9.988109394
Itgb5,0.878142473,16.05231867
Gm26569,0.878118008,3.329369798
Cast,0.878060029,43.75743163
RP23-353F16.3,0.877905034,14.78398732
Rnf17,0.877300553,12.5247721
Aifm3,0.876927495,58.06579469
Sh3bgr,0.876630131,11.09789933
Klhl40,0.87621211,2.179944511
Figf,0.875920807,7.768529528
Mms22l,0.875804395,9.78993262
Tnfrsf1a,0.875614867,2.734839477
Nod2,0.875466028,2.417756639
Gm2990,0.875210709,9.155766944
2410018L13Rik,0.875104141,30.00396354
5730507C01Rik,0.875055558,5.905667856
2310001H17Rik,0.874951541,4.359889021
Pnpla3,0.874545305,39.15973048
Aox4,0.874365676,4.003170828
Gm15446,0.874101662,49.46492271
Stk32a,0.87382151,62.18787158
Gm10479,0.873734712,11.93024178
Sv2b,0.873332698,60.28537455
Rspo3,0.873264726,25.88188664
RP24-240G4.4,0.872631151,0.317082838
Ppm1n,0.871358532,2.536662703
Ltbp1,0.871102667,11.93024178
Nup62cl,0.869455603,0.990883868
Antxr1,0.869233827,33.21442727
Asap3,0.869102142,35.83036068
Bmp4,0.868363152,1.070154578
Cpne6,0.867953424,31.07411811
Cd4,0.867309002,0.951248514
Fgf9,0.867075701,13.8327388
Cd59a,0.86667514,20.76892588
Maf,0.866187391,10.78081649
Ppp1r3b,0.865177219,1.704320254
Slc2a7,0.865089466,3.646452636
Lgi4,0.864990657,4.122076893
Spata13,0.864496269,10.22592152
Mslnl,0.863965001,2.219579865
Nrp1,0.863859074,70.59056679
Rilp,0.86282527,4.122076893
Insc,0.862776589,4.43915973
Pir,0.861876891,23.58303607
Gm10330,0.861874959,1.50614348
Flt4,0.861526071,4.51843044
Trim67,0.861413862,27.66547761
Etv6,0.86136527,50.65398335
4921513I03Rik,0.859768785,1.50614348
Pdlim5,0.859502408,25.60443916
Tsx,0.85939518,7.015457788
Rprml,0.859334149,7.609988109
Oprd1,0.8590066,14.6254459
Ucn,0.858993158,1.347602061
Pcp4l1,0.858954111,20.57074911
Myb,0.858927477,12.32659532
Bcl2l15,0.858712656,5.509314308
Rab39,0.858387067,29.84542212
Gm10827,0.857949891,23.22631788
Gm37459,0.857907715,10.46373365
Slc7a2,0.857804695,4.161712247
Opn5,0.856715738,7.173999207
Capn1,0.856121684,14.42726912
1810062G17Rik,0.85611256,1.149425287
Gm44026,0.855332264,3.725723345
Nacc2,0.854958958,23.97938962
Pqlc3,0.854557392,2.021403092
Gm37381,0.853752595,2.853745541
Myh14,0.853701468,37.2175981
Arntl2,0.853294922,34.12604043
Ly96,0.853122237,5.033690052
Cdh22,0.852583268,39.67499009
Dcst2,0.852068193,2.972651605
Slc45a4,0.851910259,20.01585414
Cda,0.851437713,15.53705906
Lrrc63,0.851094116,2.695204122
Rab37,0.85054112,27.62584225
9530059O14Rik,0.850135664,91.16131589
Gm37184,0.849658687,1.823226318
Tbc1d2,0.849203683,20.9274673
Nexn,0.849201154,21.83908046
Parp3,0.848936908,3.804994055
Pacsin3,0.84730038,8.125247721
Scel,0.846629222,11.13753468
1700015E13Rik,0.846029139,0.396353547
Redrum,0.845888722,0.792707095
E130006D01Rik,0.845829468,3.448275862
Nup93,0.845761877,59.25485533
Cpne9,0.84530585,15.14070551
Gm14635,0.844384352,7.5307174
Caln1,0.843945085,86.92033294
Otogl,0.843876419,3.289734443
Trpm4,0.843499892,21.91835117
Rgl3,0.842582837,6.856916369
Epb41,0.84214215,81.49028934
Gm13838,0.841905843,0.356718193
Gabrd,0.840969556,2.298850575
Nxn,0.84029599,43.16290131
Defb42,0.840099711,2.100673801
Abcb1b,0.839806863,23.78121284
Ccdc3,0.839775555,4.558065795
Fbxo31,0.839459245,31.62901308
Ppard,0.839396844,26.75386445
Rabep2,0.839061564,28.93380896
Myo15,0.838850781,24.692826
Gm15417,0.838757809,11.69242965
Gm14341,0.838076673,1.307966706
Cfap100,0.838004072,4.122076893
Crybb3,0.837927376,3.01228696
Rpl10l,0.837688221,0.277447483
Vmn2r112,0.837640819,0.317082838
Gm29292,0.837507353,1.347602061
Pkp1,0.837101431,1.149425287
Tbc1d4,0.836991993,64.4470868
Pgf,0.836326499,7.134363853
Msn,0.836213236,32.89734443
Atp11c,0.835621964,68.01426873
Il1r1,0.835563286,4.240982957
Trim43a,0.835433919,4.994054697
2900055J20Rik,0.835253232,33.76932224
Clec18a,0.835119251,4.558065795
Acly,0.834986249,52.67538644
Abcc4,0.834906293,26.3575109
Trim43c,0.833350651,7.808164883
Mfsd7a,0.833314221,1.50614348
Siglecf,0.832863398,0.396353547
Gm26761,0.83229289,0.554894966
Fam196b,0.832164479,33.53151011
Tnfrsf19,0.831526116,10.62227507
Polr3g,0.830805809,11.25644075
4921534H16Rik,0.830448715,30.43995244
Mpzl3,0.830281585,6.619104241
March11,0.830192913,66.58739596
Vsig10,0.829573757,8.719778042
Npepl1,0.829348301,5.509314308
Bcan,0.829327162,43.04399524
Npas3,0.828680267,85.57273088
Mro,0.828180901,11.2960761
Tjp2,0.826703035,17.91518034
Zbtb16,0.826442495,39.15973048
1700024P16Rik,0.826068353,19.18351169
Gpr149,0.825846015,30.83630598
Pla2g3,0.82542915,48.11732065
Ret,0.824595835,25.44589774
Scara3,0.824162791,1.942132382
Slc7a15,0.824021598,5.430043599
Arhgap22,0.823641993,29.44906857
Plekhg2,0.823616451,2.615933413
Vasp,0.823462125,22.23543401
Kcnv2,0.823433712,3.210463734
Card19,0.823349962,13.04003171
Cyp39a1,0.823199836,7.332540626
Gm8705,0.823104408,0.792707095
Sync,0.822902824,19.89694808
Casc5,0.82204534,6.183115339
Gm28928,0.822013886,86.00871978
Prkab2,0.821970999,27.2294887
Pla2r1,0.821867698,2.298850575
Gm15457,0.821574946,3.844629409
4833427G06Rik,0.821438427,3.369005153
Notch4,0.821432819,1.664684899
Tor3a,0.821252189,7.292905272
Sema3c,0.820163579,33.37296869
Gm42512,0.819811293,1.545778835
Slc7a14,0.819653474,79.70669837
Prss33,0.819161453,0.396353547
Slc10a4,0.819010326,11.33571145
Tmc5,0.818720322,2.061038446
Ttll6,0.818139946,6.420927467
Plekhg3,0.81718029,8.244153785
Ankrd6,0.817048437,55.52913199
Sned1,0.816578036,20.65001982
Hspa12b,0.816438351,12.04914784
Junos,0.816354874,21.64090369
Gm20532,0.815901563,4.558065795
Shc3,0.815815105,49.50455807
Mtus1,0.815603832,28.33927864
Setd8,0.815475965,20.96710266
Itga1,0.815450107,8.363059849
Pax6os1,0.815130382,2.417756639
Kcnmb4,0.81496464,10.50336901
Slc9a9,0.814785882,61.23662307
Ttc23,0.814213464,11.2960761
Sh3pxd2b,0.813816995,29.84542212
Slc10a7,0.813731076,43.00435989
Mdfic,0.813542061,2.814110186
Tpmt,0.813111718,11.41498216
Kcp,0.812779925,4.835513278
Syne3,0.812581115,8.95759017
Tnfsfm13,0.812131777,1.189060642
Aanat,0.811516607,6.460562822
1700061I17Rik,0.811327548,19.57986524
Sgms2,0.810795264,23.26595323
Rassf9,0.810570935,2.298850575
4930419G24Rik,0.810466348,10.66191042
Asb13,0.810109743,23.06777646
Phf24,0.810020979,40.78478002
Rnf135,0.809872783,3.051922315
Ccdc171,0.809683735,33.41260404
Mical2,0.80954935,34.16567578
Necab3,0.809540063,16.76575505
Aldh1l1,0.809146796,4.161712247
Fgf1,0.808834867,51.08997226
Six4,0.808649503,3.210463734
Gm12236,0.808342205,38.04994055
Gabrr3,0.808188796,1.981767737
Gm26916,0.808185047,17.67736821
Gm44031,0.807740658,1.070154578
Inpp5j,0.807552285,19.65913595
Klf3,0.8075352,14.34799841
Arhgap42,0.806217122,26.99167658
Fhdc1,0.806204833,6.381292113
Prkag3,0.806131919,0.475624257
Mapkapk2,0.804871223,21.40309156
Nefh,0.804695332,20.61038446
Gm26577,0.804230467,2.338485929
E2f1,0.803892745,3.051922315
Gm28863,0.803846079,0.713436385
Tspan15,0.803829733,11.09789933
Lgi2,0.803715048,19.02497027
Rgs6,0.803638414,82.75862069
Col22a1,0.803601643,6.103844629
Cyp2j6,0.803556252,8.045977011
Slc43a3,0.803319744,0.594530321
Cep83,0.802371936,51.56559651
Bmp1,0.80181998,13.00039635
Pex5l,0.801729967,85.33491875
Slco4a1,0.801687681,5.588585018
Paqr8,0.800972599,34.12604043
Hspa12a,0.800964502,20.4914784
Sox30,0.80075971,1.585414189
Pde7b,0.800519994,70.90764962
Capn2,0.800419172,41.57748712
Ccbl2,0.800165384,6.262386048
Gng12,0.799701568,50.65398335
Smad6,0.799665095,2.061038446
Lce1g,0.799417557,0.158541419
Tbc1d30,0.799178782,32.50099088
Cd164l2,0.798816233,12.24732461
Topaz1,0.798759023,1.942132382
Kank1,0.798302313,15.9334126
Strip2,0.798292233,14.14982164
Gm27198,0.797677105,7.332540626
Bmper,0.797603247,45.93737614
Clnk,0.797269268,12.48513674
Elp5,0.797253027,37.93103448
Cdh20,0.796855549,60.6817281
E130114P18Rik,0.796702193,9.393579073
Myom3,0.796647051,2.338485929
Gm16365,0.796515944,5.073325406
Sec16b,0.796438599,6.183115339
Ttf2,0.795669039,5.866032501
Pfkfb4,0.795611922,36.14744352
Nlrp12,0.795467805,3.369005153
Gm43122,0.795398383,14.42726912
Gm20496,0.794300626,0.515259612
Cped1,0.794072969,16.09195402
Ccdc146,0.793475612,4.994054697
1700021F05Rik,0.792460482,21.56163298
Pik3cb,0.791730236,30.75703528
Ifi27,0.791700016,41.69639318
Arhgef37,0.791196834,11.49425287
Gm15418,0.790869835,8.640507333
Thbs4,0.790247986,2.021403092
9530036O11Rik,0.790159293,31.70828379
Slc19a2,0.790119628,8.561236623
Sdsl,0.789788652,15.97304796
Nme8,0.78956962,1.545778835
Prima1,0.788509133,13.23820848
Plod1,0.788415214,11.09789933
Gm8104,0.788086432,1.981767737
Adam19,0.787411135,35.23583036
Gm29543,0.787367754,2.576298058
Sept4,0.787248632,50.05945303
Ptgis,0.787097913,3.329369798
Aldh1a3,0.787038384,1.625049544
Prph,0.786823891,53.1510107
Adam2,0.786776598,6.262386048
Slfn5os,0.786229682,1.307966706
Nsl1,0.785789948,0.832342449
Card9,0.785472963,1.228695997
Thrb,0.78498852,77.20967103
Itga9,0.784922557,14.82362267
Glyat,0.784066517,1.426872771
Zfp433,0.783756375,22.03725723
4933413L06Rik,0.78373821,31.66864843
Zfp932,0.783511919,25.88188664
Scarf1,0.783205094,1.664684899
Tmc6,0.782990866,2.853745541
P2rx3,0.782900323,2.25921522
Camk1d,0.781514543,76.25842251
Gm13112,0.781440321,19.06460563
Masp1,0.781266075,10.38446294
Has3,0.781097553,3.250099088
Tbc1d1,0.780586511,38.36702338
Itgae,0.780496116,7.768529528
RP23-306P12.4,0.780352579,0.435988902
Eif2ak3,0.78025995,30.63812921
Adap2os,0.780090489,3.567181926
Adora1,0.779875627,15.37851764
Wfdc8,0.7794472,2.972651605
Ccnb1,0.779342656,0.951248514
Sphk1,0.778477531,1.942132382
Gm28845,0.777526001,1.347602061
Gm16751,0.777165409,0.75307174
Etnk2,0.776724358,24.57391994
Smc4,0.775731214,6.341656758
Cyp2c65,0.775634912,1.545778835
Zar1,0.775574693,3.329369798
Hacd4,0.775085794,11.57352358
Asap2,0.775065715,47.04716607
Ttll8,0.774635044,6.381292113
Pfkfb3,0.774302001,15.81450654
Sec24d,0.773993775,40.30915577
Gm26611,0.773650352,1.823226318
Lrrc20,0.773310138,30.75703528
Frmd6,0.773067974,15.21997622
9330158H04Rik,0.772970352,37.13832739
Col4a6,0.772288291,5.905667856
Csgalnact1,0.771670918,46.80935394
Cstad,0.77161269,1.426872771
A530013C23Rik,0.771417435,3.210463734
Selenbp1,0.771382981,7.411811336
Trp73,0.770794469,8.680142687
Cyp2c55,0.770756927,3.091557669
Tprg,0.769705743,2.061038446
Chdh,0.769537203,1.942132382
Fryl,0.768762194,62.94094332
Cd55b,0.768516132,1.387237416
Got1l1,0.768432598,2.497027348
Zfp385c,0.768189104,3.250099088
Limk1,0.768049052,49.70273484
Clca4b,0.767705129,5.350772889
Scn4b,0.76754143,7.768529528
Rhoq,0.767304363,42.09274673
Isoc1,0.767004831,3.804994055
Kcnk9,0.76683965,4.716607214
Agpat9,0.766431198,16.68648434
Nfib,0.765620122,45.73919937
Cnksr3,0.765349532,6.817281015
Nostrin,0.764531832,1.823226318
Gm12681,0.764196636,0.634165676
Vamp1,0.76394904,25.80261593
Foxo6os,0.763583964,2.021403092
Gm44040,0.763489126,2.021403092
4930452B06Rik,0.763074902,19.54022989
Rbbp8,0.763033443,22.27506936
Slc18a1,0.762966203,6.539833532
Lsm11,0.762721711,8.20451843
Lin54,0.762534048,21.64090369
Gm30382,0.762135786,57.66944114
4930455H04Rik,0.761987717,1.030519223
Lrrk2,0.761453948,30.51922315
Gm13943,0.761437776,1.109789933
Gm29530,0.761368933,1.823226318
Gsap,0.761314896,25.88188664
Susd2,0.761104918,17.20174396
Sox8,0.760228262,6.975822434
Abcc6,0.760176267,2.615933413
Lrsam1,0.759866013,31.98573127
Psmd3,0.759742974,29.05271502
Rnf112,0.759512185,51.20887832
Adig,0.759209033,1.545778835
Gm28694,0.759170821,1.823226318
Igsf21,0.75839668,32.14427269
Spink13,0.758180413,4.558065795
Chek2,0.758090136,4.399524376
Miat,0.757760028,88.267935
Gm13031,0.757540936,2.734839477
Htr7,0.757533762,30.36068173
Fanca,0.757201757,4.914783987
Fcer2a,0.756580638,5.905667856
A4galt,0.756376321,16.2901308
Prune2,0.756351864,95.67974633
2010007H06Rik,0.755474314,1.704320254
Gm13974,0.755423883,11.21680539
Rhoj,0.754818982,11.81133571
Glra1,0.75454302,74.15774871
Kctd17,0.754494853,6.341656758
Colgalt2,0.754421764,4.359889021
Gm12576,0.754244109,10.66191042
Gm12153,0.754098621,1.426872771
Arhgef6,0.753918759,23.86048355
Nuggc,0.753047964,1.070154578
Draxin,0.751487888,2.338485929
Adgrd1,0.751265365,6.658739596
Gm29502,0.751193548,12.32659532
Gm17359,0.750798368,31.98573127
Col4a1,0.750562938,18.07372176
Gm7030,0.750044677,4.756242568
Cntn2,0.748845458,24.97027348
Gm26867,0.748637293,0.515259612
Rasgef1c,0.747627184,12.68331352
2310016G11Rik,0.747521259,0.990883868
Plek2,0.74751313,30.95521205
Gm3985,0.745407011,2.061038446
Nmur2,0.74497775,25.68370987
Usp9y,0.744925081,15.10107015
Gm26899,0.744487161,10.70154578
Gm12648,0.744317076,13.15893777
Zfyve28,0.743436022,55.37059057
Adam11,0.743391915,34.56202933
Mctp1,0.742201064,84.85929449
Trim36,0.742005594,9.393579073
Dusp27,0.741890599,1.625049544
Ttc39a,0.741839477,22.98850575
Slc22a30,0.741452294,1.149425287
Cplx1,0.741294635,44.3123266
Micalcl,0.740438017,3.131193024
P2rx7,0.740323824,4.359889021
Bcas3os2,0.740076594,2.061038446
Abtb2,0.740032758,35.23583036
Tiam1,0.739177103,29.6868807
Popdc3,0.738952659,18.3908046
Gm43674,0.738545667,0.673801031
Aff1,0.737852479,28.10146651
Nxpe3,0.73730175,38.24811732
Dgkg,0.736473855,56.79746334
Slc25a30,0.736416495,3.051922315
Lmo1,0.736192464,5.667855727
Itgav,0.736086695,13.35711455
St3gal6,0.735364567,22.23543401
Kazald1,0.735336874,5.350772889
Epha7,0.735107564,56.83709869
Gm15341,0.73479495,3.68608799
Lrrc27,0.734337775,5.27150218
A330102I10Rik,0.734092448,84.34403488
A330050F15Rik,0.733615611,12.28695997
Golim4,0.733218857,31.94609592
Spats2,0.733132274,41.57748712
Fkbp5,0.732686063,37.57431629
Zfp114,0.731747751,2.972651605
Gen1,0.731330308,2.536662703
Actg2,0.73094279,2.100673801
Cyyr1,0.730918463,14.30836306
Gm13523,0.730708247,0.832342449
6720483E21Rik,0.730448634,3.963535474
Tec,0.730436559,1.426872771
Gm13944,0.730360711,33.0162505
Tmem255a,0.730216668,63.25802616
Rapgef3,0.729718471,9.78993262
Hapln3,0.728913966,1.704320254
Gm14412,0.728716364,2.100673801
Cenpm,0.728248741,1.783590963
Rbms2,0.728157763,24.65319065
Laptm4b,0.727939138,27.74474832
Tecpr1,0.727702699,51.28814903
Mfap3l,0.727689292,20.41220769
4930415F15Rik,0.72766164,4.399524376
Tpd52l1,0.727547583,30.43995244
Mest,0.727535059,20.80856124
Sh3pxd2a,0.727518766,38.36702338
Vash1,0.726007578,13.19857313
Kcnab2,0.72573373,25.60443916
Serpinf1,0.725608411,7.292905272
Abca7,0.725490706,41.81529925
A830082K12Rik,0.725383056,43.55925486
Dbpht2,0.72502355,8.759413397
Cds1,0.724787949,24.29647245
Zfp454,0.724244729,2.93301625
Rph3a,0.724083358,66.03250099
Raver2,0.723935412,15.69560048
Kcng1,0.72386218,8.085612366
Abca6,0.723542065,10.14665081
Sfrp4,0.723504629,3.210463734
Sppl2b,0.723414522,29.09235038
Anxa6,0.723286118,46.57154182
Esyt1,0.723135084,11.37534681
Zfp385b,0.723002003,71.89853349
Dyrk3,0.722879507,6.975822434
Sertad2,0.722596475,48.23622671
Gm7945,0.722543913,0.713436385
Gm37336,0.721944626,1.545778835
9530077C05Rik,0.721640795,28.33927864
RP23-466J17.3,0.720982731,8.323424495
Gipc2,0.720281507,16.52794293
Tlcd2,0.720122059,14.50653983
Adcy1,0.719636217,20.33293698
Gm21814,0.719605463,14.94252874
Lats2,0.719557606,18.90606421
Scn1b,0.718961055,26.99167658
Peli2,0.718403972,22.1561633
B4galnt3,0.718098289,6.856916369
Zfp871,0.717848557,20.96710266
Ryr3,0.717470717,90.56678557
Sema3b,0.717291032,1.307966706
Syndig1l,0.716828983,12.00951249
Pole,0.716522703,6.658739596
Fut7,0.716208257,1.109789933
AI606181,0.716154909,2.695204122
Tgfbi,0.716118416,1.466508125
Vcpkmt,0.716002656,6.579468886
Plch1,0.715898449,15.89377725
Tbx15,0.714872738,2.893380896
Nudt22,0.714389054,5.94530321
Gm19705,0.714237997,7.173999207
Gm16833,0.713994517,9.393579073
Ccdc69,0.713554518,1.387237416
Bcat1,0.713528699,38.80301229
2610028E06Rik,0.713180145,2.853745541
Gm13629,0.713117444,54.61751883
Ankrd29,0.71247268,28.33927864
Plbd2,0.712423841,20.76892588
Cdc14a,0.712231108,8.164883076
Flot1,0.71160439,42.44946492
3110035E14Rik,0.711575349,9.433214427
A330069E16Rik,0.711119236,27.2294887
Cd1d1,0.710976364,6.302021403
Gm826,0.7105882,0.75307174
Ropn1,0.710248082,2.536662703
Gm13912,0.709812614,21.40309156
Card10,0.709484222,5.152596116
Atp1b3,0.70942395,48.23622671
Pbld2,0.70915405,11.49425287
Pik3cd,0.709063964,23.10741181
Fndc1,0.708804294,9.829567975
Pparg,0.708242084,19.54022989
Piwil2,0.708170922,4.637336504
Nanos2,0.70815719,2.338485929
Ecel1,0.707808919,46.92826001
Cacng2,0.707786008,46.92826001
Pacsin2,0.707152192,32.69916766
Prom1,0.707101443,2.021403092
Gcm1,0.705663302,2.100673801
Hr,0.705564636,4.994054697
Taf4b,0.70414389,13.79310345
Gm27010,0.703708394,0.832342449
Rab11fip1,0.703612144,5.073325406
Nfkbiz,0.703573098,8.402695204
Col6a4,0.703249163,2.893380896
Fignl2,0.703136761,1.743955608
Slc36a3,0.703088216,3.7653587
Nr1i3,0.702968534,1.625049544
Actr3b,0.702004109,26.00079271
Myh7b,0.70151242,4.795877923
Gm34086,0.701496655,16.36940151
Nrip1,0.700969388,38.28775268
Eef2k,0.70088875,39.43717796
Stat6,0.700631525,4.359889021
1700086L19Rik,0.700237192,7.491082045
Lyst,0.700102913,62.30677765
Dexi,0.699766385,32.2235434
Gm12239,0.699648245,73.00832342
Stx4a,0.699540266,32.38208482
L3mbtl1,0.699378778,20.45184304
Gm8257,0.699276507,23.30558859
RP23-178C20.4,0.699053485,0.158541419
Tnfaip8l3,0.69886395,2.338485929
Tspan12,0.698741597,19.14387634
Trim80,0.698497919,0.713436385
Cabp1,0.698418624,54.10225922
Shh,0.698336803,2.417756639
Vill,0.697926151,1.149425287
Tmprss9,0.697916474,5.231866825
Galnt9,0.697874145,25.64407451
Peli3,0.697580465,12.44550139
F930017D23Rik,0.6974614,1.268331352
Lgi3,0.696541293,29.21125644
Susd3,0.696206659,2.100673801
Gm14487,0.696184488,1.070154578
Arhgap18,0.695741608,67.53864447
4930578G10Rik,0.695338176,55.56876734
Smco3,0.69467576,2.457391994
Kif6,0.694249331,14.42726912
Cyp4f16,0.694211339,8.95759017
Mgmt,0.693790909,7.609988109
Col4a2,0.693572866,30.71739992
Cep85l,0.693485843,32.10463734
Isg20,0.692959711,0.792707095
Kcnc3,0.692762467,39.87316686
Avpr1a,0.69212895,2.417756639
Gm38304,0.691881315,41.77566389
Mcu,0.691834323,59.33412604
Olfml2b,0.691575453,9.512485137
Gm43832,0.691515158,2.179944511
Tmem217,0.691494215,1.189060642
Tm6sf1,0.690812433,22.35434007
1110008P14Rik,0.689879671,21.44272691
Sptssb,0.689639298,4.835513278
Dnm3os,0.689380417,1.625049544
Adra1b,0.689380075,14.54617519
Mob3b,0.688889164,12.68331352
Rab11fip5,0.688553964,17.43955608
Gm38392,0.688458067,4.478795085
Acpp,0.68828345,5.509314308
Pcbp3,0.687915369,75.307174
Rgs7bp,0.687609787,80.65794689
Tesk2,0.687464602,23.50376536
Catsper3,0.687196857,10.82045184
Iffo1,0.686860809,27.26912406
BC049352,0.686433141,2.061038446
Cchcr1,0.685842522,5.19223147
Chil1,0.685696435,3.369005153
Mettl21b,0.685537061,2.695204122
Chrm2,0.685509092,86.28616726
Dera,0.685493145,8.402695204
Amelx,0.685410431,3.250099088
A830019P07Rik,0.685169544,12.20768926
1700007P06Rik,0.685159588,0.435988902
Spdl1,0.684965794,1.268331352
Col11a1,0.684943452,42.33055886
Gm42649,0.684704308,26.83313516
9030624G23Rik,0.684058422,21.16527943
Hhipl1,0.683731812,14.38763377
Tmco4,0.683730482,7.253269917
Lysmd3,0.683511293,10.02774475
Best3,0.683199349,1.268331352
Dkk3,0.683070371,23.26595323
Tuba1c,0.682943161,0.634165676
Gm16553,0.682020909,1.307966706
Fat3,0.681782601,66.15140706
Cry2,0.681619075,27.38803012
Egln3,0.681431867,1.783590963
Eif4ebp1,0.681401553,1.585414189
Slit2,0.681100383,92.82600079
RP24-185P7.1,0.681052374,1.268331352
Bcar3,0.681031355,12.36623068
Lppos,0.681014986,2.25921522
1700016C15Rik,0.680699375,0.792707095
Phactr2,0.680625598,30.00396354
Gm28875,0.680582491,2.853745541
Adgrv1,0.680336616,15.73523583
Hs2st1,0.679773131,66.74593738
Cilp,0.679637015,2.140309156
Gm15496,0.679635881,3.051922315
Scrn3,0.678999415,15.25961157
Tgfb2,0.678907563,7.5307174
Ccdc136,0.67874792,53.46809354
Mapk12,0.678525433,15.57669441
4833422C13Rik,0.678462281,7.332540626
Gm26532,0.678210725,9.314308363
Kcnrg,0.677432033,9.948474039
Gbe1,0.677130064,23.70194213
9430037G07Rik,0.676477471,2.814110186
Gm42912,0.676266195,0.951248514
Mitf,0.675803105,33.49187475
Nek6,0.675514001,7.372175981
Pantr1,0.674831003,28.85453825
Abcd4,0.67454095,28.97344431
Gm17171,0.674499419,3.091557669
Tvp23bos,0.674021125,0.713436385
Itpr1,0.673812668,43.47998415
Snx24,0.673776459,44.82758621
Olfr920,0.673754626,1.109789933
Vangl1,0.673526958,9.314308363
Gucd1,0.673227908,20.65001982
Gm1305,0.672812747,2.615933413
Fbxo27,0.672752875,5.707491082
Apol8,0.672553679,1.664684899
2210011C24Rik,0.671896387,2.219579865
Hydin,0.671782484,9.671026556
Zyx,0.671441072,9.908838684
Gm10600,0.671357867,12.00951249
Rest,0.671037565,4.201347602
5031439G07Rik,0.670845422,59.29449069
9130409I23Rik,0.670832334,1.228695997
D930032P07Rik,0.67065593,2.417756639
Ranbp3l,0.670394497,2.100673801
Etl4,0.669383323,94.76813317
Umad1.1,0.669251381,6.183115339
Tubb6,0.669116414,0.990883868
Uvrag,0.669063362,58.30360682
Chst3,0.668614036,3.131193024
Klf1,0.668433564,0.832342449
B430203G13Rik,0.668293549,2.298850575
Kctd16,0.667988628,76.73404677
Lpp,0.66768212,67.3404677
Vmn2r85,0.667496517,15.10107015
2900026A02Rik,0.667114104,11.93024178
Man2b1,0.666930534,22.1561633
Sfmbt2,0.666593936,27.62584225
Focad,0.666567397,77.80420135
Gm4794,0.666322564,2.140309156
Nebl,0.666033358,86.08799049
Jak1,0.66599299,42.60800634
Tmem211,0.665711199,0.832342449
Smad9,0.665377847,9.076496235
Tespa1,0.665228593,5.469678954
Spink10,0.664322814,50.37653587
2810459M11Rik,0.664109031,14.14982164
Amd2,0.663333149,4.320253666
Abcb9,0.663324966,28.61672612
Iffo2,0.662973355,10.58263971
Gm43150,0.662873984,2.734839477
Azin2,0.662667366,34.72057075
Hells,0.662511862,18.27189853
Wisp1,0.662301508,1.347602061
Osbpl7,0.662130003,18.90606421
Stk40,0.661186327,26.11969877
Myh9,0.661140059,24.73246136
Ano4,0.661025246,74.39556084
Stk10,0.660191126,19.50059453
Ppm1e,0.659299728,92.42964725
Stpg1,0.659097736,13.19857313
Reep3,0.658399434,39.99207293
Abcb4,0.658316339,15.89377725
Itk,0.658030966,2.25921522
Fam131c,0.658001235,7.649623464
Rgsl1,0.657860601,3.01228696
Xpnpep1,0.657634853,29.64724534
Nudt12,0.657522532,6.222750694
C1rl,0.657285342,0.951248514
Gm43458,0.65714942,2.378121284
Zbtb1,0.656877285,9.948474039
Gm11713,0.656046032,12.32659532
Pih1h3b,0.656004649,0.871977804
Tgfb1,0.655800013,1.704320254
Ankle1,0.655065355,0.951248514
Gm17102,0.655010571,2.497027348
Ppm1j,0.654802261,4.558065795
Kcnk12,0.654556919,7.332540626
Dtnbp1,0.654031453,34.95838288
Clybl,0.653707741,41.22076893
Afap1l1,0.653330751,3.606817281
Hddc2,0.653264195,16.88466112
Traf6,0.653020206,16.17122473
Slc47a2,0.65300924,3.804994055
Sfxn5,0.652891996,62.86167261
Fam188a,0.652415532,37.73285771
Gm44051,0.650857236,19.97621879
Gfod1,0.650133895,33.65041617
Uck2,0.649870397,24.33610781
Gm14064,0.649399227,3.68608799
Mlxipl,0.64929701,2.417756639
Pls1,0.649187272,23.26595323
Adamts1,0.649125703,1.902497027
Adcy8,0.648960025,60.08719778
Map3k9,0.648925255,14.34799841
RP24-444C13.27,0.648904925,0.039635355
Usp25,0.648851514,40.86405073
Sytl2,0.648810329,20.57074911
Mtap,0.648785562,7.491082045
6030443J06Rik,0.648623007,41.57748712
Ddx11,0.648204012,4.201347602
Acacb,0.648101766,8.481965914
Anks1,0.648021463,43.67816092
D630003M21Rik,0.647660677,4.003170828
Otof,0.647053792,14.30836306
Ttll7,0.647026844,53.9437178
Gm7233,0.6461981,1.347602061
Gm37982,0.646137667,14.6254459
Dopey2,0.646133647,52.55648038
Spata6,0.646026554,29.64724534
A930029G22Rik,0.645978267,13.11930242
Gadd45b,0.645944694,1.664684899
Foxj1,0.645784474,3.170828379
Mknk2,0.645687333,7.609988109
Gata4,0.645493873,4.082441538
Grhl3,0.644363243,1.585414189
Camkk1,0.644153212,18.11335711
Homer3,0.644042229,2.298850575
Prdm9,0.643298704,5.112960761
Adamtsl3,0.642982647,16.80539041
Gm10822,0.642977395,4.51843044
Stambp,0.642634564,20.25366627
D1Ertd622e,0.642137859,15.77487119
Msh5,0.642067891,6.619104241
Lmf1,0.642057602,23.74157749
Cit,0.641721416,90.88386841
Trpv3,0.641559776,1.070154578
Tradd,0.641524596,5.94530321
Erich6,0.641364874,5.588585018
Cdr2l,0.641004539,9.552120491
Mccc1os,0.640824115,2.655568767
Dock2,0.640130774,6.817281015
Prss16,0.640120502,0.039635355
Zfp180,0.639673961,8.878319461
Tnfrsf25,0.639489495,1.704320254
5031414D18Rik,0.639322428,1.585414189
Rell2,0.638481833,33.76932224
Gm11250,0.638072371,13.55529132
Ppil6,0.637801852,14.74435196
Wdr45,0.637734609,1.426872771
3300002I08Rik,0.637085986,22.1561633
Tnfrsf22,0.637056827,5.073325406
Fxyd7,0.636473591,28.14110186
Gssos1,0.636243982,3.289734443
Slc35d2,0.636182876,2.338485929
P3h2,0.635927275,30.67776457
RP23-21B1.5,0.635714337,0.396353547
1700003F12Rik,0.635565272,5.588585018
Plekhh3,0.63548266,11.732065
Gm9268,0.635428085,1.862861673
Gm9947,0.635318127,3.804994055
Synm,0.634795529,3.963535474
Mknk1,0.634745177,17.99445105
Gk,0.634723918,33.37296869
Echdc3,0.634528542,1.109789933
Pycard,0.634333887,22.31470472
Kcnab1,0.633982088,86.40507333
Hes1,0.632674501,4.161712247
Bco1,0.632460218,2.655568767
Cobll1,0.632451378,9.512485137
Lynx1,0.632090959,37.25723345
Fam135b,0.631395081,91.20095125
Tfg,0.630871352,30.51922315
RP23-458C8.2,0.630374754,2.893380896
Ddr2,0.630139233,10.26555688
Unc5cl,0.629732206,5.866032501
Zcchc4,0.629193388,27.50693619
Cpeb1,0.629190003,62.54458977
Tmem40,0.628861522,1.704320254
Oma1,0.628481469,16.32976615
Wdr25,0.628432386,16.13158938
Arfgap3,0.628295665,41.02259215
Fam196a,0.62728487,10.74118113
Fggy,0.626988118,49.10820452
Ano6,0.626961198,60.2457392
Il3ra,0.626509917,3.091557669
Sema7a,0.626102648,5.311137535
Adora2b,0.625864461,2.061038446
Clstn2,0.625631159,91.31985731
Epb41l3,0.625549974,94.76813317
4930533B01Rik,0.625464205,1.783590963
Gm28652,0.625460385,1.625049544
Hspb8,0.625454825,7.609988109
Vit,0.62511691,8.244153785
Gm19461,0.624467236,15.29924693
Fbxw7,0.62433435,47.60206104
4930458D05Rik,0.624223847,3.804994055
Map3k6,0.623952916,1.981767737
Lgals9,0.623088592,3.567181926
Stra6l,0.622655697,1.50614348
Sema3a,0.622245279,45.02576298
Igf2bp2,0.622232022,5.707491082
Ankub1,0.62222765,3.804994055
Car7,0.621860431,10.18628617
Tcf19,0.621632434,0.673801031
Gm1043,0.621551716,53.11137535
Gsr,0.621516837,20.4914784
Ptchd4,0.621319273,78.99326199
Gria3,0.621129891,88.38684106
Grk5,0.620059574,53.42845818
Gm2762,0.619491547,16.32976615
Gm20468,0.617886731,3.01228696
Wdr44,0.617835379,30.08323424
Pus7l,0.617518567,1.783590963
Ackr1,0.617454251,16.25049544
Cdh12,0.617268341,81.92627824
Ces4a,0.616953563,5.19223147
Tnfaip8l1,0.616586762,2.695204122
4930545L23Rik,0.616372302,20.96710266
Lgr5,0.615839505,28.77526754
Pdgfc,0.615215487,33.05588585
Rasl10a,0.614978031,4.399524376
Plcd4,0.61473515,13.11930242
Dach1,0.614021922,55.05350773
Tmem30c,0.613838695,4.359889021
1700113H08Rik,0.613624118,3.527546572
Gm16083,0.613500309,60.12683314
Nrg4,0.613193135,14.58581054
Fndc4,0.613161364,30.04359889
Ubash3b,0.612995489,43.12326595
Gldn,0.612580399,3.884264764
Ablim2,0.612329404,67.81609195
Hormad2,0.612142358,1.981767737
Elf2,0.611341986,27.50693619
Ccdc34os,0.61122989,2.338485929
Tmem132b,0.610872122,56.99564011
Alpk1,0.610865521,4.478795085
Shisa4,0.610828306,26.59532303
Plekhh2,0.610816225,17.91518034
Pvt1,0.610671358,52.75465715
Fut2,0.610643768,1.347602061
Trim72,0.610580701,0.158541419
Siah3,0.609899985,24.13793103
Gm13029,0.609045161,0.039635355
Arhgap28,0.60887035,11.17717004
Ubxn2b,0.608413399,22.63178755
Epha3,0.608376884,47.87950852
Bicd2,0.608347697,18.43043995
Ccdc93,0.608213057,23.10741181
Zfp286os,0.60769622,2.219579865
Klhl12,0.607529266,36.34562029
Htr3a,0.607049118,0.75307174
Eln,0.606230542,9.274673008
Abca17,0.606220417,7.808164883
Aldh1b1,0.606064072,3.7653587
4930556J24Rik,0.606055578,37.09869203
Ehd2,0.605403258,2.615933413
Fam26e,0.605375178,1.902497027
Anxa13,0.60510401,2.853745541
Gm5627,0.604933038,2.021403092
Dync1i1,0.604364507,88.94173603
Pdcd1,0.604329237,0.317082838
Pls3,0.604152481,39.08045977
Sh3bp2,0.603147689,4.082441538
Tnfsf4,0.602996457,1.625049544
Larp1b,0.60268227,35.90963139
Gm17382,0.602222492,7.411811336
1700092M07Rik,0.60213545,0.277447483
Ppp4r4,0.601761957,32.93697979
Myh3,0.601420754,11.77170036
Spint2,0.601283517,23.58303607
Chsy3,0.601269258,67.65755054
Grin2a,0.601140797,80.69758224
Pik3r2,0.601023364,11.45461752
Clcnka,0.600326556,1.664684899
Eda,0.599548273,39.3182719
Ezh2,0.599441797,22.1561633
RP23-174K7.1,0.598962702,0.277447483
Frmd8,0.597466033,11.61315894
Rad18,0.597212684,17.79627428
Dse,0.597195996,18.03408641
Tox3,0.597154148,14.70471661
Ehd3,0.596667969,11.01862862
Irak4,0.596334397,6.143479984
Qk,0.596332323,71.85889814
2810425M01Rik,0.596271037,16.17122473
Mthfsd,0.596106499,29.17162109
Ccdc150,0.595911104,8.442330559
Herc3,0.595837325,56.40110979
Rhbdl3,0.595603585,45.02576298
Slc25a26,0.595266479,31.58937772
March3,0.594952041,47.99841459
Vav2,0.594900718,23.70194213
6330409D20Rik,0.594669263,1.942132382
Tdg,0.594643972,14.22909235
Tpx2,0.594611124,4.914783987
Epha4,0.594611068,29.44906857
F830045P16Rik,0.594481788,2.338485929
Ptpn3,0.594192797,35.23583036
Adra1a,0.59319914,42.13238208
Teddm3,0.593076462,0.792707095
Fut9,0.592905682,65.87395957
Htatip2,0.592720932,6.341656758
Rgs22,0.592631774,6.856916369
Gm12394,0.592434418,38.72374158
Mab21l3,0.59240684,3.091557669
Tmtc2,0.592211897,85.57273088
Llgl2,0.591943994,0.594530321
Pitpnc1,0.591580373,75.34680935
Brip1,0.591283348,5.073325406
Rsad1,0.591127993,12.1680539
Luzp1,0.590356142,66.42885454
1110019D14Rik,0.590325136,24.57391994
Lrtm1,0.590155365,11.69242965
Ephb3,0.589553635,1.783590963
Gsn,0.589511676,8.402695204
Mcf2,0.589181848,12.84185493
Calca,0.589179893,13.63456203
Plekhg5,0.588530883,18.43043995
Hacd2,0.588227382,36.34562029
Slc28a1,0.588166829,1.189060642
Dapk2,0.587855607,2.814110186
4933416M07Rik,0.587746343,9.671026556
Gm43666,0.587528047,2.338485929
Cables1,0.58748776,11.96987713
F630040K05Rik,0.587483277,1.743955608
Rnf213,0.587477896,11.732065
Ubap1l,0.587368973,32.42172017
Akap12,0.587327014,53.26991677
Cat,0.587086926,9.671026556
Uhrf1bp1l,0.586530416,51.0503369
Gm37240,0.586124975,69.95640111
Net1,0.586079663,5.588585018
Tll1,0.586048747,25.24772097
Zfp367,0.585934242,9.512485137
Lrrfip2,0.585717282,43.24217202
Lactb2,0.585542173,25.4855331
Fign,0.585211646,39.04082442
Gm26588,0.585094665,0.515259612
Sh2d3c,0.585057977,19.34205311
Gm8871,0.584462365,4.875148633
Sirt6,0.583924702,18.90606421
Cacna2d4,0.583854905,29.96432818
Pwwp2b,0.58311807,3.329369798
Gm7160,0.583081464,3.091557669
Rtp3,0.582795755,2.853745541
Kcnj12,0.582502711,5.747126437
Gm1976,0.582350367,48.9496631
Tmem232,0.582224471,8.719778042
Snapc2,0.582092763,5.469678954
Gm28448,0.582016374,0.634165676
3632451O06Rik,0.58192823,37.13832739
Appbp2os,0.581836637,5.509314308
Tmem104,0.581771839,9.750297265
Rassf5,0.581717768,10.38446294
Pigz,0.581490214,9.71066191
Dusp15,0.58136273,24.53428458
Tcea2,0.580235977,30.36068173
Gm43824,0.580090164,7.927070947
Gpr68,0.579802466,7.570352755
Kat2b,0.579678724,47.08680143
Nedd9,0.579640205,19.30241776
Tmem52b,0.578937986,0.039635355
Cenpi,0.578838399,3.527546572
Cd300lf,0.578804506,2.893380896
Plet1os,0.578354694,1.981767737
Tnr,0.578310206,88.62465319
Gm13307,0.578275689,3.606817281
Smad1,0.57789128,43.63852556
Runx2os1,0.577381663,0.515259612
Rgs11,0.576695996,47.52279033
Gm28501,0.576677858,3.01228696
Nr3c2,0.576550819,82.75862069
Utrn,0.576512634,57.51089972
Snph,0.576480439,65.55687673
Gm7221,0.576357851,10.8600872
Sptan1,0.576266621,80.49940547
Abhd2,0.575813399,35.67181926
Nhsl1,0.57550661,15.29924693
Aven,0.57541526,16.7261197
Nek7,0.575369507,27.98256044
Sipa1l1,0.575207743,58.18470075
Gm16263,0.575162549,3.329369798
Klf10,0.575156699,8.045977011
Tfeb,0.57485537,9.03686088
Trpm2,0.574695088,26.55568767
Adam23,0.574507195,82.12445501
Mkx,0.574391838,30.71739992
Tspan18,0.57425541,22.27506936
Fmn1,0.57391801,61.79151803
Uhrf1bp1,0.573554459,12.48513674
Nr2f1,0.573508799,12.72294887
BC053393,0.573462254,2.615933413
Cacna2d3,0.572831934,86.24653191
Serping1,0.572510738,13.07966706
Gm15046,0.572214252,2.93301625
Wwp1,0.571827967,55.6084027
Mir124a-1hg,0.571647257,50.21799445
Dlx4os,0.571598595,0.118906064
Galnt12,0.571560009,4.478795085
Man1a,0.571273496,66.27031312
Pygb,0.571249236,46.45263575
Tfdp2,0.571213467,46.8489893
Gm15345,0.570775422,13.51565597
Gm26608,0.570767643,2.893380896
Tmem8,0.570755598,12.56440745
Sntb2,0.570464084,42.52873563
Gm10287,0.570027761,0.594530321
A330015K06Rik,0.569786469,20.33293698
Rnf207,0.569650336,12.1680539
Pcyt1b,0.569261782,25.921522
Gm7271,0.569217268,6.658739596
Skil,0.569136815,21.91835117
Sult6b1,0.568976194,1.50614348
Dgkz,0.568921656,39.08045977
BC035044,0.568559609,1.545778835
Ier5l,0.568264711,2.695204122
Gm26799,0.568252554,0.832342449
Ndrg2,0.568216861,37.69322235
Tle1,0.568082775,29.40943321
2010300C02Rik,0.567865656,11.65279429
Stk38l,0.567646509,11.77170036
Airn,0.56731907,47.99841459
Map4k2,0.567269932,46.73008323
Nr1h3,0.567231579,5.19223147
Gas6,0.566442868,29.44906857
Abhd3,0.566165379,21.48236227
Ift172,0.565886375,30.51922315
Pfkp,0.56563469,55.37059057
Esrrg,0.565488312,77.09076496
Gm11817,0.564306135,37.77249306
A330033J07Rik,0.564042231,27.34839477
Fam184a,0.563979926,50.614348
Pik3r1,0.563588903,41.65675783
Csmd2,0.563405569,82.12445501
Hdx,0.563137432,50.21799445
Wnt5a,0.562950663,4.478795085
Mettl24,0.562720847,9.155766944
Gm43735,0.562713807,0.039635355
Gm15486,0.562169714,0.951248514
Tusc5,0.561611043,1.149425287
Adarb1,0.561535867,43.67816092
Nmnat1,0.56063617,4.597701149
Frmpd3,0.560609144,53.70590567
Ndrg3,0.560311431,55.52913199
Kif5c,0.559596425,69.16369402
Stac2,0.559304553,32.18390805
9630028H03Rik,0.55920486,25.921522
Pet100,0.558995897,42.17201744
Hormad1,0.558706912,2.378121284
Recql4,0.558373991,1.783590963
Disc1,0.558311531,19.02497027
Etfa,0.558234624,53.26991677
Zfp169,0.558160417,25.60443916
Tpk1,0.55804312,40.03170828
Pus1,0.55791137,8.006341657
Spata17,0.557218124,8.085612366
Elavl2,0.55701099,92.58818866
Asap1,0.556908588,83.59096314
Thsd7a,0.556342732,64.09036861
Dock9,0.556294304,66.86484344
Gm20508,0.555988133,1.387237416
Kctd9,0.555987626,10.89972255
Prdm5,0.555943118,20.4914784
Ell2,0.555901574,20.21403092
Usp13,0.55570545,45.10503369
Pdlim7,0.555699537,59.84938565
Ablim1,0.555674154,79.90487515
Pdhx,0.555347833,34.48275862
Trim3,0.555304886,31.58937772
Prrg4,0.555108072,9.076496235
Gm29415,0.555044809,3.210463734
Ttll5,0.554799873,60.12683314
Def6,0.554752492,4.875148633
Abcd2,0.554731901,11.65279429
Nkain3,0.554520763,77.88347206
Slc25a13,0.554467908,24.57391994
Tas1r1,0.554436598,3.7653587
Gm16189,0.554155051,20.96710266
Rap1gap,0.554014125,65.63614744
Hspa4l,0.554006972,55.2516845
Haghl,0.553894023,65.27942925
Gm12536,0.553430439,2.734839477
Adgra1,0.553420398,35.67181926
Klhl10,0.553279718,35.90963139
Gm4211,0.553202546,3.7653587
Zfp809,0.552896599,10.50336901
Mgll,0.552398856,23.26595323
Gm17473,0.552182597,1.228695997
Gin1,0.552180759,20.76892588
Rit1,0.551902346,19.61950059
Lurap1l,0.551790911,22.82996433
Zfp217,0.551701881,2.298850575
Sp6,0.551628999,1.664684899
Lrriq3,0.55147067,4.280618312
Dck,0.551418871,7.966706302
Slitrk5,0.55123135,21.48236227
Atg7,0.550862865,25.36662703
Fbxo32,0.55060877,4.240982957
Blvrb,0.550414102,8.164883076
Gm10552,0.550272726,2.93301625
Gm13844,0.550214987,6.341656758
Ankrd55,0.550146503,54.77606025
Rhd,0.549464255,21.56163298
Sorcs2,0.549200419,19.06460563
Agtr1b,0.549126826,2.378121284
Glis1,0.548965731,15.33888228
Tmem150c,0.548725973,32.38208482
Hmbox1,0.548214984,56.20293302
Kcnip1,0.547422534,62.70313119
P4ha2,0.546905336,15.61632977
Bckdhb,0.546692233,52.51684503
Tgfb3,0.546581882,4.875148633
Parva,0.546519896,23.86048355
Lhfp,0.546497807,19.34205311
Plcb3,0.546288535,3.329369798
Gprc5b,0.546234911,17.87554499
Ift43,0.546188139,32.54062624
Fbxw8,0.546030307,35.47364249
Slc16a9,0.545937552,7.570352755
Map2k3os,0.545860394,3.646452636
Cd99l2,0.545676768,36.06817281
Kcnh1,0.545566803,47.7209671
Prkcz,0.545543303,59.8097503
Gm28836,0.545501257,2.893380896
Acss2,0.545223555,42.05311138
Thoc6,0.545103119,9.78993262
Scube1,0.54505203,14.98216409
9530026P05Rik,0.544652515,30.00396354
Stxbp6,0.544626235,37.61395164
Tmlhe,0.544389939,43.71779627
St8sia1,0.544154208,31.58937772
Eya2,0.544081701,15.57669441
H2-T22,0.544019415,13.47602061
Atp8a2,0.543863896,72.88941736
Arl13a,0.543799294,3.250099088
Cntfr,0.543689001,28.14110186
Espl1,0.54359896,1.387237416
Zgrf1,0.543464732,8.323424495
Hdac8,0.543141809,69.83749505
Pxmp2,0.542982515,5.350772889
A330070K13Rik,0.542968715,0.871977804
Gm14546,0.542702391,1.862861673
D8Ertd82e,0.542646173,10.18628617
Cradd,0.542401007,22.1561633
Mybpc2,0.542347394,0.515259612
Btbd11,0.542007735,56.71819263
Gm42487,0.541959939,0.951248514
Adrb3,0.541836004,1.50614348
Ndufaf2,0.541804131,27.98256044
Ust,0.541663681,32.2235434
Gm14507,0.541150904,1.704320254
Pacrg,0.541037202,76.1791518
E2f3,0.540811997,17.87554499
9030617O03Rik,0.54069025,8.164883076
Afap1,0.540660858,27.82401902
Hcn1,0.540641967,93.77724931
Kcnt1,0.540607807,35.15655965
Bspry,0.540537536,2.219579865
Cdca7,0.539780315,0.713436385
Ints9,0.539777636,42.96472453
Rel,0.539773742,6.856916369
Kndc1,0.539613111,36.70233849
9930012K11Rik,0.539491577,5.27150218
Mtr,0.539335067,16.92429647
Cntnap1,0.539103119,25.88188664
Ttc39b,0.538940082,29.21125644
Cyp3a41b,0.538616851,0.039635355
Ldlrad4,0.538562697,76.37732858
Arsg,0.538497381,12.1680539
Mcm10,0.53829712,2.100673801
Cacna1g,0.538292355,21.08600872
Slc29a3,0.538168444,5.112960761
Stard10,0.537977071,13.04003171
Ube2g1,0.537938989,58.77923107
Ap3b1,0.537767075,50.93143084
Tns3,0.537702561,10.70154578
Cerkl,0.537567046,11.45461752
Clca3a1,0.537540631,1.585414189
Tmem184b,0.537333874,36.74197384
Brip1os,0.537066002,43.47998415
Slc9a1,0.536861678,32.38208482
Ifitm10,0.536754421,16.52794293
Sipa1l3,0.536682648,50.37653587
Ppip5k2,0.536448582,33.72968688
Slc29a4,0.536409942,8.799048751
Gm12089,0.536409758,3.369005153
Clcn2,0.536176946,14.14982164
Ctf2,0.536160307,3.408640507
Plekha5,0.536070005,80.7372176
Gatad2a,0.535868482,27.18985335
Snx10,0.535820776,46.96789536
Gm9888,0.53579387,0.118906064
Cmc2,0.535664868,13.67419738
Coro2b,0.535163917,31.90646056
Aspdh,0.535041496,2.814110186
D330050G23Rik,0.53470191,3.051922315
Slc4a3,0.534692529,42.88545382
Sorl1,0.534691042,45.30321046
Gm21798,0.534688475,14.82362267
Adam12,0.534394845,21.56163298
Inpp5k,0.534253693,29.56797463
Tnfrsf23,0.53372748,5.350772889
Kcnq2,0.533209894,58.50178359
Csrp2,0.533136201,4.399524376
Taok3,0.533090086,44.86722156
Prpf19,0.532854811,35.31510107
Stx8,0.532728096,48.23622671
Ppih,0.532516877,10.0673801
Slc25a33,0.532424582,13.63456203
AI481877,0.532088983,4.003170828
Car12,0.531871317,4.43915973
Tmem145,0.531848706,49.58382878
Gmpr,0.531754043,21.56163298
Syt3,0.531397222,23.54340071
Kcna2,0.531299443,17.75663892
Hectd2,0.531113479,19.89694808
B230312C02Rik,0.531096005,19.06460563
Dnajc17,0.531095472,41.61712247
Hsf4,0.530827575,17.47919144
Arhgef4,0.530630561,28.26000793
Kcnj2,0.530559717,2.140309156
Mblac2,0.530334859,61.87078874
Rapgef4os1,0.530322959,57.47126437
Barx2,0.530153272,2.417756639
Stim2,0.529951683,41.73602854
Mov10l1,0.529596398,2.497027348
Osbpl11,0.529449174,28.65636147
2410131K14Rik,0.529243128,12.00951249
Gpatch2l,0.528887514,27.82401902
Ppargc1a,0.528512181,34.44312327
Acad10,0.52848483,21.08600872
Kif21b,0.528413232,24.05866033
Ripk2,0.528296325,18.74752279
Sh3bp5l,0.528268302,22.98850575
Rhbdf2,0.528238497,2.100673801
St6galnac3,0.528084738,53.74554102
Gm9866,0.527855268,8.28378914
Atp12a,0.527798684,2.378121284
1600002H07Rik,0.527739775,5.27150218
Dbn1,0.527730674,49.94054697
Msra,0.527677052,26.51605232
Nwd2,0.527636518,32.26317876
Optn,0.527594744,26.04042806
Cic,0.527445821,19.77804201
Mei4,0.527326833,29.3301625
Wdr62,0.527270288,3.289734443
Ppp1r13b,0.527260243,46.88862465
Arhgap32,0.526557938,65.55687673
Rasgrp2,0.526482575,15.97304796
Stxbp2,0.526242355,8.164883076
1700019D03Rik,0.52579968,13.43638526
Rps6ka3,0.525759801,53.9437178
Gm29328,0.52535716,1.585414189
Myrip,0.524599954,30.67776457
Proca1,0.524447197,11.96987713
Gab2,0.524308494,74.67300832
Dcbld1,0.524275235,16.01268331
Rsu1,0.52407457,31.66864843
Ypel4,0.523956415,37.25723345
Dnajc21,0.523737491,19.42132382
Zfpm2,0.523529094,59.21521998
Zfp951,0.523522403,14.30836306
Ampd3,0.523422321,17.83590963
Ckmt1,0.522821147,36.18707887
Arap1,0.522508168,6.381292113
Plec,0.522081433,33.4522394
Snrnp48,0.52188148,70.35275466
Acadl,0.521445653,15.25961157
Lrpprc,0.521161541,40.11097899
Rell1,0.52110853,8.838684106
Gucy1b3,0.520733531,36.50416171
Eepd1,0.520709407,8.561236623
Metap1d,0.520555591,40.1902497
Nxpe2,0.520467109,11.17717004
Fbxo34,0.519926261,34.91874752
Lgr4,0.519773855,27.74474832
Evi5,0.519770373,66.50812525
Platr25,0.519671026,8.878319461
Myo1c,0.519453905,20.33293698
Ticam1,0.519366053,4.43915973
6530411M01Rik,0.519276248,1.228695997
Slc7a8,0.518964216,21.00673801
Tmtc3,0.518691509,27.62584225
Mark4,0.518682363,22.5921522
Clec16a,0.518494775,45.46175188
Kif22,0.518468898,6.936187079
Thsd1,0.518349273,6.183115339
Cers6,0.518284155,54.85533096
Osbpl6,0.518242668,86.32580262
St5,0.51820361,22.90923504
Fsd1l,0.518094272,34.56202933
Rassf3,0.51804025,14.74435196
Micu1,0.518003902,50.09908839
Dock1,0.517846784,21.04637337
Gm14139,0.51738627,0.158541419
Tnip1,0.517342834,13.27784384
Rps6kb2,0.517285224,32.97661514
Mccc1,0.517164143,42.72691241
Ankrd9,0.516616667,6.143479984
Vwa5b2,0.516357,51.96195006
Plscr4,0.516005935,18.23226318
Arhgef25,0.515843807,26.71422909
Lxn,0.515627903,8.085612366
Poc1b,0.515388147,14.90289338
Nlrp2,0.515276978,0.435988902
Mapk4,0.515260913,33.49187475
Pla2g7,0.515195317,23.66230678
Gm3848,0.515173083,2.655568767
Mypop,0.515019686,14.22909235
Nelfcd,0.514917016,15.25961157
Gpt2,0.514785853,16.17122473
Itga3,0.514649181,17.36028537
Camk2g,0.514426209,55.64803805
Tbc1d31,0.513887948,18.90606421
Sh3glb1,0.513781654,52.75465715
Zfp599,0.513752794,2.298850575
Aebp2,0.5134415,21.16527943
Cep97,0.513010602,20.21403092
Tbc1d9,0.513003559,34.68093539
Dync1li2,0.512948733,48.87039239
Pde4a,0.512780609,43.28180737
9530034E10Rik,0.512694915,10.22592152
Arhgap31,0.512518923,13.15893777
Slc2a12,0.512306843,10.0673801
Prox2os,0.512065132,2.972651605
Ksr1,0.511818381,19.89694808
Wasf1,0.511438626,24.93063813
Stk39,0.511426288,64.4470868
Gpam,0.51135975,9.274673008
Klc2,0.51130413,50.77288942
Dlgap3,0.511163827,32.14427269
Adgra3,0.510962956,8.28378914
Fbxl18,0.510761909,16.52794293
Gm15563,0.510660953,7.332540626
Dbx2,0.510456842,2.734839477
Tmem233,0.510276785,4.359889021
Hpse2,0.510271166,6.183115339
Pag1,0.509785588,32.77843837
Rassf4,0.509207506,4.875148633
Sppl2a,0.509109411,31.74791914
Osbpl10,0.509095742,48.35513278
Atp2b2,0.50907491,62.7824019
Asah2,0.509074799,10.0673801
0610033M10Rik,0.509074403,0.079270709
Rdh10,0.508775339,10.54300436
Apba2,0.50865201,58.85850178
Atp6v0a2,0.508592999,29.3301625
Mkrn1,0.508326828,22.43361078
Gm21739,0.508231522,0.990883868
Slc22a14,0.508060919,40.70550931
Krt222,0.507908791,31.66864843
Rab3d,0.507710849,4.954419342
Gm14168,0.507277313,1.466508125
Dlat,0.506782924,46.25445898
9530027J09Rik,0.506607552,2.695204122
Sec14l2,0.506386774,7.173999207
Hsf5,0.506364926,10.78081649
Stat3,0.505883015,50.614348
Ano3,0.505813601,53.70590567
Creb1,0.505794526,37.37613952
Asph,0.505708918,38.64447087
Gm13619,0.505462165,1.783590963
Tmem132c,0.50520625,19.06460563
Prss36,0.505178894,22.75069362
Cox19,0.505055477,22.11652794
Gm42556,0.504722969,15.4974237
Mkl1,0.504590281,54.22116528
Kalrn,0.504530054,89.61553706
Tbc1d8b,0.504393347,3.487911217
Gm3294,0.504123667,16.17122473
Atr,0.504080224,41.8549346
Slc22a20,0.504016826,1.268331352
Pgbd5,0.504015714,23.06777646
Robo1,0.503931548,79.54815696
Zbtb38,0.503724253,58.10543004
Dync1h1,0.503654989,73.16686484
Cfap99,0.503281267,8.125247721
Tmem63c,0.503262506,35.67181926
Nkd1,0.503118788,1.466508125
Dnajc11,0.502778443,36.18707887
Acvr1,0.502666826,38.882283
Garem,0.502357975,41.33967499
Nap1l1,0.502311275,32.97661514
Dscr3,0.502078175,19.38168847
Myo10,0.502020929,62.58422513
Zic5,0.50170128,3.091557669
Grtp1,0.501672001,5.826397146
Dhx37,0.501666882,9.671026556
Ulk3,0.501413199,11.53388823
Gulp1,0.501384982,26.27824019
Sez6l,0.501210544,55.33095521
Grb14,0.501201888,28.4581847
BC046251,0.500960429,2.25921522
Ism2,0.5009212,5.350772889
Nell2,0.500872951,67.73682124
Rab30,0.500745123,47.64169639
Sfswap,0.500737517,58.42251288
Gm10373,0.500526571,5.112960761
Fam199x,0.500362061,20.25366627
Cd200r1,0.500168831,0.634165676
Gm14399,0.500118275,17.87554499
Gm16168,0.500062545,11.81133571
Csdc2,0.499833458,35.83036068
Ppp1r12b,0.499660806,66.78557273
Slc22a23,0.499649838,34.99801823
Capn9,0.499600656,0.951248514
Ppcs,0.499416931,9.71066191
Gm26722,0.499179376,13.59492667
Micall1,0.499060137,21.91835117
Hs1bp3,0.498707477,7.015457788
Pphln1,0.498663633,19.06460563
Wipf1,0.498562525,10.4240983
Chst5,0.498547661,1.783590963
Parp9,0.498509075,7.372175981
Il33,0.498319803,8.402695204
Nmrk1,0.498284958,14.26872771
Lrp8os2,0.498022195,19.57986524
Cdkn2d,0.497950476,10.26555688
Ulk1,0.4973885,14.22909235
E230001N04Rik,0.497207692,5.073325406
Acadvl,0.497183556,30.08323424
Pip4k2a,0.497165377,30.91557669
Ramp2,0.497144538,4.676971859
Senp5,0.497048142,52.83392786
Svil,0.497009693,22.71105826
Atp2b1,0.496986158,73.48394768
Stard13,0.496937742,5.430043599
B4galnt2,0.496860657,16.21086009
Actn3,0.496776503,4.003170828
Slc16a6,0.496683218,8.600871978
Ccdc186,0.49632906,19.6987713
Tspan17,0.496265941,39.55608403
Pcyt1a,0.495980861,24.09829568
Atp8b2,0.495931347,8.006341657
Pxn,0.495257862,12.68331352
Arl16,0.495043644,15.25961157
Map2k3,0.49504256,15.18034086
Baiap2l1,0.494861939,5.707491082
Bahd1,0.49476776,4.161712247
Nhs,0.494761385,81.13357115
Tbc1d5,0.494616495,72.61196988
Pgr,0.494578812,26.31787554
Spock1,0.494320467,79.27070947
Gramd2,0.494301732,8.363059849
Gm44079,0.494222661,0.475624257
Gm10371,0.494052768,10.02774475
1700108J01Rik,0.49396242,7.768529528
Cabp7,0.49347103,3.289734443
4930568G15Rik,0.493101625,3.884264764
Slc4a4,0.492944684,50.73325406
Klc1,0.492900142,72.61196988
Hspb1,0.492853276,9.116131589
Ccdc91,0.492797082,21.12564407
Zfp820,0.492540521,2.25921522
Greb1l,0.492523494,54.10225922
Tmtc1,0.492403284,59.96829172
Slc25a15,0.492153108,3.567181926
Mthfr,0.492015547,19.06460563
Traf3,0.491799089,64.48672216
Scn8a,0.491672874,76.53587
Dym,0.491631946,52.19976219
Agtrap,0.491627949,4.875148633
Vgll4,0.491469848,32.10463734
Tmem123,0.491421911,4.122076893
Ezh1,0.491367488,33.05588585
Eps8l2,0.491339921,3.408640507
Specc1,0.490920961,56.40110979
Gm26885,0.490502225,4.43915973
Eme2,0.490471484,7.5307174
Wdfy2,0.490425368,30.59849386
Vcl,0.490361427,29.6868807
Gtf2h4,0.49001404,8.997225525
Hivep3,0.489755207,72.09671027
AF529169,0.48972274,15.9334126
Pnkd,0.489608496,52.91319857
Ube3b,0.489599808,19.02497027
Ly86,0.489414686,2.655568767
Grm4,0.489199952,11.77170036
Zranb3,0.489188486,12.76258423
Tiparp,0.489109629,13.67419738
Zfp407,0.489051164,57.11454618
Pwp2,0.488912885,8.28378914
Ern1,0.488864923,21.56163298
Lmln,0.488841363,24.09829568
4430402I18Rik,0.488840013,52.00158541
Slc4a11,0.488069612,1.862861673
Cyp20a1,0.4880063,21.52199762
Paqr4,0.48800358,5.033690052
Chrd,0.487807061,8.28378914
Stard3,0.487783808,13.35711455
Matn2,0.487594718,8.680142687
Gm17173,0.487529291,3.091557669
Nfatc2,0.487274745,18.94569956
Vti1a,0.487213685,67.26119699
Cyth1,0.486976229,32.30281411
Wdtc1,0.486894732,20.29330163
Bach1,0.486891561,9.393579073
Tango2,0.486864059,68.2124455
RP24-362L9.2,0.486845771,5.231866825
Auh,0.486109117,40.30915577
Bean1,0.486107899,18.03408641
Gm14532,0.486030975,8.917954816
Tfcp2,0.485735686,37.81212842
Med27,0.485273945,29.56797463
Cyfip1,0.485179829,40.03170828
Ncapd2,0.485019328,12.32659532
Gpr137c,0.484900143,70.55093143
Nrg2,0.484844623,67.10265557
Plcg2,0.484556913,4.676971859
St8sia5,0.484508889,11.45461752
Gm26771,0.484484656,6.183115339
Tubd1,0.484332752,9.076496235
Slx4ip,0.484123185,54.02298851
Atp2b3,0.483934399,39.04082442
0610037L13Rik,0.483575505,14.78398732
Map4,0.483562407,77.64565993
Fgfr1op,0.483507103,14.34799841
Arhgef1,0.483478949,42.01347602
Ppm1f,0.483433273,23.58303607
Ccdc92,0.483381286,25.16845026
Ctnnal1,0.483064656,30.9948474
Vav3,0.483027264,56.59928656
Scrt2,0.482851229,3.725723345
Tgfbr3,0.48266863,39.79389616
Ptprg,0.482134598,86.88069758
Atpaf2,0.48190167,10.62227507
Entpd7,0.481765015,12.12841855
Plg,0.481552979,0.515259612
Ociad2,0.481197754,13.07966706
Tgfbr2,0.481048007,3.567181926
Rcor3,0.480834438,28.22037257
Abhd6,0.480676972,36.8608799
Cacna1h,0.480654315,9.869203329
Gm15564,0.480545611,6.420927467
Gm26779,0.480482392,2.695204122
Cdc42bpb,0.480213184,37.77249306
Adcy2,0.480209903,70.43202537
Cars,0.480184716,30.75703528
Ptchd1,0.479963433,37.29686881
M1ap,0.479951109,1.664684899
Fam129a,0.47952624,3.289734443
Slc45a1,0.479388621,30.83630598
4933436I20Rik,0.479365853,5.509314308
Ostf1,0.479247994,6.183115339
Gm15261,0.479194168,12.64367816
Zfp664,0.479155317,24.61355529
Psma8,0.478864698,4.240982957
Fut1,0.47862526,1.189060642
Ercc6,0.478314803,16.01268331
Ush2a,0.478153366,5.984938565
Pif1,0.478098664,1.268331352
Gm13963,0.477785776,10.14665081
Tmem38b,0.477783951,8.95759017
St3gal3,0.477633007,53.98335315
Gm26745,0.47763201,28.69599683
Pitpnm2,0.477530086,26.43678161
Prkci,0.477501996,18.11335711
RP24-274B19.1,0.477475091,86.92033294
Lamc1,0.477462581,21.60126833
Gm28050,0.477423107,17.9548157
Stx2,0.477279697,23.38485929
Tom1l2,0.477158939,79.46888625
Fam111a,0.477074221,19.54022989
Gtsf1,0.476768793,7.609988109
Nploc4,0.476669956,41.81529925
Ubash3a,0.475980107,1.268331352
Gss,0.475763746,10.66191042
Gm26767,0.475761691,6.738010305
D930016D06Rik,0.475633473,33.21442727
Stard9,0.475623737,39.95243757
Trio,0.475599845,74.39556084
Ryr2,0.475441388,86.99960365
Rara,0.475261153,8.561236623
Cdk16,0.475245645,26.71422909
Klf5,0.475128766,2.219579865
Vwa5a,0.475077394,7.292905272
Polr3a,0.475075779,17.83590963
Ipo4,0.474963804,25.44589774
Kif5a,0.474950979,63.81292113
Inip,0.474912509,10.26555688
Tgm4,0.474872447,2.576298058
Proser2,0.474856774,2.893380896
Slc9a5,0.474676767,16.7261197
Bmpr1b,0.474671024,17.20174396
Kcnk10,0.474654856,47.32461356
Morc2b,0.474339759,6.856916369
Gm10814,0.474239071,1.664684899
Agrn,0.474175754,38.84264764
Gal3st1,0.47400199,10.22592152
Gm16573,0.473768541,7.332540626
Cdkn3,0.47337822,4.240982957
Agfg2,0.473252215,32.58026159
Gm15738,0.472931755,23.66230678
Gm28153,0.472620957,57.59017043
Ubac1,0.472354741,21.24455014
Cog2,0.472160368,14.30836306
Tcaf2,0.472003827,1.862861673
Nceh1,0.471935596,26.3575109
Faah,0.471627598,18.54934602
Lrp11,0.471383974,31.54974237
Pdk2,0.471109028,10.34482759
Sparcl1,0.471094327,48.87039239
Atp11b,0.470986334,50.05945303
Cdc25b,0.470935725,8.402695204
Rbfox1,0.470619585,97.93896155
Ppfibp2,0.470571421,7.5307174
Klc4,0.470429964,13.79310345
Ccser2,0.470117001,46.25445898
Setdb1,0.47006504,43.04399524
Cd27,0.470053305,25.28735632
Sdr42e1,0.469918307,5.033690052
Ncapd3,0.469721931,27.90328973
Zwilch,0.469687804,5.588585018
Ggt7,0.468844454,49.94054697
Grsf1,0.468816686,12.56440745
1110008L16Rik,0.468431805,22.86959968
Gpr35,0.468192042,3.131193024
Apitd1,0.468182602,5.112960761
Zfp866,0.468167909,9.78993262
Hapln4,0.468146137,9.78993262
Arhgap27,0.467981481,4.676971859
Apba3,0.467971376,10.74118113
Athl1,0.467836992,1.466508125
Gm2163,0.467712498,77.92310741
Ccdc60,0.467655793,5.786761792
AA543186,0.467636549,8.680142687
Pard3,0.46761762,71.02655569
Cep131,0.467498279,9.869203329
Clcn5,0.467402227,24.57391994
Rbms1,0.467260293,82.8378914
Scp2,0.467227057,7.966706302
Msc,0.467046933,1.307966706
Erich1,0.466990569,8.680142687
Kcnu1,0.466667025,17.55846215
Stil,0.466581372,3.329369798
AU041133,0.466405204,8.125247721
Mbd4,0.466221335,12.1680539
Slc1a1,0.466202949,26.91240587
Gdap2,0.466080433,21.87871581
Osbp2,0.466067532,26.83313516
Tacc3,0.466007804,5.350772889
Hspbap1,0.465869643,15.81450654
Fam169b,0.465843338,0.554894966
Tbc1d22a,0.465594549,27.62584225
Gm42485,0.465541212,3.804994055
Commd10,0.46551062,27.15021799
Fez2,0.465255607,13.31747919
Scnn1a,0.465187707,2.100673801
2900009J06Rik,0.46518638,8.006341657
Ano10,0.465135028,21.95798652
Gpcpd1,0.464916551,67.3404677
Tmem196,0.464809083,40.74514467
Ccdc58,0.46460566,32.73880301
4930447C04Rik,0.464361978,47.2849782
Rxfp1,0.46418099,4.161712247
4930503L19Rik,0.464021571,9.116131589
Dus1l,0.463417703,11.49425287
Adk,0.463055749,49.78200555
Caap1,0.463022324,28.69599683
Mnat1,0.462517822,54.3797067
Mecr,0.462479366,33.41260404
Mroh1,0.462442991,41.77566389
Fras1,0.462328411,26.83313516
Usp3,0.462319535,24.65319065
Plekha2,0.462278768,3.01228696
Chp1,0.462190672,40.9829568
Cnnm2,0.461987848,28.10146651
Supt3,0.461983314,60.20610384
Nudt7,0.461975252,10.14665081
Birc3,0.461506276,4.320253666
Ppp1r13l,0.461371245,2.457391994
Kcnn1,0.461146192,2.695204122
Cd40,0.461113843,3.250099088
Acyp2,0.460858651,68.29171621
Git2,0.460837641,46.53190646
Gm13582,0.460822091,0.356718193
Pnpla6,0.460806539,28.61672612
Lnpep,0.46079632,55.72730876
Gm1604a,0.460736832,18.50971066
Gm26612,0.460587521,2.893380896
Cerk,0.460444496,30.36068173
Isoc2a,0.460152749,6.936187079
Phka1,0.460085914,47.36424891
Sema4b,0.459995878,21.99762188
Pygl,0.459542846,4.597701149
Gins3,0.459530488,5.509314308
Samsn1,0.459285601,5.667855727
Sorcs3,0.459247775,80.89575902
Gm14296,0.459221984,13.00039635
Arhgef10,0.45910415,8.997225525
Gm13883,0.458946624,3.7653587
Bend6,0.458921961,71.70035672
Gprin3,0.458841817,33.21442727
BC034090,0.458692486,3.01228696
Phactr4,0.458665904,14.70471661
Dnm3,0.458625865,94.60959176
Stmn2,0.458506854,69.12405866
Zfyve27,0.45848882,38.72374158
Rgl1,0.458383537,37.85176377
Per1,0.458131584,10.34482759
Rap1gds1,0.457948814,54.06262386
Agl,0.457835154,31.82718985
Tet3,0.457770426,45.65992866
Rmnd1,0.457587144,37.05905668
Nubp1,0.457378242,8.402695204
Kcnn2,0.457274454,68.6484344
Gm13842,0.457261484,0.990883868
Ighmbp2,0.457045112,8.521601268
Dzip1,0.45701585,46.37336504
Gm10419,0.457015435,20.41220769
Exoc2,0.456939375,33.13515656
Cphx3,0.456825778,5.628220373
Zfp691,0.456519717,4.478795085
Sap30l,0.45637276,8.402695204
Gm14827,0.456317666,19.77804201
Pde7a,0.456294099,42.84581847
Baz2a,0.456250515,46.80935394
Fam219a,0.456189719,66.70630202
Vwc2l,0.456185192,50.41617122
Ctbp2,0.455881416,4.756242568
Myo6,0.45576687,37.97066984
Pcgf3,0.45558843,27.94292509
Bdh1,0.455436365,20.76892588
Mppe1,0.455338297,4.201347602
Recql5,0.455064808,24.65319065
Me1,0.455058013,30.79667063
Stk24,0.455024423,14.30836306
Mmp24,0.454761141,32.73880301
Orai1,0.454741314,5.311137535
Fgf10,0.454618027,14.58581054
Eci1,0.454428292,9.155766944
Armcx3,0.45427616,13.63456203
1700034P13Rik,0.45417437,8.402695204
Pex12,0.454155472,3.527546572
Nrip3,0.4541133,25.44589774
Adgrl2,0.454060297,47.32461356
Lurap1,0.453799938,12.00951249
Gnmt,0.453733498,2.615933413
Kif16b,0.453402328,40.30915577
Tmprss4,0.453194955,1.783590963
Dpf3,0.452905907,33.72968688
Zcwpw1,0.452851295,3.923900119
Gucy1a3,0.4528465,14.26872771
Osbpl8,0.45284287,58.50178359
Tbl1xr1,0.452724934,29.88505747
Etfdh,0.452646844,22.35434007
Mospd2,0.452618628,21.32382085
Fxyd1,0.45237967,5.707491082
Slc9a8,0.452368061,29.05271502
Gm15584,0.452338394,17.00356718
Lsmem1,0.452317037,2.179944511
Gm26594,0.452116153,7.134363853
Ralb,0.451864601,13.91200951
Rec114,0.451863477,6.619104241
Arhgap20,0.451416741,39.83353151
Spag1,0.451322972,15.10107015
Myh10,0.450878593,42.05311138
Atg5,0.450753755,22.47324614
Ttbk1,0.450352617,24.97027348
Lpcat4,0.450298218,12.960761
Lgmn,0.450177713,39.19936583
Satb1,0.450085931,22.47324614
Efcab6,0.450003263,6.103844629
F8,0.449779372,22.19579865
Trak2,0.449708849,18.54934602
Dnm2,0.449541356,59.57193817
Ttc21b,0.44952769,34.52239398
Znrf2,0.448949676,10.97899326
Abca3,0.448823219,38.48592945
Mfsd10,0.448725075,25.36662703
Ppp2r5b,0.44867138,20.68965517
4933406J08Rik,0.448186101,0.951248514
1700123I01Rik,0.448030158,5.905667856
Rab6b,0.448020656,38.44629409
Cox10,0.448008973,23.62267142
Fam98a,0.447965987,24.57391994
Swap70,0.447949679,3.606817281
Wdr70,0.447896853,46.09591756
Cdyl2,0.447857684,40.82441538
Mafg,0.4477153,41.14149822
Slc22a18,0.447696324,0.792707095
A230077H06Rik,0.447695247,6.381292113
Lrrn2,0.447629245,35.31510107
Zfp442,0.44758728,12.84185493
Inpp5b,0.447538936,35.19619501
Clasp1,0.447479022,69.59968292
Prdx3,0.447466325,14.07055093
Gm26693,0.447413004,20.68965517
Bnip1,0.44730059,13.47602061
Atp6v1h,0.447283895,53.30955212
Pcbd2,0.447013407,28.81490289
Klf9,0.446830543,11.49425287
Fech,0.44653857,14.94252874
Impdh1,0.446482836,26.75386445
a,0.446372247,24.692826
Hmg20b,0.446256662,8.244153785
Gm26785,0.44613144,9.03686088
Ilk,0.445927891,15.97304796
Lrig1,0.445649887,6.579468886
Armc3,0.445565049,5.430043599
Wdfy4,0.445350524,5.311137535
Susd6,0.445289172,36.58343242
Ube4a,0.445241624,40.42806183
Fgd3,0.445130167,3.884264764
Tpm1,0.445042521,25.60443916
Zfp738,0.444965037,12.72294887
Synj2,0.444876262,9.631391201
Rnf157,0.444846962,62.30677765
B4galt5,0.444821342,28.29964328
Tmbim1,0.444664269,13.67419738
Iqsec3,0.444650421,49.98018232
Afg3l2,0.44441901,32.18390805
St6galnac5,0.444148602,49.90091161
Snx9,0.444081396,18.86642885
5430419D17Rik,0.443898594,5.667855727
Casp3,0.443724121,6.936187079
Ilvbl,0.443548089,19.10424098
Arhgap10,0.443485055,14.11018629
Ppp1r16b,0.443378931,31.11375347
Chpf2,0.443284664,31.07411811
Ldlrad3,0.443211699,21.91835117
Plod2,0.443071395,9.591755846
Kansl1l,0.442997178,43.79706698
Tbk1,0.442559989,26.3575109
Gm11368,0.442286622,0.475624257
Trnp1,0.442285636,12.08878319
Napg,0.442164057,35.43400713
Clp1,0.442138544,6.936187079
Wdyhv1,0.441828202,19.73840666
Atpaf1,0.441762932,31.74791914
Ace,0.441513423,6.064209275
Habp4,0.441494212,28.14110186
Gm20479,0.441268876,4.43915973
Dctd,0.441170912,2.378121284
Gle1,0.440932204,29.96432818
Ube2l3,0.440898052,33.96749901
Ptpn2,0.440818732,33.41260404
Uap1,0.440604131,12.48513674
Acsl6,0.440600118,26.83313516
Tmem241,0.440582182,30.71739992
Adat1,0.440532111,25.64407451
Ptgs1,0.440311194,2.100673801
Rapgef4,0.439965196,76.9718589
Ap5z1,0.439872505,10.82045184
1700025G04Rik,0.439787279,57.74871185
Pdgfb,0.439634851,2.695204122
Rps6ka5,0.439421429,38.68410622
Vipr1,0.439371741,2.695204122
Gm21905,0.439325639,0.039635355
Gm3604,0.439318123,8.680142687
9330175M20Rik,0.439212954,11.17717004
Nsun4,0.439127645,7.015457788
Bdkrb2,0.438948262,5.469678954
Gpatch3,0.438862338,5.311137535
Tnks,0.438811588,45.22393975
Psmd14,0.438510822,59.0170432
Zfp385a,0.438364214,15.41815299
Ccdc162,0.438110026,16.48830757
Tmem25,0.437896697,22.79032897
Galk2,0.437888532,35.94926675
Add1,0.437835953,60.56282204
Tmem44,0.437649085,8.838684106
Zfp182,0.437639861,39.23900119
3110052M02Rik,0.437611608,3.170828379
Hecw2,0.437441164,79.34998018
Plcd1,0.437401861,6.975822434
Tek,0.437350421,27.5862069
Helb,0.437019426,3.091557669
Cdkl5,0.43696496,35.79072533
4930590J08Rik,0.436939919,10.02774475
Tnks1bp1,0.436931719,8.402695204
Tank,0.436688329,20.33293698
Lrig2,0.436490376,63.2183908
Uxs1,0.436445614,35.35473642
Slmap,0.436330969,47.91914388
Alg14,0.436206868,9.235037654
Dab2ip,0.436171231,19.38168847
Tnfrsf21,0.435944435,26.75386445
Pkd2,0.435842972,31.11375347
Pola2,0.435735842,5.667855727
Gm15818,0.43561031,22.07689259
Paip2b,0.435448072,17.55846215
Ndel1,0.435252309,35.07728894
Bcam,0.435223714,4.954419342
Shcbp1l,0.435062243,4.478795085
Elmod1,0.434936505,61.07808165
Gm12128,0.434863238,0.515259612
Map2k5,0.434517008,45.89774078
Cep135,0.434481987,19.54022989
Pigl,0.434386005,21.56163298
Acox3,0.434254515,9.552120491
Pank1,0.434248513,22.43361078
Zbtb17,0.434196377,9.512485137
Atxn7l1,0.433933691,50.614348
Ap3s2,0.433909146,35.07728894
Limk2,0.433871539,48.19659136
Begain,0.433736726,25.84225129
Nuak1,0.433672714,14.34799841
Clec2l,0.433481966,10.34482759
Fbn1,0.433475239,12.12841855
Nkd2,0.433362123,1.902497027
Evi5l,0.43335336,41.33967499
B830012L14Rik,0.433296564,44.90685692
Map1a,0.433182569,24.05866033
Gm13832,0.432871781,14.70471661
Bora,0.432862602,7.134363853
Zfp808,0.432836336,27.11058264
Cinp,0.432694868,9.076496235
Oscar,0.432692622,5.19223147
Slc2a6,0.432518652,11.49425287
Mpped1,0.43248369,9.78993262
Olfr288,0.432417154,2.774474832
Nin,0.432289733,35.31510107
Cenpk,0.432073239,3.844629409
Dhx38,0.432072151,5.033690052
Parg,0.432036406,34.87911217
Foxn2,0.431960243,11.21680539
Brsk1,0.431873669,32.06500198
Gpatch2,0.431829096,53.5869996
Gclm,0.431822934,27.30875941
Tex14,0.431748157,16.01268331
Haus8,0.431589251,7.927070947
Gm13157,0.431553306,1.466508125
Gm16000,0.431514137,1.228695997
Slc4a10,0.431484425,72.49306381
Rnf38,0.431484282,44.66904479
Nfkb1,0.431481241,41.37931034
Unc45b,0.431459456,0.792707095
Phka2,0.431242271,25.40626239
Pcnxl2,0.430914311,40.26952041
Topbp1,0.43085059,8.481965914
Hrh1,0.43077529,3.527546572
Gm11520,0.430644807,11.81133571
Hs3st3a1,0.430312897,3.884264764
BC025920,0.430101626,4.795877923
Zfp93,0.430080762,5.866032501
Ercc8,0.430020098,10.58263971
Clint1,0.429998934,35.5529132
Ccne1,0.429996792,1.823226318
Zdhhc18,0.429867455,23.06777646
Senp8,0.429691952,44.43123266
Tjap1,0.429664479,17.79627428
Nhej1,0.429660928,8.20451843
Dhx32,0.429462586,25.88188664
Fig4,0.429365238,22.82996433
Ube2o,0.42930485,35.1169243
Add3,0.429141231,25.88188664
5430403G16Rik,0.429100373,9.552120491
Syap1,0.429095207,15.18034086
Ankrd45,0.429032133,30.16250495
Wdr7,0.428954415,64.56599287
Reep4,0.428816145,3.051922315
Thpo,0.428687714,2.774474832
Arhgap29,0.428673641,5.905667856
Wdr27,0.428541904,5.073325406
Shisa6,0.428305253,57.3523583
Fam105a,0.427937241,16.17122473
Rab40c,0.427792356,51.96195006
Fbxo2,0.427788914,17.75663892
Cep152,0.427503544,8.006341657
Gm26525,0.427471216,0.237812128
Acads,0.427266837,12.00951249
Ggta1,0.427212423,3.963535474
Lzts3,0.427100907,9.274673008
Cript,0.426635941,14.34799841
Abca1,0.426488086,6.856916369
Ldb3,0.426307937,9.829567975
Epha10,0.426281756,53.11137535
Cpm,0.426008462,8.680142687
Gm5141,0.425979123,17.63773286
Grin1,0.425838467,73.44431233
Zfp398,0.425762581,51.28814903
Slc6a15,0.425757611,47.52279033
Ackr4,0.425722639,8.20451843
Dnah7b,0.425714154,26.95204122
Gm26668,0.425639774,18.19262782
Gm6288,0.425618388,5.509314308
Igf1r,0.425584596,61.31589378
Arhgef12,0.425566319,73.2065002
Cpne3,0.425446726,20.65001982
Zfp697,0.42524543,24.29647245
Tbc1d9b,0.424963844,44.19342053
Usp38,0.424890459,11.25644075
Fam151b,0.424618312,3.884264764
Nmnat3,0.424580887,5.866032501
Satb2,0.424327015,5.548949663
Nsmce2,0.424271777,53.9437178
Kcns3,0.424250754,7.094728498
Als2,0.42424521,31.58937772
Dus3l,0.424142784,28.73563218
Slitrk4,0.424127327,12.56440745
Hivep1,0.424085461,15.77487119
Arhgap23,0.424002383,41.02259215
Gm43612,0.423720933,0.039635355
Blvra,0.423704986,12.20768926
Pgm1,0.423694286,6.896551724
Dmxl2,0.423467444,62.62386048
Ptpn14,0.423447403,1.268331352
Nkiras1,0.423266646,28.73563218
Ttc12,0.422966375,3.606817281
Sord,0.422961183,8.20451843
Tmem132e,0.422932311,14.50653983
Ctnnbl1,0.422852216,42.09274673
Gm10681,0.422822808,4.280618312
Zfp811,0.422806985,11.05826397
Mbd2,0.422741364,29.6868807
Aldh1l2,0.422718297,7.609988109
Platr15,0.422612697,2.021403092
Ostm1,0.42246829,12.64367816
Morn3,0.422305532,1.823226318
Decr1,0.422100419,4.43915973
Helq,0.4220444,18.66825208
Metap1,0.422014564,10.8600872
Pxk,0.421850013,39.00118906
Rab43,0.421827709,0.118906064
Usp2,0.421631742,20.61038446
Pttg1,0.421585926,14.30836306
Lrriq1,0.421184595,16.7261197
Shkbp1,0.421111476,10.54300436
Usp26,0.420819723,3.091557669
8030462N17Rik,0.42081829,33.05588585
C1galt1,0.420640731,7.808164883
2700081O15Rik,0.420061081,5.311137535
Gm38393,0.420014053,47.08680143
Iah1,0.419997428,6.658739596
A730090N16Rik,0.419891716,2.140309156
Pigk,0.419658576,50.57471264
Batf3,0.419470173,0.554894966
Rragd,0.419375549,13.19857313
Kbtbd3,0.419361488,19.57986524
Csnk1d,0.419262014,34.28458185
1700019A02Rik,0.419177005,2.853745541
Exog,0.419063869,9.591755846
Qrsl1,0.41906194,15.4974237
Fut8,0.418979789,65.39833532
Plpp1,0.41884414,31.47047166
Nek1,0.41868391,64.24891003
Yipf1,0.418676184,25.40626239
Iqgap1,0.418537576,43.99524376
Cfi,0.418536768,1.902497027
Aldh7a1,0.418399642,24.09829568
Nox1,0.418221787,12.56440745
C8g,0.418165409,2.497027348
Ptpn11,0.418154566,37.61395164
Gigyf2,0.418142231,67.7764566
AI854517,0.418090751,11.53388823
Dffa,0.41806307,26.99167658
Lrp8,0.417971687,30.87594134
Acad12,0.417853221,8.442330559
Pim1,0.417816863,6.103844629
Exoc6,0.417791482,29.64724534
Ndc80,0.417756406,1.149425287
Ttc7b,0.417714927,50.614348
Prkch,0.417714445,6.183115339
Gm28494,0.41769412,17.5980975
Ube2f,0.417574279,22.03725723
Syce3,0.417554623,3.369005153
Ttc19,0.417375265,57.94688862
Cks2,0.417234957,1.625049544
Coro2a,0.416856607,21.28418549
Gapdh,0.416849776,3.210463734
Glb1,0.41682124,30.75703528
Ttll9,0.41647588,8.917954816
Zbtb7b,0.416423289,2.457391994
Mybpc1,0.416279254,2.774474832
Traf3ip1,0.416170273,12.68331352
Ttc39c,0.416091463,19.06460563
Frmpd1,0.416020209,21.75980975
Ghr,0.415883504,69.20332937
Shb,0.415865012,9.988109394
Slc44a1,0.415533868,50.69361871
Olfm2,0.415382555,38.96155371
Dixdc1,0.415174169,42.25128815
Slc4a8,0.415160519,23.0281411
Fam57b,0.414984747,32.46135553
Snx29,0.414900346,63.1391201
RP24-72H18.4,0.414666872,5.667855727
Fhit,0.414639103,74.71264368
Spidr,0.414632337,15.10107015
Coro1b,0.414538758,10.97899326
Cttn,0.414501174,22.19579865
Them4,0.414204895,19.77804201
Clvs2,0.414080755,48.39476813
Galnt10,0.414001625,21.08600872
Dab1,0.413893088,96.2346413
Immp2l,0.41382442,72.33452239
Eya1,0.413812912,12.04914784
RP23-421P23.12,0.413772973,3.487911217
March2,0.413694791,30.20214031
Zfp365,0.413619708,6.222750694
Nbas,0.413208099,49.34601665
Disp1,0.413135598,16.56757828
Usp19,0.412750214,26.04042806
Mtm1,0.412704863,32.93697979
Dctn2,0.412659846,31.39120095
Plk4,0.412655354,9.274673008
Cyb561d1,0.412446989,4.914783987
Chfr,0.412206188,46.96789536
Tlk1,0.412183334,42.92508918
Taco1,0.412149982,8.997225525
Ccng1,0.412034924,6.738010305
Gpatch1,0.41201873,37.97066984
Gm10118,0.411913594,1.149425287
Fastk,0.411908511,26.39714625
Tfe3,0.411768639,14.22909235
Akap13,0.411595978,51.32778438
Tmem245,0.411588148,38.5255648
Cystm1,0.41153737,24.33610781
Reep1,0.41150133,75.66389219
Gm17178,0.411500016,18.43043995
2610044O15Rik8,0.411488588,9.908838684
Elmod3,0.411451846,7.649623464
Pfkm,0.411216575,29.48870392
Sesn3,0.411196978,44.98612763
Bend7,0.411111449,27.46730083
Ippk,0.411088243,13.63456203
Lca5,0.410832285,15.21997622
4930469G21Rik,0.410785859,15.37851764
Ganc,0.410717768,9.988109394
Ube2ql1,0.410709895,8.20451843
Bak1,0.410594316,5.747126437
Dnajc15,0.41046674,28.81490289
Kdm7a,0.410463721,33.33333333
Map7d1,0.410208165,29.76615141
Vstm2a,0.409882202,33.21442727
Gm26555,0.409841075,3.091557669
Nat10,0.409834535,14.66508125
Sbno2,0.409714781,11.93024178
Faap100,0.409696405,13.71383274
Slc6a8,0.409604329,14.94252874
Fbxo21,0.409469816,31.19302418
Gyg,0.409385558,11.65279429
Gm14033,0.409372076,3.091557669
Ccbl1,0.409365839,19.54022989
1110038F14Rik,0.409284425,12.5247721
Msh3,0.409045209,26.75386445
Cmtm7,0.408923414,2.140309156
Anln,0.408759917,14.11018629
Sept10,0.408739916,13.55529132
Btbd10,0.408735309,47.56242568
Ccz1,0.408688669,28.33927864
Dpp3,0.408566838,18.27189853
Itga4,0.408404518,7.847800238
Snapc3,0.408040822,40.58660325
Stard6,0.407957889,7.887435593
Clic1,0.407917663,10.97899326
Psd3,0.40781579,55.96512089
Ncoa1,0.407768322,80.18232263
Tdrd7,0.407705246,16.68648434
BC004004,0.407688402,20.9274673
Adcy9,0.407673024,49.46492271
3110002H16Rik,0.40756691,11.53388823
Cenpp,0.407495047,35.35473642
Ahrr,0.407359411,2.497027348
Klf13,0.407182758,27.50693619
Pdss1,0.407088508,33.92786365
E4f1,0.407072461,19.97621879
Lmna,0.40700514,19.10424098
Amhr2,0.406961579,3.68608799
RP23-205F19.4,0.406808005,5.747126437
A930004D18Rik,0.406706819,3.250099088
Pla2g10,0.406693548,3.448275862
Pafah2,0.406693369,7.411811336
Homer1,0.406553915,28.14110186
Gm11077,0.406498526,5.033690052
Zscan20,0.406491967,5.350772889
Eif4ebp2,0.406384246,15.37851764
Fhitos,0.406166368,4.914783987
Kng1,0.406017501,1.030519223
Itga11,0.405744747,9.671026556
Coro1c,0.405388057,34.36385256
Bin1,0.405235407,56.79746334
Atxn7l2,0.405063027,7.055093143
Coro7,0.405027597,30.47958779
Mkl2,0.404805101,54.26080063
Rasa2,0.404786428,44.7483155
9430020K01Rik,0.404755954,2.615933413
Clmp,0.404655661,40.9829568
Gm28441,0.404645671,0.039635355
Actn4,0.404564792,28.41854935
2900060B14Rik,0.404438319,11.33571145
Rabepk,0.404399143,14.11018629
Ide,0.404219721,37.37613952
Plekha8,0.403614771,9.472849782
Zfp273,0.403596176,8.561236623
Slc44a5,0.403570653,33.84859294
Them7,0.403386254,1.981767737
Tulp3,0.403339315,46.09591756
Rtca,0.4033313,21.64090369
Wrap73,0.403201251,14.54617519
Mob3c,0.403040869,4.637336504
Aacs,0.403036458,25.1288149
Smpd4,0.402938785,17.08283789
AI115009,0.402818954,0.990883868
Fam53c,0.402789215,11.2960761
Cmc1,0.402484072,13.27784384
Foxo1,0.402435428,9.274673008
Dfna5,0.402314098,42.05311138
Nvl,0.402249851,48.31549742
Gmeb2,0.402161257,23.0281411
Prepl,0.402089877,20.68965517
Pde1a,0.402088357,59.53230281
Scn1a,0.402038516,81.76773682
Ipo11,0.401944243,40.38842648
Myo18a,0.401905418,50.81252477
9130008F23Rik,0.401698699,1.387237416
Camkmt,0.401649956,63.575109
Tacc2,0.401646466,31.19302418
Rnf144b,0.401636545,15.57669441
Wbp1l,0.401626591,16.17122473
Zfp935,0.401623807,14.86325803
Polg2,0.401349448,7.292905272
Nars2,0.401347048,29.60760999
Pvr,0.401275955,6.738010305
Soat1,0.400703029,11.81133571
Igsf9b,0.400578016,5.350772889
Gm16178,0.400554001,2.338485929
Carnmt1,0.400478614,18.35116924
Adam8,0.400391126,4.914783987
Klhl20,0.400233624,17.28101467
Rnf167,0.400090848,21.75980975
Gm15608,0.399879784,6.856916369
Gm13782,0.399675434,0.118906064
Mrpl47,0.399534344,14.42726912
Btla,0.399446139,4.320253666
Tfr2,0.399369224,5.152596116
Tarbp2,0.399316153,17.67736821
Gm26797,0.399273577,1.585414189
Eml2,0.399240002,52.79429251
Lmtk2,0.398819833,40.03170828
Sh3bgrl2,0.398784903,7.887435593
Zfp457,0.398168785,2.774474832
Nadk2,0.398153291,11.69242965
Crmp1,0.397968327,34.3242172
Rubcn,0.397921747,30.5588585
AU019990,0.397913404,4.954419342
Foxa3,0.397840952,1.030519223
Nr3c1,0.39783108,24.37574316
Hus1,0.397693474,3.68608799
Mcts1,0.39763842,27.11058264
Cdan1,0.39755323,13.27784384
Aifm1,0.397520277,23.8208482
Pdzd2,0.397416542,34.00713436
Dclre1c,0.397334794,14.6254459
Nova2,0.397111062,11.93024178
Fam78a,0.397090156,1.823226318
Polrmt,0.397022916,15.57669441
Ralgps2,0.3969764,43.12326595
Tmem129,0.396948887,6.975822434
Pitpnb,0.396838324,18.94569956
Zg16,0.396578064,1.426872771
Cxxc5,0.396234532,16.09195402
Zfp423,0.396226815,44.55013872
Parp4,0.396136832,12.08878319
Pqlc2,0.396107572,10.4240983
Gm38155,0.396105974,11.732065
Spire1,0.396103007,46.53190646
Zswim7,0.395545138,9.235037654
Gm12976,0.395402384,2.219579865
Camk2b,0.395359816,57.3523583
Gm16599,0.395328809,35.63218391
Vwc2,0.395238879,28.8941736
Rgp1,0.395076917,14.50653983
Spats1,0.395038528,9.195402299
Cox7b2,0.394898476,4.042806183
Tbce,0.394742179,46.4130004
Lrrc16b,0.394705662,33.21442727
Mapkap1,0.394589609,50.85216013
Gm29514,0.394374876,41.57748712
Sesn2,0.394348702,3.606817281
Bglap3,0.394201069,0.039635355
Diaph2,0.393998508,66.94411415
Slc18b1,0.393467995,9.908838684
Gm44398,0.393457213,3.725723345
Trak1,0.393286116,21.83908046
Cep128,0.393246914,10.54300436
Dok7,0.393230126,5.786761792
Cep120,0.392990904,30.08323424
Kras,0.392847108,35.47364249
Add2,0.392643185,55.92548553
Gm28873,0.392624825,4.597701149
Crot,0.392242815,14.38763377
Adhfe1,0.392146403,4.478795085
Acadm,0.391973581,10.22592152
Tmem117,0.391908287,69.0051526
Abca5,0.391739516,41.33967499
Spryd3,0.391705408,17.83590963
Gm14306,0.39143881,33.37296869
Dhrs4,0.39138007,3.369005153
Lace1,0.391258395,38.44629409
Tbpl1,0.390962741,18.07372176
Slc26a11,0.390961234,12.1680539
Pde6c,0.390932313,0.911613159
Hecw1,0.390642195,83.51169243
Frs2,0.390609575,31.94609592
Sugp1,0.390426134,26.08006342
Atrnl1,0.390421047,80.49940547
Trim37,0.390377759,55.56876734
Ifrd1,0.390344331,20.57074911
Rsg1,0.390321491,3.725723345
Gmppa,0.390264301,12.32659532
Ccbe1,0.390180589,18.62861673
Gm17227,0.389902545,10.50336901
Gm29585,0.389876897,2.179944511
Tbx2,0.38981425,0.634165676
Tmem39a,0.389657474,11.77170036
Mtmr14,0.389653864,17.00356718
Spdef,0.389418827,1.862861673
Mast1,0.389303634,42.37019421
Spdye4a,0.38925343,2.536662703
Pde3a,0.38915567,14.98216409
Gm27032,0.389089979,22.86959968
9330182L06Rik,0.388756887,51.60523187
Kif1c,0.388645907,8.402695204
Sept8,0.388557266,27.86365438
Gm13524,0.388442591,2.893380896
Endod1,0.388382828,20.53111375
Uchl5,0.38833731,21.56163298
Gabra2,0.388110993,72.25525168
Gm13402,0.38808823,12.5247721
Slc39a14,0.387930436,19.42132382
Pid1,0.387906738,75.46571542
Fbxo9,0.387814024,23.34522394
Gm43064,0.387672148,2.140309156
Opa3,0.387648135,15.85414189
Wnt9a,0.387552346,1.902497027
Gm16586,0.387530501,25.28735632
Dcaf12,0.387415596,22.82996433
Pdzrn4,0.387094241,90.13079667
Slc16a1,0.387018567,9.472849782
Pirt,0.386815032,7.808164883
Sh3bp1,0.386252374,18.35116924
Glo1,0.386246001,14.98216409
Klhl2,0.386214573,38.32738803
Lrrc17,0.386171647,4.558065795
Jakmip1,0.386103037,56.00475624
Bace2,0.38608461,9.235037654
B230217O12Rik,0.386044293,18.66825208
Tbl3,0.385847277,17.67736821
Pcsk2os1,0.385817094,13.71383274
Osgep,0.385710113,15.45778835
Ccdc141,0.385594959,6.579468886
Slc5a4b,0.385400746,4.558065795
Twf2,0.385365307,14.22909235
Tctn1,0.385189178,13.75346809
Gm12500,0.385165762,0.515259612
Zfp54,0.385097337,6.02457392
Exoc1,0.385042131,25.4855331
Fam171b,0.38502656,45.58065795
Cdk5,0.385011647,28.14110186
Themis,0.385010354,4.280618312
C230014O12Rik,0.384885462,4.835513278
Fam107b,0.384463885,12.76258423
Armcx6,0.384368464,5.905667856
Sphkap,0.384352698,57.31272295
Heatr5a,0.384148794,32.85770908
Cybrd1,0.384072525,2.497027348
Mus81,0.384035448,9.433214427
Tap2,0.383955238,11.77170036
Cdc37l1,0.38392249,32.34244946
Teddm2,0.383789781,17.12247325
Gm16282,0.383785752,1.823226318
9230113P08Rik,0.383730787,0.990883868
Scfd2,0.383475513,39.08045977
Eya3,0.383434664,43.44034879
Otud7b,0.38307085,32.58026159
Gm28557,0.383024663,2.615933413
Amacr,0.382848128,2.853745541
Slc38a9,0.382803646,49.26674594
Calcoco1,0.382721351,16.80539041
Gm11734,0.382713435,2.061038446
Rab3ip,0.382336725,15.29924693
Gab3,0.382215552,21.83908046
Slc47a1,0.3822016,3.487911217
C2cd4a,0.381986105,0.039635355
Il1rap,0.381826558,20.53111375
Armc4,0.381776854,9.472849782
Ccdc28a,0.381658728,21.00673801
Gm13054,0.381518229,1.783590963
Caprin2,0.381419963,30.04359889
Gm28198,0.381370186,53.50772889
Magi1,0.381282245,86.44470868
Wbscr27,0.381252321,10.8600872
Actr2,0.380792472,49.385652
Gnb3,0.380518916,4.399524376
Sorcs1,0.380500624,76.09988109
Mybl1,0.380414092,3.804994055
Cp,0.380371111,7.649623464
Tmem19,0.380346991,17.20174396
Sucla2,0.380333766,34.87911217
Prmt10,0.380257095,17.83590963
Hacd3,0.380121084,49.385652
Inpp1,0.379906598,14.78398732
Trip11,0.379883476,52.7150218
Cdk11b,0.3798686,26.3575109
Tmod3,0.379678768,41.26040428
Cntrl,0.379630738,14.42726912
Tomm40l,0.379630651,8.045977011
Gm16701,0.379618641,3.68608799
Gtpbp3,0.379533222,18.07372176
Palb2,0.379532332,4.835513278
Eme1,0.379520449,2.893380896
Ptpn12,0.379467221,57.43162901
Wnk1,0.379400619,71.70035672
Gm13497,0.379032394,2.338485929
Ogfod2,0.37897076,9.988109394
Il1f6,0.378947752,0.039635355
Fhl2,0.378814429,5.112960761
Ttc7,0.378701177,7.927070947
Tmem56,0.378295994,19.10424098
Tead3,0.378177079,1.268331352
Ralgapb,0.37813572,57.27308759
Nfasc,0.378065185,67.93499802
Tktl1,0.377772712,2.93301625
Ppp2r3d,0.37766493,13.67419738
Pak6,0.377597488,22.23543401
Pkd1,0.377526865,56.08402695
Slc25a12,0.377476131,56.95600476
St8sia3os,0.377340938,3.725723345
Kcmf1,0.377284905,51.60523187
Dusp10,0.377283922,6.341656758
Xrcc6bp1,0.377242747,8.28378914
4930430F08Rik,0.3770849,12.04914784
Nell1,0.377047235,66.74593738
Usp54,0.377024827,21.79944511
1110035H17Rik,0.377018753,2.655568767
Ccdc6,0.376958213,21.48236227
Nek8,0.376897319,3.725723345
Itgb3,0.376552783,2.338485929
Rps6ka6,0.376539843,6.539833532
Nefl,0.376496293,57.59017043
4632428C04Rik,0.376423067,2.972651605
Pex5,0.376194489,10.30519223
Vmp1,0.376098372,66.5477606
Phf20,0.375823434,49.54419342
B3glct,0.375791653,17.47919144
Nol9,0.375670074,9.948474039
Hscb,0.375654467,12.28695997
Scyl2,0.375507141,17.39992073
Rnf150,0.375411958,51.88267935
Slain2,0.375241425,24.33610781
Pgm2l1,0.375158766,32.97661514
4930554G24Rik,0.375082547,10.89972255
Hdac10,0.374913693,7.570352755
Atxn7,0.37489208,33.41260404
1300017J02Rik,0.374772574,5.588585018
Dst,0.374699933,92.23147047
Rasal2,0.374660371,79.34998018
Chrna9,0.374522147,3.7653587
Fam71d,0.374352973,6.975822434
Vcpip1,0.374317279,28.65636147
Slc23a2,0.374225266,42.37019421
Cmbl,0.374061856,5.667855727
Myo1d,0.374021051,30.40031708
Tex261,0.373990987,13.3967499
Bnipl,0.373947206,3.725723345
Gm21969,0.373932706,1.585414189
Grik4,0.373692158,63.97146254
Sfn,0.373650939,1.307966706
Rnf19b,0.373625451,11.33571145
Sipa1,0.373396026,5.073325406
Fancc,0.373293916,24.93063813
Chd4,0.373218888,48.71185097
Gm26787,0.373022286,9.671026556
Spred2,0.372870997,46.01664685
Wnk2,0.372851659,63.575109
Yipf5,0.372829127,27.07094728
Hspa14,0.372772155,20.76892588
Lnx1,0.372585398,29.72651605
Kntc1,0.37253837,1.426872771
Mtfr2,0.372450796,2.853745541
Rhobtb3,0.372397943,21.04637337
Fnbp1,0.372296729,69.32223543
Psmb2,0.37225905,45.34284582
Cxcr5,0.372178434,2.615933413
Pus10,0.372164328,25.08917955
Mmp17,0.371878974,9.03686088
Gm26901,0.371689297,9.353943718
Gm15687,0.371592875,1.743955608
Zswim6,0.371530218,51.24851367
Arhgap39,0.371517956,59.0170432
Cltc,0.371419811,54.77606025
Atl1,0.371297923,43.32144273
Fam13a,0.371277799,56.24256837
Eqtn,0.371184927,2.497027348
Abhd5,0.371179046,4.161712247
Gm20671,0.371169828,3.567181926
Lekr1,0.371076517,37.33650416
Lims1,0.370943808,60.04756243
St3gal5,0.370897722,28.41854935
Cklf,0.370759905,20.9274673
Med15,0.370754845,47.36424891
Angptl2,0.370653428,8.600871978
Rnf128,0.370606997,15.18034086
F420014N23Rik,0.370585032,3.131193024
Pcbp4,0.370495003,40.90368609
Apobec4,0.370411299,21.08600872
Zfp948,0.370207384,21.75980975
Rbm45,0.370180719,9.829567975
Sec24a,0.370100918,46.25445898
Pip5k1b,0.370029945,65.31906461
Orc2,0.370001107,45.42211653
Fam110b,0.369896776,32.34244946
Gm13919,0.369858185,15.33888228
Caml,0.369778092,43.75743163
Gpm6b,0.369414632,51.01070155
Ppp1r12a,0.369145075,57.7090765
Lrrtm3,0.369107489,87.31668648
Mpp6,0.36909221,29.96432818
9430065F17Rik,0.36901766,5.311137535
Ranbp10,0.36877564,38.56520016
Trub2,0.368613627,22.19579865
Ctif,0.368374135,52.31866825
Slc36a1,0.368331045,9.433214427
Fgf7,0.368326642,2.021403092
Polh,0.368296918,14.30836306
Stx1b,0.368156942,28.0221958
Osbpl3,0.368146906,13.59492667
Mob1b,0.367968284,31.62901308
Stk31,0.367870591,2.457391994
Kif2a,0.367846843,56.36147444
Tm9sf4,0.367814389,44.62940943
Ncor2,0.36759662,28.18073722
Pacs2,0.367573318,32.54062624
Plaa,0.367448164,41.97384067
1110017D15Rik,0.367400807,11.81133571
Glt1d1,0.367214017,33.69005153
Gm12120,0.367157099,2.179944511
Thy1,0.367077092,34.28458185
Gpr18,0.367037082,10.30519223
Fam172a,0.366992761,70.78874356
Nudt6,0.366992158,3.170828379
Kif26b,0.36698898,60.6817281
Fam13b,0.366966595,49.86127626
Mtg1,0.366940707,8.164883076
Hcrtr2,0.366898596,17.20174396
Notch2,0.366451925,8.045977011
Papln,0.366347486,1.387237416
Vwa8,0.366347072,61.63297662
4921504A21Rik,0.366250526,8.917954816
Ndufa10,0.366233101,36.424891
DHRSX,0.366176784,9.671026556
Adprm,0.365823276,15.02179945
Itgb1,0.365658801,36.06817281
Wasf3,0.365604302,34.87911217
2610507B11Rik,0.365592377,30.63812921
Hgs,0.365355552,21.40309156
Mpp7,0.365264842,30.47958779
Rtkn,0.365129444,26.83313516
Faf1,0.364737868,75.7431629
Zxdc,0.36459005,15.21997622
Slc25a20,0.364495121,18.3908046
Fam21,0.36445204,24.97027348
Sars2,0.364090123,9.235037654
Prpf18,0.364025379,22.19579865
Cdc42bpg,0.363827705,1.149425287
Tmx3,0.363778816,35.47364249
Pde4c,0.363511371,1.981767737
Snx8,0.363307207,19.57986524
Zc2hc1a,0.363197338,42.13238208
Cd109,0.363116171,3.170828379
Ldah,0.363107589,27.11058264
Unc45a,0.363019916,29.29052715
Gm5087,0.36296389,2.576298058
Plcb4,0.362929449,67.93499802
Parn,0.362732558,30.75703528
Wash1,0.36270879,12.64367816
Supt7l,0.362668924,8.917954816
Pak2,0.362650376,28.53745541
Zdhhc21,0.362629321,38.36702338
Ppfia3,0.362416666,43.63852556
Mapre3,0.362372657,43.55925486
Aaed1,0.362316046,5.826397146
Ushbp1,0.362286853,1.823226318
Rnf19a,0.362249614,24.33610781
Ctnna3,0.362091153,79.74633373
3110045C21Rik,0.362007703,2.576298058
Ndst3,0.36182439,48.35513278
Zfp936,0.361814455,8.244153785
Usp5,0.361720724,21.28418549
Tmem120b,0.361679896,27.42766548
Fancg,0.361670545,6.817281015
Kank2,0.361623072,6.658739596
Lars2,0.36155137,23.66230678
Ift80,0.361499482,15.41815299
Cnot2,0.36137889,53.98335315
Smim20,0.361316239,17.43955608
Gpr155,0.361292875,14.86325803
Ints10,0.361259058,27.18985335
Mrpl45,0.361106852,18.19262782
Tle6,0.360992766,1.307966706
Mbnl2,0.360784053,75.10899723
Hook3,0.360781818,59.33412604
Gpr63,0.360775696,6.738010305
Kif3c,0.360725967,41.65675783
Raph1,0.360721945,69.24296472
Zfp692,0.360591315,50.45580658
Csrnp2,0.360579811,7.055093143
Samd4,0.36052836,54.89496631
Psme4,0.360507293,75.26753864
Pycr2,0.360159106,13.63456203
Fancb,0.360057263,1.823226318
Eif2b1,0.359985748,10.58263971
Fam126a,0.359980276,19.46095918
Dars,0.359788234,31.74791914
Rnf13,0.35978116,37.2175981
2010111I01Rik,0.359703021,74.35592549
Syn1,0.359647706,72.37415775
Brdt,0.359607762,24.73246136
Sept2,0.35945173,43.75743163
Trmt1,0.359285542,27.50693619
Gm15965,0.359272157,25.1288149
Adap1,0.35908437,28.8941736
Kcnd1,0.359069062,3.567181926
Ppp2r3a,0.358942049,61.23662307
Aars2,0.358918537,7.927070947
Hbs1l,0.35887879,28.06183115
1700080N15Rik,0.358782651,8.402695204
Srrm3,0.358611359,65.20015854
Zfp27,0.358607912,8.680142687
Ppp3cc,0.358588964,38.76337693
Opa1,0.358443808,37.81212842
Zfp729b,0.358368433,9.750297265
Zdhhc2,0.358275478,43.28180737
Mcph1,0.358124062,33.0162505
Nrg1,0.358037406,99.88109394
Armc9,0.357752274,54.18152992
Hvcn1,0.357683047,4.042806183
Cryz,0.357612341,3.68608799
Ralgapa2,0.357502246,69.8771304
Prr14l,0.35741045,40.50733254
Epha5,0.357407437,79.66706302
Srgap2,0.357387027,75.86206897
Pde8b,0.357349164,64.52635751
Ssfa2,0.357208734,9.908838684
Clstn3,0.357204822,44.82758621
Idnk,0.357132123,10.66191042
Plekha1,0.357108973,36.22671423
Whamm,0.356967591,17.83590963
Eml4,0.356959698,46.61117717
Acat1,0.356829701,55.52913199
Agtpbp1,0.356811492,44.15378518
Arel1,0.356759503,23.34522394
Nars,0.356666773,29.13198573
Eps15l1,0.356570898,59.29449069
1700017B05Rik,0.35643304,2.100673801
Rab3gap2,0.356323443,39.59571938
Cblc,0.356262269,1.823226318
Rufy3,0.356153511,69.04478795
Rc3h1,0.356141213,49.94054697
Abca2,0.356097123,33.8882283
Fam78b,0.355966046,19.38168847
Tpp2,0.355809232,38.44629409
Mtmr10,0.355799109,10.93935791
D430041D05Rik,0.355724746,57.98652398
Zfp770,0.355716951,5.94530321
Gm6994,0.355657882,12.36623068
Lrrc45,0.35562961,38.48592945
A830080D01Rik,0.35559637,30.5588585
Klf15,0.355513638,3.250099088
Aftph,0.355495178,49.02893381
Cdr2,0.355478787,7.768529528
Narfl,0.355197921,8.838684106
Faxc,0.355190837,25.08917955
Hdlbp,0.355087632,38.01030519
Zranb2,0.354798014,64.4470868
Ptpn4,0.354761536,57.15418153
Gpi1,0.354656441,50.85216013
Vars,0.354593601,11.57352358
Fam189b,0.354553827,23.70194213
Ttc4,0.354539333,37.41577487
Gm29417,0.354520782,3.170828379
Abl2,0.354473108,46.13555291
E130308A19Rik,0.35446619,48.156956
Zfp872,0.354390772,0.951248514
A330017A19Rik,0.354317635,29.96432818
Eif4g1,0.3542472,64.60562822
Ptpn18,0.354213664,4.320253666
Tax1bp3,0.354127073,3.567181926
Kpna4,0.354015656,34.95838288
Gan,0.353923778,14.30836306
Taco1os,0.353918344,4.161712247
Heatr5b,0.353903863,28.73563218
Ino80d,0.353789872,43.47998415
Fgfr2,0.35378689,80.89575902
Fam193b,0.353684685,48.27586207
Npepps,0.353638996,72.09671027
Nfyc,0.353633357,40.94332144
Siah2,0.35361917,6.183115339
Dgkh,0.353547798,41.18113357
Ccdc191,0.353539336,27.62584225
Tmem55a,0.353323364,34.56202933
Spata7,0.352989784,56.75782798
Ubac2,0.352874626,46.80935394
Mdm2,0.352866515,25.08917955
Smarca2,0.352669219,53.07173999
Nfxl1,0.352557775,13.15893777
Wnt5b,0.352551486,13.99128022
Flna,0.352511841,15.02179945
Guca1b,0.352099323,2.576298058
Bdp1,0.35209532,34.56202933
Dclk2,0.352055293,62.7824019
Pdzrn3,0.351972492,12.04914784
Zfp943,0.351913685,27.86365438
Sptb,0.351912176,31.90646056
Rpl5,0.351790918,26.63495838
Rfwd2,0.351761204,43.00435989
Blm,0.351607063,11.69242965
Zfp654,0.351586959,42.21165279
Cc2d1b,0.351458314,14.38763377
A930011G23Rik,0.35145146,59.61157352
Vat1l,0.351411209,63.49583829
Map3k7,0.35140158,24.49464923
Ints1,0.351401521,11.93024178
Dtna,0.351336903,76.1791518
Fam175a,0.351031604,11.57352358
Rpl11,0.350970603,23.74157749
Cab39,0.350938534,33.05588585
Zmat3,0.350858683,21.56163298
Psmd1,0.35079033,54.34007134
Mgea5,0.35070775,43.91597305
RP23-16L19.5,0.35060869,0.079270709
Ccdc50,0.350603819,38.0895759
Sh3bgrl,0.350507147,17.28101467
Nol10,0.350241932,26.39714625
Pak3,0.350169614,86.88069758
Anapc10,0.350149292,29.96432818
Fgfr4,0.35006496,1.585414189
Rhot1,0.349973289,47.36424891
Tsc22d2,0.349956212,34.99801823
Ugp2,0.349918161,28.29964328
Zgpat,0.349896207,17.91518034
4930595D18Rik,0.34978899,5.430043599
Josd2,0.349763509,36.7816092
Atp13a2,0.349735208,37.33650416
Bcas3os1,0.349734004,26.75386445
Ppp1r18os,0.349706282,1.942132382
Dctn4,0.349655304,46.17518827
Gm14410,0.349368385,33.13515656
Csnk1g1,0.349329365,68.33135157
Ube4b,0.349297256,50.49544193
Mettl6,0.349166269,7.689258819
Tdrd5,0.349077468,5.27150218
Pot1a,0.348821791,18.98533492
Tdrp,0.348727193,3.170828379
Trim7,0.34871472,6.381292113
Cux1,0.348691789,62.42568371
Trmu,0.348680431,22.82996433
Dcaf6,0.348643802,62.62386048
Gnptab,0.348632636,20.61038446
Arfgef1,0.348550593,50.49544193
Ndrg4,0.34849462,61.59334126
Polr1a,0.348325923,19.14387634
Sox5,0.348288641,24.01902497
Dlc1,0.348276321,66.86484344
Mtif2,0.348258236,51.16924296
Sorbs1,0.348211413,50.41617122
Manba,0.34819945,32.54062624
Dna2,0.348164824,8.838684106
Aatf,0.348113172,36.58343242
Etnk1,0.348068113,59.8097503
Zfc3h1,0.347903331,40.78478002
Fam222b,0.34787783,54.73642489
Prpf40b,0.347863895,28.57709076
Phtf2,0.347814652,38.96155371
Cd151,0.347693107,10.70154578
Gm5544,0.347659374,2.140309156
Bbc3,0.347650257,3.804994055
Plekhm2,0.347559308,39.47681332
Fermt2,0.347549088,39.08045977
Atf6,0.347525534,35.47364249
Arhgap35,0.347448619,53.42845818
Vps9d1,0.347371188,22.5921522
Gm4409,0.347334925,2.695204122
Pnpla8,0.347325273,25.76298058
Clk4,0.347173995,34.36385256
Usp45,0.347160632,47.52279033
Tle2,0.347148865,13.71383274
Smap1,0.347132925,34.12604043
Tsc22d4,0.347101603,26.08006342
Gm1992,0.347064217,44.07451447
C2cd5,0.346981138,61.95005945
Map3k4,0.346893239,23.14704717
Cabyr,0.346794011,3.567181926
Gys1,0.346744166,30.36068173
Rap2a,0.34674015,8.244153785
RP23-4H17.3,0.346734338,2.25921522
Tbc1d2b,0.346524829,11.41498216
Jak3,0.34645514,2.140309156
Tacc1,0.346433057,45.6202933
Pidd1,0.346297805,0.990883868
Tnk2,0.346284409,41.22076893
Ap3m1,0.346183087,28.06183115
Mxi1,0.346180192,24.93063813
Parp8,0.346075105,61.95005945
Dnajc1,0.346039288,65.27942925
Max,0.346027285,18.11335711
Dennd6a,0.346005827,50.53507729
Slc43a2,0.345917177,31.51010702
Slc12a2,0.34581805,18.47007531
Tubg2,0.345768682,12.32659532
Dnajb4,0.345768625,38.68410622
Hltf,0.345643108,19.46095918
Sdhaf3,0.345609478,19.77804201
Mbnl1,0.345515672,48.19659136
Gm42906,0.345383262,7.491082045
Eml1,0.34537196,34.24494649
Cnot4,0.345369607,73.6424891
Ube3c,0.345338349,66.07213635
Crlf3,0.345260872,17.47919144
Lrrc14,0.345219482,8.28378914
Tep1,0.345069114,6.579468886
4933406I18Rik,0.344731967,60.28537455
Slc25a16,0.344582119,16.92429647
Abr,0.344564832,78.20055489
Hip1,0.344545204,36.06817281
Mettl8,0.344506171,15.29924693
Itsn2,0.344494861,55.05350773
Clvs1,0.344332978,78.39873167
Gas2,0.344199985,33.92786365
Enox1,0.34413103,84.5025763
Cdc42se2,0.344112847,32.10463734
Map6,0.344074926,57.23345224
Frmpd4,0.344071535,95.20412208
Plcb1,0.343917353,95.24375743
Tango6,0.343865645,22.23543401
Plpp7,0.343856134,14.34799841
Btaf1,0.343828105,62.18787158
Cwf19l2,0.343717473,42.56837099
Iqsec2,0.343711812,33.96749901
Vezt,0.343535087,57.07491082
Fam19a5,0.343522788,39.91280222
Ufc1,0.343411993,15.37851764
Akr1b10,0.343369677,9.671026556
Kansl2,0.343303699,26.95204122
Otud7a,0.343271853,83.47205707
Zfp949,0.343092947,33.4522394
Pde4b,0.343084559,92.86563615
Lmo4,0.343069853,19.57986524
Zcchc6,0.343050241,23.66230678
Aim1,0.342888241,5.073325406
Lama5,0.342849123,3.369005153
Socs6,0.342830148,24.93063813
Rab11fip3,0.342810216,53.11137535
Slc38a6,0.342748105,30.9948474
Tmem86b,0.342603759,8.878319461
Vstm5,0.342218064,20.21403092
Pcca,0.342141887,61.27625842
Ajap1,0.342115088,24.29647245
Alkbh6,0.342052045,14.94252874
2810403A07Rik,0.341985784,41.02259215
Gm26510,0.341949558,1.625049544
Tnfrsf11a,0.341826046,5.311137535
Cyfip2,0.341758649,49.50455807
Cs,0.341730974,38.40665874
Shtn1,0.341709184,58.30360682
Ephb2,0.341625064,44.66904479
Acsl4,0.34148632,30.20214031
Grip2,0.341458268,21.7201744
Nxpe4,0.341245361,9.314308363
Rmdn2,0.341151593,7.927070947
Ptpn5,0.34112255,40.42806183
Lrrcc1,0.340980411,32.02536663
Rapgef1,0.340891703,43.63852556
Gm27241,0.340840381,41.33967499
Rnf130,0.34078617,53.11137535
Gpsm1,0.340777644,29.40943321
Fam20b,0.340731796,30.63812921
Gm13235,0.340724997,0.515259612
Trappc10,0.340592679,18.27189853
Slc35a3,0.340584632,18.03408641
Ahdc1,0.340558085,25.24772097
Dusp16,0.340491495,13.59492667
Trim71,0.340438528,1.625049544
Mkln1,0.340330419,59.13594927
Ssh1,0.340282162,21.91835117
Rapgef2,0.340242967,63.73365042
Parp16,0.340185157,11.85097107
Fam186a,0.340145414,3.963535474
Sptbn1,0.339904103,81.49028934
Jmjd1c,0.339832373,78.08164883
Akirin1,0.339813042,21.91835117
Gm15155,0.339724507,39.00118906
Vps50,0.339531676,31.39120095
Sfi1,0.33926061,41.18113357
Zfp874a,0.339183779,3.250099088
Slc1a7,0.339074946,1.704320254
Zyg11b,0.33905294,49.98018232
Ccdc28b,0.338973095,16.96393183
Plekhm3,0.33895904,44.47086801
Tmem154,0.338915257,0.356718193
Mroh8,0.338885114,8.28378914
Gxylt1,0.338839098,9.71066191
Flnc,0.33882042,2.140309156
Fam69a,0.338807877,40.70550931
Kdm5b,0.338634137,50.29726516
Gm26869,0.338602868,5.27150218
Pkd1l3,0.338573923,4.240982957
Ube2g2,0.338476526,5.548949663
Pzp,0.338466021,24.97027348
Armc8,0.338415646,37.653587
Eno2,0.338313351,39.12009512
Tinf2,0.338212964,1.823226318
Agpat3,0.338162625,24.53428458
4931406P16Rik,0.338150302,42.2909235
Trp53,0.338106189,9.353943718
Vstm2b,0.338015933,8.878319461
Lrrfip1,0.337944518,46.65081252
Elfn1,0.337881836,9.552120491
Slc3a2,0.337819296,32.54062624
D430042O09Rik,0.337752,30.79667063
Golga3,0.337514296,23.66230678
Gm26863,0.337457849,0.792707095
Zfp947,0.337234007,3.646452636
Atp1a3,0.337128174,71.42290924
Gars,0.337021959,24.2568371
Timm23,0.336973297,25.24772097
Kat6b,0.336948581,54.30043599
Gm9833,0.33691317,6.658739596
Depdc5,0.336903266,53.30955212
Cramp1l,0.336662762,34.00713436
1700028J19Rik,0.336639743,1.268331352
Lin7a,0.336566791,55.96512089
Trappc8,0.336534084,42.17201744
Ttc38,0.336491803,5.430043599
Zhx3,0.336408613,43.04399524
Mpc1,0.336351413,48.63258026
Ing3,0.336341791,11.69242965
Prim1,0.336234182,7.134363853
Map3k3,0.33615503,46.37336504
Gsta2,0.336103779,2.25921522
Cep162,0.336100026,23.97938962
Daam1,0.336088741,46.21482362
Sirt7,0.336013112,38.48592945
Strn,0.335929461,22.98850575
Tsr3,0.335874746,16.25049544
Hexdc,0.335850845,22.90923504
Ankrd17,0.335762521,76.9718589
Sycp2,0.335725064,48.35513278
Ncs1,0.335683269,31.47047166
Wdpcp,0.3356372,32.34244946
Bpifb9a,0.335616656,0.475624257
Arhgef11,0.335278967,53.74554102
Zeb1,0.335249064,69.99603646
Cipc,0.335053874,21.52199762
Zfp661,0.334946551,1.664684899
Suclg1,0.334915223,30.87594134
Rapgef6,0.334913186,81.6091954
Atg4d,0.334903637,16.48830757
Ar,0.33480601,28.57709076
P4ha1,0.334717235,27.15021799
Gm20629,0.334702818,12.04914784
Bcl2l11,0.334632554,2.615933413
Mchr1,0.334505474,1.862861673
D130043K22Rik,0.33450507,42.96472453
Idh3g,0.334249723,29.17162109
Med1,0.334225415,26.95204122
Taf3,0.334116832,38.16884661
Npr2,0.334031833,11.61315894
Pitpna,0.334022747,52.35830361
D230025D16Rik,0.333955605,26.11969877
Lyrm1,0.33393878,22.82996433
Nosip,0.333918858,7.055093143
Zfp933,0.333877744,26.99167658
Ppfia4,0.333685795,27.07094728
Lix1,0.333679708,10.0673801
Dleu7,0.33363677,7.491082045
Porcn,0.333608154,19.93658343
Cenpa,0.333597877,0.356718193
C1qtnf7,0.333537636,2.972651605
Ttc27,0.333503216,24.692826
Lmbr1,0.333420832,50.21799445
Map3k1,0.333407149,11.53388823
Mark2,0.333348757,50.1783591
Wars,0.333315934,11.85097107
Snx30,0.333294539,27.78438367
Glud1,0.333219919,40.34879112
Nemf,0.333118223,47.91914388
Raver1,0.333064098,19.42132382
Ylpm1,0.332807127,65.16052319
Axin1,0.332762656,31.86682521
Mir142hg,0.332534122,2.179944511
RP23-54G8.4,0.332490807,58.77923107
Magi3,0.332244551,64.84344035
Gprasp1,0.332218762,47.56242568
Top3b,0.332213098,23.50376536
Rabl2,0.331819828,21.87871581
Fgf5,0.331768299,0.832342449
Vps41,0.331725589,49.78200555
Sgk1,0.331720052,34.79984146
Glcci1,0.331717578,2.179944511
Notumos,0.331665809,0.039635355
Usp31,0.331638071,30.51922315
Prkag2,0.331209175,40.78478002
Pdcd7,0.331178431,7.253269917
Rbm28,0.33115452,30.40031708
Mettl25,0.331131279,22.11652794
Ube2e2,0.331097265,94.68886247
Cep126,0.330640782,36.82124455
Nfs1,0.330618516,27.30875941
1700008O03Rik,0.330612105,4.914783987
Nxph1,0.330515915,85.29528339
Gm4577,0.330435642,2.100673801
1700020I14Rik,0.330086882,23.58303607
Atp1a1,0.330064338,40.42806183
Rps6kc1,0.330007889,23.8208482
Pappa,0.329897731,12.84185493
Tmem131,0.329861351,34.48275862
Zfp248,0.329739179,19.89694808
Csnk1g3,0.329709561,41.8549346
RP24-267C3.3,0.329670688,18.54934602
Atg13,0.329645408,27.70511296
Tax1bp1,0.329580788,38.20848197
Zfp64,0.329556856,34.04676972
Snx13,0.329541761,29.88505747
Col4a4,0.329479291,3.725723345
2500002B13Rik,0.329297872,1.545778835
Mpdz,0.329284908,35.43400713
Fam168a,0.329211896,78.71581451
Fut10,0.329158877,3.408640507
Skiv2l,0.329029455,15.89377725
Fam189a1,0.32899548,60.36464526
Zfp955a,0.328964055,3.051922315
Lyrm7,0.328883079,7.292905272
Stk4,0.328803361,16.64684899
Slmo1,0.328789219,35.79072533
Cryl1,0.328689544,15.57669441
Nsmaf,0.328634721,26.19896948
Znrf1,0.328609444,59.73047959
Rxra,0.328581478,5.469678954
3110021N24Rik,0.328497901,45.89774078
Zfand3,0.328444633,56.55965121
Farp1,0.328366836,60.48355133
Ppib,0.328120353,27.46730083
Bmp2k,0.32806072,9.631391201
Hk1,0.328041897,41.02259215
Arpc1b,0.328035587,8.402695204
Trp53inp1,0.328007283,8.244153785
Atxn2,0.327947844,63.05984939
Ica1,0.327863318,70.82837891
Ak5,0.327856585,52.12049148
Actr1a,0.327712809,32.50099088
Mapk1ip1,0.327696486,21.64090369
Trpv2,0.327591488,24.97027348
Edil3,0.327553164,90.21006738
Smurf1,0.327511238,34.95838288
Stk38,0.327472436,46.96789536
9030624J02Rik,0.327418944,37.653587
Pik3ca,0.327416805,35.94926675
Nf2,0.327400546,29.76615141
Uevld,0.327242212,21.95798652
Liph,0.327215213,4.478795085
Adgrg4,0.327166989,4.597701149
Elavl4,0.327153133,73.95957194
Rfx8,0.327139811,0.911613159
Aak1,0.326996247,72.88941736
Ism1,0.326991951,4.359889021
Ift88,0.32694209,36.10780816
Slco3a1,0.326818288,48.0776853
Epb41l5,0.326811399,32.02536663
Mark1,0.326743694,28.97344431
Ccdc174,0.326691116,30.95521205
Ddhd1,0.326689009,31.98573127
Camsap2,0.326583633,35.83036068
Pld5,0.326520621,76.06024574
Psma1,0.326498352,45.50138724
Odf2l,0.326464077,21.79944511
Cops7b,0.326450234,20.0554895
AW209491,0.326388715,16.13158938
Ankrd11,0.326386906,39.99207293
Abhd17b,0.326380362,26.39714625
Mink1,0.326335047,24.09829568
Tspan5,0.326220209,40.82441538
Mrpl3,0.325892323,20.37257233
Lrch1,0.32587468,64.0110979
Tmc2,0.325775821,2.536662703
Ppp4r1,0.325719705,26.19896948
Abcc5,0.325694083,63.09948474
Zfat,0.325607504,24.41537852
Gak,0.325542539,36.7816092
6030419C18Rik,0.325475844,3.369005153
Clgn,0.325459021,17.67736821
Ncoa2,0.325394367,60.84026952
Mgat3,0.325293166,23.8208482
Tmem128,0.325256387,15.85414189
Iars2,0.32520738,21.87871581
Tbcd,0.325197668,47.16607214
Nckap1,0.325182167,60.52318668
Alg12,0.325162099,7.5307174
Gm28043,0.325143403,9.155766944
Cdk19,0.325132821,24.65319065
Clk2,0.325018449,17.00356718
Gtpbp2,0.324983106,26.15933413
Rab31,0.324845244,21.52199762
Ttc8,0.324757578,61.03844629
Adam32,0.324726162,8.125247721
Mlf2,0.32466965,37.09869203
1810044D09Rik,0.324625573,1.347602061
Capzb,0.32461814,31.98573127
Tfrc,0.324506413,14.14982164
Ntn5,0.324443607,0.039635355
Mccc2,0.324263957,21.3634562
Eprs,0.324178078,27.86365438
Gramd1b,0.324156638,58.62068966
Ifnar2,0.32415374,8.680142687
Rbfox3,0.324092014,51.76377329
Ank,0.324089434,43.55925486
Galc,0.324027449,19.54022989
Slco2a1,0.323991432,10.8600872
Fnip2,0.323964526,26.7934998
Zfyve1,0.323944559,31.07411811
Jakmip3,0.323908112,29.13198573
Tigar,0.323889502,4.201347602
Ino80,0.323831606,48.75148633
Bcas3,0.323825855,74.03884265
Gramd1a,0.323706071,42.05311138
Nudt5,0.32370151,18.03408641
Polr3b,0.323637848,18.03408641
Borcs5,0.323617578,22.94887039
Pdcd6ip,0.323616257,23.93975426
Gm21992,0.323528841,44.78795085
A930007I19Rik,0.323441597,5.27150218
Efcab14,0.32343239,26.55568767
S100b,0.323387673,29.17162109
Zfp112,0.32337824,27.38803012
Grin2d,0.323375103,16.36940151
Disp2,0.323181921,33.92786365
Rnf145,0.323104562,26.19896948
Casc3,0.323067802,29.29052715
Larp4,0.323048714,28.81490289
Ttc37,0.323000791,34.91874752
Dcaf5,0.322906076,42.13238208
Nln,0.322836594,20.76892588
Nhlrc3,0.322807327,9.195402299
Ldlrap1,0.322778577,0.356718193
Map1b,0.32267794,95.71938169
Prmt3,0.322655191,18.11335711
Ddx52,0.322652966,14.58581054
Ptprz1,0.322554882,42.80618312
Gm12216,0.322498903,20.33293698
Wapl,0.322488312,51.72413793
Cwc27,0.322442432,50.25762981
Jak2,0.322431956,26.04042806
Vps39,0.322206979,19.06460563
Pten,0.322179476,44.7483155
Ascc2,0.321988812,23.14704717
Heatr1,0.321934809,10.30519223
Cep85,0.321860861,20.01585414
Eftud1,0.321735732,21.16527943
Sirt4,0.321631007,13.95164487
Tram2,0.321616129,1.823226318
Tubgcp6,0.321570992,12.60404281
Btbd7,0.321561839,50.81252477
Tyms,0.321555977,8.164883076
Elp4,0.321439072,49.74237019
Ntn1,0.321390354,5.033690052
Slc2a8,0.321383595,19.97621879
Col28a1,0.321382565,2.93301625
Sec31a,0.321316708,17.79627428
Foxp4,0.321287675,9.03686088
Clip4,0.321134791,21.64090369
Wnt8b,0.32112304,0.713436385
Dusp1,0.320979274,3.329369798
4921511C10Rik,0.320818318,36.97978597
Pip5k1a,0.320794483,38.40665874
Map2k4,0.320790557,69.40150614
Mapk14,0.320741684,39.19936583
Ube4bos1,0.320721682,28.69599683
Rnd1,0.320650164,7.768529528
Gm43477,0.320412115,2.25921522
Nagpa,0.320383954,2.734839477
Ptprs,0.320296031,72.05707491
Mybl2,0.320279801,1.862861673
Prkaa2,0.320262187,24.13793103
Lin52,0.320190806,32.73880301
Isca2,0.320178728,24.45501387
Crtc3,0.320060587,40.38842648
Umps,0.319784609,4.240982957
Rbm11,0.319736292,3.131193024
Ankfy1,0.319695337,37.29686881
Dtx1,0.31967591,14.54617519
Plxna1,0.319479546,13.99128022
Zmym2,0.319315689,59.77011494
Fsd1,0.319314899,39.35790725
Stxbp1,0.319252702,61.39516449
Lrrc16a,0.319178457,56.52001585
Gfm1,0.319174141,9.314308363
Timmdc1,0.319157917,29.84542212
Smim14,0.318886253,37.17796274
Kcnk3,0.318776914,12.76258423
Dync1li1,0.318705657,36.424891
Atp6v0a1,0.31865906,79.9445105
Dpysl2,0.318598839,69.04478795
Cdkal1,0.318493428,50.33690052
Med6,0.318322764,27.54657154
Mtmr12,0.318283769,21.28418549
Prkaa1,0.318245153,14.82362267
Arf4,0.31824066,40.6262386
Snta1,0.318169368,27.07094728
Ywhag,0.318115944,40.22988506
Ddx55,0.318058363,26.23860484
Megf9,0.318049402,35.94926675
Mapk11,0.318003646,24.05866033
Ak7,0.31794925,8.759413397
Ecsit,0.317908583,24.41537852
Zeb2,0.317843023,65.04161712
2210404O09Rik,0.317772463,9.631391201
Smurf2,0.317589533,49.10820452
Fam49a,0.317569464,20.45184304
Tkt,0.317192015,27.42766548
Zscan29,0.317175511,3.210463734
Lima1,0.317165162,32.77843837
Faf2,0.317076326,36.26634958
Rae1,0.316987519,24.17756639
Ncaph2,0.316938055,27.50693619
Dennd1b,0.316849443,49.22711058
Kctd6,0.316829062,4.558065795
Ap1ar,0.316800254,16.88466112
Taok1,0.316726961,59.49266746
Kctd18,0.316616226,11.13753468
Mfn1,0.316555197,36.26634958
Asb7,0.316536671,20.21403092
Hs6st3,0.316480142,87.75267539
Psmd12,0.316438466,26.71422909
Lrp1,0.316397054,44.70868014
Specc1l,0.316390482,42.72691241
Cyb5r4,0.316365949,24.21720174
Pdss2,0.316271081,51.80340864
Ccdc25,0.316211688,12.1680539
Gm12649,0.316209262,3.804994055
Cdk5rap1,0.315985171,13.63456203
Sirt3,0.315851791,23.74157749
Tbc1d23,0.315815736,40.38842648
Gm10010,0.315708066,2.378121284
A430105J06Rik,0.315572296,5.588585018
1700001K19Rik,0.315410699,4.240982957
Utp14a,0.315399446,22.11652794
Lars,0.315307467,37.45541023
Phc3,0.315198067,42.92508918
Gm9755,0.315104634,0.118906064
Clpx,0.315086211,36.02853746
Chm,0.314971308,50.89179548
Erlin1,0.314879324,29.2508918
Fam214b,0.314756116,24.81173207
Man1c1,0.314646053,23.14704717
Pde3b,0.31453593,34.12604043
Rpgrip1l,0.314410267,19.6987713
Xkr6,0.314382982,76.61514071
Med24,0.314343488,13.51565597
Aco1,0.314323253,14.78398732
Kdm6b,0.314314958,33.41260404
Tpd52l2,0.314253947,18.07372176
Efr3b,0.314231595,46.37336504
Entpd5,0.314168091,15.81450654
Mfap3,0.314106341,29.92469283
Ubap1,0.314071275,20.88783195
Atp9b,0.314065748,56.40110979
Plekhg4,0.314062769,2.93301625
Dlgap4,0.313946626,36.10780816
Nr6a1,0.313786665,76.9718589
Hsd17b13,0.313782696,0.039635355
Becn1,0.313661736,14.74435196
A230087F16Rik,0.313655961,12.32659532
Oxct1,0.313611128,59.8097503
Dnaaf5,0.313495826,9.869203329
Dusp8,0.313435377,8.640507333
1600010M07Rik,0.313407067,24.692826
Dpf2,0.313393136,24.73246136
Olfm3,0.313301288,67.61791518
Camsap1,0.313288514,26.83313516
Map4k3,0.31324226,43.59889021
Mrpl4,0.313124269,23.06777646
Ppm1h,0.313121069,65.39833532
Ube2k,0.312957863,70.11494253
Rnf24,0.312919303,33.61078082
Zbtb8os,0.312888532,10.34482759
Zfp521,0.312887511,30.63812921
Nudcd1,0.312608705,24.85136742
Wwox,0.312598182,86.08799049
Rbpj,0.312465246,18.03408641
Orai2,0.312349931,15.53705906
Tnpo3,0.312319875,44.19342053
1700007G11Rik,0.312291503,12.28695997
Srl,0.312165319,6.143479984
Slc25a3,0.312110756,46.8489893
Tbc1d19,0.312022202,35.39437178
Slc9a7,0.311998242,46.73008323
Gm38112,0.311990122,17.12247325
Arhgap6,0.311868145,33.41260404
Smarca4,0.311842676,43.99524376
Exoc5,0.311673556,37.41577487
Igf2r,0.311662872,12.80221958
Map7d2,0.311641076,61.117717
Rab11fip4,0.311593681,29.72651605
Gapvd1,0.311471422,57.66944114
Acer1,0.311451849,5.707491082
Actl6a,0.311385074,15.53705906
Gm4944,0.311381245,10.10701546
Dhx57,0.311294659,35.39437178
Ube2h,0.311211488,62.58422513
Mief1,0.311002235,16.92429647
Sdpr,0.310898231,2.100673801
3830406C13Rik,0.31084274,22.51288149
Man1a2,0.310667588,42.40982957
Nrbf2,0.31066234,7.094728498
Zfp763,0.310627032,13.51565597
Ddi2,0.310530164,26.08006342
Hs3st5,0.310505203,68.72770511
Eps15,0.310432809,40.46769719
Gmeb1,0.310417995,23.22631788
Ltbp3,0.310365257,16.84502576
1110037F02Rik,0.310181361,29.3301625
Sec23b,0.310149818,19.6987713
Apc,0.310091653,72.57233452
Med12l,0.310039136,62.86167261
Gm14051,0.309979037,6.262386048
Anks6,0.309958602,6.302021403
Ddx10,0.30984627,33.53151011
Ptcd3,0.309675733,21.91835117
Zswim8,0.30967105,32.46135553
Inppl1,0.309474057,4.082441538
Smg5,0.309424197,32.61989695
Spock2,0.309424075,57.90725327
Xylb,0.309362128,2.417756639
Nsmf,0.309263158,25.08917955
Kcnq1,0.309240176,53.82481173
Gm14326,0.309212655,23.42449465
Fry,0.309185527,81.1732065
Tmeff2,0.309181723,90.76496235
Snap23,0.309171208,23.78121284
Gm29051,0.309071961,3.369005153
Neto1,0.308999671,35.59254855
Adam22,0.30896537,75.42608006
Atf6b,0.308949824,16.2901308
Setbp1,0.308931062,75.307174
Fars2,0.308894014,52.12049148
Nnt,0.308803254,22.19579865
Arid1b,0.308756091,57.15418153
Npm3,0.308749877,4.676971859
Ola1,0.308621874,35.19619501
Brms1l,0.308597626,23.42449465
Frem3,0.30857883,2.814110186
Brca2,0.308537444,10.54300436
Fxr2,0.308531654,31.98573127
B4galt6,0.308482187,24.21720174
Taf5l,0.308448707,7.253269917
Cacnb1,0.308394122,10.70154578
Usp53,0.308355299,19.34205311
Tsc22d1,0.308349363,54.22116528
Rap1gap2,0.308270715,48.5136742
Uggt1,0.30822137,21.08600872
Atrn,0.308218579,60.28537455
Nsf,0.308215845,75.66389219
Snf8,0.308120805,21.79944511
Scamp1,0.308076344,42.84581847
Tshz2,0.308061319,82.28299643
Papd5,0.307981124,40.15061435
Magix,0.307968559,0.356718193
Pdhb,0.307940147,30.20214031
Fam189a2,0.307678781,7.808164883
Tpcn1,0.307667787,15.41815299
Zfyve9,0.307653017,70.07530717
Gdpgp1,0.307616059,3.170828379
Chka,0.307546129,56.12366231
Lmbr1l,0.307500258,12.84185493
Emsy,0.307385749,38.882283
Med13,0.307242229,44.78795085
Cltb,0.30722924,38.24811732
Trps1,0.307215724,68.33135157
Insr,0.307185029,46.53190646
6720489N17Rik,0.307165925,9.155766944
Crybg3,0.307046609,5.112960761
Smad4,0.307034741,18.94569956
Gnal,0.307027922,42.88545382
Pdcd2l,0.306939144,17.28101467
Elovl4,0.306772006,17.04320254
Tor1aip2,0.306731505,26.11969877
Slc2a3,0.306649527,36.38525565
Pik3r3,0.306522013,43.28180737
Ints4,0.306435121,16.56757828
Slc24a2,0.306431611,80.38049941
Eno4,0.306351276,3.567181926
Thoc1,0.306273401,65.20015854
Prrc1,0.30607223,17.99445105
Stx16,0.30606793,61.4744352
Esyt2,0.305935381,47.44351962
Spag5,0.305892055,83.19460959
Edem2,0.305881915,13.79310345
Tmem80,0.305796509,22.47324614
Clcn7,0.305776635,20.17439556
Mfsd6,0.305514878,32.42172017
Brox,0.305488239,15.97304796
Kctd8,0.305407967,71.46254459
Nop56,0.305376674,49.10820452
Gm15489,0.305375557,10.82045184
Lipo1,0.305346541,14.50653983
Fam63b,0.305337836,39.3182719
Ptch1,0.30533453,22.03725723
Wars2,0.305149781,15.89377725
Appbp2,0.305101231,30.43995244
Aox2,0.305028302,3.487911217
Golga1,0.305019787,37.17796274
Chd8,0.305011865,52.35830361
C130026I21Rik,0.304937392,14.86325803
B230112J18Rik,0.304927777,1.149425287
Wdr37,0.304921108,37.01942132
Grip1,0.304904136,90.44787951
Ankrd42,0.304903244,25.08917955
Gm12718,0.304898723,5.747126437
Mark3,0.304869416,67.18192628
Tbc1d13,0.304607456,14.50653983
Zfp369,0.304550257,16.44867222
Ephx2,0.304544006,4.201347602
Ahcyl2,0.304446211,69.16369402
Rngtt,0.304437873,47.20570749
Ppil2,0.304425262,40.38842648
Flot2,0.304422999,41.97384067
Pex1,0.304403908,27.11058264
Selenbp2,0.304395358,1.109789933
Zfp81,0.304320855,14.86325803
Mirg,0.304312911,76.45659929
Mxd4,0.30429834,16.48830757
Zc3h12b,0.304286304,54.18152992
Mta3,0.304221709,35.79072533
Elovl5,0.304207209,20.17439556
Trmt1l,0.304193472,44.19342053
R3hcc1l,0.304181644,24.01902497
Cdhr3,0.304034587,2.25921522
Gatsl2,0.303960515,33.0955212
Bop1,0.303897686,10.89972255
Alkbh8,0.303894635,35.43400713
Dnmbp,0.303784213,16.7261197
Bre,0.303768317,46.17518827
Eif2d,0.303741205,19.54022989
Gripap1,0.303642971,39.51644867
Gnai1,0.303623975,29.88505747
Kif1b,0.303614551,87.63376932
Ttc28,0.303570333,56.36147444
Galnt1,0.303549637,34.72057075
Nipsnap1,0.303422814,33.69005153
Dpysl3,0.30337115,51.01070155
Eri1,0.303339927,6.420927467
Polr3c,0.303326395,14.30836306
Tlr4,0.303198325,4.122076893
Gm6260,0.303193389,0.713436385
Cdk7,0.30311055,29.84542212
Bicd1,0.303072195,84.38367023
Atat1,0.303069954,35.27546572
Adcy10,0.303012374,25.68370987
Preb,0.30300316,27.5862069
Lnp,0.302956938,44.94649227
Mast2,0.302924238,71.14546175
Gm15800,0.302916815,60.52318668
Txn2,0.302905297,17.12247325
Ap3b2,0.302879233,43.04399524
Dpp9,0.302819183,12.20768926
Dnlz,0.302753222,15.33888228
Gm10634,0.30268599,2.140309156
Tyw1,0.302684545,24.53428458
Stx12,0.302545114,32.50099088
Bet1l,0.302491821,11.61315894
Kdm4c,0.302434303,68.29171621
Snapc1,0.302362375,17.67736821
BC005561,0.302330116,38.24811732
Acbd6,0.302298986,47.60206104
Gcnt7,0.302283286,15.85414189
Palm2,0.302180749,52.75465715
Polg,0.302095017,15.25961157
Gm16193,0.302038162,1.347602061
Cnnm1,0.301954298,23.18668252
E2f2,0.301898361,1.030519223
Gm26737,0.301829976,3.369005153
2410089E03Rik,0.301757704,76.45659929
Fbxo18,0.301740147,21.48236227
Ap1m1,0.301632255,24.93063813
Dusp22,0.301599801,19.65913595
Rbfox2,0.301574182,69.12405866
Gm26542,0.301574021,16.01268331
Gm15559,0.301391296,8.20451843
Sacm1l,0.301298801,38.32738803
Gm32250,0.301274521,26.08006342
Fgf12,0.301242738,76.93222354
Ccdc173,0.301173576,15.65596512
Gclc,0.301101629,22.47324614
RP23-231J2.1,0.300834817,81.96591359
Ddx46,0.300830121,25.00990884
Chchd3,0.300764469,66.66666667
Cpped1,0.300754202,12.24732461
Epn2,0.300620942,34.83947681
Epb41l4a,0.300364556,12.92112564
Zfp14,0.300281254,16.21086009
Anxa5,0.300253077,14.98216409
Ing4,0.300229747,23.18668252
Csnk2a1,0.300216413,22.94887039
Ext2,0.300100283,28.77526754
Poc5,0.300076404,4.478795085
Fip1l1,0.299996636,32.85770908
Klhl29,0.299940827,70.3131193
Kcnb1,0.299862454,28.97344431
Nbeal1,0.29982375,65.08125248
Twf1,0.299816239,5.27150218
Hiatl1,0.299769245,20.4914784
Chkb,0.299765284,24.53428458
Sars,0.299552646,35.19619501
Rad21l,0.299526244,1.466508125
Fgfr1op2,0.299493019,16.21086009
Zkscan3,0.299465821,27.42766548
Ank1,0.299428876,47.36424891
Naa40,0.299344378,42.13238208
Cacng7,0.29930944,37.61395164
Rab23,0.299301768,11.01862862
Dennd4c,0.299289882,41.77566389
Rsrp1,0.299016242,86.6032501
Msantd2,0.298948624,35.39437178
Cyth3,0.298900701,39.43717796
Lonp2,0.298848187,47.83987317
Lrrc69,0.298780167,10.10701546
Rexo1,0.298694861,15.37851764
Kctd21,0.298668431,11.89060642
Psma3,0.298642748,51.56559651
Nova1,0.298531458,44.98612763
Rnf32,0.298499976,22.90923504
Peg3,0.298475613,64.24891003
Plekhh1,0.298408786,11.57352358
Camta1,0.298407253,89.49663099
Gm29570,0.298385862,3.606817281
Dnase1l1,0.298359122,3.091557669
Mapk8ip3,0.298241272,47.08680143
Mrpl42,0.298234411,25.20808561
Zzef1,0.298172908,52.35830361
Agps,0.298139351,32.50099088
Pkp4,0.298125206,62.26714229
Gab1,0.298047271,11.93024178
Txnrd1,0.298037271,13.31747919
Ap1g1,0.298027086,28.4581847
Gm20649,0.298012279,4.914783987
Trim9,0.298004734,59.25485533
Fmnl2,0.298004296,73.00832342
Grb2,0.297839824,32.73880301
Rps6ka1,0.297838235,9.353943718
Mysm1,0.297821964,37.45541023
Dlst,0.29779973,29.80578676
Mpnd,0.297798154,14.82362267
Rasa1,0.297714762,33.21442727
Tsen2,0.297673156,22.55251685
Trim11,0.297641958,11.53388823
Idh3b,0.297563944,25.72334522
Ago3,0.297533983,68.37098692
Tstd2,0.297530562,11.85097107
Phkg2,0.297529134,30.75703528
Ssc4d,0.297483571,2.93301625
Gm26917,0.29731983,46.21482362
Kif5b,0.297279896,61.79151803
Zbtb11,0.297250805,44.23305589
9830147E19Rik,0.297227184,21.44272691
Dffb,0.297215142,14.38763377
Clip3,0.297209825,19.93658343
Wdr26,0.297073603,36.50416171
Rnf149,0.297001461,16.52794293
AI314180,0.296886376,65.39833532
Nup214,0.296854325,26.87277051
Hectd3,0.296840452,10.54300436
Ago4,0.296838664,22.11652794
Whsc1l1,0.296822479,73.16686484
Tanc1,0.296788318,21.08600872
Pcid2,0.296785802,13.75346809
Ntrk3,0.296683802,79.66706302
Aldh16a1,0.296629794,3.369005153
Trim33,0.296617193,52.95283393
Ggnbp1,0.29658986,21.75980975
Ipo13,0.29650879,16.05231867
Usp36,0.296503131,23.78121284
Abi1,0.296416815,41.73602854
Nrcam,0.296397199,81.33174792
Trpc1,0.296378418,36.7816092
Abcc1,0.296376906,23.97938962
Ap3s1,0.296355209,32.34244946
Cyp2u1,0.296244017,9.552120491
Mphosph9,0.296240086,40.1902497
Tada3,0.296217565,14.22909235
Gm26694,0.295998331,70.27348395
Arhgap15,0.295958448,29.09235038
Atp6v1a,0.295955056,42.72691241
Zfp329,0.29587801,30.32104637
Arap2,0.295739433,9.552120491
Akap10,0.295708392,44.51050337
Rala,0.295694019,34.16567578
Ap1s2,0.295618197,16.40903686
Pomt1,0.295429194,11.93024178
Zc3h13,0.295418957,32.26317876
Hsf2,0.295375528,23.97938962
Atg2a,0.295328922,17.28101467
Psmd4,0.295270309,29.64724534
Limch1,0.295230128,66.30994847
Ece2,0.295165377,53.78517638
Polr2a,0.295143485,29.3301625
Slc38a2,0.295136254,32.10463734
Zfp934,0.295103038,6.02457392
Timp3,0.295086154,10.93935791
Usp33,0.295062798,48.79112168
Fam73a,0.295060624,26.23860484
Gm26561,0.295051632,34.68093539
Ak8,0.294967272,5.469678954
Tmem132a,0.294922542,22.5921522
Cpsf1,0.294891469,7.649623464
Gpatch8,0.294576016,89.5759017
Arpc2,0.294560032,37.49504558
Atp6v0e,0.294551819,17.28101467
Mocos,0.294490344,1.664684899
Pdpk1,0.294179028,39.00118906
Trmt13,0.294143773,24.13793103
Ctr9,0.29407915,21.60126833
Tubgcp3,0.293889088,18.3908046
Kcnb2,0.293707184,92.4692826
Gm7535,0.293697693,2.417756639
1110002J07Rik,0.293645403,0.515259612
Tmem144,0.293643798,1.902497027
Hibch,0.293612613,24.01902497
Slc35b3,0.293453901,17.83590963
Angpt1,0.293416114,13.51565597
Syn2,0.293411742,71.22473246
Prpf39,0.293404942,30.5588585
Epha6,0.293357374,89.97225525
Rint1,0.293331544,20.13476021
Usp48,0.293249377,28.8941736
Gm19265,0.293232088,9.155766944
Fbxw11,0.293159726,39.35790725
Aatk,0.293128656,38.68410622
Mtmr3,0.29296888,53.62663496
Paxbp1,0.292949817,25.76298058
Klf12,0.292914982,63.33729687
Aim2,0.29289692,9.235037654
Cog3,0.292792836,18.43043995
Eftud2,0.292772146,27.70511296
Ormdl2,0.292770512,35.94926675
Irx3,0.292686492,3.289734443
Ccdc79,0.292557,9.71066191
Kdm5a,0.292517937,42.17201744
Ptger3,0.292503932,3.289734443
Wwp2,0.29241476,34.95838288
Runx1,0.292408434,4.478795085
Ttc13,0.292214883,21.08600872
Kcnma1,0.292126847,95.0059453
Capn15,0.291969702,46.80935394
Rwdd3,0.291948023,9.076496235
Tmem63b,0.29186992,38.12921126
N6amt2,0.29169759,21.32382085
Ipo8,0.291648507,38.84264764
Pex14,0.291636525,36.90051526
Gm2087,0.291600232,19.77804201
Arl4d,0.291571735,0.792707095
Med17,0.291541961,13.91200951
Tmem183a,0.291490583,12.36623068
Rusc2,0.2914886,29.56797463
Pou3f2,0.2914089,5.707491082
RP23-344G21.5,0.291319838,5.94530321
Gm26883,0.291272314,41.89456996
Ppp2r2b,0.291245531,98.29567975
Taf13,0.291243252,14.54617519
Prcp,0.291214858,22.03725723
Yeats2,0.291183855,41.26040428
Zfp148,0.291131217,56.40110979
Cog6,0.291089604,14.03091558
Glrb,0.290992601,53.62663496
Mtpn,0.290973286,17.20174396
Vmn1r4,0.290820677,0.594530321
Susd4,0.290742442,34.24494649
Pan2,0.290733916,17.5980975
Tmem186,0.290723162,20.21403092
Zfp938,0.290680663,10.46373365
Mia3,0.290680523,30.71739992
Lrrc49,0.290656061,47.60206104
Gt(ROSA)26Sor,0.29053901,14.70471661
Ikzf1,0.29050698,1.466508125
Fxyd4,0.29032634,20.01585414
Cdk13,0.290226817,46.13555291
Dip2b,0.290216003,61.15735236
Irx5,0.29019028,1.942132382
Arfgap1,0.290187538,31.54974237
Phlpp1,0.290181033,52.63575109
Uri1,0.290122889,57.7090765
Sdhc,0.290088888,21.24455014
Mad1l1,0.290080788,74.03884265
Mef2a,0.290077479,49.8216409
Dhx58,0.289985732,1.902497027
Zbtb7a,0.289918106,31.82718985
Zfp282,0.28990584,24.61355529
Rnf111,0.289883075,35.31510107
Kpna3,0.28980641,41.81529925
Slc16a10,0.289720807,11.01862862
Tnrc6a,0.289710221,73.08759413
Sgcz,0.289694471,99.88109394
Tmem29,0.289527761,26.91240587
Gpr45,0.289469745,42.37019421
Socs7,0.289359744,27.46730083
Dpysl4,0.289346029,15.33888228
Trappc9,0.289263363,43.99524376
Ankrd13c,0.289258015,33.69005153
Bach2,0.289257047,65.55687673
Akap7,0.289187008,26.91240587
Erp44,0.28917292,27.5862069
Dip2a,0.289097574,27.03131193
Gm14444,0.289081815,1.070154578
Ift140,0.289075341,19.6987713
Ccdc64,0.289073646,36.97978597
Fcho2,0.289066038,46.80935394
Rapgef5,0.288997546,46.53190646
Tyk2,0.288788225,13.3967499
Ddr1,0.288784179,27.62584225
Ggnbp2,0.288774688,54.06262386
Papss1,0.288751662,17.91518034
Rimbp2,0.288729847,56.71819263
Zbtb49,0.288652888,7.094728498
Rpgrip1,0.288590594,18.74752279
Wdr20,0.288571413,26.51605232
Psmc4,0.288547482,24.57391994
Prkaca,0.288508395,26.51605232
Ctnnbip1,0.28844701,20.01585414
Rad17,0.288402453,29.72651605
Yes1,0.288309938,30.43995244
Parp6,0.288255189,28.49782006
Nup37,0.288243811,9.155766944
Dennd5b,0.288227336,71.06619104
Casc4,0.288191327,57.27308759
Cacna1d,0.288184633,75.86206897
Ttc25,0.288181849,6.262386048
4930505A04Rik,0.28813518,3.01228696
AV099323,0.288113062,4.399524376
Tbc1d24,0.288101225,17.08283789
Lgals1,0.287998867,17.99445105
Dhrs7b,0.287882232,15.81450654
Thoc2,0.287770417,56.99564011
Gja5,0.287770042,3.091557669
Cpeb3,0.287738379,89.49663099
Gm4924,0.287607716,6.420927467
Stam,0.287597864,21.28418549
Bptf,0.287578594,49.50455807
Fam198b,0.287488135,0.792707095
Ehmt1,0.287353974,62.10860087
Heatr3,0.28732793,26.55568767
Wdr45b,0.287318464,23.74157749
Rnf123,0.287149941,17.83590963
Ddx17,0.287149193,49.385652
Slbp,0.287070571,19.30241776
BC003331,0.287012677,16.09195402
Brinp3,0.287008541,94.96630995
Cnst,0.286924973,16.60721363
Arhgef7,0.286891583,39.87316686
B3galt5,0.286845034,10.93935791
Ikbkg,0.286814,17.71700357
Zfp740,0.286803719,26.47641696
Rab28,0.286676112,41.93420531
Lins1,0.286520684,5.588585018
Eea1,0.286511333,40.70550931
Gm13571,0.286498805,0.396353547
Vipas39,0.286428028,22.63178755
Osbpl9,0.286336814,85.13674197
Il6st,0.286322239,14.03091558
Wdr73,0.286285575,19.46095918
Fkbp10,0.286230426,1.664684899
Mipep,0.286219159,15.18034086
4732471J01Rik,0.286214073,49.30638129
Ttl,0.286121551,21.04637337
Ankrd13a,0.286068912,30.43995244
Ccdc149,0.285847464,19.22314705
RP23-89C10.5,0.285824777,4.280618312
Dcp1a,0.285694069,21.28418549
Atp13a3,0.285635865,29.80578676
Fgfr1,0.285622278,26.08006342
Synj1,0.285595208,49.02893381
Jazf1,0.285560273,58.38287753
Flad1,0.285554459,10.62227507
Psmc1,0.285519699,22.47324614
Tssc1,0.285510895,27.46730083
Mvb12b,0.285452439,37.41577487
Tnni3k,0.285402308,4.240982957
Eif4g3,0.285377854,70.27348395
Rfx3,0.285359393,57.66944114
Dcun1d1,0.285353696,32.54062624
Mrps9,0.285180769,17.39992073
Rpp30,0.285146774,12.72294887
Atg16l1,0.285134706,43.99524376
Agtr2,0.285084919,1.981767737
Hhat,0.285024116,10.10701546
Purg,0.285021373,43.04399524
Nufip2,0.28500568,36.10780816
Prpf40a,0.284997947,51.88267935
Hat1,0.2848464,13.35711455
Rnf115,0.284808447,30.91557669
Tial1,0.284783765,45.06539834
Larp4b,0.284770933,36.02853746
Gins1,0.284711317,2.972651605
Ubr3,0.284699177,63.37693222
Slc25a25,0.284577753,17.63773286
Sh3d19,0.284558732,33.21442727
Rnaseh2a,0.284520048,11.85097107
Trmt11,0.284519453,24.77209671
1700024B05Rik,0.284456716,21.28418549
Gm43713,0.284375029,67.73682124
Msl2,0.284280144,16.64684899
Wasf2,0.284273102,21.28418549
Raf1,0.284212634,39.47681332
Eif4e2,0.284175427,13.43638526
Hdac7,0.284157758,28.85453825
BC002059,0.284143606,22.75069362
Srrm4,0.284126602,65.83432422
Zfp451,0.28410364,30.36068173
4833439L19Rik,0.284021594,20.0554895
Ankrd13d,0.284002349,23.58303607
Asxl1,0.283990374,53.42845818
Mapre2,0.283983549,44.86722156
Copg2,0.28398352,58.66032501
Ccdc47,0.283907756,14.98216409
RP23-240M8.2,0.283889558,5.747126437
Diaph1,0.283841627,23.93975426
Itga10,0.283837911,7.411811336
Cacul1,0.283765246,34.7602061
Pde4dip,0.283718557,81.76773682
Stk3,0.283633173,43.47998415
Nat8l,0.283612791,18.8267935
Pstk,0.2836082,20.29330163
Syt14,0.28350814,34.08640507
P2ry14,0.283495944,63.97146254
Fam193a,0.283465252,57.66944114
Cdc42se1,0.283358503,4.161712247
Rsbn1l,0.283149683,34.00713436
Itgbl1,0.28306315,11.01862862
Slc4a1ap,0.283043895,21.87871581
Sf3b3,0.282922765,29.17162109
Samm50,0.282903328,17.79627428
Eif2a,0.282843363,28.8941736
Rptor,0.282807047,52.59611574
Tmem161b,0.28280192,44.27269124
Supt6,0.282739528,34.04676972
Zcchc7,0.282707272,78.12128419
Atg2b,0.282654589,21.48236227
Ckap5,0.282645948,56.00475624
Ciapin1,0.282543583,22.03725723
Chmp4b,0.282237138,21.44272691
Arhgap19,0.28222444,1.585414189
Clasrp,0.282187613,35.19619501
Ddx24,0.282106329,60.00792707
Srbd1,0.282105974,16.05231867
Atp8b5,0.282079264,6.183115339
Dennd5a,0.282074437,33.80895759
Immt,0.282002362,34.40348791
Nphp4,0.281817894,17.99445105
Dhdds,0.28176749,37.69322235
0610040F04Rik,0.281752143,7.927070947
Lonrf1,0.281708756,9.908838684
Ccdc12,0.281649407,30.63812921
Cep57l1,0.281599153,19.22314705
Dgkd,0.281518687,39.91280222
Lncpint,0.281499512,81.29211256
Syvn1,0.281446762,10.74118113
Mthfs,0.281382932,33.57114546
Elavl3,0.281323506,78.6365438
Gga3,0.28127362,17.55846215
Gtpbp4,0.281255479,29.40943321
Arrdc1,0.281199973,15.45778835
Krcc1,0.281174753,17.08283789
Syn3,0.281059198,68.41062228
Acot11,0.280888528,15.18034086
Tmem175,0.28088737,43.71779627
Vps33b,0.2808609,13.23820848
Rtn3,0.280783385,88.46611177
Lrrc51,0.280739816,10.8600872
Acap3,0.280708465,13.43638526
Map3k19,0.280689505,12.80221958
Slc25a22,0.280672805,12.44550139
Rdm1,0.28065634,5.469678954
Ttc1,0.280626454,20.25366627
Smg1,0.280603664,59.96829172
Pusl1,0.280573537,8.878319461
Capza1,0.280502968,37.17796274
Prpf3,0.280499663,20.33293698
Gm10516,0.280490261,23.10741181
Edem1,0.280459441,11.57352358
Cep164,0.280373974,31.54974237
Rb1cc1,0.280363192,49.54419342
Vps53,0.280353847,26.00079271
Zfp955b,0.280282215,4.280618312
Amy1,0.280204672,56.36147444
Scaf1,0.280187243,19.34205311
Plet1,0.280159015,0.871977804
Khdrbs3,0.280000803,43.00435989
Kif21a,0.279980116,72.29488704
Irf2,0.279976996,34.36385256
Osbpl2,0.279952435,28.81490289
Slc26a7,0.279945292,1.070154578
Chmp3,0.279876396,23.26595323
Cbwd1,0.279862276,20.41220769
Stim1,0.279850838,59.88902101
Sbno1,0.279834454,58.42251288
Snap91,0.27983213,76.1791518
Gabra5,0.279818723,17.75663892
Extl3,0.27981605,20.84819659
Fbxo42,0.279760928,33.05588585
Atf1,0.279637151,16.88466112
Zdhhc4,0.279600544,10.30519223
Zmat5,0.279536366,20.88783195
Rnf216,0.279394894,46.01664685
Smchd1,0.279275398,47.40388426
Pcnt,0.279263672,11.01862862
Pinx1,0.27923407,12.20768926
Bbs5,0.279178382,24.73246136
Gdi2,0.279144956,35.35473642
Hdac3,0.279071436,43.28180737
Cul9,0.279046782,40.74514467
Papola,0.279009898,53.34918748
Rad50,0.278981683,18.23226318
Cmpk1,0.278944325,19.02497027
Gfm2,0.278903572,26.95204122
Tsnax,0.278888758,19.06460563
Ext1,0.278852353,60.56282204
Exoc6b,0.278771602,80.7372176
Eif2ak1,0.278746715,16.76575505
Myl12b,0.278713037,20.65001982
Ubl4a,0.278663784,5.707491082
Chd1,0.278603796,36.74197384
Dlg5,0.278587441,23.46413
Fer,0.278547823,45.34284582
Kif9,0.27848593,15.85414189
Tbc1d22b,0.27848546,19.81767737
Gosr1,0.278477567,22.19579865
Gm12689,0.278469673,2.972651605
Pex13,0.278455212,36.90051526
Ciz1,0.278398699,17.9548157
Dcaf17,0.278378764,25.16845026
Syne1,0.278336697,70.82837891
Gfod2,0.278307226,35.71145462
Pknox1,0.278286939,19.85731272
Mitd1,0.278286753,10.46373365
Rprd1a,0.278257445,34.83947681
Rfx7,0.278234968,74.27665478
Lmbrd2,0.278207914,21.12564407
Fam234a,0.278186595,23.18668252
Tmod2,0.278082165,42.05311138
R3hdm2,0.278052451,54.34007134
Erc1,0.277976226,63.85255648
Xrn2,0.277868673,32.73880301
Fam135a,0.277851915,46.88862465
Dnajc5,0.277802701,40.82441538
Tatdn3,0.277767255,16.09195402
Ythdf3,0.27770314,32.85770908
Gm28644,0.277696686,0.118906064
Mtmr4,0.277653858,11.89060642
Smap2,0.277633798,22.86959968
Usp20,0.277458268,37.25723345
Ier2,0.277443645,1.387237416
Ankrd24,0.277425565,42.13238208
Recql,0.277415965,9.71066191
Neurl1b,0.277400095,2.140309156
Kif13b,0.277343864,31.31193024
Nfic,0.277316535,18.58898137
Usp15,0.277281508,37.49504558
Snapc5,0.277267553,7.689258819
0610010F05Rik,0.277146226,36.66270313
Ppp2r2d,0.277046818,13.87237416
Prdm15,0.277037292,20.01585414
Ube2j2,0.276942545,24.37574316
Phkb,0.276872519,50.81252477
Gm26954,0.27680726,16.92429647
1700011I03Rik,0.27674364,1.902497027
Slc41a3,0.276629829,3.646452636
Brsk2,0.276620467,13.07966706
Atg4b,0.27659371,27.42766548
Slc27a1,0.276577199,15.9334126
Wdfy3,0.276562366,62.7824019
Prkdc,0.276475285,32.38208482
Tcp11l1,0.27642881,47.95877923
Ryk,0.276428711,25.52516845
Lmntd1,0.276421277,3.804994055
Ccny,0.276375037,47.99841459
Sptbn4,0.276324377,48.31549742
Ksr2,0.27616369,69.24296472
Aamdc,0.276003741,14.189457
Agpat5,0.275984561,20.9274673
Camta2,0.275944089,17.24137931
1700125H20Rik,0.275864858,1.070154578
Mapk8,0.275764442,45.06539834
Phactr1,0.275760644,84.81965914
Gtf2h2,0.275701638,18.70788744
Gm21954,0.275645037,4.51843044
Tead4,0.275508099,1.466508125
Dnajb12,0.27548868,9.235037654
Unc80,0.275488507,84.89892985
Ikbkb,0.275448464,22.19579865
Atxn2l,0.275437998,47.20570749
Rab5a,0.275388809,16.25049544
2210406O10Rik,0.275350194,1.704320254
Aptx,0.275319951,6.341656758
Itsn1,0.275251238,46.92826001
Cbfa2t2,0.275218125,50.93143084
Fktn,0.27503765,28.69599683
Rnf14,0.274860263,35.83036068
Dcun1d4,0.274857648,18.58898137
Cpne4,0.27484643,42.92508918
Pibf1,0.274775893,42.17201744
Nudt4,0.274526453,13.23820848
Atg4a,0.274512899,8.045977011
Tvp23a,0.274493782,16.36940151
Rnf10,0.27440869,21.3634562
Pds5a,0.274394544,47.99841459
Dag1,0.274389071,39.55608403
Zkscan1,0.274362084,14.82362267
Acot7,0.274260771,43.55925486
Prdm10,0.274188945,32.14427269
Sympk,0.274182718,28.4581847
Lactb,0.274106408,8.759413397
L3mbtl4,0.274088693,26.51605232
Ndufs4,0.274027062,50.77288942
BC005624,0.274015074,20.29330163
Sdhb,0.273999292,34.87911217
Arhgef10l,0.273951084,31.03448276
Zfp141,0.273949291,27.98256044
Vprbp,0.273898538,36.22671423
Gm26945,0.273850814,4.003170828
Psmb7,0.273726554,20.96710266
Socs5,0.273721365,20.29330163
Gigyf1,0.273691933,23.54340071
Pcmt1,0.273649517,52.91319857
Smox,0.273555608,10.26555688
Fam229b,0.273541146,18.86642885
Jchain,0.273495539,1.783590963
Rab2b,0.2731964,21.64090369
Ufd1l,0.273185521,29.2508918
Arfgef2,0.273173607,46.13555291
Tmem169,0.27315511,18.66825208
Pi4ka,0.27313943,75.18826793
Usp32,0.273085152,65.43797067
Ahsa2,0.272980111,17.71700357
Leng8,0.272920181,48.79112168
Ttc17,0.272883702,44.15378518
Ypel3,0.272741816,39.91280222
Gm19583,0.272617584,3.68608799
Mettl7a1,0.272442752,10.4240983
A930024E05Rik,0.272147138,2.655568767
Unc79,0.272139437,82.63971463
Ubxn4,0.272107513,52.19976219
Kctd3,0.272072726,16.52794293
Gramd4,0.272045965,19.54022989
Bms1,0.272038699,11.25644075
Cxxc1,0.271873888,10.78081649
Farp2,0.271864141,15.73523583
Qrich1,0.271792012,52.91319857
Podxl,0.271785877,1.981767737
Slk,0.27174952,17.39992073
Sos1,0.271639809,41.53785176
Supt5,0.271581755,24.692826
Riok1,0.271544807,26.23860484
Trpm7,0.271482392,61.23662307
Epg5,0.271468515,16.56757828
Sart3,0.271270528,14.90289338
Commd4,0.271265909,25.16845026
Pik3c2b,0.271222982,17.5980975
Klhl8,0.271216093,10.4240983
2700049A03Rik,0.271202548,39.67499009
Soga3,0.271201921,57.31272295
Pla2g6,0.271166942,9.948474039
Acap2,0.271087674,42.6476417
Pbx1,0.271063468,84.9385652
Ehbp1,0.27097265,80.34086405
Peak1,0.270835914,39.39754261
Srcap,0.270758423,11.45461752
Uba3,0.270749431,16.36940151
Trim2,0.270740732,73.36504162
Dmbx1,0.270574749,0.118906064
Mtor,0.270481731,27.11058264
Aagab,0.270426318,12.20768926
Slc9a3r2,0.270419384,9.274673008
Ubr4,0.270359028,33.8882283
Rab6a,0.270151924,40.50733254
Parp1,0.270127577,10.54300436
Mrpl15,0.27010588,12.76258423
Gpbp1l1,0.270093051,18.90606421
Capn11,0.270017411,3.329369798
Secisbp2,0.269960819,18.19262782
Sec13,0.269625127,10.46373365
Phtf1,0.2695779,35.19619501
5330434G04Rik,0.269550552,85.57273088
Zfand2a,0.269532611,10.66191042
Zfp711,0.269512644,13.59492667
Qsox1,0.26950689,14.46690448
Zswim5,0.269401517,29.21125644
Ccdc88a,0.269296464,78.16091954
Rsf1,0.2692619,55.41022592
Dpp8,0.269242681,28.06183115
Brpf1,0.269241067,6.69837495
Dcun1d3,0.269187869,25.1288149
Aspscr1,0.269100762,23.54340071
Map4k4,0.26907913,31.90646056
Slc27a4,0.269067049,13.67419738
Gm26804,0.268905329,53.86444709
Tbc1d7,0.268800533,8.125247721
Taf8,0.268739566,11.61315894
Shprh,0.268727213,34.36385256
Snw1,0.268711677,21.12564407
Mapk8ip2,0.26869608,26.63495838
Abcg2,0.268683341,11.45461752
Csk,0.268657993,10.54300436
Megf6,0.268643443,5.311137535
Ngly1,0.268572335,15.21997622
Adck4,0.268514224,20.33293698
Iglon5,0.268466959,15.41815299
Atg3,0.268431017,23.22631788
Mrpl1,0.268404695,17.36028537
Cxcl17,0.268351299,13.11930242
Lsm1,0.268218785,21.60126833
Qser1,0.268173346,24.2568371
Agfg1,0.268166335,32.06500198
Thada,0.268138948,45.81847008
Fam210a,0.268090229,11.33571145
Lamp2,0.268001019,22.27506936
Myo9a,0.267925214,81.21284185
Cherp,0.267900739,31.74791914
Baz2b,0.267847666,75.66389219
Fam207a,0.267727896,6.619104241
Tmcc1,0.267672321,78.20055489
Mier1,0.267625709,32.14427269
Nde1,0.267570451,1.704320254
Nfatc3,0.26753873,39.95243757
Mmaa,0.267458222,17.63773286
Grin3a,0.267413422,74.11811336
Spred1,0.267378728,25.1288149
Usp8,0.267323947,22.19579865
Agap3,0.267280711,28.81490289
Sdk1,0.267265529,54.22116528
Ndufs5,0.267253317,15.57669441
Tsacc,0.267247403,9.314308363
Ccdc53,0.267000016,13.27784384
Kri1,0.266975835,15.81450654
Prpsap1,0.266948352,22.79032897
Acbd5,0.266878387,37.45541023
Cd2ap,0.266860178,32.02536663
Rab10,0.266814678,43.55925486
Gm38293,0.266809476,2.338485929
Skiv2l2,0.266803099,16.80539041
Vta1,0.266799359,23.30558859
Gtf2b,0.26673511,11.09789933
Sgpl1,0.26673417,19.38168847
Luc7l2,0.266572738,90.13079667
Ccdc159,0.266554011,11.17717004
Med10,0.266476431,7.411811336
Braf,0.266462263,68.33135157
Zadh2,0.266373258,13.59492667
Ranbp2,0.266349583,25.32699168
D930020B18Rik,0.266216176,3.646452636
Scfd1,0.266070221,65.27942925
9130011E15Rik,0.265851131,52.31866825
Dph5,0.265841062,20.45184304
4932443L11Rik,0.265824127,6.420927467
Ppil3,0.26568625,15.02179945
Zfp553,0.265632506,10.02774475
Col4a3bp,0.26561984,33.33333333
Brd4,0.265587862,50.93143084
Inpp4b,0.265561956,76.33769322
Srgap1,0.265502546,37.17796274
Gm16337,0.265443587,2.734839477
Pafah1b1,0.265375982,80.02378121
Pola1,0.265308235,23.97938962
Slc25a38,0.265298169,12.64367816
Telo2,0.26523899,20.4914784
Cdc40,0.265189746,25.76298058
Itpk1,0.265179555,15.89377725
Coq9,0.265164712,14.86325803
Tmem208,0.265163929,27.07094728
Gtdc1,0.265098557,52.51684503
Atcay,0.265057517,38.16884661
March7,0.264976104,47.83987317
Cttnbp2nl,0.264975027,13.15893777
Haus2,0.264867439,8.323424495
Panx1,0.264837763,12.12841855
Gpr107,0.264769936,23.46413
3110083C13Rik,0.264707152,4.320253666
Pcdh7,0.264621429,97.02734839
Cdc42bpa,0.264604256,75.14863258
Smc5,0.264598275,36.54379707
Cap1,0.264514998,15.45778835
Chd1l,0.264512205,6.143479984
Ctps2,0.264470192,32.18390805
Man2a1,0.264465128,27.82401902
Tmem132cos,0.264449936,1.942132382
Clcn3,0.264441107,50.29726516
Sox11,0.264395096,24.01902497
Zfp236,0.264238651,28.37891399
Bzrap1,0.264153181,35.51327784
Med12,0.264149034,5.588585018
Gm3383,0.26405745,4.756242568
Zmpste24,0.264031792,13.75346809
Slc25a32,0.263966383,10.70154578
Glrx3,0.263965034,21.7201744
Gmip,0.263920755,10.82045184
Rps6kb1,0.263915701,46.21482362
Relb,0.263854521,3.170828379
Usp49,0.26380436,5.628220373
Gm26835,0.263801521,56.4803805
Mrps35,0.263749973,6.69837495
Tbc1d12,0.263711959,46.13555291
Atp5c1,0.26369579,20.25366627
Nipal2,0.263685701,38.882283
Timm44,0.263640006,24.77209671
Ift20,0.263576108,31.03448276
Fan1,0.263501763,9.393579073
Ppp2r2a,0.263411425,38.36702338
Slc16a14,0.263339248,9.552120491
Abhd14b,0.263222491,20.80856124
Pign,0.263072904,33.65041617
Akap6,0.263038922,93.02417757
Akap9,0.262969858,51.60523187
Elmo1,0.26295467,48.59294491
Ndor1,0.262850084,9.03686088
Nab1,0.262630227,10.4240983
Dok3,0.262555279,7.411811336
Lrp12,0.26252309,12.40586603
Ppp2r5e,0.26251832,56.40110979
Fkbp15,0.262505136,21.28418549
Ankib1,0.262429545,45.81847008
Trove2,0.262417624,32.10463734
Plekho1,0.262396832,10.78081649
Psmd5,0.262321269,19.2627824
Fam118b,0.262107055,15.45778835
Szrd1,0.262096017,12.5247721
Mllt10,0.262070842,80.18232263
Gpkow,0.262061709,13.11930242
Invs,0.262008853,32.06500198
Ap4e1,0.261897812,20.37257233
Gm11417,0.261703949,33.57114546
Cadm3,0.261656307,30.9948474
Gm15934,0.26161176,1.189060642
Dgki,0.261444839,75.26753864
Ufsp2,0.261386714,21.40309156
Fbxl20,0.261317916,46.76971859
Mgat4a,0.261314643,32.58026159
Gbas,0.261242411,35.94926675
Bax,0.26121269,21.24455014
Ppip5k1,0.26118779,44.7483155
Epc1,0.261102538,39.71462545
Rhox1,0.261071025,0.039635355
Pop1,0.261045428,7.491082045
Dnajc7,0.261020086,41.37931034
Mob2,0.261007095,24.05866033
Celrr,0.261002664,2.615933413
Azin1,0.260975804,19.10424098
Irak2,0.260943223,9.195402299
Map4k5,0.260928671,37.57431629
Nadk,0.260795681,22.86959968
Csmd3,0.260724124,98.73166865
Phf1,0.260696721,30.91557669
Dcun1d2,0.260693479,19.81767737
Rpap1,0.260673288,11.69242965
Gm10654,0.260654076,2.378121284
Stxbp4,0.260621753,31.03448276
Cdk5rap2,0.260555365,15.61632977
Ctns,0.260432598,13.3967499
Cap2,0.260431,36.26634958
Dars2,0.260276057,12.00951249
Pde9a,0.260229266,17.87554499
Map2,0.260228591,95.67974633
Rad51b,0.260216606,3.963535474
Cdk12,0.260198836,56.44074514
Lrrc1,0.259867916,14.66508125
Acaa2,0.259754016,4.954419342
Hint3,0.259705151,18.62861673
Crbn,0.259672761,18.3908046
Chd9,0.259663781,87.19778042
Nt5e,0.259630434,8.799048751
Pmepa1,0.259564585,15.81450654
Naa16,0.259556442,25.72334522
E430025E21Rik,0.259441409,14.50653983
Lasp1,0.259342509,12.60404281
Gm14525,0.259289889,1.149425287
Atad2,0.259289629,9.274673008
Rreb1,0.259166056,6.896551724
Katnal1,0.259139807,15.02179945
Comt,0.259018811,56.9163694
Lrrtm4,0.258996712,99.60364645
Tbc1d15,0.258981914,12.76258423
Grip1os2,0.258943735,2.893380896
Fgd6,0.258879662,3.487911217
2700062C07Rik,0.258863866,18.98533492
Echdc1,0.258849403,31.82718985
Got2,0.258780567,24.57391994
Fbrsl1,0.258771258,23.38485929
Med13l,0.258738746,40.66587396
Whrn,0.258731633,13.19857313
Emc3,0.258707076,20.65001982
Tmem194,0.258669807,10.66191042
Pigq,0.258654338,14.46690448
Pcdh10,0.258632769,32.26317876
Ube2n,0.25853044,18.62861673
Cmss1,0.258489121,25.52516845
Orc4,0.258481417,25.88188664
Zfp704,0.258403466,45.58065795
Hps3,0.258365533,10.38446294
Arvcf,0.258346135,24.61355529
Fyn,0.258312146,49.06856916
Twsg1,0.25827484,8.402695204
Yaf2,0.258200412,25.44589774
Nfat5,0.25818259,64.20927467
Eral1,0.258146949,8.680142687
Diexf,0.258126854,8.442330559
Ankrd52,0.258113178,17.47919144
Zfp799,0.258062237,24.41537852
Asb8,0.258027484,10.82045184
Gas2l1,0.257959591,8.006341657
Sntg1,0.257893101,96.86880698
Cstf2,0.257780132,28.81490289
Alg13,0.257675821,15.02179945
Hipk1,0.257600981,21.16527943
Tmem266,0.257576056,11.05826397
Agap1,0.257432564,67.97463337
Inhbc,0.257373667,1.585414189
Tnks2,0.257344917,41.97384067
Rora,0.257290933,88.14902893
Dnajc24,0.257285041,31.23265953
Sgcb,0.257142112,12.36623068
Smg7,0.257006616,36.8608799
Bcorl1,0.256945353,13.23820848
Mapt,0.256907192,84.22512881
Reps2,0.256831051,37.13832739
Pik3c2a,0.256820016,46.8489893
Pcmtd1,0.256740582,48.03804994
Tsfm,0.256705762,12.36623068
Galm,0.256444588,2.893380896
Gatad2b,0.256396056,52.12049148
Taf1,0.256269639,36.8608799
Stx18,0.256123411,28.33927864
Rbms3,0.256031129,95.60047562
Abcc10,0.255802309,14.14982164
Aff4,0.25579144,68.41062228
Zc3h3,0.255740077,15.10107015
Ssh2,0.255737858,84.0665874
Bin3,0.255717213,9.71066191
Nyap2,0.255706725,76.21878716
Ly75,0.255660268,4.280618312
Utp20,0.255550424,14.70471661
Rbm19,0.255498743,4.359889021
Aars,0.255480363,21.3634562
Clock,0.25544974,51.44669045
Lin7b,0.2554425,16.17122473
Ncbp3,0.255439169,24.49464923
Kremen1,0.255408847,4.082441538
Cluh,0.255374293,16.21086009
Wdr61,0.255350707,12.80221958
Elovl6,0.255324551,39.39754261
Atad2b,0.255318013,59.25485533
Zfand2b,0.2552825,11.53388823
Tbc1d32,0.255092505,26.00079271
Pnpla7,0.254974421,19.46095918
Efcab9,0.254937639,1.070154578
Ube2d2a,0.254933892,41.65675783
Arsb,0.254739489,31.39120095
Ssbp2,0.254727766,65.16052319
Gm26843,0.254681716,11.13753468
Bri3,0.254579959,22.90923504
Rttn,0.254472885,25.921522
Mkln1os,0.254457755,11.57352358
Swt1,0.254431346,33.49187475
Atp5sl,0.254426717,10.58263971
Anks3,0.254420813,39.35790725
Spag9,0.254378996,72.45342846
Cdk8,0.254335436,38.12921126
Arhgef17,0.254321814,16.60721363
Acbd3,0.254192191,11.77170036
Ddit3,0.254079363,15.21997622
Myrf,0.253994006,2.853745541
Adck1,0.253992257,19.22314705
Tcf3,0.253959771,11.21680539
Sart1,0.253950181,11.61315894
Vps45,0.253919993,18.62861673
Pnpt1,0.253827072,29.2508918
Shroom3,0.2538065,8.006341657
Mettl2,0.253795906,18.8267935
Evl,0.253781354,55.33095521
Phf21a,0.253737174,68.88624653
Ogdh,0.253627863,47.83987317
Mfsd11,0.253532985,29.2508918
C030037D09Rik,0.253403528,2.774474832
Kmt2c,0.253135982,63.53547364
Kdm3b,0.25313236,36.54379707
Zfp382,0.253094989,3.289734443
Adam15,0.25305478,27.66547761
Dusp11,0.253035282,23.90011891
Ribc2,0.25282164,0.871977804
Phrf1,0.252785945,27.50693619
Usp22,0.252743335,28.49782006
Phf3,0.252730947,37.45541023
Gria4,0.252724544,98.85057471
Madd,0.252656168,37.97066984
Sae1,0.252523242,28.85453825
Etaa1os,0.252456284,5.19223147
Phactr3,0.252422555,49.10820452
Crebrf,0.252415698,40.78478002
Cnot10,0.25239271,37.61395164
Mapk10,0.252360864,82.63971463
Rab24,0.252359502,29.52833928
Gtf3c3,0.252329529,14.70471661
Cntnap4,0.252159539,53.19064606
Fn3krp,0.252047122,4.875148633
Lrif1,0.251959535,29.17162109
Rbpms,0.251946053,1.823226318
RP23-362F15.1,0.251939718,9.631391201
Riok3,0.251927995,34.95838288
Cep70,0.251923213,22.23543401
Sgta,0.251836419,20.80856124
Rcor1,0.251833024,23.18668252
Cspp1,0.251795015,65.99286564
Fus,0.251790584,83.39278637
Dnaja3,0.251762836,20.84819659
Xpr1,0.251591302,49.78200555
Grid1,0.251583981,82.00554895
Il1rapl1,0.251519016,98.65239794
Mre11a,0.251513748,17.9548157
Cwc22,0.251402553,16.64684899
Gm15886,0.251341325,11.21680539
4930402H24Rik,0.251326562,88.90210067
Glis2,0.251298024,12.28695997
Cog8,0.251239372,5.27150218
Snx6,0.25115303,33.33333333
Eif3b,0.251083056,9.512485137
Tmem79,0.251069435,2.338485929
Adgrb1,0.25101866,28.57709076
Tomm40,0.250970861,30.40031708
Ppme1,0.250958691,28.77526754
Ddx26b,0.250784133,34.28458185
Pyroxd1,0.250585983,9.591755846
9930021J03Rik,0.250539233,53.46809354
Alkbh3,0.250527177,9.235037654
Tmem132d,0.250463289,43.32144273
Ephx1,0.250447977,3.329369798
Rabgap1l,0.25042276,82.08481966
Synrg,0.250396556,33.61078082
Pank4,0.250396521,16.25049544
Nkain1,0.250307024,12.76258423
Gm14009,0.250306301,10.82045184
Egln1,0.250210704,17.71700357
Pim3,0.250190261,6.381292113
Fubp3,0.250148568,24.45501387
Abcb8,0.250093346,18.07372176
Kdm3a,0.249970989,19.57986524
Phf20l1,0.249968262,61.43479984
Ube2w,0.249905838,46.4130004
Trim17,0.249778251,9.393579073
Sepn1,0.249737844,8.640507333
Mlst8,0.249723425,7.055093143
1600012H06Rik,0.249699081,3.606817281
Bivm,0.249675579,9.671026556
Nkain2,0.249672328,99.52437574
Ankrd27,0.249659637,12.88149029
Sf3a3,0.249567499,13.04003171
Ogg1,0.249455988,7.649623464
Malat1,0.249434531,100
Stxbp5l,0.249318615,82.56044392
Prim2,0.249256086,14.6254459
Znfx1,0.249242628,14.03091558
Gbf1,0.249187796,68.17281015
Mrm1,0.249122362,5.548949663
Hip1r,0.249082251,13.87237416
Dhx8,0.24896379,9.671026556
Gm15918,0.248846849,3.091557669
Pan3,0.248790786,69.20332937
Pck2,0.248784421,10.93935791
Emc9,0.248766468,21.52199762
Cadps,0.248721514,94.64922711
Sugct,0.248572096,16.84502576
Arhgap21,0.248534054,47.99841459
Elp3,0.248533575,15.9334126
Cdc123,0.248505779,27.15021799
Lemd2,0.248422317,13.91200951
Krit1,0.248371385,67.89536266
Csrp2bp,0.248232475,13.23820848
Rhbdd1,0.248191031,22.90923504
Gm26597,0.248129501,1.307966706
Hif1an,0.247996279,9.076496235
Kif1a,0.247917833,60.60245739
Nup107,0.247899835,13.87237416
Fam120a,0.247875281,32.42172017
Ubr5,0.247873995,53.50772889
Utp11l,0.247846126,15.73523583
Ankrd34c,0.247841481,1.268331352
Rnf219,0.247817476,10.22592152
1700111E14Rik,0.247803452,14.26872771
Magt1,0.247740152,14.98216409
Cyp4f18,0.247734485,3.487911217
Setd5,0.247725383,71.02655569
Ewsr1,0.247720725,49.385652
Gm6483,0.247581223,21.04637337
BC052040,0.247567202,39.51644867
Atad1,0.247552641,33.4522394
Large,0.247517997,85.53309552
Map3k2,0.247435913,37.01942132
Ppa2,0.247374681,16.96393183
Aff3,0.247360353,68.52952834
Smarcd2,0.247340181,6.02457392
Asun,0.247278422,10.74118113
Wwc2,0.247256349,17.47919144
Mrpl41,0.247212453,30.1228696
Kdm1b,0.247150381,4.201347602
Bloc1s5,0.24711405,5.112960761
Uchl1,0.24701617,56.99564011
Jakmip2,0.246985826,64.8830757
Anxa7,0.24697019,28.10146651
Gphn,0.246967499,94.53032105
Rpap2,0.246965501,15.02179945
Arfip2,0.246928865,13.71383274
Dennd1a,0.24688951,85.49346017
Cdip1,0.246886201,52.75465715
Snx21,0.246810789,28.14110186
Ppwd1,0.246778993,18.47007531
Apool,0.246726357,5.469678954
Mrps17,0.246698207,15.89377725
Isca1,0.246615563,9.631391201
Xylt2,0.246579903,7.292905272
Cbl,0.246554722,34.56202933
Caprin1,0.246550572,43.12326595
Ampd2,0.246395947,22.55251685
Nif3l1,0.246378239,15.4974237
Arih1,0.246338692,68.80697582
Zfp91,0.246320915,19.93658343
Nadsyn1,0.246306308,7.015457788
Gne,0.246233994,10.58263971
Ppm1b,0.246232488,24.2568371
Chst9,0.246210631,6.936187079
Rad54l2,0.246184501,23.74157749
Timm9,0.246037084,34.64130004
Tmc7,0.245931281,7.649623464
Eml5,0.245927529,63.575109
Fam102b,0.245885629,6.579468886
Fbxw5,0.24580271,22.47324614
Fbxo28,0.245693306,15.4974237
Gm15614,0.245661863,24.73246136
Trip12,0.245649606,61.39516449
Tmem151b,0.245604341,7.609988109
Grm8,0.245492973,48.156956
Lrrc8c,0.245465541,19.81767737
Lrp1b,0.245444835,99.80182323
Fmn2,0.245372943,70.35275466
Alkbh2,0.245311858,6.658739596
Rabggta,0.245268829,6.69837495
Bag6,0.245199724,14.50653983
P2ry12,0.245191547,12.00951249
Lrrc48,0.244943373,14.54617519
Atl3,0.244912844,32.6595323
Shc1,0.244887144,6.420927467
Prrt3,0.244842529,6.222750694
Noa1,0.244798811,6.579468886
Tsc1,0.244794105,45.77883472
Cntn1,0.244765653,86.12762584
Pmm2,0.244681865,14.82362267
Sdccag8,0.244645112,44.86722156
Lpgat1,0.244618476,42.48910028
Gnao1,0.244572065,59.57193817
Numbl,0.244525702,11.93024178
Cnot8,0.24451888,16.36940151
Map3k12,0.244406052,25.60443916
Rnaseh2b,0.24430059,10.8600872
Ndufs1,0.244287281,35.47364249
Gm43989,0.244266237,9.78993262
Adpgk,0.244178312,9.116131589
Wdr60,0.244168255,27.30875941
Cdk20,0.244112525,6.658739596
Apip,0.243995765,7.45144669
Dnajb2,0.243981335,15.21997622
Gm26782,0.243931024,28.37891399
Ccdc160,0.243926944,5.667855727
Gon4l,0.24388952,55.56876734
Bcl2l13,0.243847405,18.27189853
Lrp6,0.243803321,34.20531114
Mansc1,0.243710412,0.75307174
Ccdc184,0.243690088,4.954419342
Meg3,0.243654184,99.96036465
Ggact,0.243620113,27.15021799
Pbrm1,0.24360427,54.14189457
Tnik,0.243535375,78.59690844
Ints3,0.243465931,25.5648038
Fam63a,0.243439667,6.341656758
Gm26760,0.243438538,11.69242965
Ambra1,0.243310251,78.04201348
Wdr33,0.243307952,61.31589378
Adgra2,0.243278344,3.369005153
Psma5,0.243277282,17.47919144
Nsun2,0.24325898,18.3908046
Pcdh17,0.243165215,55.48949663
Ddx41,0.243061591,14.26872771
Plxdc2,0.243036694,54.73642489
Rimkla,0.242928697,10.0673801
9330111N05Rik,0.242897448,8.561236623
Cdc73,0.242875684,31.7875545
Rock1,0.242752294,59.41339675
Tnpo2,0.242711372,12.960761
Sec24c,0.242632191,15.25961157
Cntnap2,0.242617492,99.96036465
Herpud2,0.242557696,19.73840666
Mast4,0.24255431,73.6424891
Cdc42ep2,0.242516776,2.140309156
Pms1,0.242499926,13.95164487
Kpna2,0.24244257,2.219579865
Rab11fip4os1,0.242440296,4.875148633
Esco1,0.242348011,22.98850575
Ptk2,0.242333587,67.97463337
Rgs4,0.242273321,8.442330559
Neurl4,0.242111941,10.89972255
Mrpl48,0.242064398,27.46730083
Rad23b,0.242046662,26.31787554
Pias2,0.242003521,42.80618312
Osbp,0.241944774,18.50971066
Naa25,0.241888705,18.86642885
Zfp462,0.241821889,47.7209671
Zranb1,0.241786005,31.66864843
Birc6,0.241753685,70.59056679
Flnb,0.241747896,50.45580658
Pnkp,0.241712574,19.18351169
Sesn1,0.24145513,49.385652
Sik2,0.241452835,51.80340864
Pdzd8,0.241447733,17.24137931
Eif2b4,0.241378739,17.75663892
Vps13a,0.241318342,71.73999207
Zfp346,0.241277484,26.27824019
Adam9,0.241238454,10.8600872
Cdk2ap1,0.241081664,13.67419738
Prep,0.241044744,8.521601268
Rarg,0.24100597,6.856916369
Csde1,0.240979846,35.1169243
Hivep2,0.240975956,80.22195799
Ninl,0.240941443,8.917954816
Rsl1d1,0.240934244,13.75346809
Socs2,0.240825,16.96393183
Ppfia2,0.240809952,91.63694015
Plekha4,0.240773197,2.615933413
Shc2,0.240766949,14.14982164
Stpg2,0.240764401,12.76258423
Gm43337,0.240669605,0.039635355
Pef1,0.240634275,9.552120491
Slc37a4,0.240629212,7.094728498
Lrrc28,0.240586103,22.47324614
Park2,0.240552092,91.2405866
Abcd3,0.240419061,26.55568767
Sgsm1,0.240403121,43.71779627
Rnf41,0.240383902,21.87871581
Urgcp,0.240363155,52.55648038
Dlg2,0.240355617,99.64328181
Cadm2,0.240297346,96.35354736
Nudt17,0.240223809,4.756242568
Sgsm3,0.24010378,25.64407451
Arhgap44,0.240078595,41.57748712
Sdad1,0.240070789,11.09789933
Ttc26,0.240049626,17.91518034
Rsf1os1,0.239990872,7.966706302
Cep104,0.239951702,14.34799841
Nufip1,0.239900537,11.01862862
Ssc5d,0.239877073,2.695204122
Ap2b1,0.239852591,51.24851367
Epo,0.239838717,24.29647245
Kdm4b,0.239833497,21.56163298
Mthfd2,0.239825099,15.53705906
Emb,0.239732146,22.27506936
Tnfrsf26,0.239706586,1.347602061
1600014C10Rik,0.239630507,8.521601268
Phf14,0.239536243,62.346413
Fbxo22,0.239487709,10.38446294
Kdelc1,0.239426199,7.808164883
Nup54,0.239409659,12.24732461
Gm37494,0.239351423,17.08283789
Strada,0.239330986,28.69599683
Smg9,0.239229002,17.9548157
Gm10399,0.239145815,0.792707095
Sgcd,0.239106846,80.61831153
Plekhm1,0.239014158,8.28378914
Crem,0.238960765,21.20491478
Coq3,0.238910233,28.57709076
Mff,0.238895611,30.43995244
Tmem68,0.238816928,16.17122473
Decr2,0.23875155,11.89060642
Cenpj,0.23866109,2.25921522
Arhgef18,0.238560986,15.21997622
Crk,0.238538663,27.11058264
Ppp1r42,0.238514671,2.774474832
Gm10475,0.238446054,0.515259612
Nf1,0.238424742,74.59373761
Ciita,0.238272326,2.021403092
Fam45a,0.238158759,25.1288149
Psmd9,0.238157406,27.07094728
Kifap3,0.238136311,49.50455807
Tk2,0.238131995,14.66508125
Nup35,0.238078222,15.65596512
Usp24,0.238064955,30.9948474
Mbd5,0.238046161,85.57273088
Zfp651,0.238030641,9.393579073
Ube2d1,0.237935676,21.40309156
Bmpr1a,0.237934705,32.77843837
Pdk3,0.23793162,20.96710266
Golga5,0.237871683,20.41220769
Gltscr1l,0.237866718,35.63218391
Vps37c,0.237695017,6.420927467
St7,0.237635811,49.78200555
Fbxo17,0.237590382,4.359889021
Aox3,0.237517102,2.615933413
Setd2,0.23749908,43.63852556
Nipa2,0.237450332,18.54934602
Zfyve26,0.23744266,19.42132382
Myl3,0.237433825,0.634165676
Mib1,0.237386313,43.63852556
Hsbp1l1,0.237373966,2.457391994
Tor1aip1,0.237282692,19.06460563
Fam155a,0.237182709,99.64328181
Pja2,0.237157608,64.52635751
Tbc1d14,0.237156403,17.12247325
Gm2788,0.237139083,0.039635355
Gucy1a2,0.237104087,69.95640111
Ppp2r5c,0.237093675,48.63258026
Ovol2,0.237082451,0.911613159
Nim1k,0.237040963,17.83590963
Iqcd,0.237012351,2.615933413
Fbxo38,0.236998292,24.65319065
Fam214a,0.236892446,31.51010702
Polr2c,0.236850744,15.4974237
Nphs1,0.236846168,0.713436385
Snrnp70,0.236780287,86.44470868
Apeh,0.236778887,8.997225525
Tmem189,0.236639992,21.56163298
Zbtb40,0.236565839,14.90289338
Lix1l,0.2365126,12.24732461
Aco2,0.236495123,40.38842648
Alcam,0.236387864,67.85572731
Rev1,0.23636088,48.35513278
Mapkbp1,0.236204492,26.39714625
Cpn1,0.236182305,0.871977804
Lipe,0.236115059,27.34839477
Anapc7,0.236081029,8.997225525
Tnfsf15,0.236061317,0.039635355
Lrrc57,0.236035967,10.4240983
Chd6,0.236034279,53.70590567
Malt1,0.235947572,14.26872771
Ncoa6,0.235883237,25.64407451
Kansl1,0.235855009,85.810543
Iqch,0.235816108,5.112960761
Dtnb,0.235797396,69.36187079
Apex2,0.235703525,50.37653587
Rpa1,0.235679175,10.10701546
Tmem135,0.235665851,44.19342053
Cib2,0.235625214,10.18628617
Sh3gl1,0.235619306,25.24772097
Nelfb,0.235569433,24.49464923
Upp2,0.235566047,78.75544986
Pikfyve,0.235530723,26.39714625
Slc25a51,0.235259465,22.71105826
Zfp397,0.235257828,15.02179945
Fam76b,0.235212827,11.05826397
Gls2,0.235110788,27.74474832
Rbm41,0.235102138,18.03408641
Npc1,0.23507242,17.24137931
Gm26699,0.235067085,63.77328577
Memo1,0.235013935,32.93697979
Slc20a1,0.235002925,20.72929053
Tmem110,0.23495324,23.10741181
Pdcd10,0.234924939,25.64407451
Agk,0.23488035,30.9948474
Brd3,0.234879059,24.61355529
Rnf152,0.234876607,24.01902497
Ank3,0.23482659,98.73166865
Sestd1,0.234797422,19.73840666
Rrp15,0.234754997,7.055093143
Slc35f1,0.234731271,76.93222354
Mnd1,0.234725812,1.823226318
Pcsk7,0.234663022,24.73246136
Nbr1,0.234643778,25.88188664
Numb,0.234636361,49.90091161
Stau2,0.234621333,66.07213635
Ktn1,0.23453523,55.33095521
Clk3,0.234443022,15.21997622
Ralgds,0.234315223,15.29924693
Brwd1,0.234299255,46.33372969
Rab3b,0.234296797,26.23860484
Copg1,0.234255603,25.68370987
Klhl17,0.23411777,12.20768926
1110051M20Rik,0.23411489,70.47166072
Dlgap1,0.234041216,98.25604439
Scaf8,0.234015799,52.7150218
Gm29114,0.23390917,4.003170828
Adamts7,0.233906889,0.554894966
Herc2,0.233891303,50.89179548
Qsox2,0.233705006,14.82362267
Proser1,0.2336651,16.32976615
Zfp644,0.233626205,29.6868807
Ghdc,0.233611402,5.984938565
Serac1,0.233576421,14.14982164
Myocd,0.233534505,2.338485929
Abl1,0.233532149,26.87277051
Prps2,0.233262001,3.923900119
Mcm3ap,0.233225416,11.732065
Abhd12,0.233147843,29.96432818
Edem3,0.233141427,24.77209671
Chic2,0.233075106,25.88188664
Gpr108,0.23303435,17.67736821
Frmd4a,0.232973109,97.42370194
Fam220a,0.232935233,27.30875941
Ppil4,0.232690518,29.56797463
Ttll11,0.23260417,43.79706698
Sec22a,0.23254297,24.2568371
Cep19,0.23254086,14.90289338
Dctn1,0.232529007,17.87554499
Strn3,0.232473798,71.22473246
Det1,0.232463846,7.847800238
Gm12130,0.232455394,1.189060642
Bmpr2,0.232416908,51.4863258
Gm12709,0.232372002,50.65398335
Gm13180,0.232344859,0.277447483
Gm26816,0.232327308,11.85097107
Polb,0.23231282,47.87950852
Oxsm,0.232160344,3.250099088
Maea,0.232152373,15.41815299
Sgip1,0.232095502,89.02100674
Gm43597,0.232032496,6.064209275
Rnf26,0.232027279,14.58581054
Ttc39d,0.231907781,2.655568767
Cldn34c1,0.231869987,23.46413
Ptprj,0.231829678,51.20887832
Mef2d,0.231670743,25.68370987
Pak1,0.231670337,38.68410622
Sobp,0.231649619,63.69401506
Pigp,0.231560866,15.53705906
Skp2,0.231528003,8.20451843
Scrn1,0.231402474,26.67459374
Ank2,0.231370947,99.20729291
Erich3,0.231340584,16.96393183
Zfp408,0.231292786,14.46690448
Ube3a,0.231245288,94.60959176
Cirh1a,0.231153258,13.71383274
Cacna1a,0.231123746,86.99960365
Dnajc18,0.23107776,29.17162109
Slc7a6os,0.231072351,27.94292509
Prpf6,0.230945342,43.28180737
Msrb1,0.230942913,5.033690052
Blzf1,0.230925714,17.08283789
Usp28,0.230865524,16.76575505
Xkr4,0.23082029,95.20412208
Actr1b,0.230799491,32.97661514
Slc7a1,0.23069955,13.19857313
Zfp280d,0.230542075,54.85533096
Zfp568,0.230511907,7.332540626
Errfi1,0.230499926,6.420927467
Nek4,0.23044565,10.50336901
Zfp804a,0.230363055,73.80103052
Lgals8,0.230355466,19.50059453
Atp6v1b2,0.230340031,49.98018232
Arid4a,0.230236414,37.17796274
Dlg4,0.230127358,39.99207293
A330074K22Rik,0.23007323,7.689258819
Srsf11,0.229862206,60.76099881
Sall1,0.229838668,2.061038446
Gm16552,0.229829867,10.02774475
Ascc3,0.229783683,54.06262386
Mtmr2,0.229567385,10.62227507
Wdr59,0.229452073,16.96393183
Rere,0.229292623,87.67340468
Zfp277,0.229260438,15.18034086
Herc4,0.229251167,35.79072533
Bsdc1,0.229217956,19.42132382
Fchsd2,0.229135766,73.84066587
Farsb,0.229076859,31.23265953
Samhd1,0.22906261,17.28101467
Usp14,0.22902944,41.73602854
Fbrs,0.228994685,11.49425287
Casc1,0.228797915,1.942132382
Gpr173,0.228794748,10.38446294
Zfp280c,0.228757677,27.78438367
Tiprl,0.22875714,18.31153389
Xpot,0.228603681,15.14070551
Ap1s1,0.228570882,16.05231867
Fnta,0.22854167,19.54022989
D5Ertd579e,0.2284768,38.36702338
Yars,0.228316075,24.73246136
Rmnd5b,0.228310535,9.631391201
Frmd5,0.22829747,78.43836702
Kdm4d,0.228279561,9.829567975
Stx3,0.228245103,31.27229489
Dusp23,0.228157469,4.320253666
Setd7,0.228148467,29.21125644
Gcc2,0.227777872,30.20214031
Sass6,0.227720592,6.579468886
Ranbp3,0.227689189,17.63773286
Ubn1,0.227653436,22.67142291
Dscam,0.227653325,91.51803409
Hps1,0.227620353,13.95164487
Fgf14,0.227601156,99.80182323
4930539E08Rik,0.22759419,1.585414189
Krt12,0.227495988,0.554894966
Cdyl,0.227401861,10.34482759
Myo19,0.227396575,10.18628617
Herc1,0.227393291,75.14863258
Chuk,0.227384573,31.94609592
Wdr47,0.227382719,40.58660325
Fbxl15,0.227368696,7.609988109
Coa7,0.227347318,4.914783987
Cblb,0.22730863,34.87911217
Ddx1,0.227295168,25.00990884
Nol4,0.227283826,72.92905272
Ddx27,0.227278404,12.80221958
Sox13,0.227275947,1.902497027
Iars,0.227219068,24.81173207
Sec22b,0.227218813,10.66191042
Ythdc2,0.227208912,31.51010702
Srrt,0.226993282,20.21403092
Desi1,0.22697429,26.63495838
Rnpepl1,0.226968091,11.69242965
Gm29374,0.22691566,3.606817281
Srrm2,0.226902352,86.1672612
Kcnq1ot1,0.226825089,82.60007927
Gm26629,0.226807039,1.704320254
Zzz3,0.226804226,20.72929053
Zfp516,0.226749037,15.25961157
Xpo4,0.226678851,26.00079271
Meis2,0.226610149,73.16686484
Tab1,0.226607809,9.155766944
Nup160,0.226373663,19.14387634
Gmfb,0.226255988,14.03091558
Cobl,0.226181781,36.62306778
Rp2,0.226071303,12.48513674
Fgf13,0.226006219,55.33095521
Mylk,0.225744792,3.963535474
Zfp780b,0.225731212,15.61632977
Ifngr2,0.225606054,10.10701546
Zbtb43,0.225596368,7.5307174
Copa,0.225594111,35.35473642
4931429I11Rik,0.225437738,4.399524376
Fam65a,0.225418728,11.2960761
Syt11,0.22540113,62.10860087
Tubgcp2,0.225355553,12.28695997
Xpo7,0.225355406,59.05667856
Cacna1b,0.225311603,70.98692033
Ndufs3,0.22521427,33.21442727
Eogt,0.225015775,12.48513674
Xpo6,0.225002479,38.32738803
Rfwd3,0.224968983,14.98216409
Snx32,0.224897071,41.06222751
Tars2,0.224772946,13.07966706
Cthrc1,0.224760744,10.93935791
Taf2,0.224707476,17.9548157
Nedd4,0.224635033,62.06896552
Hmox2,0.22463449,20.76892588
Luzp2,0.22446856,69.56004756
Nat9,0.224388669,6.183115339
Tmcc3os,0.224364056,0.673801031
Slc8a3,0.224314781,51.60523187
Cep44,0.224310558,10.66191042
Ap2m1,0.224308046,21.08600872
Papolg,0.224249269,13.99128022
Htt,0.224194278,45.97701149
Inpp4a,0.224116605,47.12643678
Cops3,0.224046129,23.22631788
Ncbp2,0.223995559,7.966706302
Safb2,0.22395673,37.33650416
Foxp1,0.223901512,44.19342053
Tmem246,0.223674025,27.42766548
Gtf2i,0.223536924,49.98018232
Nudt13,0.223471444,12.28695997
Slc41a2,0.22344912,25.76298058
Gria2,0.223394196,92.35037654
Grid2,0.223391556,98.96948078
Cbll1,0.223379117,13.43638526
Ccdc108,0.223324931,5.390408244
Shank1,0.22330856,55.01387237
Hrk,0.223246378,3.923900119
Nsun7,0.223116324,31.51010702
Snx7,0.223053459,15.18034086
Uchl1os,0.222964652,8.95759017
Ssrp1,0.222945881,14.86325803
Tuft1,0.222944055,7.372175981
Pex7,0.222841917,11.33571145
Ctsz,0.222814275,8.600871978
Msh2,0.222785756,14.42726912
Usf3,0.222730695,18.50971066
Macf1,0.222727376,92.98454221
Mtch2,0.222702898,29.2508918
Tmem167,0.222676797,24.97027348
Pdpr,0.222625696,22.79032897
Vmn2r30,0.222613522,8.878319461
Cabin1,0.222542617,34.56202933
Gskip,0.222501794,13.71383274
Abhd14a,0.222475536,7.808164883
Armcx1,0.222400507,14.94252874
Map2k2,0.222398877,34.68093539
Appl2,0.222376166,12.88149029
Micu3,0.222368501,42.44946492
Pglyrp1,0.222329018,7.332540626
Acat3,0.22223111,1.585414189
Cul1,0.222210735,49.70273484
Sec23ip,0.222138117,12.32659532
Arcn1,0.222093656,27.70511296
Rabgap1,0.222043067,68.88624653
Zfp827,0.221959915,28.26000793
Pgs1,0.221891011,9.948474039
Nipbl,0.221875676,58.66032501
Dvl1,0.221848781,18.03408641
Mtmr11,0.221832676,6.143479984
Rufy2,0.221821519,26.75386445
Tmem52,0.221812814,0.594530321
Setx,0.221787844,45.38248117
Rita1,0.221764878,8.125247721
Tmem108,0.221760144,62.90130797
Tspan7,0.22152593,63.05984939
Tmem165,0.221473845,15.97304796
Hgsnat,0.221436989,14.6254459
Dguok,0.221396991,17.79627428
Rc3h2,0.221388695,44.7483155
Asxl2,0.221352689,49.18747523
Mon1a,0.221339506,16.17122473
Pip5k1c,0.221288248,14.42726912
Mrps28,0.221285921,17.00356718
Gm38251,0.221263563,15.73523583
Tyw5,0.221115167,12.5247721
Scmh1,0.221092569,71.22473246
Trappc1,0.220933375,12.80221958
Nt5dc1,0.220892088,20.0554895
Fbxw2,0.220852499,24.73246136
Ntmt1,0.220679764,24.21720174
Gm15337,0.220586897,7.689258819
Gm20422,0.220552275,9.671026556
Nell1os,0.220535924,10.18628617
Atg4c,0.22051533,23.58303607
Tmem178b,0.220485689,86.76179152
Xaf1,0.220480913,4.161712247
Arfgap2,0.220371838,16.92429647
Ctsa,0.220362593,15.14070551
Atg9a,0.220343537,17.51882679
Ap2a1,0.220332815,21.68053904
Rbm27,0.22022593,29.96432818
Pla2g4d,0.220168548,0.198176774
Zfp280b,0.220112214,8.125247721
Gm28933,0.219775494,0.079270709
Vcp,0.219764425,33.13515656
Tlk2,0.219734458,40.34879112
Dpy30,0.219695805,21.00673801
Col8a1,0.219665992,11.37534681
Exoc4,0.219632422,83.39278637
Stat2,0.219593226,16.48830757
Trp53inp2,0.219564641,13.23820848
Myadml2os,0.219549869,2.378121284
Gpatch11,0.219531589,9.393579073
Coq5,0.219521219,33.41260404
Lsm7,0.219514675,24.57391994
6430573F11Rik,0.219504135,5.231866825
Vps13b,0.21944305,74.99009116
Fam117b,0.219434806,42.92508918
Calr3,0.219406139,4.003170828
Slc46a3,0.219394891,7.570352755
Prmt7,0.219380368,22.82996433
Ccnd3,0.219378351,8.680142687
Bcat2,0.219315677,5.469678954
Mri1,0.219240303,13.47602061
Zfp251,0.219203636,11.49425287
Mtf2,0.219201002,42.13238208
Snx27,0.21909616,43.04399524
Hsf1,0.219068325,20.9274673
Zfand4,0.219061625,14.54617519
Rbbp5,0.219046686,9.512485137
Maged2,0.218870463,16.09195402
Ddx4,0.218591454,4.875148633
Snx19,0.218563922,10.54300436
Map3k13,0.218492099,15.77487119
Glg1,0.218473465,76.02061038
Akap8,0.218205346,40.38842648
Gm16432,0.218126133,39.43717796
Zfp74,0.218043771,20.13476021
Zfp617,0.218003734,8.799048751
Gnpat,0.217958455,16.80539041
Ssbp3,0.217946636,34.24494649
Igf2bp3,0.217914754,61.75188268
Gm960,0.217824208,9.948474039
Prkar1b,0.217763683,45.85810543
Spns1,0.217680061,19.18351169
Brd1,0.217667073,16.13158938
Cdc14b,0.217632992,42.44946492
Gba,0.217540937,4.478795085
Tshz1,0.21746632,23.70194213
Gm21092,0.21745149,84.26476417
Cadm1,0.217447152,90.96313912
Litaf,0.217363236,9.353943718
Nckap5l,0.217349842,13.91200951
Nlrc3,0.217274305,7.173999207
Rtn4,0.21722806,64.13000396
Kpna1,0.2171334,27.03131193
Sh2b1,0.217086004,7.609988109
Ncoa7,0.216995829,63.25802616
Rbm34,0.216836069,9.829567975
Ube2a,0.216834876,14.78398732
Zfp384,0.2167939,9.195402299
Cpsf6,0.216744442,39.7542608
Aamp,0.216616135,15.97304796
Ndufaf4,0.216544438,17.24137931
Tra2a,0.216419293,71.70035672
Ccl25,0.216341863,26.08006342
Ankhd1,0.216196776,62.14823623
Mtif3,0.216136386,7.609988109
Agmo,0.216111796,7.173999207
Fshr,0.216100978,8.402695204
Ulk4,0.216074949,34.28458185
Mina,0.216043714,7.134363853
Rsrc1,0.215985768,48.39476813
Zbtb24,0.215896328,17.1621086
Gm21847,0.215867205,2.417756639
Gpr137,0.215725038,9.552120491
Ap3d1,0.215718312,21.04637337
9330159F19Rik,0.215712375,55.48949663
Tmem50b,0.215688748,8.164883076
Dock4,0.215567851,77.48711851
Pum3,0.215530541,11.57352358
Zfand1,0.215449598,9.671026556
Gabrb3,0.215340591,88.54538248
Mllt3,0.215278448,63.85255648
Srpk2,0.215246784,77.64565993
Rad51d,0.215224694,10.50336901
Dennd4a,0.21516203,45.73919937
Gsk3a,0.215069569,11.77170036
Cox18,0.215060136,11.49425287
Tbck,0.215020646,38.32738803
2310022A10Rik,0.214948564,10.70154578
BC068281,0.214914111,8.402695204
Ncln,0.214858408,13.91200951
Slc30a8,0.214809566,0.515259612
Tex30,0.214788179,3.01228696
Dgkq,0.214571838,16.48830757
Pbk,0.214542999,7.134363853
Sptlc1,0.214429858,17.63773286
Tmco3,0.214292534,24.17756639
Sdhaf2,0.214275172,13.04003171
Pus7,0.214263225,22.47324614
Dpy19l4,0.214249201,28.0221958
Trpc4ap,0.214228134,34.3242172
Slc25a27,0.21420389,36.424891
Mfsd8,0.21419819,8.719778042
Scaf4,0.214176905,25.28735632
Ltf,0.21415423,8.799048751
Cep350,0.214147034,38.0895759
Cdh13,0.214117448,63.73365042
Ttc14,0.214078549,67.38010305
Ccdc73,0.213952752,15.21997622
Brap,0.213902281,15.29924693
Mcc,0.213857635,45.58065795
Ptpn13,0.213766871,9.671026556
Fibp,0.213756245,16.68648434
Col16a1,0.213747255,7.332540626
Wdfy1,0.213679644,24.33610781
Mpzl1,0.213624486,16.80539041
Trabd,0.213566656,18.07372176
Ap1b1,0.213459707,23.06777646
Slc30a5,0.213433417,18.19262782
Rnf168,0.21317392,13.15893777
Ankef1,0.213110083,10.93935791
Mrps10,0.213054772,19.30241776
Pcx,0.213051626,17.08283789
Mphosph8,0.213032039,32.73880301
Tcirg1,0.212956592,8.323424495
Ncoa3,0.212834052,31.43083631
Zmiz2,0.212805527,16.25049544
Iscu,0.212694208,22.90923504
BC030336,0.212689554,20.45184304
Rims1,0.212576141,92.86563615
Gm26534,0.212378732,5.707491082
Pgam5,0.212346662,16.68648434
Spp1,0.21229864,7.45144669
Dhx29,0.212294711,13.35711455
Slc30a7,0.212155781,15.45778835
Nr2c1,0.212047039,12.80221958
Fam188b,0.212000625,13.31747919
Ddx50,0.211848147,38.44629409
Psmd11,0.211832237,44.35196195
Ankrd28,0.211825728,49.22711058
Skap2,0.211798431,36.97978597
Cep95,0.2117339,23.34522394
Il20rb,0.211729456,2.576298058
Tmem54,0.211654839,0.317082838
Fzr1,0.211578488,10.74118113
Gm28523,0.211536732,0.396353547
Ttll12,0.211503171,6.500198177
Wasl,0.21143912,22.98850575
Scrib,0.211395471,13.35711455
A630095N17Rik,0.211367644,1.426872771
Fcho1,0.211302109,21.40309156
Egfr,0.211289265,1.902497027
Celf1,0.211230261,54.97423702
Scamp2,0.211216949,13.19857313
Map3k14,0.211173744,20.80856124
Kdm2b,0.211163118,33.53151011
Cep63,0.211110189,14.26872771
Tchp,0.211013646,6.103844629
Gm43598,0.210782891,4.835513278
Rab3il1,0.21074743,1.743955608
Eif4e,0.210635605,31.98573127
Lin37,0.210633524,9.988109394
Golga7b,0.21054082,10.93935791
Gm29387,0.210486675,0.039635355
Klhl18,0.210423024,18.58898137
Rbbp4,0.210414882,27.74474832
Sms,0.210297493,28.26000793
Adgrb3,0.210228701,98.96948078
Golga2,0.210184754,16.92429647
Prpf4b,0.210165733,29.17162109
Rbbp7,0.210140105,20.76892588
Ctage5,0.2101246,27.46730083
Pick1,0.209987493,19.61950059
Larp1,0.209986016,23.93975426
Ctdp1,0.209894469,6.738010305
Vapb,0.209835354,17.04320254
Pcdh9,0.209820307,98.96948078
Gng4,0.209720164,9.274673008
Gm973,0.209635132,5.94530321
Csnk2a2,0.2096163,19.54022989
Gm12023,0.209594539,3.051922315
Dmxl1,0.209531936,54.93460166
Sema6b,0.209531927,12.12841855
Gm28307,0.209526304,2.338485929
Pgm2,0.209515575,15.9334126
Cdk14,0.209509172,71.85889814
Uckl1,0.209500167,13.8327388
L1cam,0.209317498,28.06183115
Ubqln1,0.209272622,18.8267935
Rnls,0.209243691,15.81450654
Minpp1,0.209223407,15.65596512
1700109H08Rik,0.209144254,8.95759017
Papss2,0.209095798,2.695204122
Tmf1,0.209069542,20.88783195
Dtx2,0.209005512,6.262386048
Kcnip4,0.208909274,93.61870789
RP23-343H23.2,0.208856382,1.664684899
Srek1,0.208786529,42.72691241
Scyl1,0.208781395,10.89972255
Eml6,0.208759587,82.48117321
Irs1,0.208742059,19.42132382
Apaf1,0.208703851,16.09195402
Ccnc,0.208646401,29.52833928
Mrpl21,0.208634857,18.62861673
Ralgps1,0.208616911,58.06579469
Mbd6,0.208615143,22.90923504
Sp100,0.20854322,1.625049544
Shoc2,0.208512788,38.68410622
4833420G17Rik,0.208484797,22.23543401
Gabrb2,0.208401437,40.26952041
Hs6st2,0.208362567,34.44312327
Gsk3b,0.208285655,65.39833532
Tmem127,0.208274575,14.38763377
Stx7,0.208217659,21.83908046
Tfam,0.208020833,9.353943718
Pskh1,0.208016181,11.37534681
Mok,0.208015177,26.7934998
Ppfia1,0.208011341,27.82401902
Fbxo36,0.207981656,24.89100277
3110043O21Rik,0.207980172,9.076496235
Prkrip1,0.207863915,8.95759017
Atg14,0.207807123,8.561236623
Gm16894,0.207786195,7.728894174
Exd2,0.207773544,27.98256044
Bckdha,0.20768068,17.63773286
Ccnt1,0.20762254,33.80895759
Reln,0.207591436,15.10107015
Gm6588,0.207491045,0.951248514
Mycbp2,0.207474279,82.36226714
Lrrc41,0.207390555,15.02179945
Jun,0.207374263,6.500198177
Slc35e2,0.207366183,9.78993262
Cog5,0.207355534,64.05073325
Cog4,0.207342383,28.10146651
Ulk2,0.207331446,63.41656758
Cdc42,0.207294651,46.76971859
Wipi1,0.207286592,9.235037654
Nipa1,0.207204143,23.50376536
Sp7,0.207092111,1.149425287
Ppp1r12c,0.20708364,17.83590963
Ski,0.207074174,16.80539041
Gm42564,0.207053362,0.039635355
Loxl1,0.20704439,5.430043599
Scamp3,0.207033575,12.24732461
Natd1,0.206992851,9.195402299
Trim41,0.206987727,13.8327388
Grik2,0.206961548,95.56084027
Cpt1c,0.206952984,33.57114546
Vps37a,0.206898044,17.99445105
Sil1,0.206859526,34.87911217
Katna1,0.206820838,8.363059849
Mbip,0.206747225,13.27784384
Zfp458,0.206694257,5.033690052
Pex19,0.206514271,17.91518034
Vmn2r87,0.206496408,9.71066191
Heatr6,0.206430058,18.66825208
Ntrk2,0.206355761,69.67895363
Mgrn1,0.206290189,33.92786365
1700112E06Rik,0.206289623,28.33927864
Nsun5,0.206194918,7.055093143
1810013L24Rik,0.206122197,12.80221958
Phf6,0.206081038,28.97344431
Vps51,0.206057101,7.689258819
Wee1,0.205995268,6.103844629
Arnt,0.20593233,37.69322235
Snx12,0.205872799,24.37574316
Nup98,0.2057984,40.6262386
Nup155,0.205773772,14.42726912
Eefsec,0.205734784,38.84264764
Pclo,0.205719541,86.92033294
Spopl,0.205652201,18.27189853
Mob1a,0.205642458,4.082441538
Napepld,0.205623832,6.856916369
Gm12258,0.205587859,10.38446294
Magi2,0.205485046,98.96948078
Xrcc5,0.205475504,19.85731272
App,0.205326933,85.57273088
Elf1,0.205237829,7.5307174
Upf2,0.205128811,37.33650416
Golga4,0.205061074,30.43995244
Ppcdc,0.204988996,16.05231867
Birc2,0.204966826,16.17122473
Nipal3,0.204907299,17.63773286
Krr1,0.204836288,6.064209275
Atxn1l,0.204828744,9.631391201
Fbxo44,0.204753338,16.44867222
Gtf2e2,0.204636607,13.15893777
Zcchc10,0.204591353,5.311137535
Tifa,0.204576795,9.591755846
Inadl,0.204538942,38.92191835
Dgke,0.204534284,21.99762188
Zbtb34,0.204492834,8.402695204
BC017643,0.204485298,5.826397146
4933431E20Rik,0.2044717,7.055093143
Elp2,0.204263026,19.81767737
Reps1,0.204128156,34.68093539
G6pdx,0.204042111,7.055093143
Gtf2a1,0.204025322,16.76575505
Fam175b,0.2039296,19.14387634
Plppr4,0.203889918,31.43083631
Tamm41,0.203776834,4.597701149
Mtx2,0.203727591,28.41854935
Rffl,0.203606899,19.6987713
Akt3,0.203542161,77.92310741
Ddit4,0.203488291,4.320253666
Psph,0.20346312,6.579468886
Syt1,0.203254587,96.43281807
4930429D17Rik,0.203205547,2.814110186
Gm28156,0.203205375,1.387237416
Stt3a,0.203184542,20.29330163
Arih2,0.203151589,32.02536663
Tspear,0.203145811,4.082441538
Fam179b,0.203100769,24.81173207
Enthd2,0.202985135,5.826397146
Crkl,0.202890829,10.34482759
Arid5b,0.202864299,55.21204915
Klhl32,0.202810935,60.44391597
Hectd1,0.202805082,33.84859294
Igdcc4,0.202796495,26.23860484
Gpr137b,0.202741491,11.01862862
Dock3,0.202729116,84.58184701
Vps36,0.202728189,10.18628617
Asb6,0.202656961,6.619104241
Sumo2,0.202641278,39.55608403
Chchd7,0.202592437,18.86642885
Ppp2r2c,0.202535208,29.72651605
Ift46,0.202509324,14.03091558
Klhl5,0.202432719,11.45461752
Dap3,0.202417563,13.19857313
Arrb1,0.202397001,30.24177566
Itch,0.202234271,56.55965121
Styxl1,0.202215444,2.695204122
Il31ra,0.202157247,6.02457392
Elmo2,0.202111274,11.53388823
Arhgap27os2,0.202090323,2.338485929
1110034G24Rik,0.202081841,16.17122473
Gpalpp1,0.202073255,7.808164883
Gna13,0.201996966,10.14665081
Sstr2,0.20199055,9.353943718
Junb,0.201985202,4.597701149
Rnf185,0.201961089,21.04637337
Rab11a,0.201901938,21.60126833
Oca2,0.201896366,4.43915973
Cx3cr1,0.20184266,11.96987713
Acin1,0.201768485,43.55925486
Gm26540,0.201745992,7.411811336
Senp2,0.201725936,31.58937772
Gabpa,0.201674764,6.183115339
Kcnq3,0.201662831,72.84978201
Car10,0.201576731,82.91716211
Tipin,0.201316122,14.86325803
Nprl3,0.201315652,19.89694808
Gm3468,0.201305112,5.112960761
Dnmt3a,0.201231513,72.65160523
Echs1,0.201172663,11.69242965
Klhl24,0.200952384,20.57074911
Lcor,0.200928555,58.69996036
Mgat4b,0.200784866,9.512485137
Lrrc4c,0.200772807,98.13713833
Rnf183,0.200613174,0.118906064
Csmd1,0.200584318,97.34443123
Cfap43,0.200509333,5.509314308
Cep290,0.200346163,28.81490289
Bbs9,0.200332707,45.02576298
Ice2,0.200165908,15.61632977
Exoc3,0.200160125,24.77209671
Tmem143,0.200129145,6.500198177
Zbtb48,0.200086126,6.262386048
Crtc2,0.20000619,7.213634562
Uprt,0.199982888,8.719778042
Copb2,0.199973896,11.25644075
Pspc1,0.199916478,23.90011891
Ogfrl1,0.19986679,14.42726912
Ndufaf5,0.199781634,17.67736821
Cul3,0.199757108,25.64407451
Mier2,0.19969789,11.33571145
Ccdc77,0.199694527,16.25049544
Cpq,0.199544313,32.6595323
Clip2,0.199404971,21.52199762
Slc7a6,0.199282553,32.50099088
Lrrc29,0.199170569,20.09512485
Sp1,0.198924345,24.53428458
B230118H07Rik,0.198805255,15.14070551
Apoo,0.198749848,21.95798652
Fam171a1,0.198744663,34.3242172
Tmem259,0.198708904,15.4974237
Tmem192,0.198663902,11.05826397
Lrrc59,0.198562864,9.274673008
Ubxn7,0.198535545,33.13515656
Mrps23,0.19849453,4.795877923
Ireb2,0.198489412,29.2508918
Jph4,0.198482366,21.44272691
Psen2,0.198477174,11.93024178
Ints6,0.19846891,40.50733254
Ankrd50,0.198445724,5.231866825
Rbm6,0.198340364,76.09988109
Atxn7l3,0.198326954,7.372175981
Alg8,0.198308307,9.393579073
Asl,0.198194315,12.40586603
Ccdc74a,0.198181701,4.756242568
Uros,0.198164943,11.05826397
Bhlhe41,0.198155541,9.03686088
Tmem151a,0.198140385,14.94252874
Ppig,0.198102845,50.13872374
Ptpro,0.198097369,24.97027348
Mamld1,0.198014444,25.80261593
Mlxip,0.19800712,35.83036068
Ccdc51,0.197855132,6.02457392
Mrgpra2b,0.197835047,4.558065795
Creg2,0.197767082,9.274673008
Wdr83,0.197741991,14.94252874
Clasp2,0.197643702,78.83472057
Pkn1,0.197638689,15.61632977
1810019N24Rik,0.197420981,3.170828379
Rgs20,0.197341336,28.8941736
Ndufaf6,0.197303723,15.21997622
Aar2,0.197296424,7.728894174
Sec63,0.197286808,31.86682521
Macrod2,0.19728575,97.4633373
Ggps1,0.19726335,34.72057075
Arl15,0.19714433,55.6876734
Nrbp1,0.196943821,20.88783195
Nr6a1os,0.196888724,12.04914784
Sag,0.196859035,4.082441538
Tob2,0.196814194,8.085612366
Arid2,0.196750648,31.07411811
Rab5c,0.196731681,13.31747919
Vrk3,0.196706868,7.609988109
Dram1,0.196687374,11.45461752
Tecr,0.196682041,86.08799049
Adamts10,0.196616526,18.07372176
Clip1,0.196517352,56.4803805
Ss18l1,0.196504041,13.47602061
Carkd,0.196443317,14.34799841
Irak3,0.196301127,1.268331352
Gm26904,0.196270374,65.59651209
Prr5l,0.196264514,8.006341657
Pum2,0.196245682,32.18390805
Dhx35,0.196191713,7.887435593
Fyttd1,0.1960293,34.99801823
Chd2,0.195955844,49.14783987
Gnb1l,0.195905552,8.244153785
Dpp10,0.195620759,89.02100674
Mvb12a,0.195596467,12.76258423
Diablo,0.195457601,16.40903686
Usp37,0.19535943,41.30003964
Hace1,0.19533509,35.71145462
Rad52,0.195232697,15.61632977
Adamtsl1,0.195108702,13.27784384
Sdccag3,0.195104869,23.74157749
Wdr18,0.195075465,20.09512485
Slc44a2,0.195057697,15.81450654
Usp46,0.195018546,18.19262782
Mtmr6,0.194986786,18.98533492
Trrap,0.194941852,28.29964328
Adam10,0.194896918,40.86405073
Evc,0.194820499,2.576298058
Mfsd1,0.194734047,6.896551724
Cpsf3,0.194621693,16.68648434
Fdft1,0.194603426,28.8941736
Fto,0.194545414,60.16646849
Terf2,0.194495876,15.97304796
Jarid2,0.194403933,41.69639318
Senp1,0.19426135,18.50971066
Zfp746,0.194213423,11.05826397
Btbd16,0.194180717,2.378121284
Ubap2l,0.194135351,51.80340864
Mon2,0.194035317,32.73880301
Ergic2,0.193940852,33.8882283
Gm14661,0.193937955,8.20451843
Gm20388,0.193924353,91.31985731
Ube2e1,0.193909529,24.49464923
Trappc11,0.193896036,12.72294887
Ccdc30,0.193809879,39.43717796
Hspa4,0.193711449,26.39714625
Arhgef3,0.193677988,17.1621086
Ubap2,0.193572395,32.10463734
Abhd4,0.193536099,8.997225525
Eci2,0.193424904,9.750297265
Dazap2,0.193401226,10.18628617
5031415H12Rik,0.193212861,8.045977011
Tbca,0.193192929,24.33610781
1700049G17Rik,0.193160692,9.393579073
Mum1l1,0.193130722,7.5307174
Hid1,0.193080507,16.96393183
Elac2,0.193026257,6.143479984
Gfy,0.193004537,0.039635355
Kansl3,0.192985479,28.33927864
Atp13a5,0.192934468,12.08878319
Sort1,0.192931108,29.29052715
Nampt,0.192871072,10.26555688
Ppp2ca,0.192704503,18.47007531
Wdr92,0.192674562,7.5307174
Anapc1,0.192669789,30.95521205
Prdx6,0.19259991,12.84185493
Zbtb37,0.192522835,10.18628617
Fah,0.192477402,37.25723345
Scn2a1,0.192419138,72.81014665
Msrb2,0.192271641,9.393579073
Nrbp2,0.192120106,24.45501387
Vwa9,0.192052743,10.0673801
Rab2a,0.19204907,35.31510107
1810034E14Rik,0.192015609,26.47641696
Gm15952,0.191729978,15.41815299
Ube2z,0.191642588,12.28695997
Zfp445,0.191627585,4.795877923
Plat,0.191621831,5.786761792
Rnmtl1,0.191610009,9.829567975
Tnrc6b,0.191599488,73.95957194
Gm26573,0.191530959,26.87277051
Pttg1ip,0.191493972,7.887435593
Pak1ip1,0.191469097,9.274673008
Gm14211,0.191281896,7.887435593
Hmces,0.191255484,13.99128022
Atf2,0.191233826,52.16012683
Dclre1a,0.19122501,3.131193024
Bcar1,0.191223251,12.28695997
Lin28b,0.191205112,34.79984146
4930556N13Rik,0.191183125,11.37534681
Narf,0.191162876,20.0554895
Zfp523,0.19113577,21.91835117
Fancm,0.190995044,10.26555688
Nom1,0.190964668,13.55529132
Stmn3,0.190918452,65.6757828
Coil,0.190837624,12.56440745
2310033P09Rik,0.190793192,16.32976615
Cotl1,0.190786335,10.54300436
Zdhhc24,0.190694194,4.082441538
Slx1b,0.190643946,13.95164487
March8,0.190624139,29.21125644
Cpsf2,0.190540453,6.658739596
Dnajc2,0.190385079,11.96987713
Abcb6,0.190379094,5.628220373
Dcaf8,0.190342977,30.67776457
Slc39a11,0.190299766,15.45778835
Gnaq,0.190212356,70.63020214
Sarm1,0.190094641,10.34482759
Mme,0.190009391,3.884264764
Gm17276,0.189998171,45.22393975
Gm20498,0.189938541,12.44550139
Gtf2h1,0.189849549,15.21997622
Aimp1,0.189727504,13.11930242
Ccdc22,0.189698446,5.94530321
Zmynd11,0.189591759,52.55648038
9230111E07Rik,0.189563622,1.664684899
Gm20732,0.189554487,15.61632977
Abcg4,0.18942713,15.9334126
Slc30a9,0.189420308,27.38803012
Scaper,0.189383996,68.60879905
Lrrc58,0.189247007,23.42449465
Wdhd1,0.189236783,9.116131589
Mss51,0.189218354,6.143479984
Acot12,0.189212349,1.387237416
Cyb5b,0.189167857,25.96115735
Brd2,0.189006627,12.1680539
Trim35,0.189004968,37.13832739
Zfp449,0.188990464,10.14665081
Fam134c,0.188983958,22.19579865
Ube2r2,0.188946038,42.6476417
Atp9a,0.188934593,51.4863258
Fnbp4,0.18892289,25.921522
Mtss1,0.188866134,48.5136742
Snrpg,0.188828702,7.808164883
Nlrx1,0.188816184,2.853745541
Atp6v0d1,0.188792294,31.66864843
Tmem206,0.188762414,7.372175981
Ncbp1,0.188748987,10.62227507
Slc39a9,0.188744713,19.02497027
Pias1,0.188543117,51.08997226
Supv3l1,0.188490245,7.649623464
Slc4a7,0.188478615,26.39714625
RP23-477O13.1,0.18847731,1.070154578
Usp35,0.188465402,7.134363853
Pgap2,0.188425564,21.20491478
Nol8,0.188389303,10.22592152
Uso1,0.18836088,26.43678161
Fbxl17,0.188328532,78.79508522
Nmd3,0.188203457,15.33888228
Sertad3,0.188188333,2.061038446
Morn1,0.188014939,24.77209671
Rcc1,0.187878617,20.33293698
Ric8b,0.187847267,27.03131193
Tmem184c,0.187775313,11.93024178
Sez6l2,0.187739784,33.57114546
Rtel1,0.187722013,14.34799841
Mki67,0.187677545,10.82045184
Snhg20,0.187665983,48.75148633
Hmgb1,0.187643212,29.80578676
Gsta3,0.18764023,3.250099088
Mgat5,0.187612586,44.66904479
Gga2,0.187587549,17.71700357
C330013J21Rik,0.187534716,6.579468886
Tjp1,0.187472026,77.48711851
Mynn,0.187456858,16.21086009
Ndst2,0.18745602,3.884264764
Sgms1,0.18745375,42.17201744
Rock2,0.187420072,47.7209671
Ube2v2,0.187413998,25.16845026
Gcnt2,0.187258934,13.07966706
Carf,0.187190382,21.60126833
Tomm70a,0.187105446,25.28735632
Ncor1,0.187056996,71.02655569
Ppp1r8,0.186946575,9.195402299
Vps33a,0.186919124,15.25961157
Zfr2,0.18687856,21.79944511
Adamts2,0.186866988,20.09512485
Mdm4,0.186848155,40.34879112
Mlx,0.186778683,7.649623464
Insig2,0.186769473,23.30558859
Tulp4,0.186733317,62.10860087
Rab22a,0.186668243,10.70154578
Vps18,0.186662047,5.667855727
Mib2,0.186522808,25.4855331
Hmg20a,0.186433441,45.26357511
Rcbtb1,0.186418845,19.65913595
B3galt1,0.186403196,85.09710662
Stx5a,0.186369416,41.14149822
Epc2,0.18636331,17.1621086
4930522L14Rik,0.18629595,9.988109394
Spdye4b,0.186226797,0.118906064
Naa15,0.186136932,36.14744352
C77080,0.186135164,7.45144669
Wtap,0.186102432,18.54934602
Nup43,0.185870354,9.472849782
Cacng8,0.185855201,24.29647245
Cmtm4,0.185821584,19.65913595
Rap1a,0.185769291,29.72651605
Maml1,0.185713689,11.77170036
Gm14703,0.185705764,12.12841855
Agbl4,0.185536567,94.05469679
Glyatl3,0.185516811,0.039635355
Fam149b,0.185130487,22.39397543
1700085C21Rik,0.185110177,0.039635355
Pecr,0.185108564,6.658739596
Fam73b,0.185029389,25.24772097
Actr10,0.1849453,23.54340071
Pms2,0.184896555,11.45461752
Dip2c,0.184870626,83.67023385
Nlgn1,0.184719779,98.57312723
Kat7,0.184707439,18.8267935
Chst11,0.184695176,23.54340071
Gm5595,0.184691433,19.18351169
Hipk3,0.184685237,18.90606421
Mgat5b,0.184654296,24.29647245
Prodh,0.184633475,12.56440745
Ubl3,0.184620838,30.1228696
Zfp652,0.184608009,38.12921126
Lats1,0.184527469,12.84185493
Ralgapa1,0.184370219,75.78279826
Pdxdc1,0.184358576,32.34244946
Dido1,0.184353762,21.56163298
Mrps18a,0.184288071,22.03725723
Fam117a,0.184247091,5.747126437
Rexo4,0.184209704,13.75346809
Suds3,0.184144924,14.14982164
Gm1604b,0.184101652,8.481965914
Rbl2,0.184068825,15.85414189
Fhl1,0.184022129,24.13793103
Fam49b,0.183954843,72.33452239
Itgb1bp1,0.183865646,4.240982957
Nsun6,0.183748732,16.48830757
Strbp,0.183745916,90.13079667
Rtn2,0.183696465,6.69837495
Dnajc10,0.183612258,28.61672612
Thsd4,0.183551695,40.26952041
Rps6kl1,0.183508074,20.33293698
Tubgcp5,0.183451849,24.61355529
Ppp6c,0.183427761,23.90011891
Adar,0.183427576,39.04082442
Klf7,0.183290532,36.50416171
Adss,0.183255968,19.6987713
Csnk1g2,0.183165653,10.0673801
Tatdn1,0.183137351,14.78398732
Slc6a20b,0.182926312,5.786761792
Zbtb4,0.182921977,19.81767737
N4bp2l2,0.182777488,55.44986128
Ltn1,0.182763895,15.81450654
B3galnt2,0.18273663,12.64367816
Ptpn21,0.182607226,6.500198177
Sacs,0.182436572,19.57986524
Hnrnpdl,0.18240258,32.85770908
Kctd20,0.182364558,16.01268331
Ptprd,0.182363659,98.29567975
Klhdc10,0.182348244,51.12960761
Dner,0.182343308,58.30360682
Tgds,0.182297266,3.567181926
Lyplal1,0.182279114,6.500198177
Tph2,0.182250588,2.061038446
Haus6,0.182211472,6.183115339
Med8,0.182208234,7.015457788
Zfyve19,0.18205154,12.28695997
Cox7b,0.182039124,38.28775268
Calu,0.182030345,15.53705906
Pura,0.182013089,50.73325406
Deaf1,0.181956416,19.46095918
Cr2,0.181841145,2.298850575
Snhg6,0.181768104,4.399524376
Ppp1r21,0.181763429,15.85414189
Nt5dc3,0.181711196,14.30836306
Nup85,0.181647484,9.393579073
Uty,0.181545011,57.7090765
Dazap1,0.181537773,32.93697979
Sptbn2,0.181513934,21.44272691
Usp50,0.181496295,30.59849386
Lias,0.181465506,19.50059453
Dnal1,0.181451357,24.17756639
Rabl6,0.181429443,46.73008323
Stip1,0.181394879,27.70511296
Pgm3,0.181375567,11.69242965
Trmt2b,0.181147706,10.46373365
Fbp1,0.181042829,2.576298058
Rmdn1,0.181007434,54.14189457
Uqcrc1,0.180942839,34.60166468
Idh3a,0.180792929,10.82045184
Lrrc39,0.180781694,1.426872771
Acbd4,0.180642366,18.86642885
Adrm1,0.180588558,5.588585018
Trappc3,0.18050397,18.86642885
Paqr7,0.180482082,10.54300436
Rgs7,0.180382725,81.76773682
Ubp1,0.180354287,23.18668252
Dcaf10,0.180276237,20.9274673
Atxn10,0.180053478,55.56876734
Wdr75,0.180045102,9.631391201
Rabep1,0.180043542,64.13000396
Fbxo8,0.180012811,24.13793103
Ddx49,0.179917933,9.631391201
Ubn2,0.179916124,83.55132778
Zufsp,0.1799124,12.64367816
Nr2c2ap,0.179880259,5.747126437
Taf12,0.179754161,10.82045184
Tgm5,0.179553559,1.50614348
Mrps27,0.179549634,12.40586603
C330007P06Rik,0.179485611,15.73523583
Pex16,0.179425639,8.363059849
Gfpt1,0.179399828,31.11375347
Mapk1,0.17938527,37.97066984
Txndc11,0.179346464,32.02536663
Tcta,0.179278002,13.04003171
D030047H15Rik,0.179271301,9.908838684
Pnpla1,0.179240954,8.759413397
Gm14798,0.179062247,9.393579073
Zfp787,0.179047119,6.896551724
Snx3,0.178786465,22.79032897
Mrps11,0.178708284,7.927070947
Sharpin,0.17868404,8.600871978
Cdkl4,0.178673471,4.954419342
Slu7,0.178647625,7.015457788
Tbcel,0.178640458,17.20174396
Api5,0.178594514,13.00039635
Psme3,0.178566241,7.213634562
Nbea,0.178436793,92.62782402
Bik,0.178371975,0.277447483
Chmp7,0.178314548,12.80221958
D2hgdh,0.178295645,5.628220373
Mtnr1b,0.178292403,3.131193024
1700025F24Rik,0.178252578,0.475624257
Mbtps1,0.178233007,16.92429647
Pkib,0.178222847,10.02774475
Urm1,0.178202724,13.31747919
Cenpo,0.178150235,2.695204122
Pkp3,0.178046001,0.990883868
A230006K03Rik,0.177965569,67.30083234
Ythdc1,0.177965147,16.40903686
Dnm1,0.177937984,48.35513278
Uvssa,0.177923704,29.84542212
Tfpt,0.177822819,8.402695204
Inpp5d,0.177719283,2.814110186
Hnrnpa3,0.177628266,30.95521205
Inpp5a,0.177627792,21.75980975
Cpd,0.177512698,22.07689259
Nck1,0.177492226,21.12564407
Rcc2,0.177481059,11.01862862
Alas1,0.177375463,9.393579073
Cald1,0.177317604,17.24137931
BC029214,0.177100497,10.34482759
Mllt11,0.177098614,28.14110186
Ttc39aos1,0.177084086,5.033690052
Rnaseh1,0.176987036,8.244153785
Pex26,0.1769565,5.27150218
Zfp438,0.176864177,14.11018629
Upf1,0.17686276,7.253269917
Ddx47,0.176743613,15.21997622
Gm26772,0.17659589,1.030519223
Barhl1,0.176500602,0.079270709
Slc25a36,0.176479218,46.65081252
Cep78,0.176460942,20.29330163
Polr2g,0.176450847,14.07055093
Acyp1,0.176448548,6.460562822
Ago2,0.176420976,28.18073722
Rela,0.17635509,8.323424495
Mroh2a,0.176347117,0.118906064
Prdm2,0.176313931,25.5648038
Gm14391,0.176273706,5.469678954
Pkn2,0.176257047,33.76932224
Zfp317,0.176220626,9.750297265
Sec61a2,0.176170699,51.96195006
Pias4,0.17615412,19.46095918
Cir1,0.176143583,13.95164487
Ankrd16,0.176130313,13.07966706
Ypel5,0.17612594,9.591755846
Secisbp2l,0.176109873,13.79310345
Dap,0.176094618,4.240982957
Fkbp8,0.176013902,27.18985335
Srp54b,0.175917643,20.09512485
Noct,0.175832704,12.72294887
P2rx4,0.175744028,19.6987713
Gm16541,0.175706038,13.27784384
Ccdc18,0.175660029,5.866032501
Vps8,0.175450102,36.58343242
Dstyk,0.175436043,20.84819659
Prosc,0.175417456,18.03408641
A830092H15Rik,0.175387007,5.628220373
Supt16,0.175374252,26.7934998
Aktip,0.175328026,29.72651605
Gm19710,0.175193783,37.73285771
Rnf44,0.175130694,7.411811336
Zfp426,0.175120477,17.08283789
Thrap3,0.175059505,27.15021799
Gm6712,0.17493145,9.552120491
BC031181,0.17489743,26.3575109
Mtmr9,0.174892424,6.69837495
Coro1a,0.174848212,7.411811336
Vars2,0.174844625,6.619104241
Smek2,0.174834255,28.37891399
Zdhhc17,0.174791143,35.75108997
Man1b1,0.174761362,26.43678161
Gpt,0.174678964,4.240982957
Zfp777,0.174643624,12.36623068
Mdp1,0.174616892,8.521601268
Dnah7c,0.174571107,11.53388823
Crebbp,0.174505551,54.93460166
Psmd7,0.174502811,32.06500198
Suv420h2,0.174491801,15.18034086
Dnaic1,0.174479407,5.786761792
Dcps,0.174447964,13.19857313
Pip4k2b,0.174427306,20.4914784
Kdm8,0.174398151,7.887435593
Kctd5,0.174391233,8.481965914
Srebf2,0.174367718,35.43400713
Vps26a,0.174313561,10.14665081
Wdr19,0.174292241,13.11930242
Gmcl1,0.174268569,43.24217202
Atad3a,0.174250702,16.84502576
Eif5,0.174218219,22.94887039
Aicda,0.17408835,0.039635355
Dtwd2,0.173898498,5.231866825
S100a10,0.173783062,13.75346809
Gga1,0.173776396,17.99445105
Tsga10,0.173708599,23.38485929
Btbd9,0.173660369,67.10265557
Catsperd,0.173638723,12.72294887
Thnsl1,0.173614475,6.936187079
Rab1a,0.173607091,26.43678161
Gm26671,0.173585196,2.853745541
Pptc7,0.173495046,19.42132382
Hn1,0.173464012,28.85453825
Mcf2l,0.173445995,39.63535474
Ep400,0.173445963,42.25128815
2900011O08Rik,0.173433668,42.76654776
Smc2,0.17331514,13.31747919
Srgap3,0.173227698,65.31906461
Isoc2b,0.173186572,4.161712247
Stam2,0.17315967,18.07372176
Bfar,0.173057565,20.65001982
Sap30bp,0.17286857,14.07055093
Pvrl1,0.172867467,10.34482759
Coasy,0.172845454,5.430043599
Tmem74,0.17283133,0.75307174
Senp6,0.172824489,49.06856916
Csnk1a1,0.17281144,54.41934205
Zfp612,0.172754582,33.92786365
Tti1,0.172747593,8.799048751
Nme4,0.172727812,4.994054697
Gm11728,0.172717719,3.7653587
Tcea1,0.172677628,16.84502576
Cnot3,0.172512632,28.65636147
Ergic1,0.172421312,30.51922315
Zmynd8,0.172357389,73.28577091
Gm16998,0.172324642,0.951248514
Zfp839,0.172305614,6.539833532
Poldip2,0.172299233,13.15893777
Hmgxb3,0.172233795,16.60721363
Slc31a2,0.172217596,7.887435593
Rtfdc1,0.172135867,9.71066191
Pcgf6,0.172134361,18.70788744
Golga7,0.172120711,11.41498216
Snx31,0.172101115,1.109789933
Hlcs,0.171917257,26.31787554
Nfe2l2,0.171769706,5.94530321
Dync1i2,0.171492422,53.74554102
Tecpr2,0.171469619,34.91874752
Spop,0.171409561,55.21204915
Tcf12,0.171381324,68.52952834
Atg10,0.1711994,32.54062624
Rab21,0.171149805,14.46690448
Gm13008,0.171148734,8.20451843
Stat1,0.171111533,8.719778042
C920021L13Rik,0.171002574,13.04003171
Lsm14a,0.170985845,17.36028537
Plek,0.170886188,8.838684106
Anapc4,0.170714401,23.8208482
Thumpd3,0.17065138,13.00039635
Arpc1a,0.170545032,26.47641696
Prkag1,0.17053937,20.37257233
Ccdc138,0.170416351,15.77487119
Rars,0.170334807,8.799048751
Ptprn2,0.170297622,86.24653191
Sdf2,0.170280158,22.63178755
Plin5,0.170266841,1.070154578
Ppm1g,0.170163306,27.78438367
Glyr1,0.170070634,34.40348791
Soga1,0.170061104,25.72334522
Arl4c,0.170032796,6.500198177
Cbfb,0.16981145,19.02497027
Sephs1,0.169564686,9.433214427
Psen1,0.169536388,20.37257233
6330408A02Rik,0.169501006,4.082441538
Slc33a1,0.169441293,16.60721363
Fopnl,0.169374784,14.30836306
Zfp410,0.169094313,12.44550139
Ppp1cb,0.169031991,32.18390805
Rp9,0.169005576,29.64724534
Gm28285,0.168956294,7.491082045
Nrf1,0.168924163,40.1902497
Ctdspl,0.168885702,30.43995244
Ahsa1,0.168867241,21.99762188
Ctcflos,0.168821229,4.082441538
Sh3kbp1,0.168816712,48.27586207
Dopey1,0.168742025,40.70550931
Ecd,0.168605135,20.09512485
Ammecr1l,0.168540263,23.78121284
Mapk9,0.168524381,21.40309156
Brf1,0.168357243,18.23226318
Adal,0.168355542,10.50336901
A230050P20Rik,0.168326618,33.84859294
Nup153,0.168286143,19.81767737
Akt2,0.168185009,11.49425287
Safb,0.168176461,32.2235434
Nsrp1,0.168158469,14.46690448
Zfr,0.168097599,66.23067776
Prr22,0.168063272,2.219579865
Gm6277,0.167963311,8.085612366
Copb1,0.167876994,21.32382085
Vps13c,0.167813225,34.28458185
Snrpc,0.167763281,10.02774475
Gm14443,0.167711109,5.112960761
Zfp318,0.167587342,21.12564407
Tead1,0.167517943,32.89734443
Tmem62,0.167509165,14.58581054
Amph,0.167450497,75.98097503
Drg2,0.167430044,9.116131589
Crls1,0.167415201,8.006341657
Ube2cbp,0.167397497,10.38446294
Ccar1,0.167388607,52.43757432
Pus3,0.167387277,11.13753468
Hykk,0.167354635,6.579468886
Samd8,0.167344827,14.74435196
Edrf1,0.167332024,7.015457788
Sumf2,0.167254607,13.79310345
Pld2,0.167222214,4.994054697
Taf1b,0.167081718,28.65636147
Gspt1,0.167065679,26.39714625
Kdm5c,0.167049836,56.59928656
Tubb4a,0.167040773,20.53111375
Cops2,0.166973257,18.90606421
Zfhx2,0.166941369,13.99128022
Pccb,0.166872251,17.43955608
Anks1b,0.166436291,94.53032105
Txnl1,0.166404767,13.35711455
Sec61a1,0.166399297,16.64684899
Nmnat2,0.166376884,61.27625842
Gm20685,0.166369449,3.091557669
Anapc16,0.166226437,19.06460563
Szt2,0.166136309,11.89060642
Spen,0.166078732,14.42726912
Ralbp1,0.165815057,25.72334522
Lrfn5,0.165776577,93.65834324
Adam17,0.165715243,14.03091558
Lzts1,0.165593954,11.25644075
Naaladl2,0.165451891,74.91082045
Capn7,0.165392763,23.66230678
Gmpr2,0.16530924,16.48830757
Kiz,0.165297137,34.64130004
Fam98c,0.165286032,12.72294887
Apobec1,0.165204301,3.527546572
Lmtk3,0.165126067,24.57391994
Lrp5,0.165004835,3.01228696
Smc6,0.164964184,42.56837099
Mras,0.16493767,17.87554499
Tmem87a,0.164849873,24.81173207
Exosc9,0.164591284,7.808164883
Fbxo30,0.164573581,7.45144669
Tiam2,0.164564892,5.94530321
Dennd6b,0.164563997,33.57114546
Farsa,0.164537201,19.46095918
Ltv1,0.164502353,3.567181926
Rab8b,0.164428615,16.68648434
Snrk,0.164428366,25.76298058
Uck1,0.164396852,7.570352755
Gm12092,0.164371089,1.704320254
Pbx4,0.164266637,22.79032897
Snrpa1,0.164241759,10.22592152
Zfp229,0.16408635,7.491082045
Fndc9,0.164082047,26.11969877
Ccdc130,0.164073867,7.491082045
Tmem242,0.164050879,7.847800238
Mllt4,0.164032523,44.70868014
Phb2,0.164026385,14.74435196
Dhx16,0.163955691,8.878319461
Lsm12,0.163875943,11.17717004
Smarcd3,0.16387057,22.31470472
Klhl15,0.163833525,21.08600872
Gm44053,0.163815502,3.289734443
Smarcb1,0.163641167,18.74752279
Fbxl4,0.163618966,14.42726912
Gnb1,0.163608093,56.44074514
Fbxo3,0.163578245,24.93063813
Manbal,0.163516671,19.34205311
Cdadc1,0.163395036,19.22314705
1700061G19Rik,0.163366543,9.03686088
Nacad,0.16333689,8.759413397
Myt1l,0.163319608,78.83472057
Them6,0.163210568,6.817281015
Phlda1,0.163144436,6.103844629
Dmtn,0.163108878,34.91874752
Mkrn2,0.163103776,6.77764566
Ppp1r37,0.162965857,21.04637337
Atp6v1c1,0.162959882,22.1561633
Cend1,0.162884127,17.20174396
Ptcd1,0.162873242,5.509314308
Mpv17l,0.162790765,27.94292509
Zpr1,0.162758497,8.917954816
Sccpdh,0.1627179,12.72294887
Ero1l,0.162704474,15.29924693
Gm36975,0.162643658,23.74157749
Immp1l,0.162599258,33.0162505
Shroom4,0.162598465,5.747126437
Ankmy2,0.162520575,15.45778835
Hspbp1,0.162519632,14.07055093
Katnb1,0.162444472,6.77764566
Ptpn1,0.162295293,16.56757828
Ythdf2,0.16225237,15.29924693
Picalm,0.162248128,32.34244946
Mbtd1,0.162219264,56.24256837
Hars,0.162218219,15.65596512
Fdxr,0.162205166,10.93935791
Ccdc163,0.162123184,5.509314308
Lman1,0.16211133,12.60404281
Mbnl3,0.162080581,0.832342449
Plag1,0.162017652,11.21680539
Ppp2cb,0.162013847,11.85097107
AY036118,0.161936395,7.966706302
Vps13d,0.161914328,49.58382878
Dhx33,0.161826426,8.006341657
Lztr1,0.161752186,29.36979786
Abcg8,0.161722775,1.981767737
Wac,0.161713636,46.96789536
Gm14340,0.161689865,0.039635355
Sqstm1,0.161640896,19.73840666
Cr1l,0.161599984,18.03408641
Nhlrc2,0.161517877,20.21403092
Mpc2,0.161412376,25.921522
Pik3c3,0.161332185,12.5247721
B630005N14Rik,0.161301246,34.08640507
Trappc12,0.161281621,20.45184304
Boc,0.161281583,2.615933413
Myo1h,0.161262622,3.527546572
Slco6c1,0.161106435,1.070154578
Snrpb2,0.160991713,7.649623464
Gm37768,0.160969355,6.69837495
Unc5b,0.160866427,2.25921522
Cdh19,0.160854011,12.64367816
Smu1,0.160775363,11.53388823
Zfp606,0.160764638,7.094728498
Tgs1,0.16062411,24.73246136
Rnf40,0.16061335,7.173999207
Gm15834,0.160598542,18.90606421
Gps2,0.160479394,27.98256044
Vac14,0.160441749,11.45461752
Kmt2d,0.160374773,22.51288149
Ddx31,0.16029219,11.69242965
Gna12,0.160245996,14.90289338
Ppp6r1,0.160212599,9.869203329
Phyhipl,0.160137289,31.15338882
Dnajc8,0.160105717,28.4581847
Efcab7,0.159957504,8.481965914
Nt5c3b,0.159861971,10.97899326
Cnrip1,0.159811129,39.23900119
Sepsecs,0.159757695,9.274673008
Trip4,0.159679086,37.49504558
Chga,0.159614587,25.36662703
Cwh43,0.159597244,0.832342449
Mum1,0.159553515,13.43638526
Plxna4os3,0.159501596,12.1680539
4930532G15Rik,0.159487885,10.66191042
Exosc1,0.159467982,17.75663892
Il15ra,0.15941461,8.600871978
Ocrl,0.159356385,46.80935394
Rhbdd3,0.159314555,15.02179945
Prr14,0.15928415,31.94609592
Ccdc65,0.159238954,6.103844629
Fubp1,0.159161198,51.76377329
Gm26749,0.159125937,10.30519223
Rbm25,0.158969032,72.92905272
Zfp13,0.158915403,5.628220373
Sec24b,0.158866703,49.78200555
Ahctf1,0.158776415,25.72334522
Gng7,0.158707007,6.738010305
Psmf1,0.15870443,9.472849782
Smim8,0.15870248,8.20451843
Cers2,0.158691192,11.25644075
Pcbp2,0.158644122,36.38525565
Hagh,0.158612768,23.8208482
Pcnx,0.158586513,36.46452636
Tada2a,0.158281292,26.31787554
Idua,0.158194998,6.341656758
Pnldc1,0.158139716,7.213634562
Smad2,0.157917298,16.84502576
Sbf1,0.157850316,11.65279429
Nabp1,0.157827954,3.329369798
Ino80b,0.157807831,8.20451843
Rab14,0.157782995,33.69005153
Cyp2d22,0.157643484,1.862861673
Stard3nl,0.157640571,20.80856124
Dpp6,0.157483036,94.21323821
Ublcp1,0.157429186,11.17717004
Dock11,0.157303942,38.16884661
Hmcn2,0.157243415,2.417756639
Fam185a,0.157088401,9.71066191
Adipor2,0.157006611,13.71383274
2310040G24Rik,0.157002452,1.902497027
Rbm22,0.156971577,6.302021403
Wdr13,0.156917177,14.70471661
Hccs,0.156841797,5.866032501
Ak6,0.15678265,13.87237416
Ebf1,0.156702784,60.08719778
Jmy,0.156623344,19.14387634
Patl1,0.156544821,12.960761
Ikbkap,0.156421709,16.40903686
Crat,0.156410514,12.36623068
Zfp638,0.156366276,57.39199366
Spns2,0.156230607,11.81133571
Oraov1,0.156081896,6.817281015
Hspa9,0.156010895,22.47324614
Ube2d3,0.155853571,32.54062624
Sp3,0.155620205,17.55846215
Tmem161a,0.155605611,12.40586603
Rtl1,0.155558442,12.64367816
Gbp8,0.155547275,1.981767737
Nsd1,0.155061884,76.37732858
Dhx30,0.155039931,58.30360682
Gna11,0.155039765,11.77170036
Abcf1,0.155035427,16.64684899
Ak2,0.154957723,16.01268331
Ppt2,0.154917817,12.88149029
Arhgef40,0.154836529,17.39992073
Uimc1,0.154699802,25.80261593
Ppt1,0.154649113,43.28180737
Mid2,0.154644644,23.14704717
Timm17a,0.154609109,18.74752279
Mipol1,0.154547193,26.99167658
A230046K03Rik,0.154472947,23.18668252
Thumpd2,0.154466244,6.302021403
Stk25,0.154366063,28.93380896
Gdap1l1,0.15423392,10.30519223
Ngdn,0.154168795,9.314308363
Cuta,0.154043355,11.57352358
Rnf4,0.153978828,14.90289338
Cul4a,0.153907038,20.61038446
Tab2,0.153866221,24.01902497
Miip,0.153793577,11.21680539
Zfp62,0.153772318,8.799048751
Zcchc9,0.153681062,14.58581054
Prrc2b,0.153675816,40.34879112
Folh1,0.153508585,2.417756639
Aes,0.153478769,15.45778835
Atf7ip,0.153373268,27.42766548
Tpp1,0.153350999,8.481965914
Cyth2,0.15332188,8.006341657
Gm16223,0.153321375,4.716607214
Gpr158,0.15332117,78.59690844
Pprc1,0.153277981,11.61315894
Gm15336,0.15322509,13.99128022
Xrcc6,0.153211475,18.94569956
Sri,0.153198109,15.02179945
Zfp143,0.15316383,8.759413397
Hjurp,0.153141759,21.79944511
Zfp1,0.153084431,17.91518034
Tsen54,0.153075905,5.231866825
Vmn2r79,0.153013264,3.567181926
B3galt2,0.153003047,15.85414189
Scube2,0.152800527,1.981767737
Mlec,0.152792107,15.81450654
Fbxo11,0.152744724,57.86761792
Zfp131,0.152635313,15.53705906
Ogdhl,0.152598207,2.774474832
Enah,0.152534883,64.68489893
Snap25,0.152519477,91.20095125
Sycp3,0.152411138,44.3915973
Kmt2b,0.152373332,11.69242965
Zfp239,0.152229122,19.73840666
Dcaf13,0.152207326,8.481965914
Slc11a2,0.152190316,13.91200951
Tcerg1,0.15217686,32.81807372
Rev3l,0.152139225,64.76416964
Abce1,0.152052675,13.04003171
Clstn1,0.152049756,41.06222751
Fkbp7,0.152047074,4.359889021
Wdr12,0.151998463,20.9274673
Meaf6,0.151963433,23.90011891
Rnmt,0.151786733,12.84185493
Ttc9,0.151533243,10.34482759
Aqr,0.151444724,19.89694808
Gtpbp8,0.151405413,9.78993262
C2cd2,0.151399754,19.22314705
Arl8a,0.151324252,17.1621086
Vps52,0.15125579,5.786761792
Tarm1,0.151214752,0.673801031
Drosha,0.15121183,15.10107015
Nfrkb,0.151122336,22.55251685
Ncstn,0.151092146,15.45778835
Gnb5,0.151015573,14.38763377
Zc3hc1,0.151009157,8.20451843
Slc17a5,0.150899382,23.06777646
Rai1,0.150878347,36.30598494
Pcmtd2,0.150610452,23.10741181
Unc5c,0.150594455,77.8438367
Smek1,0.150567842,22.47324614
Ubox5,0.150550071,10.26555688
Zfp560,0.150533438,14.189457
Tardbp,0.150439417,30.16250495
Tma16,0.150412839,8.561236623
Gpat4,0.150397558,14.22909235
Jade1,0.150370104,8.838684106
Xpc,0.150352212,12.20768926
Usp47,0.150298633,41.02259215
Hadha,0.150219164,18.58898137
Poldip3,0.150182622,13.95164487
D10Wsu102e,0.15012724,4.042806183
Rbsn,0.150088722,11.01862862
Foxo3,0.149984983,18.47007531
Fxr1,0.149941778,30.32104637
Gm7580,0.149860305,1.545778835
Eif2b3,0.149845078,20.68965517
Ppp1cc,0.149836523,14.82362267
Gm16008,0.149717401,4.003170828
Epn1,0.149704764,17.43955608
1700112D23Rik,0.149652308,7.332540626
Dhrs1,0.149625359,8.521601268
D3Ertd254e,0.149602591,7.927070947
Pacsin1,0.149589427,64.64526358
N6amt1,0.149570422,6.658739596
Hira,0.149368065,9.03686088
Hibadh,0.149285837,24.17756639
Mat2a,0.149247728,47.08680143
Zfp788,0.149215865,10.30519223
Mmp15,0.149181586,3.804994055
Tmem234,0.149168732,29.80578676
Tmprss15,0.149085638,3.487911217
Capns1,0.149042851,30.1228696
Itgb3bp,0.148994708,31.11375347
Zfp941,0.148949077,19.38168847
Nck2,0.148918825,18.62861673
Zfp960,0.148628211,2.140309156
Cetn4,0.148597502,7.411811336
Pbdc1,0.148539266,14.30836306
Uqcc1,0.148518295,30.43995244
Cfap74,0.148504738,10.70154578
Srek1ip1,0.148411247,13.11930242
Ift81,0.148292793,30.1228696
Gm14342,0.148283446,4.399524376
Fam160b1,0.148276183,6.738010305
2310035C23Rik,0.148215344,52.43757432
Ccp110,0.14819282,8.878319461
Tfb2m,0.148054645,10.0673801
Adnp2,0.148022913,4.201347602
Arl5b,0.14798653,8.719778042
Fhod3,0.147956004,40.82441538
Gm28062,0.147722913,1.585414189
Rnf34,0.147668235,21.32382085
Map3k5,0.147664431,25.08917955
Ncan,0.147658357,7.847800238
Crnkl1,0.147629771,6.02457392
Lpcat1,0.147552354,17.63773286
Tbl1x,0.147527454,45.73919937
Fkbp1a,0.147484966,25.40626239
Akap11,0.147448145,37.61395164
BC003965,0.147421723,10.26555688
Usp7,0.147373238,24.05866033
Vps54,0.14721085,36.10780816
Etv3,0.146971253,6.738010305
Commd2,0.146915875,4.201347602
Brix1,0.146863582,10.0673801
Pacrgl,0.146799965,10.02774475
Lrrc2,0.146770373,3.804994055
Mrgbp,0.146675469,8.28378914
Elp6,0.146550283,13.91200951
Tex10,0.146521918,13.27784384
Aire,0.146389589,0.079270709
Aldh3a2,0.146340157,10.97899326
Serpinb3b,0.146066917,5.27150218
Gm44127,0.146051381,1.228695997
Gm29865,0.146038965,13.63456203
Prkcd,0.146007831,4.43915973
Twistnb,0.14600044,6.619104241
D6Wsu163e,0.14583865,8.006341657
Pi4k2a,0.145823903,18.35116924
RP23-350G1.5,0.145815283,1.347602061
Ick,0.145785602,19.65913595
Alad,0.145779183,7.015457788
Zbtb8b,0.145716011,10.22592152
Cpsf7,0.145707179,34.20531114
Nyap1,0.145595163,15.41815299
Zfp942,0.145552585,15.69560048
Kdm4a,0.145467425,8.838684106
Crcp,0.145446138,13.43638526
Slc25a40,0.145404093,11.49425287
Ispd,0.145221774,42.52873563
2510039O18Rik,0.14520337,7.055093143
Tmem120a,0.145078528,6.183115339
Mocs1,0.144870919,8.600871978
Wdr76,0.144851361,11.96987713
Gm16272,0.144806264,3.448275862
Gpatch4,0.14476507,5.112960761
Zbtb41,0.144693906,5.588585018
Imp4,0.144648466,7.015457788
Ccdc9,0.144561737,5.984938565
Gm21972,0.144557649,5.430043599
Ankzf1,0.14445803,14.82362267
Fam133b,0.144457845,30.24177566
Scyl3,0.144287462,5.231866825
Nespas,0.144260481,4.399524376
Atp13a1,0.144235044,14.54617519
Knop1,0.144222183,17.36028537
Dnajc6,0.144091878,71.1058264
Atp5l,0.144018068,34.52239398
Mthfd1l,0.143879701,15.0614348
Gtf3c5,0.143714509,7.094728498
5730508B09Rik,0.143607023,2.179944511
Vrk1,0.143603945,10.34482759
Pank3,0.143573476,14.94252874
Abo,0.143510892,3.250099088
Paip2,0.14351065,37.09869203
Bet1,0.143461051,6.77764566
Cpsf3l,0.143443066,12.56440745
Notch3,0.143400203,7.094728498
Dhcr7,0.143389325,13.15893777
Arf5,0.143335366,23.74157749
Gtf2h3,0.143313286,7.649623464
Psmd6,0.143230268,9.552120491
Atp5g1,0.143176249,32.73880301
Gm15396,0.143131935,8.164883076
Acaca,0.143087889,64.84344035
Aggf1,0.143045017,7.847800238
Mrpl10,0.143035928,7.332540626
Mvk,0.143021495,5.866032501
Mfn2,0.142997912,15.25961157
Mettl17,0.142925303,15.41815299
Man2a2,0.142913513,29.48870392
Cwc25,0.142797124,6.817281015
Mrs2,0.142735238,7.015457788
Eif4h,0.142675809,23.62267142
K230010J24Rik,0.142672881,8.838684106
Nr1h2,0.142660775,11.96987713
Tha1,0.142548694,2.893380896
Rab10os,0.142498892,23.62267142
Cyb5r3,0.142460051,7.015457788
Nudt3,0.14244672,14.6254459
BC051142,0.142275145,5.548949663
St6galnac6,0.142271501,12.32659532
Prrc2c,0.142233174,47.64169639
Nrxn2,0.142223772,53.46809354
Cntn6,0.142184468,76.9718589
Borcs8,0.142158107,19.77804201
Ring1,0.142084651,35.27546572
Samd12,0.142034407,82.67934998
Ccdc148,0.141922576,38.32738803
Scap,0.141850153,21.16527943
Cdc23,0.141741977,16.80539041
Prkx,0.141733358,9.274673008
Atox1,0.141727351,10.14665081
Panx3,0.14164348,0.079270709
1700022A22Rik,0.141607161,5.231866825
Dennd1c,0.14155043,1.070154578
Rbm18,0.141549555,12.80221958
Tgfb1i1,0.141548161,2.338485929
Dld,0.141516506,20.76892588
Nt5m,0.141483391,11.85097107
Aen,0.141394119,2.021403092
Nacc1,0.141171316,8.20451843
Plekha6,0.141106859,46.17518827
Oplah,0.141048109,5.469678954
Pigo,0.14101226,5.112960761
Slc12a8,0.140907101,2.93301625
Yme1l1,0.14084384,33.41260404
Ptprq,0.140811948,13.55529132
Rnf146,0.140627327,12.76258423
Flrt1,0.140592546,8.323424495
Nktr,0.140571047,67.69718589
4930432B10Rik,0.140507389,11.05826397
Fndc3b,0.140488525,22.07689259
Wdr54,0.140426539,4.914783987
Asf1b,0.140376979,2.655568767
Pbx3,0.140331364,81.64883076
Arhgef33,0.140247957,11.732065
Rab11fip2,0.140166547,31.51010702
Bnip2,0.140160975,6.539833532
Zfp2,0.140146324,15.21997622
Tgm2,0.140089097,2.497027348
Fam92a,0.139960005,19.22314705
Lmbrd1,0.139942176,27.5862069
Nr2c2,0.139905292,39.67499009
Rspry1,0.139894883,37.33650416
Fam120b,0.139818249,47.12643678
Mpv17,0.139721044,18.54934602
Lonrf2,0.139581108,21.52199762
Cfap61,0.139552426,9.948474039
A930015D03Rik,0.139546084,61.31589378
Babam1,0.139529409,16.32976615
Sppl3,0.139526427,39.55608403
Cyhr1,0.139449096,18.3908046
Sec11a,0.139361299,26.23860484
Nedd4l,0.139322311,58.73959572
R3hdm1,0.139239169,76.69441141
Slc35a2,0.139179692,11.57352358
Zmym4,0.139052501,64.4470868
Rpe,0.138995729,6.69837495
Psmc6,0.138836708,13.51565597
C730034F03Rik,0.138813467,7.768529528
Garnl3,0.138809737,68.33135157
Fam168b,0.13877501,13.8327388
Tnfrsf9,0.138746862,4.161712247
Timp4,0.138715543,8.640507333
Tbc1d10b,0.138700953,11.21680539
Sec23a,0.138679857,30.75703528
Cby1,0.138594161,10.26555688
Rcan1,0.138557023,12.960761
Gale,0.138545953,7.253269917
Stradb,0.138384665,11.21680539
Tbkbp1,0.138357812,16.13158938
Cdc27,0.13833662,33.92786365
Cnot1,0.13831945,31.11375347
Tm6sf2,0.138256739,2.219579865
Actr3,0.138236273,23.26595323
Kcng2,0.138214947,3.170828379
Pemt,0.138175418,3.567181926
Oxa1l,0.138153002,21.68053904
Ccdc43,0.137957748,6.262386048
Casp1,0.137950513,0.277447483
Nasp,0.137899228,12.28695997
Plekhb2,0.137845582,20.0554895
Tmcc2,0.137709952,11.732065
Rexo2,0.137651777,12.64367816
Malsu1,0.137506182,18.43043995
Pkia,0.137501188,58.89813714
Traf7,0.137424922,12.20768926
Ripk1,0.137389479,4.359889021
AW495222,0.137377989,0.75307174
Psmg1,0.137335204,7.055093143
Wdr81,0.137323756,3.567181926
Dctn5,0.137203224,9.631391201
R3hcc1,0.137091273,3.567181926
Smyd4,0.136963858,17.87554499
Srsf4,0.13693719,16.44867222
Foxk2,0.13685018,22.90923504
Gm26994,0.136842081,0.832342449
Mfsd7b,0.136821658,21.24455014
Gkap1,0.136775781,41.30003964
1600002K03Rik,0.136742157,6.064209275
Chac2,0.136682191,14.58581054
Mief2,0.136598761,4.161712247
Fam102a,0.136581402,6.500198177
Card11,0.136431182,2.853745541
Gdpd5,0.136414958,8.28378914
Arid4b,0.136333491,64.8830757
Epdr1,0.136314521,21.75980975
Fiz1,0.136236279,6.579468886
Dgka,0.136217447,18.47007531
Brca1,0.136160148,5.152596116
Gm28401,0.13608345,0.356718193
Ndufa9,0.136050181,13.63456203
Zfp961,0.135928015,24.41537852
Sf3b6,0.135866474,20.57074911
Chpt1,0.135807704,39.27863654
Galnt7,0.135690155,22.31470472
Nup50,0.135637037,7.213634562
Dbnl,0.135571569,16.52794293
A430105I19Rik,0.135571098,1.942132382
Rab7,0.135545375,22.90923504
Elavl1,0.135544371,32.54062624
Eapp,0.135489054,15.77487119
Xpo1,0.135409466,34.56202933
Pask,0.135296347,6.302021403
Dedd2,0.1352088,5.469678954
Nckipsd,0.135086443,8.20451843
Dnah2,0.13503289,10.02774475
1700111N16Rik,0.134997667,5.588585018
Polr1c,0.134960217,10.26555688
Slitrk1,0.134864335,4.875148633
Gm11884,0.134831444,4.43915973
Ceacam2,0.134438177,9.393579073
Sfxn1,0.134430853,20.80856124
Pacs1,0.13417259,61.75188268
Eif3m,0.134139561,7.649623464
Cfp,0.134100032,7.253269917
Mau2,0.134025007,27.18985335
Xdh,0.134022954,1.109789933
Kdsr,0.133997645,11.25644075
Mgat1,0.133956857,6.500198177
Usp16,0.133944911,18.03408641
Sgf29,0.133842268,11.53388823
Exosc2,0.13374686,9.433214427
Cacng3,0.133730636,18.31153389
Slc9a3r1,0.133561417,1.823226318
Rbm26,0.133545487,63.85255648
Zfp952,0.133526482,6.69837495
Rbm47,0.133465923,1.743955608
Ppp1r9a,0.133404607,69.08442331
Kctd10,0.133355287,4.399524376
Nsdhl,0.133255259,11.57352358
Lonp1,0.133144976,11.05826397
Zw10,0.133017744,7.808164883
Desi2,0.132984292,47.12643678
Golph3,0.132820732,6.341656758
Mpp5,0.132817749,24.97027348
Ccdc126,0.132797366,5.390408244
Rasl10b,0.13276441,5.469678954
Kdm2a,0.132715113,55.01387237
Dpp7,0.132694883,7.609988109
Kif1bp,0.132635768,23.46413
Nek3,0.132565135,6.183115339
Snx16,0.132559886,14.58581054
Smarcad1,0.132521997,35.67181926
Taldo1,0.132483345,11.69242965
Pdcd6,0.132360735,11.17717004
Ttf1,0.132189291,13.27784384
Tpr,0.132108603,34.16567578
Sept7,0.132106465,33.37296869
Ptdss2,0.131996242,16.96393183
Ddx43,0.131926719,1.307966706
Pawr,0.131890265,6.183115339
Anxa11,0.131752308,3.527546572
Adgb,0.131716462,8.402695204
Esf1,0.13166678,27.66547761
Zscan22,0.131608445,17.47919144
Ash2l,0.131595834,12.36623068
Dcakd,0.131524894,23.54340071
Zfp235,0.131409668,3.210463734
Ppp1r7,0.131396747,11.77170036
Nlk,0.131354901,65.00198177
Zfp61,0.131309858,6.658739596
Zfp30,0.131226338,9.274673008
Dus2,0.131205335,22.11652794
Rbak,0.131181682,3.567181926
Noc2l,0.131056026,13.04003171
Sel1l,0.131020433,31.51010702
Mthfd1,0.13088197,13.3967499
Myl6b,0.13086159,4.994054697
Fn3k,0.130849452,6.381292113
Pkdcc,0.130827627,3.923900119
Ttpal,0.130459014,8.045977011
A530017D24Rik,0.130410586,5.112960761
Upk3bl,0.130381658,7.411811336
Lypla2,0.13030364,12.76258423
Scimp,0.130266772,0.594530321
Ptpn23,0.130218264,12.12841855
Fcf1,0.130177888,16.7261197
Snrnp40,0.130119901,20.88783195
Prune,0.129962603,9.750297265
Lamtor1,0.129930245,11.49425287
Glipr2,0.129923954,2.219579865
Tbccd1,0.129918577,5.152596116
Creld1,0.129853519,21.99762188
Cep192,0.129741193,21.7201744
l7Rn6,0.129730877,14.14982164
Snn,0.129696754,4.954419342
Ddx23,0.129688989,12.80221958
Arhgap12,0.129605597,32.02536663
Wsb2,0.129511819,9.908838684
Pum1,0.129494438,59.3737614
Plekha3,0.129489649,9.472849782
Vps35,0.129474024,20.29330163
Elovl1,0.129432951,6.856916369
Cars2,0.129427891,12.5247721
Nr1h4,0.12941386,1.902497027
Casp8ap2,0.129342795,9.829567975
Ptpn9,0.129316137,54.10225922
Gtf2a2,0.129257578,19.42132382
Etf1,0.129104087,15.77487119
Srrm4os,0.129096913,3.567181926
Mtfr1l,0.129084558,9.03686088
Slc27a3,0.129082948,3.170828379
Rsrc2,0.129047772,44.23305589
Tpgs2,0.128998519,9.274673008
Ago1,0.128959528,16.40903686
Paip1,0.128958524,23.38485929
Ppm1a,0.128954876,22.47324614
Pde6d,0.128878837,16.88466112
Ppp1r10,0.128847707,25.40626239
Sigmar1,0.128650001,12.64367816
Dnajb6,0.128639973,28.0221958
Dgcr14,0.128528174,3.408640507
Tsta3,0.128476888,10.50336901
Larp7,0.128437548,9.076496235
Wdr41,0.128269406,16.64684899
AI854703,0.128232579,4.835513278
Prkar2b,0.128225917,22.90923504
Ttll1,0.128179592,6.817281015
Nae1,0.128112616,24.49464923
Stk35,0.12809629,5.905667856
Sufu,0.127989913,22.43361078
U2surp,0.127907778,45.34284582
Zcchc8,0.12790032,15.97304796
Hnrnpm,0.127872275,40.74514467
Snx18,0.127854091,5.826397146
Gm3005,0.127811767,5.033690052
Lcmt2,0.127776387,5.311137535
Gm28913,0.127710921,0.75307174
Chordc1,0.12769592,22.03725723
Ccnh,0.127585324,23.58303607
Pabpc1,0.12756331,20.72929053
Asb18,0.12744211,2.734839477
Zfp622,0.127406482,4.359889021
Atm,0.127399033,17.9548157
Syngr1,0.12736954,31.94609592
Gls,0.127337249,62.02933016
Sf3b2,0.127324634,30.47958779
Avil,0.127275897,1.466508125
1700084C06Rik,0.127216551,18.43043995
Armc1,0.12712548,10.89972255
Klhl21,0.127042396,2.695204122
Tspan13,0.12692451,32.06500198
Trmt10c,0.126889032,4.914783987
Ralyl,0.126842346,62.18787158
Whsc1,0.126391214,46.49227111
Zdhhc8,0.126390329,17.12247325
Nutf2,0.126369825,11.49425287
Ints2,0.126219009,17.79627428
Zswim3,0.126202089,9.03686088
Mtg2,0.126076777,19.89694808
Marf1,0.126055084,43.99524376
BC005537,0.126007282,24.81173207
Mnt,0.12592039,4.835513278
Dnm1l,0.125909201,26.91240587
Zfp771,0.125900771,15.69560048
Col20a1,0.125811836,2.695204122
Gdi1,0.125737412,39.55608403
B4galt3,0.125593696,10.78081649
Rab5b,0.125584077,25.52516845
Zbed4,0.125580049,12.56440745
Epb41l1,0.125547352,57.11454618
Nedd1,0.125477627,8.95759017
Zfp78,0.125421964,3.804994055
Lrrc7,0.125364432,81.13357115
Osbpl1a,0.125349141,27.74474832
Nras,0.125336875,15.10107015
Ercc5,0.125278949,10.38446294
Vps11,0.125242944,12.76258423
Capn10,0.125153827,22.03725723
Gm9934,0.125057019,2.93301625
Ccnt2,0.124954967,67.49900912
Kdelr1,0.124953103,12.960761
6720427I07Rik,0.124932567,6.222750694
Ctdsp1,0.124886622,4.042806183
Prr3,0.12484109,11.25644075
Bcl7c,0.124827884,18.43043995
Tgfbrap1,0.124819643,12.40586603
Adprhl2,0.124715274,12.56440745
Snx1,0.124705812,28.61672612
Ppp5c,0.124696595,15.14070551
Sectm1b,0.124635399,0.118906064
Slc38a7,0.124413388,9.393579073
Gm14320,0.124346373,4.756242568
Morf4l1,0.124205816,40.50733254
Srd5a1,0.124194676,2.298850575
Neurl1a,0.124155058,17.9548157
Celsr3,0.12409748,19.38168847
Mfsd9,0.124037684,1.387237416
Ncapg2,0.124022477,5.548949663
Rrn3,0.123991506,24.01902497
Iws1,0.123931915,20.76892588
Malrd1,0.123866818,9.750297265
Pced1a,0.123839805,9.433214427
Uchl3,0.123733269,26.63495838
Fbxo47,0.123730843,6.183115339
Myo16,0.123626541,28.85453825
Exosc10,0.123496949,21.20491478
Gm27247,0.123476883,10.4240983
Gtf3c1,0.123391509,21.3634562
Vps4b,0.123352262,11.89060642
Grin2b,0.123332272,74.27665478
Slc35f6,0.123269241,4.676971859
Lrfn2,0.123162676,30.91557669
Bbof1,0.123097046,23.06777646
Slc37a3,0.12295959,9.829567975
Ermp1,0.122921602,8.600871978
Golph3l,0.122912673,14.14982164
Lockd,0.122904887,1.426872771
Sumf1,0.122787676,23.06777646
Nup205,0.122781416,16.36940151
Gm26665,0.12277399,1.466508125
Cnih4,0.122734653,10.18628617
Atp8b3,0.122583083,1.387237416
Nap1l4,0.122521389,25.60443916
Gabrb1,0.122518221,90.64605628
Rictor,0.122472679,29.05271502
Ssx2ip,0.12240085,6.619104241
Engase,0.122393773,2.457391994
Itpkb,0.122385598,7.292905272
Brwd3,0.1223762,19.34205311
Pik3c2g,0.122366948,1.030519223
Gm10501,0.122307549,7.491082045
Ndfip1,0.122274129,46.80935394
Nle1,0.12219233,8.085612366
Rfc5,0.122136379,2.140309156
Plscr3,0.122092864,6.69837495
Zfp563,0.122090726,8.640507333
Dusp14,0.122061667,1.743955608
Taf11,0.121974973,9.908838684
Ephx4,0.121967518,4.399524376
Pald1,0.12196255,4.716607214
Uggt2,0.121926394,40.1902497
Itpa,0.121902332,11.37534681
Ranbp9,0.121859412,27.50693619
Mapk1ip1l,0.121710668,18.43043995
Hdgf,0.121710479,13.79310345
Zfp592,0.121648845,18.8267935
9130409J20Rik,0.121603287,0.039635355
Tln1,0.121566358,11.17717004
Adgrl3,0.121512943,94.29250892
St7l,0.121496646,25.52516845
Trim23,0.121489821,17.32065002
Ncmap,0.121376264,5.27150218
Ash1l,0.121339293,57.7090765
Gtpbp6,0.121212179,10.0673801
Tmed9,0.121073693,32.61989695
Bzw1,0.120983154,9.591755846
Dbt,0.120974852,8.719778042
Taf1c,0.120923722,14.98216409
Plcd3,0.120910826,4.795877923
Zfp106,0.120859636,22.5921522
Fcgr3,0.12076004,1.823226318
Rnps1,0.120583036,32.10463734
Cdkl2,0.120530235,19.06460563
Gpr22,0.120519823,9.988109394
Etaa1,0.120458879,4.994054697
Mtmr7,0.120458067,27.38803012
Yae1d1,0.120418283,6.222750694
Foxj3,0.120394358,35.5529132
Dhtkd1,0.120337091,16.44867222
Phkg1,0.120278976,8.561236623
Mylk4,0.120162693,1.704320254
Ctnnd2,0.120130686,93.97542608
Fbxw17,0.120072907,10.66191042
Prkcsh,0.119939671,14.78398732
Zbtb25,0.119863507,14.38763377
Uhmk1,0.119849387,11.81133571
Noxred1,0.119811962,3.131193024
Mllt6,0.119672786,20.84819659
Reep2,0.119652631,26.43678161
Prx,0.119642027,1.823226318
Med25,0.119636151,18.70788744
Senp3,0.119577784,10.30519223
Strn4,0.119570837,17.9548157
Limd1,0.119565112,7.491082045
Sgpp1,0.119528918,11.41498216
Dnah9,0.119514893,20.13476021
Mmel1,0.119480273,2.179944511
Rmi2,0.119415734,1.664684899
Zcchc2,0.119359954,7.411811336
Scaf11,0.119306971,19.06460563
Aldh2,0.119306686,11.49425287
Gnpda2,0.11925898,6.69837495
Vamp2,0.119218167,21.08600872
Gdpd1,0.119214615,31.03448276
Ankrd12,0.119195405,62.14823623
Gm32569,0.11908964,2.774474832
Eif2s3y,0.11905163,37.81212842
Kmt2e,0.119015784,63.29766151
Snrnp200,0.119012693,10.54300436
Trpm6,0.118983256,2.853745541
Myo7b,0.118941215,5.033690052
Zfp335,0.11886961,5.112960761
Mtpap,0.118814958,10.70154578
Nr1d2,0.118731125,16.88466112
4930516K23Rik,0.118693668,6.460562822
Tbrg4,0.118690964,5.112960761
Zbed3,0.118630365,2.298850575
Thoc5,0.118558703,12.32659532
Micu2,0.11849421,31.70828379
Ahcyl1,0.118455782,26.39714625
St3gal2,0.118448672,12.5247721
Edc3,0.118373892,14.30836306
Cecr5,0.118369647,12.44550139
Snd1,0.118350847,37.09869203
Mturn,0.118239899,7.292905272
Ddx21,0.118110118,6.936187079
Tmx4,0.118070913,48.79112168
Spock3,0.118025886,87.15814507
Alkbh1,0.117992828,24.77209671
Deptor,0.11787767,19.02497027
Erdr1,0.117840532,17.75663892
Cercam,0.117730908,7.372175981
Ybx2,0.117685967,1.862861673
Yap1,0.117595466,3.01228696
Ercc2,0.1175555,8.521601268
Arhgdia,0.11743396,14.26872771
Hdhd2,0.117370878,12.20768926
Smarcc2,0.117341324,37.05905668
Tox4,0.117307044,20.68965517
Llgl1,0.117197954,8.20451843
Slc39a13,0.117182296,13.71383274
Otop1,0.117132052,0.158541419
Cops5,0.117115377,14.22909235
Trmt10b,0.117090596,9.631391201
Dlec1,0.116962356,3.091557669
Calm2,0.116944413,76.21878716
6330416G13Rik,0.11682179,2.378121284
Ccdc155,0.116642923,0.951248514
Sod2,0.116591921,13.35711455
Akt1,0.116590348,11.61315894
Slf1,0.116563121,39.91280222
Trappc13,0.116522992,16.7261197
Nup133,0.116472863,7.5307174
Kifc2,0.116469976,31.58937772
Kat2a,0.116461073,9.353943718
Zdhhc9,0.116459877,11.65279429
Rlf,0.11644155,43.99524376
Zfp113,0.116369782,6.222750694
Cfap44,0.116316574,8.006341657
Eif2ak2,0.116235913,2.734839477
Sbds,0.116174253,20.96710266
Mlph,0.116154185,0.317082838
Med23,0.116146482,10.0673801
E430024P14Rik,0.116103904,12.32659532
Srp68,0.115958622,14.50653983
Xlr3b,0.115953402,7.292905272
Gm10069,0.115917713,17.24137931
Klhl28,0.115900853,5.231866825
Asb3,0.115834823,44.78795085
Spr,0.115795947,5.984938565
Rnf166,0.115788025,12.5247721
Actl6b,0.115768531,23.97938962
4930512B01Rik,0.115742583,2.734839477
Rnh1,0.115657932,11.33571145
Cacfd1,0.115470919,10.18628617
Polr2b,0.115469599,10.78081649
Gm17202,0.115463717,5.033690052
Zfp263,0.115432526,16.25049544
Otud5,0.115210671,16.48830757
Dhx36,0.115158314,22.27506936
B230110G15Rik,0.115125241,0.039635355
Cyp4x1,0.115105231,13.75346809
Hcn3,0.115030576,10.34482759
Mxra7,0.114966675,6.658739596
Gm27207,0.114964676,0.039635355
Efr3a,0.114909261,30.32104637
Txndc16,0.114899699,22.35434007
5330439K02Rik,0.114835076,16.56757828
4921504E06Rik,0.114792981,2.219579865
B230334C09Rik,0.114789039,19.42132382
Csrp1,0.114776677,7.808164883
Frrs1,0.114771393,1.942132382
Itga2b,0.114666362,4.240982957
Cubn,0.114532432,4.359889021
St6galnac4,0.114515073,4.51843044
Pfdn1,0.114302282,29.48870392
Mto1,0.114215236,18.11335711
Shf,0.114026146,4.558065795
March5,0.113900141,8.125247721
Ucma,0.113874259,4.003170828
Gm26777,0.113794199,9.671026556
Usp40,0.113710682,35.51327784
Polr3k,0.11370121,5.826397146
Azi2,0.113662504,17.51882679
Odc1,0.113644739,25.76298058
Gosr2,0.11362763,17.87554499
BC028471,0.113625475,0.515259612
Daam2,0.113540456,3.884264764
Rnf141,0.113503792,10.34482759
Rnf170,0.113502536,17.75663892
Adgrg6,0.113405523,14.78398732
Slc25a17,0.113364389,9.314308363
Tctn3,0.113293603,7.768529528
Sbspon,0.113208507,1.268331352
E2f4,0.113153289,6.738010305
Rbm42,0.113144705,7.966706302
Arf3,0.113116785,25.60443916
Sugt1,0.113104582,16.80539041
Sirt5,0.113087946,16.36940151
Ankrd36,0.113044109,5.747126437
Mrpl37,0.113023416,5.548949663
Zfp7,0.112911499,5.628220373
Gm26770,0.112883198,10.34482759
Uqcrc2,0.112776156,20.17439556
Mrps6,0.11267235,9.512485137
Tsc2,0.112610716,11.41498216
Rab18,0.112421849,13.55529132
Enpp6,0.112399644,1.625049544
Zfp40,0.11228726,21.24455014
Kat5,0.112251818,7.847800238
Stt3b,0.112216883,21.68053904
Mrps21,0.112188109,17.43955608
Kcnh2,0.112133296,9.076496235
Ptp4a2,0.111980186,20.96710266
Ak3,0.111933957,8.006341657
Ipo7,0.111931035,18.03408641
Nabp2,0.111927323,14.6254459
Phax,0.111834306,13.87237416
Sebox,0.111753372,0.039635355
G0s2,0.111662542,4.280618312
Rpf2,0.111425532,6.460562822
Eny2,0.111391508,13.51565597
Adamts17,0.111386636,19.85731272
Nudcd3,0.111382049,51.24851367
Med4,0.111312263,10.89972255
Zfp142,0.111282513,6.500198177
Gipc1,0.111136353,12.04914784
Brpf3,0.11112915,8.125247721
Ptdss1,0.111079405,22.07689259
Ttll3,0.111067829,6.02457392
Hnrnpl,0.111015194,33.13515656
Syt12,0.110975819,15.33888228
Ctnna2,0.110926112,98.41458581
Mgst3,0.110777013,11.61315894
Mis18bp1,0.110715376,1.189060642
Itgb6,0.110606573,2.100673801
Haus1,0.110596541,4.399524376
Lamtor3,0.110557863,8.640507333
Zkscan5,0.110512581,6.183115339
Kazn,0.110512363,19.14387634
Tada1,0.110489404,7.649623464
Trafd1,0.110440445,16.60721363
Poglut1,0.110388024,18.35116924
Col6a3,0.110327281,0.990883868
Slc4a9,0.11028278,1.426872771
Igdcc3,0.110219342,6.143479984
Slc25a44,0.110206104,6.817281015
Zc3h15,0.110198783,34.99801823
Dnajc27,0.110156013,17.28101467
Helz,0.110133879,39.83353151
Lig3,0.110075697,9.829567975
Slc22a21,0.110018746,4.558065795
Platr31,0.109999028,2.734839477
Hp1bp3,0.109694821,21.40309156
Ncoa5,0.109693219,29.52833928
Faim,0.109575951,11.37534681
Sh3gl2,0.109568474,49.46492271
Ppan,0.109546454,7.213634562
Ccdc90b,0.109535387,16.05231867
Mtfr1,0.109496421,4.082441538
Nek9,0.109491962,28.49782006
Arl3,0.10935816,44.66904479
Bok,0.109342051,6.579468886
Cul2,0.109286868,26.39714625
Taf1a,0.109131142,10.26555688
Pkd1l2,0.108948909,3.051922315
Zbtb10,0.10890979,4.954419342
Yipf2,0.108838344,7.5307174
Oaz2,0.108821085,29.29052715
Col4a3,0.108807367,1.585414189
Vapa,0.108677248,24.49464923
Gm16062,0.108663249,3.804994055
Mreg,0.10862218,4.359889021
Dbndd2,0.10848646,8.719778042
Cep170b,0.108433914,12.80221958
Arhgap5,0.108360084,49.54419342
4930445B16Rik,0.108171368,9.829567975
Abtb1,0.108075173,8.125247721
2010013B24Rik,0.108073789,2.814110186
Rhoa,0.108021371,20.13476021
Atl2,0.107998885,13.00039635
Mrps18b,0.107959228,4.994054697
Sec16a,0.107958509,19.85731272
Mrps18c,0.107944357,11.57352358
Zfp53,0.107852283,16.76575505
Arl13b,0.107725459,16.40903686
Gm26889,0.107688002,0.515259612
Ndufb3,0.107664234,21.20491478
Pde10a,0.107649273,76.9718589
Psmc3,0.107540208,11.33571145
Wdr48,0.107493385,12.08878319
Gpr137b-ps,0.107404673,9.116131589
Otoa,0.107357281,1.625049544
Mospd1,0.107333887,6.738010305
Tbc1d25,0.107290679,6.460562822
Tmem39b,0.107146123,15.89377725
Gtf2f2,0.107101815,20.0554895
Chmp1a,0.107034612,7.847800238
Gcn1l1,0.107023043,23.8208482
Rundc3a,0.106900152,28.29964328
Nupl1,0.106718577,9.71066191
Inca1,0.106556343,4.637336504
Dnaja2,0.106503736,13.23820848
Rpap3,0.10649842,9.353943718
Efcab11,0.106492317,2.219579865
Btbd1,0.10632984,27.46730083
Jade3,0.106238645,17.51882679
Col6a6,0.106212476,1.387237416
Pcgf1,0.106179018,4.875148633
Slc25a53,0.106145717,8.719778042
Mapk6,0.106113644,11.33571145
Ddx18,0.105988802,17.28101467
Klhdc3,0.105981977,10.82045184
Slc5a10,0.105817245,0.792707095
5031425E22Rik,0.10577236,34.20531114
Rilpl1,0.105648174,12.20768926
Gm44206,0.105571128,4.43915973
Chst12,0.105564587,7.253269917
Gm26624,0.105554025,16.96393183
Peli1,0.105506259,21.3634562
Men1,0.105442671,6.302021403
Uba2,0.105310851,24.05866033
Sike1,0.105304339,11.41498216
Ggt5,0.105245752,0.990883868
Josd1,0.105223332,7.887435593
Ift52,0.105101387,25.1288149
Odf2,0.104751392,47.83987317
Fam131a,0.104734814,9.948474039
Pik3r4,0.104715473,8.481965914
Arv1,0.104678934,9.988109394
Efcab5,0.104552801,6.341656758
Papd4,0.104504849,20.29330163
1810024B03Rik,0.104447329,3.884264764
Eif3a,0.104418686,19.2627824
Abca8b,0.104397932,23.86048355
Glod5,0.104355475,3.725723345
Dach2,0.104278621,11.57352358
Lyrm9,0.104154438,9.116131589
D230017M19Rik,0.104134283,11.93024178
Atxn3,0.103997712,16.96393183
Pigu,0.103994317,24.49464923
Zbtb5,0.103958967,4.240982957
Ipmk,0.103934317,17.00356718
Plpp4,0.103922306,28.0221958
Fam114a2,0.103867619,16.68648434
Crebzf,0.10383262,17.08283789
Rnf126,0.103758752,16.44867222
Uba5,0.10369004,12.28695997
Gm12002,0.103656077,8.125247721
Sap130,0.103624352,30.04359889
Ect2l,0.103621452,2.219579865
Hopx,0.103464944,2.457391994
Gm28960,0.103441677,16.60721363
Vamp7,0.103435575,8.521601268
Ice1,0.103406301,19.30241776
Unkl,0.103374979,13.79310345
Sirt2,0.103367591,25.08917955
Gm26805,0.103355102,2.734839477
Ric1,0.103343692,24.13793103
Gm16226,0.103210542,2.338485929
Fbxl2,0.103058004,40.94332144
Klhl22,0.103023568,27.86365438
Tmem205,0.102952686,13.51565597
Rnf6,0.10290715,10.62227507
Fbxo45,0.102687182,8.759413397
4930408O17Rik,0.102578658,1.189060642
Atp2a2,0.10256524,44.27269124
Mfhas1,0.102539042,23.22631788
Mphosph10,0.102531239,7.372175981
Prrg2,0.102494383,2.298850575
Lipa,0.102378253,6.619104241
Ddx42,0.102265806,29.17162109
Srrm1,0.102226469,52.87356322
Dagla,0.102154167,12.12841855
Morc3,0.102016056,17.9548157
Mical3,0.101848611,59.33412604
Itfg1,0.101845465,54.93460166
Trpc6,0.101836684,9.78993262
Xpnpep3,0.101806215,17.9548157
Gm14325,0.101659702,4.637336504
Gm15810,0.101555586,14.22909235
Fpgs,0.101471907,7.372175981
Zfp90,0.101467409,6.02457392
Btbd8,0.101435179,18.27189853
Zfyve16,0.101395084,16.13158938
Ythdf1,0.101371498,10.34482759
Mier3,0.101204172,10.4240983
Akap1,0.101132662,8.125247721
Gm15723,0.10111914,7.570352755
Hipk2,0.101093614,54.77606025
Itfg2,0.101062918,22.71105826
RP24-445D7.2,0.101009864,5.548949663
Far2,0.100998138,20.61038446
Cd302,0.100977161,5.19223147
Rb1,0.100898455,36.58343242
Fam162a,0.100856344,13.00039635
Zfp160,0.100828893,18.3908046
Lama3,0.100742851,4.994054697
Pcnp,0.100726286,28.10146651
Ttyh2,0.100688199,5.152596116
Fam76a,0.100436537,22.43361078
Gnpda1,0.100431816,3.804994055
Ddx19a,0.10039059,5.112960761
Alkbh4,0.100183169,2.219579865
Zkscan14,0.100132289,3.289734443
H2-DMa,0.09999817,2.655568767
Sfpq,0.099949154,39.63535474
Yod1,0.099908423,6.69837495
Nfya,0.099877887,2.298850575
Kin,0.099816883,8.244153785
Slc12a9,0.099783205,11.61315894
Agbl3,0.099688174,8.006341657
Gm10550,0.09954528,6.222750694
Fbl,0.099526227,18.50971066
Noc3l,0.099480375,6.460562822
Ric3,0.099425505,25.60443916
Gpr89,0.099388931,14.189457
Zbtb21,0.099382831,14.14982164
Sh3glb2,0.099345915,23.58303607
Gtf2ird1,0.099260602,32.34244946
Dnah6,0.099107421,3.448275862
Ppp4r2,0.099080977,16.17122473
Zfp467,0.099076604,5.866032501
Fnip1,0.099037523,44.43123266
Paxip1,0.099009781,8.28378914
Ces5a,0.098772985,1.942132382
Carm1,0.098720225,16.56757828
Otub1,0.098649659,12.84185493
Gm43738,0.098482738,5.905667856
2310039L15Rik,0.098376921,1.783590963
Ruvbl2,0.098355569,4.637336504
A930012L18Rik,0.098351481,2.417756639
Rpl36,0.098270605,17.24137931
Txnrd2,0.098193559,8.244153785
Acot9,0.098140729,7.45144669
Rorb,0.098116673,7.45144669
Dph6,0.098082588,26.47641696
1110032A03Rik,0.098051675,18.07372176
Nob1,0.097902494,18.58898137
Paqr3,0.097878374,18.15299247
Phykpl,0.097827209,10.4240983
Thap8,0.097739085,1.664684899
Grhpr,0.097645541,6.064209275
Zfp444,0.097621207,22.31470472
Hcfc1,0.097583153,6.302021403
Xpa,0.097551268,15.53705906
Arl5c,0.097511957,0.911613159
Cdc5l,0.097391521,15.57669441
Rragb,0.097366145,21.08600872
Bclaf1,0.097364482,50.614348
Gm26903,0.097326392,4.082441538
Pou6f1,0.097274825,24.2568371
Exoc7,0.097234257,14.11018629
Arpc3,0.097228219,12.80221958
Rabif,0.097215515,10.30519223
Hmgcll1,0.097193917,48.31549742
Gm27246,0.097104915,1.030519223
2610035D17Rik,0.096968067,28.61672612
Adm,0.096875954,0.75307174
Stx17,0.096860705,13.00039635
Pfkfb2,0.096858314,5.390408244
Hmgxb4,0.096736053,13.75346809
Usp34,0.096733639,73.48394768
Gm20521,0.096680048,18.8267935
Scamp5,0.096526055,22.03725723
Rgs2,0.096476271,5.033690052
Tmem94,0.096438223,10.18628617
Tut1,0.096375706,6.77764566
Alg6,0.096278476,14.42726912
Clta,0.09627112,24.13793103
Slc48a1,0.096249388,13.27784384
Cc2d2a,0.096117344,13.51565597
Sclt1,0.096092886,55.64803805
5730455P16Rik,0.096087911,16.48830757
Clk1,0.096049205,39.04082442
Rdh11,0.095993539,4.835513278
Susd5,0.095892839,2.100673801
Gm26861,0.095694389,4.51843044
Sp2,0.095626339,5.866032501
4930593A02Rik,0.095541624,6.856916369
3300002A11Rik,0.095433987,17.1621086
Itpkc,0.095349547,3.131193024
Man2c1,0.095315683,19.14387634
Apopt1,0.095119899,19.22314705
Frmd4b,0.095110941,55.29131986
Ndfip2,0.095000844,27.34839477
Actr8,0.094910841,10.70154578
C030039L03Rik,0.094896312,6.69837495
Zfp874b,0.094884109,2.814110186
Sumo1,0.094873518,34.99801823
Snx4,0.094866629,18.94569956
Zdhhc1,0.094849146,24.77209671
Synpo,0.094840745,2.655568767
Cutc,0.094826721,4.161712247
Tab3,0.094815589,9.552120491
Zfp26,0.094787633,8.045977011
Tmem214,0.094736568,20.61038446
Orc5,0.094676788,22.98850575
Urb1,0.09464691,5.628220373
Senp7,0.094559874,47.64169639
Atp8b1,0.094368108,4.954419342
C130026L21Rik,0.094366094,6.143479984
Ddx39,0.094318893,6.896551724
E230025N22Rik,0.094287358,1.307966706
Speer4cos,0.094230182,0.713436385
Scarb2,0.094173771,21.52199762
Sytl3,0.094160121,1.268331352
Ccdc59,0.094125688,12.36623068
Bag2,0.094099523,5.509314308
Zfp128,0.09404292,3.527546572
Svep1,0.094001221,1.585414189
Slc25a1,0.093969493,7.927070947
Eif5b,0.093967674,30.71739992
Rabl3,0.093950593,6.539833532
Endov,0.093933865,7.808164883
Bap1,0.09381682,5.469678954
Bbs2,0.093791255,11.13753468
Foxk1,0.09377352,11.33571145
Pomgnt1,0.093750094,13.99128022
Prpsap2,0.093723899,13.00039635
Nrip2,0.093723049,9.750297265
Nfkbid,0.093619619,2.814110186
Osgepl1,0.093597514,6.856916369
Ctso,0.093451004,4.994054697
Zkscan8,0.09338742,3.844629409
Gm17296,0.093358742,6.420927467
Usp4,0.093307331,27.38803012
Cables2,0.093276824,5.073325406
Idh1,0.093219058,10.26555688
Baz1a,0.093161163,3.131193024
Adam18,0.093147038,1.149425287
Hk1os,0.093136257,2.576298058
2610037D02Rik,0.093069818,39.3182719
Psmd2,0.093047204,11.96987713
Gm10767,0.093040472,3.7653587
BC037034,0.092992235,10.18628617
4933411O13Rik,0.092958176,1.823226318
Znhit1,0.092802524,24.57391994
Tssc4,0.092790664,13.19857313
C2cd4c,0.092703775,1.942132382
A830005F24Rik,0.092534613,0.832342449
Actn1,0.092304694,18.74752279
Slc19a1,0.092194973,3.7653587
Adipor1,0.092181454,13.11930242
Ldb1,0.091966862,4.954419342
Afm,0.091966012,3.051922315
Zfp335os,0.091904694,15.02179945
Srpk1,0.091867151,33.61078082
Ssu72,0.091774633,15.77487119
Csad,0.091760858,9.076496235
Pxdn,0.091639066,11.13753468
Pts,0.091609726,6.262386048
Apc2,0.091365139,16.17122473
Gna15,0.091304569,1.228695997
Ndufab1,0.091233754,10.26555688
Eif3j1,0.091118033,17.79627428
Crtac1,0.091088756,20.80856124
F5,0.091075608,1.50614348
Samd4b,0.091035581,18.74752279
Socs4,0.09086366,6.975822434
Ubtd1,0.090862749,8.95759017
Sh3yl1,0.090720863,7.411811336
Acp1,0.090666846,57.51089972
B230303O12Rik,0.090566806,2.615933413
Prcc,0.090552279,13.07966706
Cul5,0.090523038,32.34244946
Mypn,0.090490485,2.576298058
Shroom1,0.090414165,2.021403092
Gm26724,0.090003511,25.20808561
Eef1a2,0.089894452,9.671026556
Gm16485,0.08985896,1.347602061
Zfp207,0.089830497,46.76971859
Eif3i,0.08982263,10.93935791
Edc4,0.089740303,9.353943718
Asf1a,0.089676402,3.884264764
Eif3g,0.089418417,8.28378914
Rhobtb2,0.089396941,17.24137931
Copz1,0.089323389,21.7201744
Fahd2a,0.089218953,6.420927467
Trap1,0.08921301,12.20768926
Abhd17a,0.089195619,7.372175981
Mettl4,0.089099581,4.280618312
Dhfr,0.089040399,4.082441538
Cdc16,0.088941535,15.77487119
Ubxn2a,0.08876534,14.66508125
Zcchc14,0.088630752,27.38803012
Bud31,0.08862993,7.332540626
Shd,0.088609084,17.36028537
Nxf1,0.088597419,30.63812921
Polr1e,0.088480716,2.695204122
Cc2d1a,0.088449461,12.5247721
Stau1,0.088442953,19.10424098
Ubfd1,0.088426441,7.570352755
Pcgf5,0.088405374,18.94569956
Igsf3,0.088378237,20.29330163
Serpina3g,0.088249778,0.118906064
Prpf38b,0.088170595,14.189457
Metap2,0.088163364,26.75386445
Arl14ep,0.088131946,9.78993262
2310016D03Rik,0.088048234,0.317082838
Daglb,0.088033331,12.56440745
Lyrm4,0.088027267,45.65992866
Wdr43,0.087977704,18.43043995
RP24-269A16.9,0.087977387,5.509314308
Sft2d1,0.087954338,13.95164487
Zfp958,0.087912575,5.112960761
Plekhj1,0.087904622,15.25961157
Sf3b1,0.087783274,43.0836306
Mrpl38,0.087748963,21.28418549
Dcp1b,0.087583398,18.98533492
Cenpu,0.087564872,2.100673801
Midn,0.087487986,4.359889021
Msantd3,0.087437672,3.923900119
Tmem170,0.087386791,2.457391994
Aspg,0.087335911,0.356718193
Drp2,0.087291102,9.393579073
Tmem106b,0.0872817,10.97899326
Gm13251,0.086945888,0.594530321
Cnot7,0.086895853,12.960761
Slc25a46,0.086565886,12.960761
Crnde,0.086521828,4.320253666
4932438A13Rik,0.086475704,56.08402695
Gnl3,0.086424882,16.05231867
Cand1,0.086423875,14.30836306
Unc13a,0.08624432,38.16884661
Cfap57,0.086216546,2.655568767
Zfp800,0.086175071,13.8327388
Eif2b5,0.086161264,7.649623464
Ercc6l2,0.085819351,21.16527943
Arglu1,0.085787721,62.06896552
Cfl2,0.085773972,15.37851764
Tmem11,0.085730732,9.591755846
Hsd17b12,0.085656774,29.05271502
Pkm,0.085631462,47.32461356
Ddx58,0.085605984,4.042806183
Serinc3,0.08545646,21.44272691
Aaas,0.085455293,5.786761792
Psip1,0.085402658,43.36107808
Usp39,0.08535718,7.213634562
Mgam,0.085353335,1.942132382
Sat2,0.085311018,10.14665081
Arrb2,0.085301524,21.64090369
Phf8,0.08529772,26.7934998
Ermard,0.08508332,41.65675783
Gid4,0.085056966,23.06777646
Hhla1,0.0847919,1.942132382
Mrps36,0.084627028,12.68331352
Pank2,0.084622313,20.21403092
2810029C07Rik,0.0845647,4.835513278
Chek1,0.084435738,2.061038446
Far2os2,0.084359418,3.369005153
Proser3,0.084333978,3.963535474
Ubr1,0.084332632,39.59571938
Rragc,0.084315174,10.8600872
Eed,0.084313413,9.750297265
Slain1,0.084304075,16.7261197
Lrp4,0.084079577,2.298850575
Micall2,0.084028696,1.981767737
Slc44a3,0.084003256,0.951248514
Clcc1,0.083933163,9.71066191
B3gat3,0.083827851,14.50653983
Iqce,0.083776846,23.90011891
Rpl9,0.083774295,4.161712247
Morn4,0.083754894,9.472849782
Ift74,0.083722098,20.65001982
Plcg1,0.083619331,19.6987713
D5Ertd615e,0.083567913,5.27150218
Gopc,0.083522193,19.81767737
Letm1,0.083451751,11.65279429
Dvl3,0.083409486,6.262386048
Aifm2,0.083393103,5.469678954
Dynlt3,0.083389896,12.36623068
E2f6,0.083290933,4.795877923
Fbxo46,0.083181878,5.707491082
Rwdd1,0.08314147,14.50653983
Mars2,0.083087412,2.457391994
Cog7,0.083036251,14.38763377
Nudcd2,0.083023137,11.13753468
Fastkd2,0.082990904,6.817281015
Atp6v1e1,0.082938454,22.75069362
Shq1,0.082822478,10.02774475
Derl2,0.082714963,11.17717004
Ocln,0.082645685,1.902497027
Taf15,0.082634087,37.41577487
Gm29666,0.08262949,3.7653587
Srebf1,0.08257861,6.381292113
Bub3,0.082529996,13.87237416
Rab13,0.08251946,7.45144669
Ndst1,0.082394586,4.954419342
1700007B14Rik,0.082209022,6.183115339
Letmd1,0.082161853,12.40586603
Gm3667,0.0821578,1.981767737
Zfp945,0.08194113,7.768529528
Tdrd3,0.081874592,20.68965517
Myo1a,0.081815407,1.109789933
Lztfl1,0.081792674,23.22631788
Bsn,0.08174384,33.0955212
Gm15473,0.081713646,0.317082838
Rmdn3,0.081710283,10.70154578
Ikzf2,0.081702297,19.2627824
Prkra,0.081585566,9.552120491
Abcd1,0.081581666,6.183115339
Coq4,0.081523082,6.619104241
Mrrf,0.081459245,8.640507333
Bod1l,0.081447078,20.61038446
Ky,0.081433805,3.448275862
Vps16,0.08134104,16.56757828
Mks1,0.081306604,4.875148633
Usp42,0.081290441,6.103844629
Trit1,0.081268367,12.48513674
Egln2,0.081125915,9.631391201
Cuedc1,0.081009347,31.31193024
Rfc1,0.080600195,13.11930242
Cnppd1,0.08047161,10.70154578
D17Wsu92e,0.080459568,21.60126833
Rnpc3,0.080445732,25.76298058
Cope,0.080408876,20.9274673
Tmed5,0.080218814,14.74435196
Smc3,0.080218565,31.94609592
Flrt2,0.080214412,25.36662703
Tcp11l2,0.080168938,7.372175981
Fem1c,0.080148344,17.28101467
Ldhb,0.080137967,31.31193024
Blmh,0.080066426,21.79944511
Sh2d2a,0.07986539,0.039635355
Eps8,0.079860197,7.45144669
Polr3f,0.079826142,9.78993262
Msto1,0.079803374,7.5307174
Irf3,0.079759383,18.27189853
Esd,0.079746551,11.41498216
AI846148,0.079695863,25.64407451
Rbm7,0.079656363,11.53388823
Ipo5,0.079605639,9.908838684
Tmem164,0.079568285,29.72651605
Pcolce2,0.079421395,10.02774475
Gm9774,0.079419321,10.26555688
Chid1,0.079306617,15.97304796
Serpinb6a,0.079260331,33.72968688
3110062M04Rik,0.079215704,5.231866825
1700037H04Rik,0.079169635,5.152596116
Otub2,0.079118754,4.320253666
Pex3,0.079045864,15.73523583
Nusap1,0.078961367,6.460562822
Plxna4,0.078936061,72.45342846
4930467D21Rik,0.078925674,2.140309156
Syngap1,0.078856588,6.539833532
Psmb1,0.078842941,19.93658343
Aoc2,0.078737153,2.219579865
Mettl16,0.078674169,24.01902497
Ccdc81,0.078635392,2.338485929
Ddx6,0.078623133,30.75703528
Dhx34,0.078609952,2.853745541
Suco,0.078594924,21.44272691
Dgat1,0.07848631,29.72651605
Brd8,0.078484769,30.51922315
Rrp12,0.078431871,4.478795085
Mycbpap,0.078407784,8.402695204
Wdr72,0.078380991,2.298850575
Slc20a2,0.078369924,14.86325803
Slc22a27,0.078243446,9.314308363
Dnajc19,0.078207789,28.53745541
2310061I04Rik,0.078166844,16.80539041
Mtdh,0.07816647,42.09274673
Gm14002,0.07815203,0.515259612
Tasp1,0.078067571,40.07134364
Klk1b27,0.078031251,0.118906064
Cactin,0.077923069,4.003170828
Btrc,0.077801882,47.87950852
Tdp2,0.077770428,7.094728498
Anapc2,0.077752411,12.24732461
Mrpl19,0.077744988,6.381292113
Armc10,0.077684674,5.112960761
Ogt,0.077583489,76.9718589
Ptprn,0.077560846,60.84026952
Fblim1,0.077439707,1.823226318
Map4k1,0.077414267,3.408640507
Gm16036,0.077363387,2.021403092
Vps29,0.077324018,19.57986524
Gm16867,0.077312506,4.954419342
Agrp,0.077295308,16.40903686
Rheb,0.077184021,29.84542212
Ddx54,0.076998168,3.923900119
Klhl4,0.076995119,5.509314308
Ell,0.076924271,14.38763377
Slc35b1,0.076507073,21.83908046
Ddo,0.076447542,2.576298058
Far1,0.076373271,33.96749901
Fam160b2,0.0763566,8.006341657
Dirc2,0.076145093,14.58581054
Gm26734,0.076091381,2.061038446
L3mbtl3,0.076036102,21.16527943
Gm12665,0.076015061,1.862861673
Pnpla2,0.07596418,2.576298058
Asb1,0.0759133,5.469678954
Gm11639,0.075851634,2.615933413
Gm26733,0.075776957,64.84344035
C2cd3,0.075757801,25.5648038
Me2,0.075691228,15.37851764
Aph1a,0.075648586,10.26555688
Mob4,0.075620979,27.78438367
Sgol2b,0.075608019,0.832342449
Aasdh,0.075557138,7.808164883
A330093E20Rik,0.075480818,2.774474832
Vkorc1l1,0.075435161,22.79032897
Tcf7l1,0.075412605,1.704320254
Ppp3ca,0.075395828,82.63971463
Zpbp,0.075379058,4.756242568
Hsd17b7,0.075363272,5.311137535
Ncoa4,0.075302737,4.558065795
Gm15860,0.075298115,5.152596116
Grm1,0.075179191,33.37296869
Cachd1,0.075101579,26.55568767
Nmb,0.075099216,3.725723345
Bphl,0.075070602,12.28695997
Qars,0.075054532,5.984938565
2210414B05Rik,0.075048336,4.756242568
Rasgef1a,0.075030258,29.3301625
Hdgfrp2,0.074967521,15.29924693
Pkhd1,0.074959878,6.500198177
Naaa,0.074829595,6.817281015
Fgd1,0.074818087,10.97899326
Col7a1,0.074793935,3.487911217
Dhx9,0.074758527,13.07966706
Nprl2,0.074701106,10.58263971
Npat,0.074694253,17.24137931
Cd2bp2,0.074692175,5.469678954
Tra2b,0.074590421,46.37336504
Luc7l,0.074544633,32.18390805
Prdm4,0.074514094,3.210463734
Pggt1b,0.07447422,9.671026556
Adgrg2,0.074463214,3.646452636
Zfp646,0.074437773,3.448275862
Thnsl2,0.074285133,2.338485929
Ccdc84,0.074131645,13.04003171
Tsn,0.073994445,19.57986524
Ccnyl1,0.0739446,8.600871978
Gca,0.073827211,5.628220373
Bcr,0.073825705,26.08006342
Cpeb2,0.073812812,28.10146651
Lsamp,0.073730837,100
Cdk17,0.073617626,34.04676972
Sept3,0.073575895,22.75069362
Bbs7,0.07351404,24.81173207
Gpbp1,0.073508442,25.68370987
Timm22,0.073431239,10.78081649
Tpm2,0.073368339,0.277447483
Gnai3,0.07335709,16.25049544
Spg11,0.073141399,16.96393183
Pafah1b2,0.073134701,21.56163298
Ap5m1,0.073104134,8.997225525
Tenm1,0.073102538,88.54538248
Slc30a6,0.073062153,15.29924693
Ebna1bp2,0.072986996,9.433214427
Gm43821,0.072936807,3.7653587
Kpna6,0.072923224,13.07966706
Erf,0.072733286,1.704320254
Dnajc14,0.072606085,6.460562822
Ndrg1,0.072529765,5.905667856
Nudt16,0.072504325,3.369005153
Dnajc4,0.072486212,7.213634562
L3hypdh,0.072453445,5.548949663
Rhebl1,0.072427816,5.152596116
Tmem65,0.07233983,14.6254459
Atg12,0.072334201,9.353943718
Rimklb,0.072331215,16.05231867
Dok6,0.072317165,77.4078478
Sugp2,0.072189268,30.75703528
Dmpk,0.072020963,4.240982957
Eif5a2,0.071995523,2.378121284
Gm26944,0.071959926,8.640507333
Cbx1,0.071943702,25.36662703
2700029M09Rik,0.071936657,15.57669441
PISD,0.071845941,81.21284185
Cflar,0.071818605,6.183115339
Slc26a8,0.071688166,8.759413397
Map3k10,0.071675306,13.43638526
Rcl1,0.071613198,10.97899326
Phc2,0.071547795,47.48315497
Khdrbs1,0.071440121,29.96432818
Svip,0.071206879,9.274673008
Gm38250,0.07120232,10.54300436
Spag17,0.071105119,5.112960761
Cdv3,0.071048327,11.732065
Catsper2,0.070996504,11.61315894
Txlnb,0.070977918,1.50614348
Xpo5,0.070927038,5.27150218
Nol6,0.070901598,2.893380896
Alg1,0.07087946,7.45144669
Bbx,0.070809936,31.43083631
Wbscr17,0.070808932,60.64209275
Slc7a7,0.070698077,1.109789933
Jup,0.070647196,3.68608799
Thap1,0.070596316,2.298850575
Ccndbp1,0.070577826,6.500198177
Prdm11,0.070544525,12.04914784
Ogfr,0.070443676,5.826397146
Gstm4,0.070392795,1.545778835
Col14a1,0.070367355,5.19223147
Dalrd3,0.070249812,25.88188664
Rnf169,0.070218586,27.78438367
Rap2c,0.070214715,4.082441538
Rbm39,0.070212365,84.02695204
Rnf11,0.070091731,22.75069362
Pate2,0.069985754,8.164883076
Tnn,0.069921222,0.435988902
Zdhhc20,0.069863748,49.8216409
Nipsnap3b,0.069858553,2.615933413
Thra,0.069851072,29.64724534
H2-M3,0.069782233,1.664684899
Ibtk,0.069566794,11.65279429
Hs6st1,0.069553272,6.975822434
Gm42469,0.069476951,5.707491082
Rit2,0.069458407,82.16409037
Dnah11,0.069426071,5.826397146
Filip1l,0.069324311,5.94530321
Uspl1,0.06927343,5.390408244
Ankrd40,0.069270946,12.1680539
Gm11659,0.069267993,24.13793103
Gm26518,0.069232051,32.02536663
Il20ra,0.06914623,0.277447483
Prrc2a,0.069119786,18.8267935
Ubqln4,0.069088998,10.14665081
Nkiras2,0.069044469,3.091557669
Eva1c,0.068942709,7.134363853
N4bp2l1,0.068935449,34.3242172
Rasl11a,0.068917269,0.435988902
Scly,0.068870509,10.97899326
Gm26820,0.068830226,10.18628617
Rrnad1,0.068717651,32.38208482
Fam129b,0.068611987,5.905667856
Htr1b,0.068586547,1.704320254
Zfp110,0.068546296,10.78081649
Cwc15,0.068529945,13.79310345
RP24-127M20.8,0.06848322,45.22393975
Dhdh,0.068459347,3.408640507
Pxylp1,0.068445102,10.34482759
Grm7,0.068358884,94.84740388
Rbm33,0.068319602,26.39714625
Gm17399,0.068281266,4.875148633
Nicn1,0.068208436,9.393579073
Macrod1,0.068199163,26.51605232
A430106G13Rik,0.068179505,3.369005153
Etv5,0.067975985,9.195402299
Cep83os,0.067958878,10.62227507
Ddb1,0.06789259,13.63456203
E130309D14Rik,0.067797904,10.0673801
N4bp1,0.067781648,17.71700357
Gm26549,0.067589856,12.64367816
Slc12a5,0.067499042,38.44629409
Ercc4,0.067390862,8.759413397
Ddx59,0.067339982,3.884264764
Frem2,0.067314542,1.783590963
Bnip3l,0.067273757,14.58581054
9430016H08Rik,0.067263661,6.183115339
Snx15,0.067228222,10.8600872
Rbm4b,0.067224015,64.20927467
Ppp1r14b,0.067212781,4.478795085
Il17ra,0.067187341,0.911613159
Tnpo1,0.067171213,35.47364249
Gm43782,0.067116249,0.039635355
Coq6,0.067111021,5.588585018
Txndc9,0.06709643,12.36623068
Gm3235,0.06698382,1.50614348
Tanc2,0.066882383,83.2738803
Pak7,0.066845242,55.01387237
Mettl1,0.066805739,6.619104241
Alkbh5,0.066782722,14.46690448
Mettl3,0.066740867,12.960761
Brat1,0.066703979,6.539833532
Ddhd2,0.066660336,41.45858105
Sbk1,0.066653099,7.570352755
2010109A12Rik,0.066576778,3.170828379
Oas1c,0.066424138,1.783590963
Fam179a,0.066373257,4.558065795
Fancd2,0.066347817,2.814110186
Zfp598,0.066346152,10.38446294
1700066B19Rik,0.066296937,5.866032501
Mast3,0.066169736,4.716607214
Ednra,0.066144296,1.743955608
Slc35f5,0.066134895,11.05826397
Pin1,0.066126027,10.18628617
Rapgefl1,0.06609521,14.42726912
Gm7173,0.065953134,10.14665081
D7Ertd443e,0.065889895,2.576298058
2900089D17Rik,0.065864455,1.585414189
Kbtbd2,0.065777947,7.927070947
Atg16l2,0.065718767,25.40626239
Arntl,0.065687068,16.84502576
2610301B20Rik,0.065686374,11.57352358
Gorasp2,0.06567367,11.61315894
Pdzd11,0.065635494,6.856916369
Tapbpl,0.065610054,2.100673801
Zscan21,0.065608545,10.78081649
Thoc3,0.065584614,4.954419342
Zfp626,0.065533734,2.615933413
Mtx1,0.065508293,10.02774475
Mrpl13,0.065457413,7.887435593
Dedd,0.065408138,6.143479984
Tyro3,0.065406533,5.826397146
Arl5a,0.065279332,8.20451843
Ntn4,0.065253892,11.77170036
P3h1,0.065228452,6.69837495
Galnt11,0.065221944,14.30836306
Tle3,0.065177572,5.984938565
Smn1,0.065152132,8.085612366
Dlg3,0.065126692,5.628220373
Aldh9a1,0.065101252,7.45144669
Zmym6,0.065099525,26.11969877
Ercc1,0.065046001,11.17717004
Dph1,0.065024931,5.350772889
Zfp944,0.064974051,10.22592152
Csf1,0.064948611,3.606817281
Pakap,0.064940028,13.31747919
Sema4d,0.06491157,21.91835117
Spata5,0.06489135,25.64407451
Smg6,0.064862895,62.70313119
Nagk,0.064839181,31.51010702
Pxmp4,0.064826442,10.66191042
Faap20,0.06482141,7.213634562
Gm43532,0.064797701,0.634165676
Mtx3,0.06469421,4.51843044
Rpusd1,0.06464333,7.213634562
Cndp2,0.064617889,5.231866825
Gm20517,0.064592449,6.460562822
Ptk2b,0.064567009,1.268331352
Smndc1,0.064465249,6.658739596
Il11ra1,0.064440438,13.79310345
Txlna,0.064414369,8.125247721
H2-T23,0.064363488,1.823226318
Mmp11,0.064312608,2.93301625
Gm42950,0.064287168,5.231866825
Stac3,0.064236288,5.826397146
Nrd1,0.064124186,37.85176377
Ppp1r15a,0.064083647,2.298850575
Setd3,0.064072423,26.04042806
Ugdh,0.063972328,15.33888228
Gemin7,0.063956447,8.759413397
Ttc9c,0.063945315,12.56440745
Tmem229b,0.063931006,9.314308363
A230083G16Rik,0.063905566,3.131193024
Rcan3,0.063872706,16.52794293
Mterf3,0.063854686,7.055093143
5830454E08Rik,0.063829246,1.981767737
Dtd2,0.063778366,4.359889021
Zfp946,0.063702045,3.844629409
6430550D23Rik,0.063625725,4.637336504
Mprip,0.063464881,38.5255648
Fkbp14,0.063371324,3.567181926
Bcas2,0.063340791,18.66825208
Rbm20,0.063295004,6.619104241
Spice1,0.063269563,5.667855727
Hps5,0.063253966,11.45461752
1700018B08Rik,0.063218683,0.871977804
March6,0.063167838,36.34562029
Cnep1r1,0.063146516,17.28101467
Pqlc1,0.063015162,5.350772889
C87436,0.062964282,6.896551724
Sav1,0.062887962,3.606817281
Atp7b,0.062862522,2.536662703
Ap2a2,0.062853877,30.51922315
Gcdh,0.062760761,6.936187079
Cfap52,0.062659001,1.466508125
Pcnxl4,0.062645386,14.54617519
1700057H15Rik,0.06264348,1.862861673
Cdon,0.062631831,12.92112564
Hnrnph1,0.062609821,24.13793103
Extl2,0.06250636,10.97899326
Klhl3,0.06249872,17.04320254
Rcan2,0.062454227,44.07451447
Fam208b,0.062453878,23.54340071
Gm4349,0.06243004,2.179944511
B4galt7,0.062328279,7.332540626
Arc,0.062302839,0.792707095
Sptlc2,0.06219215,21.3634562
Ttll4,0.062130608,15.9334126
Inpp5e,0.062120168,8.997225525
Vegfa,0.062073878,6.222750694
Puf60,0.062054886,18.27189853
Naa20,0.061992874,24.01902497
Vim,0.061946678,2.774474832
Hdac4,0.061943567,27.30875941
Bhmt2,0.061909376,0.594530321
Kdm1a,0.061832466,17.67736821
Snx14,0.061824384,17.28101467
Prpf31,0.061819477,9.671026556
Cops8,0.061754729,11.89060642
Gm15545,0.061641396,3.170828379
Rnf214,0.061614009,28.81490289
Pigx,0.061539636,11.25644075
Mxd1,0.061488755,5.231866825
Cfdp1,0.061482218,31.90646056
Gm13427,0.061443661,12.84185493
Hacd1,0.061438224,30.1228696
Ptges,0.061437875,4.003170828
Utp15,0.061412435,3.408640507
Sfxn4,0.06136011,17.08283789
Mdc1,0.061310675,4.042806183
Zswim4,0.061285235,3.68608799
Lrrc3b,0.061248414,26.11969877
Pabpc4,0.061241621,25.00990884
Frem1,0.061234354,2.536662703
Nqo1,0.061208914,2.536662703
Rdx,0.061163759,23.10741181
Glrx,0.061056274,4.478795085
Kif3b,0.061040427,20.53111375
Crebl2,0.061032815,12.88149029
Zfp609,0.061027506,49.10820452
Hmgcl,0.060977754,18.15299247
Gm13248,0.060852753,0.832342449
Ppp1r9b,0.060750992,8.402695204
Cenpc1,0.060710399,40.70550931
Plekhg1,0.060601088,11.49425287
Nfix,0.060598351,3.487911217
5730409E04Rik,0.060496591,4.795877923
Gns,0.060431562,21.64090369
Mdh1,0.060412288,48.31549742
Fam57a,0.060403919,13.71383274
Got1,0.060350555,17.12247325
Prox1,0.06034395,2.179944511
Ifi44l,0.060292229,0.039635355
Tbxas1,0.06026763,3.923900119
Gm11973,0.060140429,2.061038446
Slc25a28,0.060114989,9.353943718
Rbx1,0.060105463,23.78121284
Pigg,0.059936909,5.707491082
Mrpl40,0.059911468,8.640507333
Ldhd,0.059860588,8.917954816
Taf6,0.059847414,21.24455014
Bub1b,0.059835148,2.417756639
Appl1,0.059825781,44.35196195
4933408N05Rik,0.059809708,2.853745541
Vezf1,0.059792759,9.155766944
Sprtn,0.059733388,2.536662703
Slc25a39,0.059606187,4.914783987
Top1,0.059565847,54.8156956
Papd7,0.059428106,10.10701546
Ptn,0.059404901,25.88188664
Nkain4,0.059402666,5.152596116
Cox7a2l,0.059379553,13.99128022
Ipp,0.059326346,10.10701546
B930041F14Rik,0.059250025,6.262386048
Plgrkt,0.059172573,12.12841855
9430038I01Rik,0.059148265,4.320253666
Dnajc13,0.05911333,24.37574316
Hars2,0.05909663,10.46373365
Srp72,0.059090844,15.14070551
Pycrl,0.058995624,7.015457788
Pepd,0.058975468,11.89060642
Brms1,0.058893864,7.055093143
Dcaf7,0.058883362,21.95798652
Lpxn,0.058766663,1.030519223
Scrt1,0.058715783,6.103844629
Ccdc157,0.058639463,6.817281015
Gm15726,0.058563142,0.911613159
Dcaf11,0.05855352,10.66191042
Leprot,0.058537702,5.073325406
Elfn2,0.058512262,6.222750694
Lrch3,0.058496355,45.65992866
Dennd2c,0.058486822,0.990883868
Myl4,0.058359621,1.466508125
Stxbp3,0.058334181,6.817281015
Epm2a,0.058300848,13.27784384
Nip7,0.058283301,4.795877923
Kctd15,0.05813066,3.646452636
Wdr36,0.05807978,7.966706302
Gm17090,0.05805434,2.814110186
Gmds,0.058051044,62.94094332
Ppp2r4,0.058046639,33.4522394
Rfesd,0.0580289,7.570352755
Kif13a,0.058020822,35.43400713
Emid1,0.05792714,1.387237416
D830030K20Rik,0.057774499,4.994054697
Esrra,0.057713021,11.65279429
Cdc37,0.057669468,8.838684106
Rnft1,0.057573682,12.64367816
Tigd2,0.057570978,10.38446294
Gm28516,0.057545538,0.317082838
4933427D14Rik,0.057523023,15.53705906
Trim44,0.057498718,37.57431629
Sra1,0.057485067,15.9334126
Fam104a,0.057469217,9.116131589
Cym,0.057381065,0.118906064
Casp2,0.057342017,4.676971859
Hacl1,0.057316577,6.222750694
Rabgef1,0.057183277,18.07372176
Gdpd3,0.056858655,8.878319461
Ptar1,0.056833215,8.323424495
Pyurf,0.056807774,3.369005153
Cmas,0.05680007,13.11930242
Gdap1,0.056720451,28.37891399
Eml3,0.056706014,4.558065795
Ints7,0.056604254,12.12841855
1810043G02Rik,0.056578813,10.54300436
Tcaf1,0.05654558,48.79112168
Vwa2,0.056513342,0.158541419
Zfand5,0.056430418,12.32659532
Efhd2,0.056375293,5.311137535
6030458C11Rik,0.056373972,15.0614348
Huwe1,0.056359826,57.59017043
Zfp647,0.056324412,2.298850575
Zfp9,0.056298972,5.826397146
Impact,0.056256429,38.32738803
Ube2q2,0.056236615,22.5921522
Wdr91,0.056197212,5.786761792
Sf3a2,0.056095451,5.469678954
Ccnk,0.056044571,7.728894174
Irf9,0.055942811,4.161712247
Ndufs2,0.055921836,13.71383274
Dyrk1a,0.055903253,30.40031708
Rnf114,0.055716807,16.68648434
9330198N18Rik,0.055662969,7.570352755
Smyd3,0.055652976,71.38327388
Arl14epl,0.055612089,0.079270709
Top3a,0.055586649,3.68608799
Gm16386,0.055535769,3.01228696
Mtrf1l,0.055510329,4.597701149
Mylip,0.055447505,26.67459374
4632415L05Rik,0.055408568,5.866032501
Kmt2a,0.055385334,48.23622671
Rpain,0.055332248,7.055093143
Cpox,0.055306808,9.631391201
Sltm,0.055279235,64.24891003
Slc1a5,0.055255928,1.743955608
Thoc7,0.055212093,25.28735632
Ric8,0.055202941,9.235037654
Mtbp,0.055179607,3.844629409
Zfp94,0.055052407,6.539833532
Usp12,0.055026967,10.97899326
Fuca1,0.054984766,13.51565597
Pnisr,0.054977854,75.14863258
Wdr4,0.054976086,9.03686088
Fam126b,0.054938668,33.69005153
Psmc2,0.054848886,12.72294887
Hsdl2,0.054798005,7.253269917
Pcm1,0.054788294,52.16012683
Rabggtb,0.054696245,9.195402299
Fa2h,0.054645365,3.68608799
Egfl6,0.054619925,4.597701149
Dis3l2,0.054543294,47.83987317
Aup1,0.054518164,14.50653983
Phb,0.054492724,8.125247721
Rrp9,0.054416404,5.588585018
Wiz,0.054365524,13.00039635
Slc25a10,0.054340083,3.567181926
4933427D06Rik,0.054263763,2.140309156
Egf,0.054187443,5.390408244
Abhd16a,0.054186816,30.63812921
Jmjd6,0.054124047,12.00951249
Tmem41b,0.054073355,12.40586603
Rab3gap1,0.0540521,31.23265953
Kcnk4,0.054034802,1.545778835
Fam132a,0.054009362,5.984938565
Sphk2,0.053958482,4.161712247
Rdh5,0.053882161,2.972651605
Smim17,0.053831281,2.655568767
Morc2a,0.053810496,15.9334126
Gm26790,0.053784397,33.61078082
Dhx15,0.0536532,13.27784384
Ethe1,0.05360232,5.390408244
Wdr77,0.05355144,6.183115339
Wnk3,0.053520783,30.75703528
Xlr5a,0.053502075,56.36147444
Bnip3,0.05350056,8.323424495
1110059E24Rik,0.053465906,14.30836306
Med26,0.053449679,10.02774475
Nucks1,0.053441317,22.5921522
Pnma2,0.053424239,5.469678954
Zfp386,0.053373359,7.332540626
Cdc42ep3,0.053322479,4.43915973
Tspan32,0.053246159,0.871977804
Sult4a1,0.053184336,17.12247325
Trmt6,0.053142857,12.56440745
Kidins220,0.053047171,56.4803805
Vtcn1,0.052949942,1.981767737
4933427G17Rik,0.052940877,3.210463734
Pigs,0.052915437,10.50336901
Wrn,0.052855785,23.30558859
Cdc26,0.052718332,17.5980975
Gsto1,0.052711916,3.369005153
Zfp639,0.052686476,8.878319461
Mcoln1,0.052533835,7.292905272
Trappc6a,0.052482955,8.719778042
Map7,0.052422015,30.00396354
Smad5,0.052406635,5.984938565
Lrp3,0.052381195,8.838684106
Saxo2,0.052355755,3.329369798
1810030O07Rik,0.052330314,6.539833532
Msl1,0.052203114,4.51843044
Ccdc64b,0.052177674,0.118906064
Cfap77,0.052152234,4.240982957
E130102H24Rik,0.052126794,7.966706302
Myo1f,0.052101353,4.003170828
Pop5,0.052075913,9.78993262
Spx,0.052025033,3.051922315
Rpl3l,0.052005904,0.713436385
Aqp11,0.051974153,3.01228696
Tmem64,0.051948713,5.548949663
Pebp4,0.051923273,1.743955608
Rangap1,0.051901419,24.61355529
Rnf208,0.051897833,10.02774475
Gucy1b2,0.051872392,0.871977804
Eif4b,0.051796072,12.56440745
Tmem256,0.051773148,14.54617519
Tcof1,0.051745192,8.164883076
Ivns1abp,0.051719752,7.689258819
Zfp868,0.051668871,9.314308363
Tmem106c,0.051643431,10.34482759
Arhgap26,0.051551897,78.39873167
Ddb2,0.051531201,21.44272691
Vdac1,0.051496609,18.3908046
Abcc8,0.051449408,17.1621086
Accs,0.05143991,4.756242568
Tirap,0.05138903,1.862861673
Zc3h7a,0.051376265,32.69916766
3110082I17Rik,0.05136359,13.43638526
Ppp1r35,0.05131271,5.94530321
Lrrc42,0.05126183,8.323424495
Zmym5,0.051260762,18.86642885
Extl1,0.05123639,1.585414189
Fads6,0.051210949,7.015457788
Tubgcp4,0.051185509,14.03091558
Gm26763,0.051160069,12.92112564
Spink2,0.051134629,8.323424495
Vti1b,0.051103217,40.1902497
Spag16,0.051083749,17.32065002
Mdga2,0.051080674,98.81093936
Rxrb,0.050981988,6.103844629
Rhpn2,0.050956548,1.981767737
Gm13889,0.050905668,1.942132382
Zfp174,0.050880228,7.609988109
Tmem51,0.050854788,1.704320254
Smim13,0.050829348,12.32659532
Tdp1,0.050803908,11.61315894
Zdhhc15,0.050778467,7.45144669
Tcaim,0.050727587,14.11018629
Gm29325,0.050676707,2.695204122
RP23-44H21.1,0.050574947,1.743955608
9430060I03Rik,0.050549506,7.253269917
Chic1,0.050526553,36.46452636
Keap1,0.050447746,12.960761
Cct3,0.050437181,18.50971066
Higd1a,0.050431615,20.13476021
Amot,0.050371426,3.289734443
Tmem263,0.050269665,6.420927467
Slc25a24,0.050244225,1.50614348
Zfp790,0.050218785,6.738010305
Ccdc61,0.050167905,7.491082045
Pdcd11,0.050156553,18.03408641
Kcnj9,0.050142465,6.539833532
Mrps5,0.050130736,17.91518034
Utp18,0.050091584,9.750297265
Atic,0.050066144,9.750297265
Phf12,0.050058756,29.36979786
Slc5a11,0.050015264,1.981767737
Csgalnact2,0.049989824,5.984938565
Cdh18,0.049918321,85.01783591
Wdr53,0.049888063,4.914783987
Nup88,0.049862623,10.50336901
Tceanc2,0.049837183,7.253269917
Fra10ac1,0.049811743,14.42726912
Rnpep,0.049795046,22.03725723
Fgf2,0.049786303,3.289734443
Uba6,0.049761777,30.51922315
Trub1,0.049760863,10.70154578
Map1s,0.049735423,10.78081649
L2hgdh,0.049684543,9.433214427
Gm21781,0.049608222,3.131193024
Mbtps2,0.0495364,20.01585414
Zmynd12,0.049506462,4.716607214
Ankra2,0.049455582,10.18628617
Zfp688,0.049430141,2.497027348
Rnf20,0.049404701,12.44550139
Map2k6,0.049215112,29.6868807
Phf7,0.04920118,5.112960761
Fbxo33,0.04917574,9.750297265
Spns3,0.0491503,0.475624257
Stox2,0.049137286,54.3797067
Gpr61,0.04909942,8.640507333
Gtf2h5,0.04907398,13.95164487
Gm16152,0.04904854,3.725723345
Gm10848,0.048972219,5.707491082
Hnrnpul1,0.048966654,14.26872771
Smad3,0.048946779,2.774474832
Necap2,0.048870459,6.658739596
Asrgl1,0.048819579,9.195402299
Cyc1,0.048790523,20.25366627
RP23-32A8.5,0.048717818,11.09789933
Zc3h8,0.048616058,5.112960761
Dpagt1,0.048590618,6.539833532
Lrrc19,0.048539737,15.18034086
Brd9,0.048475053,21.79944511
Amz1,0.048285336,3.369005153
Qpctl,0.048183576,13.79310345
Ccdc17,0.048158136,2.25921522
Khsrp,0.048027853,10.30519223
Thap4,0.048005495,13.31747919
Kif24,0.047980055,8.600871978
1500026H17Rik,0.047954615,10.30519223
2010315B03Rik,0.047929175,9.116131589
Myef2,0.047912794,37.25723345
Atp5o,0.047912542,35.5529132
Pde1b,0.047903735,7.5307174
Ube2j1,0.047878294,8.085612366
Cebpg,0.047827414,9.03686088
Gm5570,0.047725654,3.210463734
Clcn6,0.04764512,18.27189853
Hcfc2,0.047598453,6.817281015
A930016O22Rik,0.047547573,5.073325406
Rnft2,0.047481284,14.82362267
Ssh3,0.047476096,13.71383274
Zfp825,0.047471253,4.320253666
Tysnd1,0.047445813,3.487911217
A730056A06Rik,0.047420372,3.091557669
Gm6999,0.047394932,2.417756639
Foxred1,0.047318612,8.442330559
Trim63,0.047293172,0.198176774
Aph1b,0.047242292,4.795877923
Ubxn6,0.047216852,10.14665081
Map2k1,0.047207578,36.30598494
Pth1r,0.047165971,2.893380896
Ehbp1l1,0.047115091,6.341656758
Cpb2,0.047038771,0.237812128
Fam151a,0.047013331,1.030519223
Zfp719,0.046987891,9.829567975
Fxyd5,0.04696245,4.082441538
Ift122,0.046921854,25.52516845
Lca5l,0.04691157,10.70154578
Ears2,0.04688613,5.747126437
Mns1,0.04686069,5.469678954
Sfxn2,0.04683525,8.680142687
Psmd13,0.04680981,18.8267935
9830132P13Rik,0.046733489,5.231866825
Sox5os4,0.046708049,2.774474832
Ube2m,0.046682609,6.341656758
2610001J05Rik,0.046657169,5.350772889
Tmem55b,0.046638711,18.50971066
Map9,0.046606289,11.65279429
Tmem57,0.046580254,41.10186286
Trim62,0.046529968,4.240982957
Xrn1,0.046516702,45.93737614
Slc35a1,0.046504528,15.81450654
Polk,0.046402768,10.97899326
Ddx56,0.046377328,4.835513278
Dtd1,0.046339375,46.0562822
Hs3st1,0.046250127,3.725723345
Ccdc62,0.046199247,8.561236623
Cisd2,0.046185411,19.06460563
Nme6,0.046173807,8.323424495
Wdr11,0.046148367,11.33571145
AU022252,0.046122927,4.994054697
Vdac2,0.046072046,19.18351169
Tcte2,0.046047143,41.53785176
Rnf31,0.046046606,5.112960761
Gm26704,0.045995726,8.402695204
Cd320,0.045970286,7.292905272
Abhd11,0.045868525,8.600871978
Tbc1d20,0.045817645,8.640507333
Rbks,0.045741325,11.09789933
Tbc1d10a,0.045715885,5.628220373
Antxr2,0.045690445,2.576298058
Gm20387,0.045639564,2.140309156
Erbb2ip,0.045625227,31.70828379
Wbp1,0.045563244,6.738010305
Pdcd5,0.045537804,9.750297265
Clpb,0.045486924,16.2901308
Ddx19b,0.045436044,12.00951249
Fasn,0.045359723,6.936187079
Akt1s1,0.045334283,6.341656758
Sh3bp4,0.045308843,5.747126437
Arl6ip4,0.045283403,9.274673008
Suv420h1,0.045275731,23.66230678
Zfp760,0.045232523,4.914783987
Rbm5,0.04518498,54.89496631
Dcbld2,0.045181642,11.732065
Pcyt2,0.045156426,52.35830361
Zfp354c,0.045156202,10.14665081
Lamb3,0.045130762,3.051922315
Pradc1,0.045105322,3.408640507
Gzf1,0.045079882,5.984938565
Ptbp2,0.044911018,42.68727705
Mdga1,0.044876361,10.34482759
Crtc1,0.044827619,17.87554499
Ginm1,0.044825481,12.12841855
Sdcbp,0.04474916,10.46373365
Stard7,0.044747463,20.72929053
Fbxl21,0.04467284,3.408640507
Wipi2,0.0446474,17.83590963
Bloc1s2,0.04462196,15.14070551
Cracr2a,0.04459652,4.954419342
Usf2,0.044469319,13.04003171
Tbcb,0.044392999,14.30836306
Nop14,0.044367559,7.134363853
Tdrkh,0.044316679,10.54300436
Uhrf2,0.044301586,35.86999604
Zfp672,0.044214918,14.07055093
D15Ertd621e,0.044164038,8.006341657
Trmt2a,0.044113158,14.82362267
Rgmb,0.044087718,3.01228696
Fam234b,0.044062277,9.78993262
Cep89,0.044036837,14.98216409
Nubpl,0.044011397,8.045977011
Parl,0.043960517,11.732065
Aste1,0.043833316,9.948474039
Eif4enif1,0.043782436,16.25049544
Smarcc1,0.0437814,36.70233849
B230307C23Rik,0.043706116,3.369005153
Pitrm1,0.043629795,8.20451843
Hmbs,0.043578915,8.997225525
Il17re,0.043553475,0.673801031
Chrna1os,0.043528035,0.951248514
Nudt16l1,0.043451715,6.064209275
Mapk7,0.043400834,7.134363853
Rec8,0.043375394,8.323424495
Atp5d,0.043364231,18.94569956
Mterf2,0.043299074,11.13753468
Btbd3,0.043273634,18.07372176
Wbp11,0.043248194,11.09789933
Snapc4,0.043222754,10.78081649
Btg2,0.043171873,2.774474832
Adgrb2,0.043158981,18.15299247
Anapc15,0.043120993,4.637336504
Prkar2a,0.043109296,26.00079271
Hbp1,0.043070113,7.609988109
Obfc1,0.043019233,7.253269917
Gm14308,0.042993793,3.051922315
Zfp322a,0.042968352,14.189457
Srsf2,0.042952004,48.43440349
Klhdc2,0.042942912,17.99445105
Fam216a,0.042815712,10.02774475
Ik,0.042764832,16.80539041
Wdr1,0.042739391,8.164883076
Tspan4,0.042713951,3.804994055
Aldh6a1,0.042663071,9.552120491
Spink4,0.042637631,0.317082838
Tmbim4,0.042612191,16.21086009
Rfc2,0.042589896,21.48236227
Gm16638,0.042561311,6.77764566
Pitpnm1,0.042547098,19.18351169
Mettl15,0.042535871,20.88783195
Tmem38a,0.042493104,19.14387634
Prr12,0.04248499,8.878319461
Cfap97,0.04245955,11.01862862
Rtf1,0.042447287,31.58937772
Col12a1,0.04243411,6.77764566
Lrrd1,0.04238323,2.655568767
Mmab,0.04233235,9.433214427
Plod3,0.042281469,6.539833532
Tmem50a,0.042279174,22.11652794
Kifc3,0.042230589,8.125247721
Kif27,0.042205149,2.536662703
Gm3898,0.042179709,0.277447483
Naa35,0.042143892,20.80856124
Pomgnt2,0.042103389,8.442330559
Cox11,0.042077949,11.85097107
Dact3,0.042027068,4.716607214
Arhgap17,0.041976188,13.55529132
Emc2,0.041848987,14.54617519
Stat5b,0.041835216,32.50099088
Haus4,0.041772667,4.835513278
Slc5a6,0.041747227,5.747126437
Rgs19,0.041721787,3.68608799
Gxylt2,0.041696347,1.109789933
Gm5113,0.041670907,2.25921522
Fabp3-ps1,0.041645467,3.844629409
Pole4,0.041569146,6.539833532
Capn5,0.041467386,7.015457788
Sspnos,0.041441946,1.823226318
Kif3a,0.041371885,29.05271502
2810032G03Rik,0.041365625,7.094728498
Clpp,0.041321414,37.61395164
Sptssa,0.041314745,7.570352755
Arfrp1,0.041289305,11.65279429
Akap8l,0.041287233,61.59334126
Hfm1,0.041212985,10.14665081
Fbln1,0.041162104,1.743955608
Ptprb,0.041060344,2.25921522
Fam227a,0.041034904,13.91200951
Mbd1,0.041009464,10.97899326
Manf,0.041008962,32.10463734
Arhgef9,0.040966227,39.00118906
Smyd2,0.040958583,9.155766944
Vsnl1,0.040952299,68.92588189
Rnf121,0.040933143,17.47919144
Dzip3,0.040932926,47.99841459
Harbi1,0.040882263,4.042806183
Scg3,0.040837044,33.37296869
Rac1,0.040831383,11.25644075
Tomm5,0.040805943,6.817281015
Tpra1,0.040780503,11.89060642
Samd10,0.040678742,8.244153785
Xrcc4,0.040632926,29.09235038
Pomt2,0.040627862,8.006341657
Wbscr22,0.040602422,11.53388823
Gm28154,0.040576982,1.50614348
Adgrg1,0.040526102,6.460562822
Gm9885,0.040475221,1.743955608
Pdrg1,0.040449781,12.72294887
Gm15991,0.040398901,2.25921522
Acd,0.040373461,8.561236623
AW549877,0.040348021,10.18628617
Taf1d,0.040347078,17.99445105
Zfp637,0.040297141,7.173999207
Wdr35,0.0401445,15.33888228
Ctbs,0.04009362,3.7653587
Arpp19,0.04006818,15.73523583
C130080G10Rik,0.039991859,1.030519223
Rtcb,0.039966419,12.88149029
Fzd3,0.039915539,16.44867222
Zfp260,0.039864659,17.28101467
Fbxw9,0.039839218,9.155766944
Rras2,0.039737458,7.134363853
Ttc5,0.039712018,12.64367816
Il18bp,0.039686578,2.179944511
Rmnd5a,0.039661138,20.17439556
Gm11099,0.039635698,16.7261197
Slc25a23,0.039635039,33.29369798
Acat2,0.039610257,8.680142687
Tpm4,0.039584817,10.78081649
4932438H23Rik,0.039533937,0.951248514
Pcf11,0.039508497,16.80539041
Tonsl,0.039504849,22.90923504
Rims2,0.039488565,83.23424495
Ppp1r18,0.039483057,1.307966706
Zfp810,0.039432177,15.65596512
Zdhhc19,0.039406737,1.189060642
Arpc5,0.039355856,7.728894174
St13,0.039335355,37.77249306
Abcb7,0.039312712,23.93975426
Fam50a,0.039279536,8.521601268
Sh3bp5,0.039228656,14.70471661
Sat1,0.039177776,6.738010305
Git1,0.039126895,5.350772889
Tnfaip1,0.039101455,5.94530321
Slc52a2,0.039076015,3.646452636
Flrt3,0.038974255,14.34799841
Plin2,0.038923374,2.615933413
Gm30613,0.038897934,1.307966706
Ppa1,0.038872494,13.71383274
Gm29536,0.038847054,18.03408641
Samd13,0.038847047,1.189060642
Cycs,0.038770734,13.43638526
Bcl7b,0.038745294,6.183115339
Morc4,0.038694413,4.280618312
Fam161b,0.038668973,5.073325406
Camk2n1,0.038643533,10.34482759
Dnajb14,0.038618093,20.09512485
Arl2bp,0.038592653,14.94252874
Dyx1c1Ccpg1,0.038567213,4.082441538
Gm42851,0.038541773,10.8600872
Mms19,0.038490892,18.66825208
Pmpca,0.038465452,7.887435593
Brcc3,0.038414572,11.05826397
Aph1c,0.038389132,5.94530321
Srsf6,0.038363692,13.35711455
Gnaz,0.038312812,13.87237416
Mrpl24,0.038261931,6.183115339
Ccdc39,0.038211051,8.997225525
Ppargc1b,0.038160171,16.84502576
Creb3,0.038058411,8.164883076
Rassf1,0.03803297,10.34482759
Mpp1,0.03800753,9.512485137
Pym1,0.03798209,6.579468886
Amdhd2,0.03795665,10.10701546
Kptn,0.03793121,9.631391201
G2e3,0.03788033,7.173999207
Mtf1,0.03785489,11.85097107
Rxfp2,0.037829449,0.951248514
Styx,0.037804009,12.40586603
Myo5a,0.037766434,54.3797067
Slc25a37,0.037753129,2.536662703
Fkbp2,0.037743759,31.15338882
Atp5s,0.037727689,13.51565597
Lmo7,0.037702249,3.646452636
Gm17058,0.037625929,4.320253666
Irak1,0.037549608,15.65596512
Gtf2e1,0.037524168,7.491082045
Bcl2l1,0.037447848,20.72929053
Akirin2,0.037371527,11.732065
Tsr2,0.037346087,5.19223147
Kctd19,0.03733424,0.475624257
Kcnv1,0.037295207,1.109789933
Stk19,0.037269767,16.48830757
Elmod2,0.037244327,6.658739596
Znhit6,0.037218887,9.988109394
Npas2,0.037193447,10.70154578
Plxnc1,0.037170366,27.07094728
Zc3h4,0.037168007,11.41498216
Armc7,0.037142566,3.646452636
Npy5r,0.037091686,2.417756639
Cab39l,0.037089864,39.23900119
Ubtd2,0.037066246,9.631391201
Glmn,0.037040806,19.18351169
Galns,0.037015366,18.98533492
Ptbp1,0.036989926,7.055093143
Lemd3,0.036964486,21.68053904
Tsg101,0.036939045,20.96710266
Gm17484,0.036913605,7.649623464
Hsph1,0.036888165,16.52794293
2010107G23Rik,0.036862725,8.20451843
Colec12,0.036786405,2.457391994
Lpin1,0.036760965,17.39992073
Ccne2,0.036735525,6.658739596
Fam222a,0.036710084,4.399524376
Msi1,0.036684644,7.847800238
Rsbn1,0.036659204,22.71105826
Fem1b,0.036582884,9.195402299
Grk6,0.036557444,10.02774475
Ifit1bl1,0.036532004,1.783590963
Gm44174,0.036506564,0.118906064
Tstd3,0.036404803,3.884264764
Lmod1,0.036379363,1.823226318
Iqub,0.036277603,5.94530321
Trim39,0.036252162,5.628220373
Gemin2,0.036226722,7.927070947
Exosc7,0.036175842,13.63456203
Arsk,0.036150402,5.905667856
Mamdc2,0.036124962,1.625049544
Nme7,0.036099522,16.7261197
Tmem87b,0.036048641,23.62267142
Rce1,0.036023201,7.094728498
Oscp1,0.035997761,17.51882679
Pogz,0.035972321,21.48236227
Ppm1k,0.035946881,10.97899326
Rnf103,0.035896001,12.48513674
Dicer1,0.035889837,22.35434007
Sec11c,0.035870561,16.64684899
Kpnb1,0.03581968,9.03686088
4933431M02Rik,0.0357688,0.594530321
Gm16796,0.03574336,0.634165676
Fntb,0.03561616,19.34205311
D130017N08Rik,0.035590719,5.311137535
Rsph10b,0.035539839,8.799048751
Nfkbia,0.035514399,2.93301625
Trim32,0.035488959,13.59492667
Ccdc15,0.035361758,8.799048751
R3hdm4,0.035336318,10.54300436
Cyp51,0.035310878,14.94252874
E130309D02Rik,0.035285438,3.606817281
Zfp266,0.03528047,26.08006342
Neil2,0.035209118,3.329369798
Rpp21,0.035183678,21.87871581
Setd1b,0.035158238,9.314308363
Fbxl3,0.035132797,8.363059849
Adcy5,0.035081917,14.22909235
Nit1,0.035056477,13.95164487
Phldb1,0.035031037,8.323424495
Anp32a,0.035005597,15.37851764
Rsph3a,0.034980157,7.966706302
Ctcfl,0.034929276,0.317082838
Phlpp2,0.034895975,28.33927864
Sgtb,0.034852956,11.37534681
C230088H06Rik,0.034802076,15.18034086
Prr11,0.034776636,0.911613159
Rsph3b,0.034751196,5.033690052
Aplf,0.034725756,2.417756639
Uba1,0.034700315,13.04003171
Pdp1,0.034674875,5.826397146
Radil,0.034573115,20.65001982
Otud4,0.034471354,20.65001982
Wdr74,0.034445914,4.954419342
Gm15762,0.034432614,0.039635355
Sbf2,0.034425509,61.9104241
Gpc1,0.034420474,6.381292113
Serinc5,0.034395034,8.997225525
Med31,0.034369594,6.738010305
Adcy3,0.034344154,18.50971066
Rhbdf1,0.034293274,3.408640507
Tmed8,0.034267834,12.92112564
Gm42951,0.034242393,0.554894966
RP23-428N8.3,0.034191513,0.634165676
Ap1g2,0.034166073,2.338485929
Mfsd4,0.034115193,10.93935791
Rgma,0.034089753,13.79310345
Zfp507,0.034064313,8.125247721
Stoml1,0.034013432,8.719778042
Ssna1,0.033987992,11.89060642
Taf4a,0.033937112,7.332540626
Cep295,0.033886232,17.39992073
Epb41l2,0.033809911,11.09789933
Ofcc1,0.033682711,1.268331352
Dmc1,0.033657271,4.280618312
Acot8,0.033631831,9.512485137
Mettl13,0.03358095,4.558065795
Upk1a,0.03355551,0.871977804
Megf11,0.03350463,9.274673008
Tmem216,0.03347919,14.98216409
Dnpep,0.03345375,9.71066191
Far1os,0.03340287,5.707491082
Lrrc75b,0.033351989,3.963535474
Calhm2,0.033326549,2.219579865
Fkbp4,0.033301109,17.63773286
RP23-191I16.3,0.033224789,0.158541419
Casp9,0.033199349,4.359889021
1700088E04Rik,0.033173909,12.56440745
Tram1,0.033072148,16.48830757
Pramel7,0.033046708,3.884264764
Ltbp4,0.033021268,7.491082045
Hemk1,0.032995828,6.856916369
Dusp12,0.032944948,15.65596512
Kdm6a,0.032919728,28.41854935
Syncrip,0.032919507,18.11335711
1700010I14Rik,0.032868627,4.359889021
Dpyd,0.03284951,61.39516449
Ydjc,0.032843187,5.747126437
Wbp2,0.032817747,14.66508125
Sh3rf3,0.032792307,22.63178755
Snrnp27,0.032766867,13.55529132
Atp6v1g2,0.032741427,17.91518034
Hist1h4c,0.032715987,0.118906064
Tmem2,0.032690546,19.30241776
Fam71e1,0.032665106,5.628220373
Pot1b,0.032639666,13.35711455
Rnf180,0.032614226,20.88783195
Exosc8,0.032588786,5.430043599
Qtrt1,0.032573755,25.76298058
Pdik1l,0.032563346,5.350772889
Rad51c,0.032512466,7.808164883
Gm44386,0.032487026,1.426872771
Nudt8,0.032436145,4.51843044
Upf3b,0.032359825,21.12564407
Abhd17c,0.032334385,5.152596116
Rnf181,0.032308945,7.332540626
Rad23a,0.032283505,11.13753468
Aldh18a1,0.032258065,6.460562822
Lclat1,0.032232624,24.05866033
1110004F10Rik,0.032207184,16.56757828
AI429214,0.032156304,0.079270709
Lsg1,0.032130864,9.235037654
Spata1,0.032105424,12.24732461
Egflam,0.032054544,1.942132382
Ndufaf7,0.032029103,25.88188664
2300009A05Rik,0.031978223,8.680142687
Efcab2,0.031952783,19.06460563
Vmn2r2,0.031901903,0.356718193
Gm29088,0.031876463,2.774474832
Amz2,0.031851023,15.29924693
Gm11437,0.031825583,11.89060642
Cx3cl1,0.031800142,14.74435196
Ppef1,0.031774702,2.100673801
Pdk1,0.031749262,9.829567975
Tbc1d17,0.031723822,13.87237416
Snx11,0.031698382,5.984938565
Coq10a,0.031672942,5.19223147
Manea,0.031647502,5.667855727
Herpud1,0.031622062,15.45778835
Rfx1,0.031571181,8.244153785
Stk16,0.031545741,12.1680539
Zfp668,0.031520301,7.847800238
Tex40,0.031520214,0.832342449
AI839979,0.031494861,0.356718193
Zfos1,0.031469421,10.46373365
Erlec1,0.031418541,23.34522394
Bri3bp,0.031393101,6.77764566
Rbm17,0.031367661,8.244153785
Gm26658,0.03134222,3.329369798
Dgcr8,0.03131678,18.8267935
Parp2,0.03129134,6.896551724
Smpdl3b,0.0312659,1.228695997
Fam208a,0.031216593,29.44906857
Snapin,0.03121502,7.372175981
Akr1a1,0.03118958,25.28735632
Myo15b,0.031149647,0.475624257
Gm44071,0.031125932,0.75307174
Rasgef1b,0.031062379,2.893380896
Thyn1,0.031036939,11.65279429
Cd46,0.031011499,23.90011891
Jkamp,0.030986059,22.71105826
Rnf25,0.030935179,14.03091558
Gm16194,0.030833418,0.515259612
Ptgr2,0.030807978,10.0673801
Tmem237,0.030757098,13.19857313
Gdpd4,0.030731658,1.070154578
Stk33,0.030706218,7.094728498
Acaa1a,0.030680777,14.50653983
Gpaa1,0.030629897,10.38446294
G3bp1,0.030528137,18.03408641
Pold4,0.030502697,5.231866825
Qtrtd1,0.030426376,4.954419342
Nans,0.030400936,2.576298058
Ube2e3,0.030375496,17.04320254
Serf2,0.030350056,18.98533492
Samd15,0.030324616,3.567181926
Arl6,0.030299176,7.966706302
RP23-2D23.2,0.030248296,1.743955608
Tmc1,0.030222855,2.25921522
Ntan1,0.03019839,31.70828379
Plpp2,0.030197415,1.664684899
Napa,0.030171975,20.61038446
Ssbp1,0.030146535,13.3967499
Terf1,0.030121095,24.09829568
Naf1,0.030095655,5.033690052
Igfbp7,0.030044775,2.695204122
Nupl2,0.030019334,10.62227507
Dync2li1,0.029993894,4.359889021
Rap1b,0.029917574,7.847800238
Mex3c,0.029892134,5.905667856
Rgl2,0.029841254,21.60126833
Spast,0.029815814,25.4855331
Golt1b,0.029790373,6.77764566
Hps4,0.029764933,15.29924693
Cox5a,0.029739493,23.34522394
Gabrg1,0.029714053,16.05231867
Mapre1,0.029663173,14.66508125
Smim4,0.029637733,22.82996433
Dock6,0.029612293,10.10701546
Cluap1,0.029561412,12.64367816
C130060K24Rik,0.029535972,3.804994055
Nucb1,0.029510532,15.02179945
Phyh,0.029485092,12.56440745
Gm14902,0.029459652,0.079270709
Tex15,0.029408772,3.487911217
Clptm1,0.029383332,21.79944511
Espn,0.029357892,2.219579865
Wnt4,0.029332451,1.268331352
Gm16126,0.029281571,8.20451843
Evc2,0.029256131,2.179944511
Fuca2,0.029179811,7.768529528
Ppp2r3c,0.029154371,9.155766944
Wrnip1,0.02912893,7.173999207
Kifc1,0.02910349,3.210463734
Rasa3,0.02907805,13.91200951
Scn11a,0.029062299,0.792707095
Reck,0.02905261,13.47602061
U2af1,0.02900173,20.13476021
Atp5j2,0.02897629,27.2294887
Htr2c,0.028968493,55.92548553
Parvb,0.02895085,11.96987713
Tvp23b,0.02892541,14.26872771
C130013H08Rik,0.028899969,0.634165676
Ctsf,0.028874529,10.62227507
Plppr2,0.028849089,24.29647245
Zbtb44,0.028823649,19.02497027
Tex264,0.028798209,14.03091558
Commd3,0.028772769,8.917954816
Ankrd13b,0.028696449,10.89972255
2610008E11Rik,0.028671008,14.03091558
Nme5,0.028645568,10.8600872
Jtb,0.028620128,8.878319461
Adgrl1,0.028594688,26.15933413
Kctd1,0.028569248,21.00673801
Flii,0.028543808,14.26872771
N4bp3,0.028518368,0.951248514
Zfp707,0.028467488,4.122076893
Dstn,0.028442047,16.88466112
Arhgap1,0.028391167,7.966706302
Sept6,0.028340287,21.7201744
Htr2b,0.028289407,2.814110186
Tppp3,0.028238527,17.83590963
Gm15879,0.028213086,3.487911217
E330009J07Rik,0.028187646,9.472849782
Nt5c,0.028060446,8.085612366
Atp6v1d,0.028009565,22.39397543
Rrp7a,0.027984125,6.103844629
Setd4,0.027958685,17.00356718
Atp11a,0.027933245,18.74752279
Tnfsf11,0.027921332,0.198176774
Vps72,0.027882365,10.89972255
Slc38a10,0.027856925,10.70154578
Klhdc4,0.027806045,5.469678954
Rltpr,0.027780604,6.619104241
Ube2i,0.027755164,12.68331352
Rnf215,0.027729724,9.116131589
Crip3,0.027653404,2.497027348
Abca4,0.027627964,2.298850575
Sf1,0.027602524,13.8327388
A430073D23Rik,0.027577084,3.250099088
Gm13052,0.027551643,21.32382085
Ept1,0.027475323,14.82362267
Spag4,0.027449883,4.597701149
Cdk5rap3,0.027424443,8.95759017
Cers5,0.02742177,34.83947681
Vdac3,0.027373563,20.57074911
Gnl2,0.027348123,19.10424098
Lrrc4b,0.027297242,19.73840666
Bmyc,0.027271802,15.4974237
Cct7,0.027220922,17.87554499
Med14,0.027119161,20.80856124
Polr1d,0.027068281,8.20451843
2700097O09Rik,0.027042841,21.24455014
2810474O19Rik,0.027017401,14.22909235
Car11,0.026941081,26.99167658
A630072M18Rik,0.026915641,2.972651605
Hdac9,0.0268902,18.74752279
D3Ertd751e,0.02686476,32.46135553
Kcnk1,0.02683932,11.45461752
Stxbp5,0.026832655,44.55013872
Med11,0.02681388,1.268331352
Gpr180,0.02678844,6.619104241
Zfp512,0.026768629,35.75108997
Zc3h12c,0.026763,19.42132382
Wdr17,0.02673756,27.98256044
Laptm4a,0.02671212,29.01307967
Alms1,0.026661239,24.13793103
Sirt1,0.026635799,7.808164883
Flcn,0.026610359,7.927070947
Slc29a2,0.026584919,2.497027348
Zfp287,0.026559479,12.20768926
Ldlr,0.026534039,25.80261593
Adamts20,0.026508599,9.195402299
Pdcl3,0.026457719,5.94530321
Cyb5r1,0.026432278,3.725723345
Rbm10,0.026406838,21.91835117
Ip6k1,0.026355958,22.67142291
Pithd1,0.026330518,7.649623464
Gm10644,0.026254198,5.707491082
Npdc1,0.026240739,35.07728894
Rab27a,0.026228758,24.13793103
Pnn,0.026203381,42.48910028
Ctbp1,0.026177877,11.33571145
Dolpp1,0.026126997,3.567181926
Gm28055,0.026101557,1.783590963
2210016L21Rik,0.026050677,23.10741181
Zbtb7c,0.026025237,15.53705906
Pou3f3,0.025999796,3.527546572
Trim46,0.025974356,29.01307967
Ptms,0.025948916,8.799048751
Tnip2,0.025923476,15.14070551
Neu1,0.025898036,9.948474039
Psma7,0.025872596,19.02497027
Tmem219,0.025847156,13.19857313
Cnbd2,0.025796276,20.53111375
Shank3,0.025770835,22.11652794
Zfp715,0.025745395,6.460562822
Zfp821,0.025669075,15.81450654
Hipk4,0.025643635,2.298850575
Numa1,0.025618195,22.39397543
Hook2,0.025604704,26.15933413
Ubr7,0.025592755,9.78993262
Gm16845,0.025567315,6.460562822
Zdhhc13,0.025516434,14.34799841
Zfp418,0.025465554,1.585414189
Cyb561,0.025440114,10.0673801
Aldh1a2,0.025414674,0.871977804
Mettl22,0.025312913,5.469678954
Rbbp6,0.025287473,28.97344431
Pmm1,0.025262033,10.89972255
Pfkl,0.025211153,13.8327388
Xirp2,0.025193798,0.237812128
Fam134b,0.025160273,23.90011891
Gm9801,0.025134833,27.30875941
Parvaos,0.025109392,0.990883868
Cenpv,0.025033072,26.7934998
Fbxo4,0.024982192,6.975822434
Crispld1,0.024931312,2.893380896
Myh6,0.024905872,3.369005153
Snrpa,0.024880431,10.18628617
Cstf3,0.024851974,46.53190646
Rufy1,0.024804111,28.29964328
Rpl10a,0.024727791,13.79310345
Irf2bp2,0.024702351,4.082441538
Gpd1,0.024676911,1.545778835
Gadl1,0.02465147,1.070154578
Map1lc3a,0.02457515,16.68648434
1810022K09Rik,0.02454971,33.53151011
Idi1,0.02452427,4.914783987
Racgap1,0.02449883,5.747126437
Tmem260,0.024422509,24.21720174
Mrps26,0.024371629,14.82362267
Celsr2,0.024346189,12.1680539
Lysmd4,0.024320749,13.43638526
Shc4,0.024295309,2.338485929
Son,0.024286224,68.29171621
Ugcg,0.024269869,14.34799841
Dnttip1,0.024244429,19.2627824
Ei24,0.024218989,21.40309156
Rhno1,0.024193548,5.628220373
Ccs,0.024117228,9.908838684
Mvp,0.024066348,2.100673801
Ptpdc1,0.024040908,7.173999207
Armcx2,0.024015468,6.02457392
Mdn1,0.024003927,36.424891
Enkd1,0.023964587,3.051922315
Ints8,0.023913707,20.65001982
Apbb1,0.023888267,20.84819659
Trmt10a,0.023837387,5.311137535
Fbf1,0.023786507,9.869203329
Rrm2b,0.023735626,11.33571145
Srsf10,0.023684746,28.8941736
Glb1l,0.023633866,3.7653587
Gemin8,0.023608426,4.201347602
Alpk2,0.023582986,2.536662703
Dennd2a,0.023557546,12.88149029
Cog1,0.023532105,11.96987713
Zfp653,0.023506665,7.015457788
Bbip1,0.023481225,26.39714625
Bscl2,0.023430345,23.0281411
Eri2,0.023404905,6.103844629
Cdc7,0.023379465,10.26555688
Mocs2,0.023354025,9.988109394
C79798,0.023328585,25.84225129
Ilf2,0.023303144,23.90011891
Uaca,0.023277704,2.298850575
Tarsl2,0.023252264,8.323424495
Rad9a,0.023226824,3.051922315
Mrps12,0.023201384,11.57352358
Gstz1,0.023150504,23.97938962
Nelfa,0.023125064,6.817281015
Dzip1l,0.023099623,5.548949663
Dpf1,0.023074183,11.53388823
Lmf2,0.023048743,2.655568767
Amd1,0.023023303,15.29924693
Cntln,0.022997863,31.54974237
Trim24,0.022972423,22.55251685
Chrna7,0.022946983,13.71383274
Tmem248,0.022921543,10.78081649
Hunk,0.022870662,8.442330559
Psma4,0.022845222,7.332540626
Gm3448,0.022768902,18.66825208
Zc3h14,0.022743462,22.27506936
Zfp583,0.022692582,3.408640507
Zdhhc5,0.022667142,6.103844629
Gm15462,0.022616261,0.039635355
Hif1a,0.022590821,16.92429647
Zfp3,0.022565381,7.808164883
Zc3h11a,0.022539941,3.567181926
Stk36,0.022514501,5.152596116
Rplp2,0.022489061,2.853745541
Ache,0.022463621,37.05905668
Baz1b,0.022438181,29.80578676
Amt,0.02241274,11.45461752
Olfr658,0.0223873,0.118906064
Cnksr1,0.02236186,0.277447483
Fam195b,0.02233642,11.41498216
Cept1,0.02231098,21.08600872
Mcrs1,0.02228554,8.402695204
Rpl31,0.0222601,3.487911217
Amn1,0.022209219,31.54974237
Icosl,0.022158339,0.475624257
Rlim,0.022132899,15.9334126
A430046D13Rik,0.022107459,2.655568767
Sos2,0.022082019,34.00713436
Meis3,0.022056579,16.32976615
Ing1,0.021980258,2.615933413
Zfp60,0.021954818,8.244153785
Acox1,0.021903938,17.39992073
Cpeb4,0.021878498,31.31193024
Ufl1,0.021853058,10.54300436
Ddx3x,0.021827618,13.63456203
Casq1,0.02182027,0.75307174
Kctd4,0.021802178,7.649623464
Gpank1,0.021776738,2.615933413
Spaca6,0.021751297,12.00951249
Dock7,0.021727871,53.19064606
Lingo1,0.021725857,13.99128022
Ccnl2,0.02170331,35.79072533
Tcp1,0.021649537,11.85097107
Gm16070,0.021624097,4.122076893
Ikbip,0.021598657,10.34482759
Megf8,0.021573217,19.06460563
Lrrc6,0.021547777,5.152596116
Zfp950,0.02152913,44.07451447
Cyp7b1,0.021471456,8.600871978
Frrs1l,0.021446016,21.99762188
Cecr2,0.021395136,2.497027348
Gm26551,0.021369696,20.21403092
Sept1,0.021344256,10.30519223
Adamts9,0.021318816,3.606817281
Gm20750,0.021293375,1.823226318
Stbd1,0.021267935,0.515259612
9330151L19Rik,0.021242495,5.350772889
Hsd17b4,0.021217055,23.14704717
Nol11,0.021166175,13.23820848
Psmc5,0.021140735,15.4974237
Sirpa,0.021115295,17.87554499
Pde6a,0.021089854,3.210463734
Gk5,0.021064414,8.95759017
Sulf2,0.021038974,21.32382085
C530008M17Rik,0.021023473,56.87673405
Ptges2,0.020937214,4.558065795
Nol4l,0.020918535,35.39437178
Cdh23,0.020911774,8.085612366
Snupn,0.020886334,13.91200951
Setdb2,0.020835453,4.51843044
Fuom,0.020810013,6.856916369
Higd2a,0.020759133,13.99128022
Camk1,0.020708253,21.20491478
Rasa4,0.020682813,7.45144669
Zfp513,0.020657373,6.183115339
Adck5,0.020606492,12.44550139
Gm13269,0.020581052,5.905667856
Ctdspl2,0.020555612,35.51327784
Gm12979,0.020530172,1.783590963
Sin3b,0.020504732,15.9334126
Ephb6,0.020479292,8.442330559
Akap17b,0.020453852,22.71105826
4921524J17Rik,0.020428412,5.152596116
Katnal2,0.020402971,17.79627428
Wbp4,0.020352091,15.14070551
2900093K20Rik,0.020326651,7.609988109
Gm42456,0.020275771,5.390408244
Bicc1,0.020250331,25.60443916
Mcur1,0.020224891,3.01228696
Haus5,0.02019945,1.50614348
Lss,0.02017401,6.539833532
Hspd1,0.02014857,12.72294887
Nub1,0.02012313,21.99762188
Slitrk3,0.02009769,5.588585018
Tet1,0.02007225,22.23543401
Cdk9,0.02004681,10.22592152
Intu,0.02002137,6.658739596
Ccnl1,0.019970489,18.78715815
Nomo1,0.019945049,9.155766944
Clcn4,0.019919609,12.64367816
Rps6ka2,0.019894169,25.4855331
Dctn6,0.019868729,11.2960761
Glt8d2,0.019843289,0.990883868
Ammecr1,0.019817849,25.68370987
Ano8,0.019792409,4.280618312
Nudt10,0.019741528,3.210463734
Rnf217,0.019716088,22.86959968
Gm17660,0.01969716,23.10741181
Ppp1r14c,0.019639768,18.11335711
Gm12905,0.019614328,10.66191042
Spdya,0.019588888,4.875148633
Cln3,0.019538008,9.591755846
Cbx5,0.019512567,35.71145462
Cuedc2,0.019487127,12.04914784
Ilf3,0.019461687,23.06777646
D2Wsu81e,0.019410807,13.31747919
Rqcd1,0.019359927,11.69242965
B4galnt1,0.019334487,7.887435593
Dclk1,0.019288766,76.49623464
Zbtb8a,0.019283606,2.576298058
Ccm2,0.019232726,19.46095918
Grem2,0.019207286,6.460562822
Stub1,0.019156406,24.05866033
Fis1,0.019105526,12.36623068
Ptcd2,0.019080085,4.003170828
Smagp,0.019054645,0.713436385
Irf2bpl,0.019029205,6.02457392
Atp5a1,0.019003765,23.62267142
Rab36,0.018978325,25.921522
Tef,0.018952885,18.35116924
Ptges3,0.018927445,17.24137931
Alg5,0.018902005,6.738010305
Dda1,0.018851124,10.62227507
Hmgcs1,0.018825684,22.39397543
Nfe2l1,0.018800244,11.41498216
Calm3,0.018774804,21.52199762
Zfp937,0.018749364,3.527546572
Reep5,0.018698484,26.71422909
Brinp2,0.018673044,22.35434007
Zfp846,0.018622163,23.90011891
Lpar1,0.018596723,4.280618312
Serpini1,0.018571283,41.61712247
Ep300,0.018554711,38.56520016
Gm28375,0.018545843,22.31470472
Guk1,0.018520403,9.988109394
Tctex1d2,0.018494963,5.905667856
Prrt4,0.018469523,2.140309156
Gm20641,0.018444083,3.963535474
Rpl22,0.018393202,8.244153785
Lancl1,0.018367762,32.10463734
Fbxl5,0.018316882,22.51288149
Commd7,0.018266002,9.591755846
Fam178a,0.018252323,37.89139913
Scpep1,0.018215122,11.09789933
4933406C10Rik,0.018189681,4.597701149
9330160F10Rik,0.018164241,4.994054697
Tprgl,0.018113361,8.640507333
Nfx1,0.018087921,29.36979786
Atf4,0.018037041,7.689258819
1700024B18Rik,0.018011601,11.77170036
Trib2,0.01796072,3.448275862
Ptger2,0.01785896,1.189060642
Zfp213,0.01783352,2.734839477
Trim6,0.01780808,0.435988902
Fam83h,0.01778264,0.75307174
Adcyap1r1,0.0177572,11.77170036
Brd7,0.017731759,16.40903686
Pde4d,0.01771802,97.38406659
Acsl1,0.017629999,22.47324614
Top1mt,0.017604559,2.893380896
Zdhhc6,0.017579119,13.51565597
Surf2,0.017553679,7.173999207
Ppm1l,0.017502798,30.36068173
BC030500,0.017451918,1.902497027
Klf8,0.017401038,18.47007531
Gm20757,0.017350158,1.704320254
Ywhaz,0.017299278,14.26872771
Cds2,0.017273837,28.53745541
Dhx40,0.017248397,11.09789933
Ppp1r16a,0.017222957,11.61315894
4931428F04Rik,0.017197517,5.905667856
Foxp2,0.017172077,13.43638526
Fam101b,0.017146637,7.689258819
1810032O08Rik,0.017121197,2.140309156
Ccdc66,0.017095757,23.78121284
1700109G14Rik,0.017070316,0.356718193
Csf2ra,0.017044876,27.30875941
Tsen15,0.017019436,6.658739596
Tro,0.016993996,23.58303607
Rnf138,0.016968556,30.79667063
Bbs1,0.016943116,4.875148633
Plcl2,0.016917676,29.80578676
Ccdc152,0.016892236,0.237812128
Plagl1,0.016866796,1.783590963
A330008L17Rik,0.016841355,13.67419738
Tgfa,0.016790475,3.170828379
Ranbp17,0.016739595,41.57748712
Gabpb1,0.016663275,12.04914784
Sdha,0.016637835,41.49821641
Tmco1,0.016612394,18.47007531
Acsl5,0.016586954,8.680142687
Rtbdn,0.016561514,10.66191042
Ndufs7,0.016536074,17.24137931
Polr3gl,0.016485194,19.89694808
Tmem179,0.016459754,20.61038446
Dmtf1,0.016408874,20.17439556
St3gal4,0.016383433,22.07689259
Tln2,0.016383056,41.26040428
Chil4,0.016357993,0.158541419
Eaf2,0.016332553,19.73840666
Eif2s2,0.016281673,23.38485929
Zcrb1,0.016256233,19.54022989
Gm42418,0.016230793,24.49464923
Sarnp,0.016205353,38.80301229
Rnf165,0.016179912,17.55846215
Aimp2,0.016154472,4.359889021
Gm30667,0.016078152,1.902497027
Dot1l,0.016027272,20.96710266
Jag2,0.015976392,3.527546572
Armc6,0.015950951,10.97899326
Fam3c,0.015925511,10.8600872
Golgb1,0.015849191,38.32738803
Snhg11,0.015833124,99.80182323
Brk1,0.015823751,17.5980975
Nsfl1c,0.015798311,9.155766944
Ebf4,0.015772871,12.40586603
Stag1,0.015770294,74.8711851
Snx2,0.015747431,15.85414189
Slc31a1,0.01569655,12.04914784
Lage3,0.01564567,22.94887039
Cmc4,0.01562023,3.250099088
Pdcd4,0.01559479,23.74157749
Pcdh19,0.01556935,32.2235434
Heca,0.01554391,6.460562822
Ip6k2,0.01551847,21.28418549
Gabpb2,0.015493029,16.05231867
Rpgr,0.015467589,17.71700357
Syngr3,0.015442149,31.58937772
Neto2,0.015416709,30.5588585
Anxa9,0.015391269,1.189060642
Dennd3,0.015289508,8.95759017
Rprd2,0.015264068,35.71145462
Rdh12,0.015238628,1.109789933
Snrpb,0.015187748,12.1680539
Rps2,0.015162308,5.311137535
Fam131b,0.015136868,2.298850575
G6pc3,0.015111428,11.81133571
Dtnbos,0.015085988,25.40626239
Sipa1l2,0.015060547,7.728894174
Tmem28,0.015009667,1.585414189
Cyb561d2,0.014984227,3.289734443
E2f7,0.014958787,0.396353547
Ypel2,0.014933347,23.38485929
Mta1,0.014907907,8.878319461
Selm,0.014882467,23.58303607
Cep68,0.014857027,14.94252874
Rab3a,0.014831586,26.67459374
Mapk3,0.014806146,7.847800238
Rnf182,0.014780706,12.56440745
Ccdc151,0.014755266,3.884264764
Nxph2,0.014729826,3.250099088
Pisd,0.014704386,8.838684106
Dnah8,0.014678946,2.179944511
Relt,0.014653506,2.93301625
Lrrc4,0.014628066,17.28101467
3110056K07Rik,0.014602625,20.57074911
2810001G20Rik,0.014551745,4.597701149
Il10rb,0.014526305,1.466508125
Wipf2,0.014475425,28.93380896
Orc3,0.014449985,19.97621879
March4,0.014424545,23.74157749
Smarca5,0.014399105,21.3634562
Sepw1,0.014373664,27.2294887
Ppox,0.014322784,10.66191042
Prdx5,0.014297344,17.04320254
Rundc3b,0.014246464,36.7816092
Gm29650,0.014221024,2.25921522
Lrba,0.014192598,68.52952834
Drap1,0.014119263,9.03686088
Inpp5f,0.014093823,21.40309156
Nucb2,0.014068383,10.22592152
Ssb,0.014042943,21.40309156
RP23-430B14.2,0.014017503,20.0554895
Supt20,0.013992063,28.85453825
Prr13,0.013966623,11.81133571
Rbck1,0.013941182,8.600871978
Gm15440,0.013915742,9.71066191
Drg1,0.013911938,58.38287753
Adamts12,0.013890302,4.51843044
Mospd3,0.013864862,10.62227507
Gm1661,0.013839422,1.50614348
Igsf11,0.013813982,8.244153785
Snrnp35,0.013737662,4.240982957
Gm3558,0.013712221,2.893380896
Man2c1os,0.013686781,22.07689259
Uox,0.013661341,0.356718193
Caskin1,0.013635901,17.47919144
Foxred2,0.013585021,4.201347602
1520401A03Rik,0.013559581,0.792707095
Hnrnpc,0.013534141,32.69916766
Cdk2ap2,0.013508701,5.152596116
Pi4kb,0.01348326,26.43678161
Atp5b,0.01345782,38.16884661
Abcf3,0.01343238,9.472849782
Ankrd33b,0.0133815,1.823226318
Crip2,0.01335606,6.02457392
Nlgn2,0.01333062,14.66508125
Ywhab,0.01330518,15.18034086
0610030E20Rik,0.013279739,8.244153785
Zc3h7b,0.013254299,22.90923504
Fbxl19,0.013228859,15.97304796
Gm12374,0.013203419,1.228695997
Mn1,0.013177979,1.942132382
Myo9b,0.013152539,22.94887039
Zfp286,0.013127099,9.472849782
Ctnna1,0.013101659,8.323424495
Srsf1,0.013076219,30.47958779
Ncam2,0.01306861,88.38684106
Ddx3y,0.013050778,24.692826
G630016G05Rik,0.013025338,8.917954816
0610007P14Rik,0.012999898,17.1621086
Dnajc12,0.012974458,6.936187079
Borcs7,0.012949018,9.433214427
Gm44151,0.012898138,24.17756639
Stmn4,0.012872698,22.43361078
Rasgrf2,0.012847258,30.32104637
P4htm,0.012821817,26.19896948
Fez1,0.012796377,21.04637337
Gatad1,0.012770937,7.094728498
Eif4a1,0.012745497,20.13476021
Top2b,0.012720057,20.21403092
Letm2,0.012694617,36.14744352
Chchd6,0.012669177,28.49782006
Cul4b,0.012643737,17.79627428
Spef2,0.012592856,2.457391994
Ndufv2,0.012541976,20.9274673
Dram2,0.012516536,13.15893777
Mthfd2l,0.012491096,13.51565597
Nt5c2,0.012465656,44.47086801
C330018D20Rik,0.012440216,4.478795085
Ppp6r3,0.012414776,38.48592945
Txn1,0.012389336,11.33571145
Fli1,0.012363895,0.951248514
B230219D22Rik,0.012338455,11.05826397
Polr3d,0.012313015,5.152596116
Mecp2,0.012236695,36.34562029
Ggct,0.012211255,2.179944511
Srr,0.012185815,33.80895759
Fam195a,0.012160374,2.457391994
Mga,0.012134934,33.21442727
Vamp4,0.012084054,30.71739992
Pfn2,0.012058614,15.41815299
Nlrp4c,0.012033174,1.783590963
5730559C18Rik,0.012007734,1.149425287
H2afy,0.011982294,17.51882679
Paqr9,0.011956854,7.015457788
Gadd45g,0.011931413,7.966706302
Fstl3,0.011905973,2.021403092
Gng3,0.011855093,21.20491478
U2af2,0.011829653,10.4240983
6430628N08Rik,0.011804213,0.158541419
Cgrrf1,0.011778773,5.747126437
Stambpl1,0.011727893,17.32065002
Sgce,0.011702452,37.01942132
Klhl7,0.011677012,43.55925486
6330562C20Rik,0.011651572,6.619104241
Acp6,0.011626132,10.62227507
Slc39a3,0.011575252,5.628220373
Gm26606,0.011549812,12.88149029
Lrpap1,0.011540787,29.01307967
Pde2a,0.011524372,13.04003171
Gm26692,0.011498932,0.792707095
Ssr4,0.011473491,20.37257233
Elk4,0.011448051,4.914783987
Svopl,0.011422611,3.170828379
Foxn3,0.011371731,33.65041617
Cgref1,0.011346291,8.640507333
Gpr19,0.011320851,9.076496235
1700010K24Rik,0.011295411,4.835513278
Stard4,0.01126997,4.359889021
Pgd,0.01124453,4.795877923
Armc2,0.01121909,10.02774475
Wdr90,0.01119365,3.7653587
Pmvk,0.01116821,14.189457
Osbpl5,0.01114277,7.292905272
Trappc4,0.01111733,13.19857313
Slc24a5,0.01109189,35.63218391
Ly6e,0.01106645,9.988109394
Tmem243,0.011041009,38.28775268
Ehhadh,0.011015569,9.155766944
Pofut1,0.010990129,17.32065002
Pla2g4e,0.010939249,20.80856124
Scube3,0.010913809,2.061038446
Mttp,0.010888369,29.84542212
Zfp292,0.010862929,31.54974237
Rpia,0.010837489,6.738010305
Nop58,0.010812048,11.25644075
Sp4,0.010786608,18.66825208
Gba2,0.010761168,10.26555688
Fam160a2,0.010735728,10.30519223
Gm12962,0.010716137,0.079270709
Svop,0.010684848,40.9829568
Pik3ip1,0.010659408,9.869203329
Os9,0.010608528,17.87554499
Myl6,0.010557647,39.43717796
Spata16,0.010506767,3.051922315
D930015E06Rik,0.010455887,18.50971066
Actg1,0.010430447,19.65913595
Zfp28,0.010405007,4.161712247
Zscan26,0.010379567,36.97978597
Tox2,0.010354126,17.20174396
Ccdc34,0.010303246,13.19857313
Pcyox1,0.010277806,10.70154578
Zdhhc16,0.010226926,5.94530321
Ipo9,0.010201486,22.31470472
Ccdc57,0.010176046,27.07094728
St8sia3,0.010150605,8.640507333
Fam69c,0.010125165,0.594530321
Gm26836,0.010099725,30.79667063
Nphp3,0.010074285,5.033690052
Cdk4,0.010023405,7.292905272
Fam174a,0.009972525,12.36623068
Rpl6,0.009947085,19.50059453
Tmem45a,0.009921644,0.871977804
Prkacb,0.009870764,32.34244946
Irgm1,0.009845324,0.792707095
Eri3,0.009794444,38.56520016
Mtmr1,0.009743564,24.89100277
Phf10,0.009718124,6.420927467
Katnbl1,0.009692683,7.055093143
Gm28539,0.009641803,12.36623068
Hadhb,0.009616363,15.73523583
Ddah2,0.009590923,2.100673801
Scd2,0.009565483,29.29052715
Adam5,0.009540043,2.219579865
Gstcd,0.009514603,10.74118113
Gm20721,0.009489163,3.369005153
Wsb1,0.009463722,41.26040428
Cyld,0.009438282,25.921522
Maml2,0.009412842,7.134363853
Ptcra,0.009387402,1.466508125
Impa2,0.009361962,3.289734443
Rmi1,0.009336522,2.100673801
Col13a1,0.009311082,0.673801031
Frmd8os,0.009285642,0.435988902
Calm1,0.009260201,45.81847008
Nts,0.009234761,3.923900119
Btf3l4,0.009209321,8.481965914
Gm17135,0.009183881,5.509314308
1700023F02Rik,0.009158441,1.109789933
Cndp1,0.009107561,1.466508125
Arfgef3,0.009082121,37.77249306
Slc35b4,0.009056681,3.527546572
Hnrnpa2b1,0.00903124,35.9889021
2810004N23Rik,0.0090058,9.195402299
Rpusd4,0.00898036,1.942132382
Klhdc1,0.00895492,14.46690448
Slc25a42,0.00892948,8.997225525
Gc,0.00890404,1.307966706
Palm,0.0088786,21.40309156
2310040G07Rik,0.00885316,7.570352755
Zfp641,0.00882772,14.70471661
Htra2,0.008802279,13.55529132
Tex9,0.008776839,14.98216409
Atpif1,0.008700519,46.09591756
Atp7a,0.008649639,16.96393183
Eif2ak4,0.008624199,21.95798652
Tmem41a,0.008573318,2.497027348
Mrpl52,0.008547878,8.799048751
Suz12,0.008522438,21.52199762
Tenm3,0.008513446,70.03567182
Gm12320,0.008496998,0.990883868
Gm2694,0.008471558,4.637336504
Cep170,0.008446118,29.05271502
Atp2c1,0.008420678,47.12643678
Gart,0.008395238,12.32659532
Fgd4,0.008369797,44.07451447
Mboat7,0.008344357,18.86642885
Cep250,0.008318917,21.16527943
Chst2,0.008293477,2.576298058
Sh3bgrl3,0.008268037,9.076496235
Nono,0.008242597,11.96987713
Bad,0.008217157,6.341656758
Tma7,0.008191717,21.3634562
Pold3,0.008166277,8.164883076
Gm2897,0.008140836,4.914783987
Pdpn,0.008115396,1.545778835
Nfu1,0.008064516,12.64367816
Gm42413,0.008039076,7.847800238
Crlf2,0.007988196,9.274673008
Scara5,0.007962756,1.109789933
Aprt,0.007911875,6.856916369
Stk32c,0.007886435,7.728894174
Endog,0.007860995,3.487911217
Sun1,0.007835555,16.64684899
Pea15a,0.007810115,15.14070551
Maz,0.007759235,7.491082045
Gm13830,0.007733795,15.29924693
Tceb1,0.007708355,10.8600872
Mtch1,0.007682914,24.49464923
Car2,0.007657474,8.878319461
Crhr2,0.007606594,1.902497027
Zfp956,0.007581154,12.20768926
0610040B10Rik,0.007555714,5.984938565
Mycbp,0.007530274,17.1621086
Pih1d2,0.007453953,1.149425287
Krba1,0.007352193,11.17717004
Ror1,0.007301313,5.033690052
Gm3248,0.007275873,6.500198177
Tmem5,0.007250432,11.89060642
Usmg5,0.007224992,17.47919144
Gm14330,0.007199552,1.347602061
Synpo2,0.007148672,4.43915973
Coq10b,0.007123232,5.786761792
Fam69b,0.007097792,12.56440745
Hexb,0.007072352,12.24732461
Mios,0.007046912,15.77487119
Abi2,0.007021471,44.27269124
Lrfn1,0.006996031,11.41498216
AI593442,0.006970591,9.195402299
Ung,0.006919711,0.475624257
Hcn2,0.006894271,10.26555688
Emc10,0.006843391,31.15338882
1110046J04Rik,0.006817951,19.85731272
Abca8a,0.00676707,1.585414189
Trp53bp1,0.00674163,35.31510107
Ehd1,0.00669075,2.298850575
Adsl,0.00666531,7.094728498
Frmd3,0.00663987,42.33055886
Ilkap,0.00661443,10.66191042
Cacnb4,0.00658899,59.25485533
Cd52,0.006563549,3.408640507
Ccl8,0.006538109,0.079270709
4930599N23Rik,0.006512669,5.19223147
Gm11149,0.006487229,4.558065795
Slc1a4,0.006436349,12.64367816
Ptpra,0.006410909,33.0955212
Mzf1,0.006385469,4.676971859
4933405D12Rik,0.006360028,1.50614348
Gabrg2,0.006334588,32.50099088
Mrps15,0.006283708,12.00951249
Sncg,0.006258268,28.06183115
Tmem126a,0.006232828,55.41022592
Abcb10,0.006181948,15.14070551
Ehmt2,0.006156508,16.09195402
Ctc1,0.006131067,8.125247721
Dph3,0.006105627,5.628220373
Prrg3,0.006080187,3.804994055
Slc50a1,0.006054747,23.74157749
Plch2,0.006029307,1.743955608
B4galt2,0.006003867,4.359889021
Gm11110,0.005978427,2.378121284
Lrguk,0.005952987,6.143479984
Hexa,0.005927547,13.8327388
Trim26,0.005902106,16.76575505
Oaz1,0.005876666,39.59571938
Ctps,0.005851226,7.372175981
Ankrd10,0.005825786,23.22631788
Nup210,0.005800346,13.27784384
Gm20708,0.005774906,3.7653587
Sdk2,0.005749466,21.87871581
Pfdn6,0.005724026,8.045977011
Tceal5,0.005698586,10.0673801
Minos1,0.005673145,18.19262782
Tspyl2,0.005622265,27.18985335
Cpa4,0.005596825,0.317082838
Ecm1,0.005571385,1.585414189
Ccdc107,0.005545945,16.52794293
Flywch1,0.005520505,18.98533492
Hmcn1,0.005495065,5.112960761
Eef2,0.005469625,21.52199762
Dcun1d5,0.005444184,20.25366627
Gm11690,0.005418744,0.039635355
Rdh13,0.005393304,7.728894174
Ppp3cb,0.005367864,29.72651605
Cxadr,0.005342424,10.34482759
B4galt1,0.005316984,6.262386048
Smc2os,0.005291544,1.070154578
Zcchc11,0.005266104,54.8156956
Gm16897,0.005240663,1.704320254
Cers4,0.005215223,41.97384067
Iqck,0.005189783,4.478795085
Spats2l,0.005164343,22.71105826
Itgb8,0.005138903,6.856916369
Ptp4a3,0.005113463,5.19223147
Il13ra1,0.005088023,7.094728498
Zfp532,0.005062583,40.46769719
Dnaja1,0.005037143,19.46095918
Aida,0.005011702,11.13753468
Ptprf,0.004935382,22.39397543
AW554918,0.004909942,33.80895759
Usp9x,0.004884502,49.98018232
Hmgcr,0.004859062,14.54617519
Slc38a1,0.004833622,33.05588585
Lig1,0.004808182,7.847800238
Pdzd7,0.004782741,3.804994055
Cxxc4,0.004757301,21.91835117
Srd5a2,0.004731861,0.475624257
Mfap2,0.004706421,5.548949663
Pwwp2a,0.004655541,17.55846215
Mrpl11,0.004630101,4.914783987
Smlr1,0.004604661,0.079270709
Sema4f,0.004579221,7.649623464
Asphd1,0.00455378,7.5307174
Cnot6l,0.00452834,22.67142291
Kcnt2,0.0045029,46.13555291
Angel2,0.00447746,16.60721363
Tmed4,0.00445202,14.74435196
Orc1,0.00442658,5.588585018
Smyd5,0.00440114,11.09789933
Macrod2os1,0.0043757,2.695204122
Smarce1,0.004350259,6.302021403
Hist3h2ba,0.004324819,6.302021403
9230110C19Rik,0.004273939,10.50336901
Fam118a,0.004248499,8.600871978
Sfmbt1,0.004223059,33.49187475
Bcs1l,0.004197619,12.56440745
Dpm2,0.004172179,15.02179945
Ogfod1,0.004146739,27.2294887
Chchd4,0.004121298,9.353943718
Nr1d1,0.004095858,1.823226318
Vrk2,0.004044978,2.061038446
Cd24a,0.004019538,4.161712247
Hsdl1,0.003994098,6.856916369
Rhobtb1,0.003968658,10.50336901
Fam213a,0.003943218,15.0614348
Gm26973,0.003917778,0.317082838
Gm10684,0.003892337,15.89377725
Hspb11,0.003866897,9.195402299
Srsf5,0.003841457,42.21165279
Hypk,0.003790577,9.631391201
Gm27003,0.003765137,8.561236623
Tmem107,0.003739697,7.292905272
Tet2,0.003714257,24.49464923
Cox6a1,0.003688817,30.40031708
4930524B15Rik,0.003663376,0.277447483
1110002L01Rik,0.003637936,8.085612366
Fbxw4,0.003612496,35.71145462
Ranbp1,0.003587056,13.75346809
Lypd1,0.003561616,2.853745541
RP23-106P7.5,0.003536176,1.585414189
Fam149a,0.003510736,2.655568767
Suclg2,0.003485296,4.201347602
Rac3,0.003459856,10.50336901
E130304I02Rik,0.003434415,1.228695997
Gm12942,0.003408975,2.774474832
Eif1b,0.003383535,12.48513674
Apbb2,0.003358095,56.00475624
Meis1,0.003332655,48.55330955
Gm26981,0.003307215,9.235037654
Donson,0.003281775,3.7653587
Slc16a12,0.003256335,1.228695997
Fbxo25,0.003230894,14.14982164
Tmem45a2,0.003205454,0.475624257
Traf5,0.003180014,20.21403092
Atrx,0.003154574,52.51684503
2210408I21Rik,0.003129134,52.12049148
Cyb5a,0.003103694,10.74118113
Nox3,0.003078254,0.237812128
Tcf20,0.003052814,57.62980579
Cntnap3,0.003027374,6.143479984
Lta4h,0.003001933,8.917954816
Clmn,0.002976493,11.05826397
Rgs13,0.002951053,0.515259612
Fam174b,0.002925613,2.417756639
Tmem138,0.002900173,9.948474039
Tpd52,0.002874733,15.18034086
Edf1,0.002849293,16.60721363
Traf3ip3,0.002823853,0.475624257
Ppp1ca,0.002772972,8.878319461
Diras2,0.002747532,2.536662703
Hmgn3,0.002722092,31.70828379
Sntg2,0.002696652,5.112960761
Pfas,0.002671212,9.829567975
Eef1g,0.002645772,18.11335711
Adamts3,0.002620332,8.917954816
Fdx1l,0.002569452,5.94530321
Nt5c3,0.002544011,7.927070947
Zfp518a,0.002518571,7.45144669
Dhrs13,0.002493131,4.676971859
Furin,0.002467691,7.134363853
Gm8237,0.002442251,3.408640507
Epb41l4b,0.002416811,35.79072533
Gabra3,0.002391371,33.72968688
Smpd2,0.002365931,4.795877923
Tprkb,0.00234049,10.46373365
Gm27008,0.00228961,3.210463734
Ncdn,0.00226417,15.9334126
Snap47,0.00223873,25.04954419
Comtd1,0.00221329,6.02457392
Dio2,0.00218785,0.277447483
Gm4221,0.00216241,5.628220373
Tnc,0.00213697,0.673801031
Pde1c,0.002111529,38.24811732
Pcgf2,0.002086089,10.82045184
Tmem100,0.002060649,2.298850575
Mup6,0.002035209,0.951248514
Sycp2l,0.002009769,1.189060642
Prrxl1,0.001984329,2.734839477
Zan,0.001958889,3.923900119
Lrrn1,0.001908009,8.006341657
Vopp1,0.001882568,17.00356718
Dusp3,0.001857128,11.2960761
Tmem67,0.001831688,10.22592152
Cacybp,0.001806248,9.591755846
Moxd1,0.001780808,0.277447483
2810471M01Rik,0.001755368,0.158541419
Tspan31,0.001729928,6.896551724
Rundc1,0.001704488,6.817281015
Sdr39u1,0.001679048,4.756242568
Gm26936,0.001628167,1.743955608
Adgre1,0.001602727,1.307966706
Rap2b,0.001577287,1.783590963
Gm13660,0.001551847,0.237812128
2610002M06Rik,0.001526407,5.469678954
Rtp4,0.001475527,0.990883868
Glrx2,0.001450086,9.274673008
Slco6d1,0.001424646,1.030519223
Aard,0.001399206,3.131193024
Pxdc1,0.001373766,0.673801031
Creb3l2,0.001348326,16.32976615
6330418K02Rik,0.001322886,1.387237416
4930432K21Rik,0.001297446,10.0673801
Msmo1,0.001272006,23.74157749
Lyn,0.001246566,23.58303607
4732419C18Rik,0.001221125,0.594530321
Cbx7,0.001195685,13.27784384
Ufsp1,0.001170245,3.725723345
Prickle1,0.001144805,57.7090765
Ap4m1,0.001119365,6.222750694
Xrcc1,0.001093925,6.143479984
Cct4,0.001068485,10.30519223
Matr3,0.001043045,27.50693619
Ophn1,0.001017605,33.8882283
Gm20045,0.000992164,6.103844629
Shmt2,0.000966724,3.7653587
Prmt6,0.000941284,1.942132382
Dnajb5,0.000915844,4.042806183
Kcnc4,0.000890404,7.808164883
Fam109a,0.000864964,2.814110186
Hdac5,0.000788644,11.732065
Ccdc40,0.000763203,4.756242568
Scai,0.000737763,46.45263575
Slc7a12,0.000712323,0.079270709
Csrnp3,0.000686883,58.89813714
Sspn,0.000636003,1.664684899
Zfp157,0.000610563,17.47919144
4930590L20Rik,0.000585123,22.1561633
Frg1,0.000559683,16.96393183
Gm20186,0.000534242,1.664684899
Hsbp1,0.000508802,15.10107015
Bpifc,0.000483362,0.396353547
Kcnn3,0.000457922,19.6987713
Ccni,0.000432482,18.90606421
Gnptg,0.000407042,13.11930242
Rars2,0.000381602,35.47364249
Zfp414,0.000356162,14.78398732
Spcs2,0.000330721,27.74474832
Cml3,0.000305281,1.585414189
Aplp2,0.000279841,36.38525565
Atp6v0b,0.000254401,61.67261197
Cnot6,0.000228961,22.19579865
Mapk8ip1,0.000203521,19.42132382
4930579F01Rik,0.000178081,0.039635355
Ubxn11,0.000152641,18.62861673
Phldb2,0.000127201,2.893380896
Ist1,7.63203E-05,14.94252874
Traip,5.08802E-05,2.853745541
Doc2g,2.54401E-05,1.783590963