gene,cellex_score,expr_proportion
Wnt16,0.995524492,5.199189737
Slc38a11,0.995142806,22.38352465
Lhfpl2,0.993702065,32.88318704
Mtap7d3,0.992886971,6.482106685
Angpt1,0.99203616,50.3713707
Pde5a,0.991073629,50.23632681
Mndal,0.98989206,6.178257934
Myo7a,0.988600928,18.06212019
Pde3a,0.988171366,46.25253207
Gulo,0.98785774,6.684672519
Gm14264,0.987742674,8.203916273
Pdia5,0.987543728,40.78325456
Fign,0.985721955,80.72248481
Gm17473,0.984584412,3.342336259
4930579H20Rik,0.984516189,2.228224173
Lama2,0.981813846,39.60162053
Atp2c2,0.980851009,4.929101958
Exph5,0.980414701,6.448345712
Gm28836,0.979958568,6.009453072
1700112E06Rik,0.978613283,62.9304524
Adam12,0.977869189,46.45509791
Cmtm8,0.977161859,6.212018906
Esyt3,0.976973995,16.47535449
Gm13582,0.976469024,1.45172181
Plscr4,0.976061872,36.09047941
Nr4a2,0.975618108,21.67454423
Acacb,0.97452097,14.95611074
Zim1,0.974375694,38.52126941
Tbx20,0.973381828,23.39635381
Slc9b2,0.97320266,17.3193788
Cul4b,0.97314906,41.32343011
Tmem26,0.973118481,19.78392978
Vit,0.972820206,13.23430115
Prtg,0.972130222,32.61309926
Cdk15,0.971676354,4.65901418
Jag1,0.971657017,7.29237002
Kcnj5,0.97133437,2.734638758
Plac8l1,0.970779784,4.895340986
Neurl3,0.969666228,1.586765699
Galnt3,0.968582187,4.355165429
Snca,0.968480174,85.31397704
Wls,0.968399987,50.6076975
Runx1,0.967580042,13.5381499
Rdh12,0.967289354,3.578663065
Plscr1,0.967016208,7.629979743
6530411M01Rik,0.966734757,2.498311951
Gm12781,0.966370377,3.848750844
Gimap6,0.964766916,4.118838623
Onecut2,0.964211943,29.10195814
Gm13601,0.963165729,1.080351114
5730559C18Rik,0.961881545,3.814989872
Sema3c,0.961133854,36.52937205
Islr2,0.960987798,0.607697502
A4galt,0.96086929,23.63268062
Cebpe,0.959887037,0.810263336
Samd9l,0.959445046,4.591492235
Masp1,0.958423438,11.5800135
Mgam,0.958412176,4.456448346
P2rx2,0.958336792,6.785955436
Cmtm7,0.958240397,3.916272789
Cyyr1,0.95822779,19.58136394
Col16a1,0.957771649,15.22619851
Sema5b,0.957561452,22.48480756
Ankle1,0.957316662,1.417960837
Prss12,0.957037548,14.01080351
Card11,0.956986623,5.09790682
Teddm3,0.956618652,1.485482782
Chat,0.956374294,47.33288319
Slc9b1,0.955946661,5.131667792
Ssc5d,0.955635491,5.53679946
Npffr2,0.954499757,32.71438217
Hk2,0.953526977,7.596218771
Col5a3,0.953298972,12.82916948
Slco2a1,0.953264044,18.73733964
Vill,0.953038136,1.654287643
Prph,0.952218347,60.7359892
Gucy2c,0.952075866,2.126941256
Msn,0.950997033,30.18230925
Osbpl3,0.950638181,22.6873734
3300002A11Rik,0.950536454,33.35584065
Greb1,0.95036679,9.453072248
Mill2,0.950102853,18.63605672
Gm3294,0.949700684,22.65361242
Prima1,0.947949104,13.47062795
Atp10a,0.947823423,25.21944632
Ntng2,0.947527437,30.82376772
Adgrv1,0.947484895,18.36596894
Gm2990,0.947074933,7.528696826
1700023F02Rik,0.947031552,3.004726536
4933405D12Rik,0.946307925,4.625253207
Agmo,0.946304222,12.08642809
Glis1,0.946055176,19.71640783
Ddah2,0.945471687,6.043214045
Schip1,0.945042378,25.89466577
Gm12082,0.943678979,11.30992573
Tbx3,0.943625075,4.827819041
Ankrd36,0.943521868,9.790681972
Adam34,0.943445832,3.443619176
Nppb,0.943408383,4.557731263
Gm28342,0.942888974,1.519243754
Agtr1b,0.942194474,3.106009453
C030007H22Rik,0.94212483,3.274814315
Irf5,0.941376605,1.958136394
Rasa4,0.941149911,20.08777853
Btk,0.939772127,5.9756921
5430403G16Rik,0.93976432,14.28089129
Adh4,0.937935546,1.384199865
Neat1,0.93779264,51.55300473
Gm28523,0.937130893,1.417960837
Rasl10a,0.935754653,5.401755571
Abcg2,0.935714411,20.52667117
Pdgfd,0.934076189,14.98987171
Cpq,0.933736467,59.04794058
Vtcn1,0.933676986,4.625253207
5031425F14Rik,0.933659302,0.607697502
Zbtb7c,0.933460729,36.76569885
Gm29374,0.930844054,6.583389602
Trim68,0.930303016,11.85010128
Dysf,0.93014632,26.97501688
Gm13571,0.929304259,1.012829169
Prr16,0.928983357,92.53882512
Gm12756,0.928937339,1.75557056
Qrfpr,0.927461855,13.70695476
Bace2,0.927265619,14.5172181
Cnpy1,0.927007539,4.355165429
Gm12536,0.926757006,3.173531398
Slc25a43,0.926617335,6.718433491
Arhgap10,0.926409578,19.88521269
1700057H15Rik,0.925854917,3.983794733
Nrip1,0.925581992,41.52599595
Ceacam10,0.925551773,0.675219446
Asb2,0.925298736,4.051316678
Sp7,0.923918045,1.89061445
Cyp4v3,0.923205306,7.933828494
Gm43477,0.922308175,3.578663065
Caps2,0.922252673,2.32950709
Pxmp2,0.92220212,7.123565159
Gm10373,0.921790331,6.178257934
Stx1a,0.921055612,38.48750844
Capn13,0.919746667,0.87778528
Cobll1,0.91910686,10.7359892
Onecut3,0.918466857,3.950033761
Ggta1,0.918240269,6.144496962
Clic1,0.917880219,17.48818366
Pip4k2a,0.916383964,35.61782579
Slitrk5,0.91601553,24.20661715
Keg1,0.915125176,2.025658339
C77080,0.91482189,11.88386226
Phactr2,0.914612815,28.56178258
Hnf4g,0.913788865,18.9061445
Gm30524,0.913627352,6.819716408
Slc5a11,0.91295871,5.09790682
BC068281,0.912769356,12.72788656
Snhg18,0.912222176,2.937204591
Il15ra,0.912005207,13.40310601
Ntn1,0.910545919,6.988521269
Ush1c,0.908900409,8.912896691
Slc18a2,0.908331095,15.02363268
Slc7a7,0.907813905,2.700877785
Cndp1,0.90759938,4.08507765
Mroh3,0.906937503,1.688048616
Slc5a7,0.906497445,52.22822417
Fkbp1b,0.905333245,10.93855503
Figf,0.905252037,5.401755571
Hcrtr2,0.903511713,25.1181634
Gm13481,0.903497403,17.82579338
Pappa,0.903250139,20.35786631
Gm20649,0.902586489,8.271438217
Wnt9a,0.902102765,2.970965564
Dppa2,0.901809497,0.810263336
Gm26532,0.900765816,9.453072248
Syt17,0.899912368,46.32005402
Dkkl1,0.899702721,4.08507765
Tmprss7,0.899671423,4.929101958
Sync,0.898785741,15.53004727
1110002O04Rik,0.898513694,0.911546253
Dubr,0.897334391,5.874409183
Plp2,0.897216298,2.126941256
Gm12057,0.896977035,16.23902768
Otog,0.896485544,1.688048616
Ppm1j,0.895517655,4.490209318
Plod2,0.894195181,11.47873059
Chrna5,0.894044426,4.456448346
Pdgfc,0.893916737,35.51654288
Gm15934,0.893751631,1.89061445
Hrk,0.893647544,6.009453072
Kcng1,0.893044889,7.157326131
2700038G22Rik,0.892786418,6.347062795
Pqlc3,0.891151607,1.350438893
Fam150b,0.890513226,6.347062795
Fam196a,0.889902471,10.09453072
Crim1,0.889376487,60.93855503
Htr2a,0.888469634,14.7535449
Lgals9,0.886231676,2.937204591
Trim36,0.885942442,8.406482107
Mapk11,0.885935098,32.91694801
Itgb6,0.885494346,4.118838623
Gm10814,0.885328495,2.093180284
Best3,0.884475049,1.45172181
A430105I19Rik,0.884354194,3.038487508
Gm37035,0.88325508,1.080351114
Cckar,0.882708651,3.848750844
Trim6,0.881925136,1.249155976
1700027F09Rik,0.88188405,0.236326806
Mvp,0.881832562,4.490209318
A730056A06Rik,0.881802473,7.258609048
Manba,0.881332411,40.34436192
Rgma,0.880806133,27.34638758
1700066B19Rik,0.880300397,9.588116138
Mvk,0.880056984,9.115462525
Pglyrp2,0.875899008,0.236326806
Slc6a3,0.875337646,0.945307225
Rph3al,0.87522197,27.98784605
Myo1b,0.874203475,35.4827819
Gm12963,0.873952175,2.869682647
C130060K24Rik,0.873163009,7.494935854
Slco6d1,0.87267528,2.32950709
4930452B06Rik,0.872417086,15.86765699
Xirp2,0.87235978,0.810263336
Gm19705,0.872151837,8.136394328
Kcna5,0.87209665,8.001350439
D930028M14Rik,0.871614186,2.700877785
Dse,0.870941605,16.44159352
Sytl2,0.8701284,19.54760297
Chst8,0.870005308,34.30114787
Piezo2,0.870003284,9.588116138
Gm7221,0.869370618,10.19581364
Col13a1,0.869172746,1.417960837
Olfml2b,0.869102879,7.933828494
Gm26658,0.868770001,7.29237002
Pi4k2b,0.868185453,4.355165429
Rab3d,0.868096962,5.131667792
Nr2f1,0.867868792,13.33558406
Igsf21,0.86781151,25.1181634
Akap3,0.867650988,1.080351114
Epb41l4a,0.867486827,21.37069548
Abcb1a,0.867020979,3.342336259
Mlip,0.865620028,6.515867657
Sfxn3,0.865587714,27.58271438
Prkcd,0.865479647,7.629979743
Exd1,0.865209667,7.224848076
Eda2r,0.863889619,2.532072924
Scube1,0.863846287,14.92234976
Chrna3,0.863525924,17.75827144
RP23-178C20.4,0.862875811,0.270087779
Ablim1,0.862355833,83.15327481
Tiam2,0.862095046,8.74409183
Samd13,0.861890747,2.025658339
Sctr,0.861777973,8.001350439
Spsb2,0.86139653,5.435516543
RP24-158L15.3,0.859874326,0.810263336
Ccdc170,0.858640969,3.511141121
Klhl13,0.857877558,25.7258609
Herc6,0.857668164,12.66036462
Klf3,0.857537785,9.925725861
Tbx3os1,0.857341548,6.617150574
Kcp,0.856762222,3.477380149
A430073D23Rik,0.856752028,7.191087103
Fat4,0.856293582,19.58136394
Gm12649,0.855660817,4.794058069
Chrnb4,0.855166337,6.617150574
Nos1,0.854676674,21.1006077
Krt7,0.854316406,0.776502363
Gm11186,0.853595648,0.979068197
Tmcc3os,0.853286435,1.147873059
Cdh8,0.853000344,58.44024308
Htr4,0.852876651,19.85145172
Lst1,0.851708257,2.532072924
Mab21l3,0.851545353,3.308575287
Nln,0.851181849,26.36731938
Cfap61,0.850585795,14.65226199
A230087F16Rik,0.850447548,15.56380824
Slc31a2,0.850297127,10.43214045
Jph1,0.848996009,9.62187711
A930016O22Rik,0.848828224,8.271438217
Myo15,0.847555104,17.5557056
Pepd,0.847534435,19.81769075
6720489N17Rik,0.847436108,11.10735989
Gm14216,0.847312507,1.147873059
Ptpn3,0.8472506,34.84132343
Defb42,0.847000041,1.249155976
Gm10101,0.846804061,0.979068197
Ecel1,0.84661422,39.73666442
4930539E08Rik,0.845966121,2.397029034
Trim16,0.84551774,2.667116813
Pvrl3,0.844841462,17.62322755
Xlr3b,0.844786011,10.80351114
Slc22a18,0.844365441,1.181634031
Rai14,0.844357936,6.85347738
Bbc3,0.844097132,4.08507765
Bpifb9a,0.843027386,0.540175557
Fbn2,0.842346412,19.37879811
Gm28376,0.841580651,18.56853477
Elfn1,0.841126392,12.25523295
Lima1,0.840592188,37.91357191
Gm28182,0.840526128,0.573936529
Gm13054,0.840180985,2.261985145
Npnt,0.840059135,2.025658339
Slc47a1,0.839796456,3.443619176
Mapk15,0.838309187,5.773126266
Adcy2,0.838124737,77.54895341
Gabra4,0.837620393,27.54895341
Adamts20,0.837579932,14.7535449
Slit3,0.837549201,86.15800135
Nek8,0.837341012,4.52397029
Gm12484,0.837101626,0.979068197
Ltbr,0.836106175,2.059419311
Ctnna1,0.835704605,16.77920324
Pgr15l,0.834703762,3.578663065
Pisd,0.834379662,16.91424713
A830082K12Rik,0.83390541,35.41525996
Fn1,0.833668532,3.477380149
Fgd5,0.83325235,22.72113437
Gm14635,0.833161483,4.929101958
Birc3,0.832628504,4.557731263
Elavl2,0.832482609,93.99054693
Gm16573,0.832236242,7.629979743
Vmn2r85,0.831584415,12.49155976
C130013H08Rik,0.829910433,1.417960837
Aacs,0.829405324,28.2916948
Apobec1,0.829340899,5.232950709
A930012L18Rik,0.829180534,3.882511816
Zfp947,0.828064283,4.152599595
Gnb3,0.827269717,5.09790682
Tcf7l1,0.827252918,2.498311951
Mboat1,0.827127904,3.916272789
Met,0.827068261,6.920999325
Lss,0.826997468,11.85010128
Lmo4,0.826607354,24.44294396
Gm26771,0.826019845,6.515867657
Gm26797,0.825519873,1.789331533
Sdr42e1,0.825024169,4.895340986
Gm9888,0.825021861,0.236326806
Cmbl,0.824991633,6.245779878
Gstm6,0.824622316,3.072248481
Nr1i3,0.823764588,1.384199865
Il12rb2,0.823194905,4.186360567
Gm29325,0.822217348,4.388926401
Ttll8,0.821832371,4.490209318
Gm17586,0.820846774,2.363268062
Hcrtr1,0.820609198,4.051316678
Glipr2,0.820143605,3.612424038
Cklf,0.81965216,24.94935854
Zfp286os,0.818876752,1.721809588
Lrguk,0.8177861,13.1667792
Actg2,0.815892526,1.586765699
Crip3,0.815361216,3.983794733
Xylt1,0.815345727,56.92099932
Stx2,0.8149904,25.15192438
Bmpr1b,0.814364329,14.55097907
Grb14,0.814132624,30.58744092
Dnttip1,0.813543885,31.12761648
Gm15418,0.813135048,5.739365294
Bco1,0.812786972,2.397029034
Flna,0.812709715,17.15057394
Dock1,0.811883484,21.13436867
Tcaf2,0.810969238,2.126941256
Cux2,0.810716952,49.89871708
4921504E06Rik,0.809354834,2.903443619
Rit1,0.80844348,17.72451047
Rad21l,0.808278348,1.823092505
2700069I18Rik,0.807512825,34.30114787
Hspa12b,0.807352144,8.136394328
4930590L20Rik,0.80734687,42.06617151
Abcc4,0.807312302,17.04929102
Abca8b,0.806276156,34.06482107
Lama5,0.806266828,4.118838623
Ccdc40,0.805746722,9.790681972
9530059O14Rik,0.804926656,75.35449021
RP23-458C8.2,0.804626273,2.532072924
RP23-174K7.1,0.804541868,0.303848751
Sez6,0.804399865,24.91559757
Klf10,0.803673646,6.819716408
Gm16083,0.80363631,53.51114112
Ltf,0.803288223,11.71505739
Armcx6,0.803145544,6.41458474
Gm17210,0.801749854,1.215395003
Gm26569,0.801597275,1.789331533
Cd59a,0.801518508,11.78257934
Zfp462,0.801006764,60.83727211
Dennd2c,0.800792154,1.350438893
Wdr62,0.800684755,2.802160702
Zfp948,0.800341968,24.5104659
5730508B09Rik,0.799797201,2.802160702
Kcnt2,0.79942405,74.2741391
Gnb4,0.799275824,20.59419311
Fam169b,0.798700197,0.675219446
Gm20186,0.79859699,3.173531398
4632428C04Rik,0.798200517,3.139770425
Gm43122,0.798064338,9.790681972
Neto1,0.797689945,47.90681972
E2f2,0.797271556,1.45172181
Lig1,0.797200311,14.65226199
Flt3l,0.796976949,17.25185685
Acadl,0.796662462,14.1458474
Vwc2l,0.796550092,56.17825793
Cyth3,0.796466619,48.4132343
Ikzf1,0.79634911,1.721809588
Bik,0.795660812,0.506414585
Mical1,0.795458215,3.848750844
Gm16998,0.795175344,1.485482782
Srpk3,0.794686034,3.983794733
Qk,0.794512846,65.02363268
Tmem2,0.79436818,31.36394328
Tlcd2,0.794226358,10.60094531
Hs3st6,0.793409102,0.87778528
Ano6,0.793216316,53.67994598
Klf6,0.792601513,9.453072248
Gm42485,0.792232731,3.511141121
Oxtr,0.79080947,1.485482782
Slc9a2,0.789560937,4.287643484
3110045C21Rik,0.789059518,2.498311951
D7Ertd443e,0.788673894,4.08507765
Nostrin,0.788574382,1.31667792
Osgep,0.788297528,16.44159352
Myo15b,0.787972236,1.282916948
Gm10475,0.787475601,0.641458474
Gm29543,0.787169238,1.553004727
Ifi27,0.785386379,27.14382174
Zfp57,0.785071977,16.27278866
Sphkap,0.784774768,62.89669142
Efemp1,0.784506145,5.806887238
Acadvl,0.784183838,29.10195814
Klrk1,0.783807903,1.31667792
Tmem178,0.783684098,19.41255908
4930447C04Rik,0.783283933,46.8264686
Khdrbs3,0.782833373,53.74746793
Clmn,0.782633816,22.41728562
Abhd11os,0.782426624,6.41458474
BC030343,0.782371319,2.397029034
Mms22l,0.781657213,5.435516543
Dusp1,0.781156225,3.679945982
Ncaph2,0.781125545,31.43146523
Id1,0.780511346,2.464550979
Smc2,0.780086273,17.75827144
Atp7a,0.77994262,29.74341661
Tgm2,0.779866773,3.64618501
Gm28401,0.779808551,0.776502363
Gm20700,0.77941301,1.789331533
Gm11454,0.779196006,3.20729237
Coro2a,0.77896662,21.57326131
Arhgap29,0.7780325,6.549628629
Sertad2,0.777597442,36.2255233
Atp8b5,0.775511275,7.258609048
Myh14,0.773672228,22.65361242
4930522L14Rik,0.772466522,13.13301823
Rasgrp3,0.772349575,2.903443619
Gm17359,0.771912355,24.17285618
Mvd,0.771333764,7.494935854
Adgre1,0.771162298,2.532072924
Gm7535,0.770918737,2.430790007
Klf8,0.770762007,31.16137745
RP23-353F16.3,0.77066565,8.001350439
Rnd3,0.770317984,13.94328157
Gm20449,0.769995303,3.713706955
Creb5,0.769720707,12.86293045
Emb,0.769292665,27.24510466
Wbscr27,0.768895471,12.05266712
Fkbp5,0.768829547,28.6630655
Zc3hav1,0.768670626,11.74881837
Zfp78,0.768333984,4.827819041
Wipi1,0.76776273,11.3436867
Ocln,0.76718368,3.106009453
Cast,0.766548071,25.25320729
Rnf152,0.765877323,30.35111411
Mospd2,0.765739204,20.4929102
Trpv2,0.765701462,28.59554355
Gm2762,0.765441721,13.06549629
Lactb2,0.76541713,21.57326131
Snhg7os,0.765281353,0.43889264
Tram2,0.764422352,1.721809588
Zfp600,0.764273193,1.181634031
Gm26735,0.76408127,1.485482782
Elavl4,0.763840482,82.54557731
Rassf3,0.763538,12.49155976
Gm28285,0.76341133,9.216745442
Tcn2,0.763281711,4.118838623
Slc47a2,0.762696222,2.937204591
Tmem54,0.759662915,0.641458474
Slc1a4,0.759427848,20.32410533
Cecr2,0.759286941,4.591492235
Ppp2r3d,0.758841774,13.87575962
Gm26507,0.758714635,1.384199865
Gm26973,0.758609131,0.675219446
Plcxd2,0.758568037,18.93990547
Echdc3,0.758207219,0.810263336
Cr2,0.756952151,2.76839973
A230077H06Rik,0.756917964,6.41458474
Dntt,0.756835712,1.046590142
Thsd4,0.756034106,48.54827819
Odf4,0.755949782,2.059419311
St8sia2,0.755161079,10.06076975
Il3ra,0.755117892,2.565833896
Flot1,0.755040605,31.83659689
4931429I11Rik,0.755009696,5.469277515
Zfp872,0.754839622,1.080351114
Cks2,0.754755091,1.249155976
Kntc1,0.754164955,1.519243754
Cped1,0.753831639,10.12829169
Tpd52,0.75374168,28.15665091
Gabra1,0.753499992,38.55503038
Fam3c,0.753117017,17.82579338
Gm26799,0.752911432,0.911546253
Tpmt,0.752773967,7.022282242
Crip1,0.752742272,2.194463201
Pir,0.752643597,13.03173531
Tgfb1i1,0.752397651,3.139770425
Actn3,0.751881035,3.544902093
Hsd17b7,0.75157542,7.562457799
Marveld3,0.75125096,1.991897367
Sertad3,0.751155341,2.464550979
Dram1,0.751058096,14.65226199
1700061I17Rik,0.751032196,12.86293045
Chrna7,0.749017281,23.5313977
Wfdc8,0.748026377,1.856853477
Fbxo30,0.747108441,9.18298447
Snrpn,0.74652684,64.85482782
Unc13b,0.74629716,47.90681972
Sspnos,0.746177037,2.937204591
2610206C17Rik,0.746000124,3.274814315
Itpripl2,0.745111488,0.844024308
Tbx3os2,0.744820097,0.945307225
L1cam,0.74464186,35.4827819
Abcc8,0.744601041,25.38825118
Svopl,0.74420053,5.908170155
Tmc7,0.743857127,8.440243079
Ppp1r18,0.743742629,2.126941256
Trim25,0.743722065,4.186360567
Arsj,0.743542889,2.599594868
Gm20711,0.743487952,1.181634031
Plekha5,0.742575591,75.28696826
Peg12,0.742068355,0.236326806
Nespas,0.741540454,6.043214045
Mettl20,0.740427434,7.832545577
Ric8,0.738010569,13.7744767
Evi5,0.73800962,62.08642809
Fam83b,0.737372257,1.586765699
Ube2l6,0.73661083,2.869682647
Cpm,0.736442262,8.74409183
Fchsd1,0.736397055,6.347062795
Ghrh,0.736382891,1.417960837
Sema5a,0.736369078,51.82309251
Mocos,0.736050951,1.586765699
Zdhhc19,0.735496247,1.924375422
Rad18,0.735230201,14.04456448
Anxa7,0.735092062,34.97636732
Platr19,0.733992634,0.202565834
Zfp820,0.73235735,1.89061445
Nrip3,0.732104403,25.28696826
Gm13248,0.731153634,1.215395003
Esyt1,0.730817229,7.697501688
St8sia4,0.729778745,28.15665091
Mgmt,0.72948861,5.266711681
Afap1,0.72856405,24.44294396
Frmd8os,0.728398243,0.844024308
C230034O21Rik,0.727472427,3.072248481
Crb1,0.726589928,7.157326131
Stx3,0.726076376,38.01485483
Klhl1,0.725891411,53.67994598
Cfap100,0.725398194,2.228224173
Tmcc3,0.725262948,70.52667117
Gm5106,0.72483888,5.53679946
Trp73,0.72361715,5.53679946
Platr31,0.723434827,3.679945982
Popdc3,0.722326982,11.37744767
Tmem154,0.721815181,0.43889264
Apol7d,0.72134503,0.202565834
Vwa5a,0.721092806,6.313301823
Cacna2d4,0.720876845,24.37542201
Gm15457,0.7207651,1.991897367
Med11,0.720298133,1.688048616
Gas1,0.719567934,1.721809588
Hps1,0.719283381,16.27278866
Th,0.718662936,5.840648211
Gm28156,0.71840191,1.485482782
Rhd,0.718343333,20.05401756
C130026L21Rik,0.717839461,8.474004051
D830039M14Rik,0.717828119,0.43889264
Cpt1a,0.717292812,6.887238352
Rhoc,0.717021696,2.633355841
Rgs11,0.716579227,41.69480081
A430106G13Rik,0.715685818,4.253882512
Plek2,0.715237203,21.60702228
Uts2b,0.714721676,3.747467927
Stat6,0.714115262,3.004726536
Plcg2,0.713653027,4.051316678
Maged2,0.712960269,18.39972991
Sema3b,0.711552551,0.87778528
Ppfibp1,0.711548379,10.33085753
Snx7,0.710607632,16.91424713
4933416M07Rik,0.710417424,7.29237002
Nxph1,0.710089971,93.68669818
Gm13485,0.710009895,0.135043889
Jchain,0.709819208,1.856853477
Gm14406,0.709766585,1.75557056
Pdgfa,0.709734708,21.60702228
Tcfl5,0.709653963,0.43889264
Gm16000,0.709275505,1.215395003
0610037L13Rik,0.709169848,13.09925726
AI839979,0.708913065,0.573936529
Stk3,0.708390711,47.36664416
Lin28b,0.708262676,41.52599595
1700024P16Rik,0.708210041,10.22957461
Mapk12,0.708206033,10.26333558
Jam3,0.706682623,36.39432816
Zfand2b,0.706551858,12.5590817
Itpr1,0.706472831,34.50371371
Nefm,0.706075488,42.53882512
Gm28055,0.705766803,3.139770425
4921534H16Rik,0.705319728,17.96083727
Gtf2a1l,0.704841591,0.911546253
Acadm,0.704471283,9.959486833
Vip,0.703937254,3.241053342
Flnc,0.70387924,2.160702228
BC089491,0.703196344,3.376097232
Ralb,0.702515718,12.5590817
Ifi30,0.70250166,2.261985145
Mturn,0.702217063,9.689399055
Aspdh,0.701760396,2.059419311
Etnk2,0.701749847,15.25995949
Inpp5a,0.70151117,27.11006077
Fam132a,0.701480235,9.149223498
Gm14532,0.701201029,7.663740716
4930445B16Rik,0.700810975,13.74071573
Arhgap22,0.699916364,17.18433491
Cdhr1,0.69981786,3.578663065
4930556J24Rik,0.699516238,31.53274814
D130043K22Rik,0.69914921,46.79270763
Zfp40,0.698874827,28.39297772
Agfg2,0.697965308,30.41863606
Pde8a,0.697059716,6.515867657
1810062G17Rik,0.696829611,0.540175557
Gm2415,0.696532389,6.380823768
Gm29585,0.696323431,2.194463201
Creb3l1,0.695905044,1.384199865
Elmo2,0.695705881,12.82916948
Lncenc1,0.694950345,26.63740716
Mir17hg,0.694818296,0.708980419
Fbxl8,0.694689927,1.417960837
Hmgcs1,0.694633844,33.22079676
Adamts3,0.694448414,15.32748143
Gm12022,0.694201011,0.810263336
Cyp20a1,0.694163452,18.66981769
Frmd8,0.693894513,8.811613774
Ehbp1l1,0.693422634,9.891964889
Nudt17,0.693300904,4.996623903
Ret,0.693250772,14.78730587
Gm10118,0.69305222,1.080351114
Cabp1,0.692119619,39.97299122
Syne3,0.692009444,5.09790682
Gm12023,0.691461,3.544902093
Cd52,0.691322391,5.941931128
Gm1661,0.69072401,3.139770425
A830005F24Rik,0.690635465,1.046590142
Ar,0.689972051,29.84469953
Alyref2,0.689643957,5.09790682
Ntng1,0.689636467,94.46320054
Gm26722,0.689549723,11.85010128
Fads3,0.688885525,7.022282242
Gm44031,0.688040496,0.641458474
Epb41l3,0.687854702,86.66441594
Blvrb,0.687758229,5.874409183
Jun,0.687683471,6.482106685
Gm16503,0.687223802,7.123565159
Platr25,0.687165902,6.718433491
Mfsd9,0.6863109,1.856853477
Atp8b3,0.686246623,1.89061445
Arfgap3,0.685046967,33.15327481
Anxa6,0.684599459,33.22079676
Gm42413,0.683811262,12.15395003
Gm44071,0.683681102,1.147873059
Smagp,0.683361657,1.181634031
Clp1,0.682694304,6.076975017
Racgap1,0.681993454,9.689399055
B3gnt5,0.681494475,0.506414585
Mob3a,0.681450955,6.245779878
Tnfrsf9,0.681042592,4.591492235
Gm12718,0.680536373,5.874409183
5031434C07Rik,0.680471524,0.033760972
Kcnk13,0.679364649,14.17960837
Ifi35,0.679151309,10.19581364
Ttc39d,0.678094426,2.869682647
Iigp1,0.677803399,0.337609723
Cpeb1,0.67774588,50.77650236
Dgka,0.677087319,23.36259284
C1qtnf6,0.676510429,0.844024308
Nedd9,0.676091814,13.23430115
Mrm1,0.67606385,5.941931128
Tyw5,0.675878208,14.1458474
1700015E13Rik,0.675483384,0.101282917
Tmc1,0.674399407,3.274814315
Susd1,0.673141536,17.42066172
Sh2d6,0.672819973,3.173531398
Bean1,0.672748272,15.76637407
Stx4a,0.672180931,22.58609048
Zfp54,0.670784108,5.131667792
A330008L17Rik,0.670699473,17.75827144
Capn1,0.668659713,7.393652937
Lockd,0.668378296,1.620526671
Bag3,0.667918627,5.435516543
Tmeff2,0.667320075,96.15124916
Hoga1,0.667083865,10.80351114
Flnb,0.666972655,57.15732613
Cpeb2,0.66683139,37.13706955
Spata1,0.66682494,19.00742741
Gsta2,0.666776762,2.059419311
A330102I10Rik,0.66675296,67.21809588
Tcta,0.666237571,15.49628629
Tmeff1,0.666047532,26.53612424
Tsga13,0.665793002,0.708980419
BC035044,0.665571816,1.350438893
Plin2,0.665426033,4.051316678
Hspb8,0.664897109,5.030384875
C230037L18Rik,0.664163588,9.959486833
Arhgap36,0.663818659,5.840648211
Gramd2,0.663784961,6.448345712
Dram2,0.663687834,20.79675895
Gpr12,0.662630295,1.856853477
Ttc39aos1,0.662500994,5.266711681
Dhx37,0.662121292,8.372721134
Diaph2,0.661713666,67.28561783
Zfand5,0.661403763,15.76637407
RP23-191I16.3,0.661115021,0.202565834
Ptger3,0.659972787,3.241053342
Lrsam1,0.659563334,21.30317353
Zfhx4,0.659487157,77.27886563
Tgfa,0.659295457,5.131667792
Mafg,0.65864529,37.71100608
Adgrd1,0.658557627,3.747467927
Cdkn3,0.658409372,4.253882512
Hspbap1,0.657855967,14.34841323
Gm26863,0.657622858,0.844024308
Gm17102,0.657462967,1.688048616
Vmn2r84,0.657431153,1.012829169
Pgpep1l,0.657179537,8.74409183
Trpv3,0.656830156,0.573936529
Tmem120b,0.656672175,26.94125591
Tpm4,0.656365555,15.1249156
Vstm2b,0.656148269,9.284267387
Gm26995,0.656111406,0.43889264
Arhgap19,0.65584268,1.586765699
A430105J06Rik,0.655819812,5.300472654
Ptrh1,0.655164518,1.586765699
S100a11,0.654473496,5.874409183
Nuggc,0.654242686,0.607697502
Sox4,0.65416483,7.967589467
Zfp944,0.654051503,12.22147198
Hn1,0.653689944,35.55030385
Gm15417,0.652138561,6.212018906
Fbxw10,0.652070454,2.363268062
2310001H17Rik,0.651782635,1.688048616
Pafah2,0.651658429,6.583389602
2810425M01Rik,0.651190524,11.81634031
Mpp7,0.650620346,30.45239703
Fstl3,0.65059301,3.511141121
Treml1,0.65055836,0.270087779
Scara5,0.649756961,2.363268062
Lrrc20,0.649336126,19.20999325
Gabrb2,0.649128629,49.18973666
Dnase2b,0.648645683,0.135043889
Parp4,0.648459665,11.91762323
Stard4,0.648097055,6.583389602
Pttg1,0.647807183,12.9304524
Gab2,0.647602491,68.5347738
St8sia3os,0.647549658,3.274814315
Abcb6,0.647460554,5.638082377
Pcsk1,0.647222498,24.57798785
Rab26,0.647129145,14.38217421
Zdhhc2,0.646275778,47.26536124
Cntn2,0.646182413,15.63133018
Pou2f2,0.646157021,39.23024983
Zfp503,0.645818227,1.586765699
Fam214b,0.645648729,25.89466577
Gm42851,0.645627418,14.28089129
F420014N23Rik,0.645465814,2.667116813
Plekhg3,0.643711914,4.794058069
Osbpl5,0.64354617,11.03983795
Itga9,0.642948306,8.811613774
Man1a,0.642907757,56.31330182
Iltifb,0.642727713,0.371370695
Gm13844,0.642550787,4.591492235
Oas1c,0.64230614,2.025658339
Gm16062,0.642168438,4.186360567
Gm11437,0.641950764,16.13774477
Plscr3,0.641770844,7.86630655
Bard1,0.640947939,2.937204591
Cdh22,0.640642126,22.01215395
Lamb3,0.640233286,3.916272789
Atp2b4,0.640064327,40.07427414
Gmpr2,0.639900741,19.31127616
Brinp2,0.639814624,31.63403106
Rbbp7,0.639340253,23.49763673
Abhd5,0.639284591,3.612424038
Ano10,0.638299967,18.63605672
Gm43878,0.638254124,0.911546253
Grin2c,0.63817353,4.152599595
Gm4425,0.638095137,3.409858204
Ttc12,0.636909776,2.903443619
Dera,0.636785233,5.941931128
Ptbp3,0.636553438,23.19378798
Plk4,0.635506445,8.372721134
Hk1os,0.635241554,3.072248481
Ldlrad4,0.634978158,69.34503714
Ptchd1,0.634708722,34.50371371
Ccbl2,0.634276113,2.937204591
Slc16a3,0.633695458,2.633355841
A630095N17Rik,0.633382588,1.620526671
Cpne4,0.632835018,55.80688724
Slc44a5,0.632473705,33.89601621
Tmem150a,0.632366638,13.50438893
Cyp2c55,0.632197118,1.485482782
Ddit3,0.632077416,16.10398379
Glra2,0.631245951,22.72113437
Dock6,0.631164699,16.3403106
Thap8,0.630788714,2.025658339
Gm1992,0.63043037,43.92302498
Celf3,0.630264724,57.25860905
Plod1,0.630100946,6.043214045
Kif26a,0.629947236,3.274814315
Ropn1,0.629673814,1.485482782
Gm26612,0.629531443,2.194463201
Fbxw7,0.628926269,35.2464551
Plekhh3,0.628543631,7.933828494
Egfem1,0.628393604,88.89264011
Plxna4os3,0.627957704,13.20054018
Acads,0.626784009,10.7359892
Inf2,0.626511723,3.409858204
Swap70,0.626316084,2.76839973
Junos,0.626064431,11.51249156
Il4ra,0.626025603,2.32950709
BC029214,0.625907256,11.5800135
Scml4,0.625869432,33.01823093
Pnma1,0.625712119,1.147873059
Edn1,0.625549068,0.303848751
Ankrd6,0.625480323,32.71438217
2810471M01Rik,0.625389221,0.43889264
Slc27a3,0.625348239,3.64618501
Ercc6,0.6239444,12.99797434
Hist2h2aa2,0.623624695,0.033760972
Hvcn1,0.623527036,3.443619176
Gm12239,0.623519262,56.78595544
Pkp3,0.62345875,1.012829169
Rnf149,0.621252714,16.77920324
Pinx1,0.621196657,12.59284267
Cenpa,0.621103005,0.43889264
Epb41l5,0.621057766,31.87035787
Gm10827,0.620444406,11.03983795
a,0.618431893,22.58609048
Trp53i13,0.618068078,5.840648211
Slc41a2,0.618027233,28.46049966
AW549877,0.617964395,13.5381499
Chpt1,0.617207279,45.67859554
Sirt6,0.615639071,14.65226199
Ccdc109b,0.614301423,6.549628629
Sufu,0.61402943,25.18568535
Myh3,0.613846547,8.879135719
Gm13251,0.613787407,0.844024308
Rnf220,0.613772834,94.19311276
Htr2c,0.613757551,66.50911546
Mgat5,0.613183445,54.08507765
Wdr44,0.613095531,21.53950034
4930524B15Rik,0.612785035,0.641458474
Mcc,0.612641382,55.30047265
Fcf1,0.612459674,20.29034436
BC016579,0.612418194,0.810263336
Klhl28,0.612320889,5.9756921
Rasgrf2,0.61204138,39.83794733
Sdsl,0.611346761,9.588116138
Aplf,0.610774088,3.241053342
Prrg1,0.610693998,13.7744767
Ubash3a,0.610153436,1.046590142
Ggt5,0.610049871,1.147873059
Slit2,0.609633465,76.4686023
Rap1gap2,0.609122292,51.62052667
Rab39,0.608986342,14.31465226
Acat3,0.608705308,1.620526671
Mthfr,0.608702634,15.32748143
Pim1,0.608049927,5.09790682
Gm12828,0.607811544,4.726536124
Ptpn21,0.60760139,6.887238352
4933406J08Rik,0.607435997,0.810263336
Scnn1a,0.607202124,1.45172181
Nudt12,0.606855641,3.713706955
Gm3848,0.606855467,1.789331533
Iqgap1,0.606633617,42.09993248
Fam78b,0.60658331,18.83862255
Golim4,0.605987919,20.02025658
Limk2,0.605982811,43.78798109
Gm37640,0.605855052,2.700877785
Nfkb1,0.605769913,36.2255233
Esr2,0.605379508,1.688048616
D930015E06Rik,0.603659377,26.97501688
Abca7,0.603592002,27.14382174
Tex13,0.603398879,0.033760972
Spink13,0.603096203,2.532072924
1110002J07Rik,0.602990656,0.506414585
Vasp,0.602884612,11.51249156
Dusp3,0.602379649,18.16340311
Spink10,0.602360895,37.33963538
Gm44148,0.602337449,9.62187711
Tspan17,0.602222932,34.06482107
Pnrc1,0.601911268,14.11208643
Unc5d,0.601456196,96.5901418
Ankrd13b,0.601393997,14.68602296
BC067074,0.601126077,3.578663065
Fgd6,0.600697598,3.544902093
Fancd2,0.600631838,3.511141121
Afap1l1,0.600047418,2.059419311
Zfp260,0.598895695,21.80958812
Txlnb,0.59886095,1.721809588
Scn9a,0.59873808,77.24510466
4921524J17Rik,0.59870182,7.832545577
Dnah8,0.597628186,3.106009453
Palm3,0.596909325,2.025658339
Akap12,0.596887868,40.243079
Col6a2,0.596735843,3.747467927
Adamts6,0.59637329,33.96353815
Cidea,0.595934644,3.477380149
Sdk1,0.59544127,62.18771101
Dhcr7,0.595383707,14.7535449
Prmt2,0.59501809,45.03713707
Tarsl2,0.594551292,11.10735989
Tmod3,0.594237941,38.89264011
Sez6l,0.594199601,48.75084402
Gm15584,0.594097117,14.07832546
Tpx2,0.594004242,3.882511816
Nck2,0.593348283,23.12626604
Eif4ebp1,0.593215475,1.012829169
Aida,0.592956688,18.09588116
Kcnk10,0.592750671,41.01958136
Clstn2,0.59235023,77.6839973
Dgkh,0.592210253,39.70290344
Doc2b,0.591964946,8.710330858
Reln,0.591622671,18.16340311
Phox2b,0.591532504,17.28561783
Arhgap33,0.590413001,19.81769075
A330069E16Rik,0.590158752,18.63605672
Ethe1,0.589969502,6.617150574
Msh5,0.589630235,4.96286293
Inpp5k,0.589485311,22.65361242
Sgtb,0.588293535,14.78730587
Map4,0.58823676,72.14719784
Lix1,0.587965913,9.385550304
Slc22a14,0.587602332,33.6596894
Gm10556,0.587529589,0.067521945
Bcl2l11,0.587051252,2.261985145
Stard13,0.587008809,3.848750844
Gm12320,0.586656413,1.417960837
Myo1c,0.586359531,16.00270088
Gm38112,0.586253827,16.54287643
Wsb1,0.586246949,55.9756921
Rimklb,0.58612812,20.93180284
Nudt10,0.586018359,4.794058069
Tacc3,0.585707838,4.08507765
Ptprg,0.585170958,79.37204591
Plet1os,0.584058832,1.384199865
Nedd1,0.583462944,10.60094531
Myh9,0.582692488,16.57663741
Gap43,0.582657022,73.22754895
0610040B10Rik,0.582573253,8.710330858
Gm12500,0.582562165,0.43889264
Gabra2,0.582038289,69.04118839
Klf13,0.581744854,25.32072924
Sv2c,0.581570466,33.32207968
Rimbp2,0.581548515,59.48683322
Slfn5os,0.581196591,0.708980419
As3mt,0.581028004,14.01080351
Acvr1,0.580948391,31.66779203
L3mbtl3,0.580619513,27.21134369
Spata6,0.580591887,20.25658339
Cbfb,0.580402949,23.2950709
Arhgap21,0.580299759,52.90344362
Il5ra,0.579834808,1.721809588
Sycp3,0.579826303,49.6286293
Slc6a19,0.579736625,0.472653612
Mmp11,0.579642229,3.713706955
Meis3,0.579039593,22.88993923
Gm14168,0.578581691,1.350438893
Ldlrad3,0.578272405,18.66981769
2310069G16Rik,0.57801363,22.78865631
Zfp13,0.577813379,5.705604321
Nlrp2,0.577519718,0.337609723
Spdl1,0.577024016,0.810263336
Dlg1,0.576277713,66.37407157
Fam126a,0.576174453,18.73733964
Nacad,0.576140815,9.419311276
Limd1,0.576086641,7.933828494
Nagk,0.575953664,40.17555706
AW551984,0.575796163,19.91897367
Tle3,0.575575127,8.271438217
Plxna3,0.575279307,11.27616475
Ccdc28a,0.575009126,19.1424713
Onecut1,0.574797495,0.236326806
Dhx32,0.574668878,22.34976367
Rbbp8,0.574583444,12.79540851
Ttl,0.574543127,20.89804186
Elp5,0.574260936,22.38352465
4930408O17Rik,0.574249788,1.721809588
Tmem29,0.573959516,27.0762998
Pacrg,0.57382039,63.50438893
Gm37240,0.573637318,56.14449696
Dpysl3,0.573471871,51.65428764
Scn3b,0.573449854,18.26468602
Vezt,0.573358738,56.17825793
Parvb,0.573212641,17.42066172
AI987944,0.573096968,5.266711681
Gm28905,0.572895321,57.86630655
Ankrd45,0.572858726,26.80621202
Ccdc136,0.572779387,37.60972316
Got1l1,0.572589205,1.147873059
Rdx,0.572391652,29.33828494
Alkbh2,0.572372714,6.41458474
Mtmr14,0.571410662,15.29372046
Vsnl1,0.570729717,81.73531398
B230334C09Rik,0.569995507,21.43821742
Lin37,0.569787977,9.993247806
Gm26624,0.56957563,20.59419311
Mettl4,0.569414785,4.827819041
Nxpe2,0.569291939,8.338960162
Gm15398,0.568693789,51.62052667
Akr1b3,0.568020224,11.03983795
Kcnu1,0.566959292,14.34841323
Slx4ip,0.566704473,46.32005402
Gm14064,0.566577107,2.228224173
Gm1976,0.566525993,36.73193788
Pgm2l1,0.565978254,29.5070898
Hic2,0.565933537,8.30519919
Slc25a24,0.565845143,2.32950709
Sept1,0.565160737,14.07832546
Gm26826,0.565034063,1.924375422
Rdh11,0.56485597,5.570560432
Pml,0.564738577,8.338960162
Smc4,0.564649222,3.376097232
Hnf1b,0.564073624,2.498311951
Aldh1b1,0.563960081,2.363268062
Faah,0.56386154,14.82106685
Fam222a,0.563757148,6.448345712
Cgref1,0.563667297,11.68129642
Tbc1d19,0.563660838,35.82039163
Dync1i2,0.563524362,61.14112086
Gm7173,0.563307923,12.82916948
Foxo3,0.563243203,20.39162728
Plec,0.562920013,26.16475354
Caml,0.562476081,40.44564483
Sacs,0.562426409,20.66171506
Slc5a10,0.56209911,0.641458474
Ilk,0.561953753,13.03173531
Col18a1,0.561894299,8.372721134
L3mbtl1,0.561821215,12.3227549
Orc2,0.561569012,40.81701553
Syt9,0.561416641,22.18095881
9830147E19Rik,0.561347316,21.50573937
Miat,0.561246804,67.28561783
B3glct,0.560508305,14.98987171
Prokr1,0.560244069,0.337609723
Gm10822,0.56021669,3.173531398
Kcnb2,0.560175388,96.55638082
5830454E08Rik,0.5600244,2.565833896
Rfc5,0.559906488,2.059419311
Zfp318,0.559685601,23.22754895
Rock2,0.559506395,54.49020932
Ldlr,0.559195968,32.78190412
Tlk1,0.558928393,37.23835246
Acr,0.558528422,6.785955436
Bcl3,0.558465467,1.31667792
Pax1,0.558219349,1.350438893
Zfp941,0.557935353,21.26941256
Ccdc17,0.557750726,2.970965564
Gpr149,0.557255947,13.36934504
Arhgap23,0.556515039,36.49561107
Gm37650,0.556123266,0.135043889
Slc7a1,0.55601242,13.23430115
Zbtb46,0.555907251,16.9480081
Dnajc17,0.555827406,33.55840648
Sfrp4,0.555792184,1.654287643
Cd55,0.55577877,3.612424038
Myo5c,0.555760891,1.147873059
Ap1s3,0.555560717,7.663740716
Zdhhc12,0.555297334,2.194463201
Zfp442,0.555191342,10.76975017
B230118H07Rik,0.554911423,15.66509115
Pole,0.554848444,4.017555706
Pdlim7,0.554565134,46.04996624
Pbx1,0.554530652,91.49223498
Eme1,0.554298659,2.126941256
Banf2,0.552912865,20.93180284
Wdr72,0.552912443,2.76839973
Fam19a2,0.552873815,79.64213369
Dync1h1,0.552522762,63.36934504
Lrrc9,0.552260309,8.507765024
Nmur2,0.552095579,14.98987171
Hip1r,0.551559073,13.30182309
Nyap2,0.551428203,80.75624578
Gm6588,0.551146598,1.046590142
Pcdh19,0.551055535,40.20931803
Gm10600,0.550804037,7.832545577
Ccdc112,0.550777186,16.67792032
Rex2,0.550754653,0.472653612
Dpysl5,0.550231366,37.71100608
Cyp4f16,0.550084504,5.266711681
Rexo2,0.549981706,14.01080351
Wbp1l,0.549480413,13.84199865
4930578G10Rik,0.549268825,37.17083052
Gm26734,0.549252784,2.565833896
6330408A02Rik,0.549221729,4.591492235
Gale,0.549052311,8.001350439
Zc2hc1a,0.548796306,39.06144497
Vangl1,0.548742516,5.773126266
Atpaf2,0.548375429,7.933828494
Wasf2,0.548063851,20.83051992
Agfg1,0.547918534,32.57933828
Idi1,0.547692216,6.313301823
Mocs2,0.54711602,13.50438893
Anxa5,0.546931954,13.47062795
Sqle,0.5468988,19.54760297
Gm42487,0.546885277,0.742741391
2900089D17Rik,0.546804852,1.991897367
Usp9y,0.546598872,9.318028359
1700113H08Rik,0.546570285,2.430790007
Dhx57,0.546469686,33.99729912
Tmem53,0.546251379,10.09453072
1110008L16Rik,0.546136953,19.24375422
Triobp,0.546045367,3.950033761
Uox,0.546011676,0.641458474
Gm15675,0.54588625,1.553004727
Pkp1,0.54584331,0.506414585
Pla2g6,0.545282678,8.980418636
3830406C13Rik,0.545221961,20.96556381
Fdft1,0.54494621,30.62120189
Vash1,0.544831492,7.86630655
Ick,0.544490649,20.86428089
Pfkp,0.544282229,41.96488859
Gapdh,0.544132474,2.633355841
Zgrf1,0.544114998,5.806887238
Gm28448,0.543874731,0.337609723
Dsc2,0.543837498,11.00607698
Trpm4,0.543332786,10.53342336
Ptpn13,0.543291887,9.824442944
Smad9,0.543266845,5.604321404
Cinp,0.543232263,7.697501688
Catsperg1,0.543189333,8.271438217
B4galnt2,0.542775128,12.89669142
Adrbk2,0.542686459,21.60702228
Pcbp3,0.542572468,53.00472654
Gm20521,0.542572179,22.18095881
Tspan32,0.542339029,1.114112086
Gsta3,0.542047858,3.274814315
Peg3,0.541968192,64.1458474
Cd151,0.541564766,9.351789332
Myo1f,0.541524627,5.401755571
Gm16001,0.541523683,0.101282917
Pla2g2c,0.540964038,1.417960837
Trmt1,0.540794294,24.64550979
Gm13523,0.540372627,0.405131668
E2f3,0.540183004,12.82916948
Ephx1,0.540181871,3.038487508
Zfp560,0.540105653,15.53004727
Prr13,0.540099598,16.47535449
Rhbdd1,0.539887965,22.18095881
Foxn2,0.539541591,9.554355165
Ccdc159,0.53951527,10.39837947
4930469G21Rik,0.539451652,12.45779878
Cd27,0.539334719,19.78392978
Fut10,0.539089444,2.835921675
Krcc1,0.538962549,16.88048616
Mis18bp1,0.538745812,1.114112086
Tbc1d8,0.538675499,20.25658339
Appl2,0.538268786,12.82916948
Micu1,0.538258299,39.77042539
Scpep1,0.537893883,15.29372046
Htatip2,0.537500925,4.118838623
2610001J05Rik,0.537483504,6.887238352
Sh3yl1,0.53746902,8.237677245
Acsl4,0.537280418,27.65023633
Efr3b,0.537044344,45.07089804
Zfp808,0.537018507,22.48480756
Ror1,0.536878735,9.790681972
Cd55b,0.536811414,0.540175557
Slc36a1,0.536517723,8.203916273
Wwp2,0.536428219,34.13234301
2810032G03Rik,0.536409828,9.115462525
Izumo4,0.536317705,42.26873734
1700092M07Rik,0.536133142,0.168804862
Mapk7,0.536012546,9.655638082
Inppl1,0.53579031,3.578663065
Tmem205,0.535272245,14.85482782
Pkmyt1,0.535103218,2.937204591
Ccdc64,0.534930151,37.77852802
Acvr2a,0.534857941,26.80621202
Rad51ap2,0.53485564,1.89061445
Zwilch,0.534729128,3.916272789
Tmem120a,0.534513483,6.85347738
Id2,0.534346354,7.29237002
Map3k19,0.534002981,11.71505739
Prkab2,0.533866497,13.70695476
Lmna,0.533807662,16.27278866
Gm12648,0.53355264,7.326130993
Phtf2,0.533252491,34.46995273
Nradd,0.533242105,3.106009453
Ccdc148,0.533211844,44.42943957
Sfmbt2,0.533114099,17.52194463
Gm26573,0.532700832,28.96691425
Fhit,0.532566323,68.12964213
Lrrtm3,0.532258659,83.49088454
Tmem263,0.532243897,7.663740716
Ngef,0.532055724,12.99797434
Marcks,0.531920097,15.96893991
Ticam1,0.531917439,3.072248481
Plcd1,0.531887848,5.334233626
Acly,0.531515905,27.54895341
Fbxw9,0.531368031,11.85010128
Plpp4,0.531014971,31.60027009
Tsacc,0.530857654,8.271438217
Sh3kbp1,0.530853873,55.57056043
Blm,0.530792035,10.53342336
Agpat4,0.53005373,29.70965564
Olfm3,0.530013498,67.04929102
Chrm1,0.529821961,2.093180284
Lrrc51,0.529657048,9.689399055
Sgms2,0.529632547,11.54625253
Tigar,0.529488168,3.308575287
Sec24d,0.529235689,23.2950709
Gm26606,0.52878492,17.69074949
Me1,0.528654968,24.74679271
Plekhh1,0.528467772,10.29709656
Prr5,0.528414065,6.076975017
Pdzrn4,0.528213031,81.22889939
Smc2os,0.528132109,1.75557056
Setdb2,0.527836232,6.313301823
Btg2,0.527343055,3.713706955
Fbxw17,0.526955708,11.3436867
Pik3cd,0.526293279,13.09925726
Gm5141,0.526199794,14.17960837
Ephx2,0.525943439,3.848750844
Pet100,0.525757232,29.37204591
Pacsin2,0.525595261,19.91897367
Gm13029,0.525519014,0.033760972
Lpin1,0.525508268,20.89804186
Myo10,0.525091783,56.24577988
Cdh7,0.524836797,42.33625928
Myl6,0.524795427,50.9790682
Cp,0.524593399,6.076975017
Hacl1,0.524356344,7.798784605
Mgll,0.524262075,15.83389602
Uap1,0.524247721,10.16205267
Ttf2,0.524240829,3.038487508
Prkag2,0.524206024,38.0486158
Gcnt2,0.524079861,15.69885213
Fndc3b,0.52390108,25.15192438
Abcb1b,0.523839409,10.33085753
Nyap1,0.523820873,16.84672519
9230111E07Rik,0.523753377,1.789331533
Stat2,0.523662961,16.50911546
Sept2,0.523311225,41.55975692
Ubl3,0.523286398,31.39770425
Pcgf6,0.523278191,19.31127616
Slc6a12,0.523246087,0.742741391
Fsd1l,0.52314409,26.4686023
Snx10,0.522898636,35.71910871
Dgkb,0.522870307,90.44564483
Thap1,0.522780405,2.869682647
Gm28557,0.522714246,2.093180284
Tjap1,0.521868608,13.97704254
Syngap1,0.521861599,7.798784605
A530083I20Rik,0.521575284,2.802160702
Gm14966,0.521342161,12.45779878
Oasl2,0.521263063,4.22012154
S100a10,0.521249989,15.25995949
Lysmd4,0.521227963,17.99459824
Scarb1,0.520711408,18.83862255
Fam129b,0.520677823,7.29237002
Map4k1,0.520628819,3.882511816
Ldhd,0.520388205,10.93855503
Capn5,0.520309515,9.318028359
Tmem80,0.52028438,20.66171506
Mbd6,0.520247757,24.30790007
Tex2,0.519854339,29.84469953
Cfap99,0.519673227,5.840648211
RP23-362F15.1,0.519634076,9.081701553
Sat2,0.5195262,12.22147198
Hmgcr,0.51930562,20.76299797
Cbwd1,0.518468282,18.80486158
Lca5,0.518422359,12.12018906
Stxbp3,0.518161431,8.74409183
Edil3,0.517866538,91.01958136
Gm4349,0.517563772,2.498311951
Mina,0.51751887,6.752194463
Gm8257,0.517426255,14.5172181
Ass1,0.517328496,10.93855503
Ttc5,0.517291088,16.23902768
Gm6712,0.517079264,9.790681972
Mkln1os,0.517028429,10.22957461
Ccdc138,0.516695549,17.18433491
Zfp945,0.516487396,9.284267387
Psen2,0.516474364,11.5800135
Gys1,0.516119558,26.26603646
3110062M04Rik,0.515638667,5.739365294
Plpp7,0.515632909,12.08642809
Rtbdn,0.515547535,15.83389602
Bst2,0.51539045,1.080351114
Hcrt,0.514834397,1.654287643
Arrdc1,0.514692122,14.61850101
Ehd4,0.51463204,10.43214045
Slc39a10,0.513993193,15.7326131
Sc5d,0.513889045,16.20526671
Rab40b,0.513776005,16.84672519
Ccs,0.513645849,13.13301823
Prkx,0.513528989,10.06076975
Arhgef10,0.512451842,6.954760297
2700046G09Rik,0.512399545,3.950033761
Ctnna3,0.511923628,74.10533423
Smim17,0.511867857,3.106009453
Hipk2,0.511761112,62.12018906
Sh2d3c,0.511737638,12.69412559
Slc9a9,0.510978295,35.65158677
Cdh13,0.51094482,71.37069548
Tubd1,0.51082381,6.650911546
Cnot8,0.510783386,16.03646185
Bach1,0.510509898,6.448345712
Fam98a,0.510450528,19.58136394
Crlf2,0.51041224,13.20054018
Slc35d2,0.510032041,1.417960837
Gm28153,0.509821246,50.57393653
Gm4577,0.509544061,1.958136394
Bbs9,0.509312489,48.31195138
Grm3,0.509295976,62.62660365
Fam50a,0.509133652,10.49966239
Meis1,0.509100508,61.68129642
Agps,0.508998446,31.22889939
Cntn5,0.508775183,95.67859554
2310033P09Rik,0.508709077,16.91424713
Slc25a51,0.508648461,22.11343687
Fahd2a,0.508616522,7.832545577
Slc2a6,0.508425645,9.115462525
Ablim2,0.508167427,49.79743417
Pold4,0.507846761,6.617150574
St6gal1,0.507824858,18.63605672
Chl1,0.507610363,83.79473329
Haus8,0.507507344,6.617150574
Kidins220,0.507309603,63.84199865
Vmn2r87,0.507250228,9.047940581
Tm9sf4,0.507019711,38.69007427
Samd5,0.506593894,17.5557056
Gm13919,0.506464735,13.06549629
Dnpep,0.506041297,12.3227549
Grin3a,0.505960486,74.74679271
Vmn1r4,0.505744737,0.573936529
Ccdc84,0.505655594,14.7535449
Tdrd7,0.505481943,13.50438893
Txnrd1,0.505450357,11.51249156
Ttll9,0.505319333,7.224848076
Id3,0.505305321,3.950033761
Dennd2a,0.50513862,17.21809588
Abhd14b,0.505026311,19.85145172
Shoc2,0.50494219,40.95205942
Wdr4,0.504700314,10.76975017
Scrn1,0.504256808,26.83997299
Plcl1,0.504070869,59.62187711
Gm5868,0.504043729,0.43889264
Efhc2,0.504031503,10.22957461
Parp16,0.504016771,10.29709656
Pros1,0.503759059,9.284267387
Gm12394,0.502846281,26.06347063
Gng4,0.502621336,9.520594193
Cage1,0.502306706,14.01080351
Gm26737,0.50198534,2.903443619
Gm12905,0.501739017,14.01080351
Vat1l,0.501635055,61.64753545
Gabre,0.501545709,1.654287643
Eva1c,0.501526832,8.1701553
Zfp367,0.501364843,6.245779878
Tial1,0.5011069,43.34908845
Nrp1,0.500985366,36.42808913
Capn11,0.50095038,2.869682647
Ppard,0.500748871,12.69412559
Adcy10,0.500694691,22.9237002
Gramd1a,0.500613734,39.46657664
Gt(ROSA)26Sor,0.500483681,13.30182309
Abcd4,0.500398714,17.48818366
Wbscr22,0.500201519,13.70695476
Tead1,0.500199152,36.39432816
Hs6st3,0.500189412,87.87981094
Cpsf4,0.499592632,11.74881837
Gm7160,0.499197328,2.025658339
Trp53inp1,0.49845715,6.988521269
Pank3,0.498412963,16.07022282
Lmntd1,0.497983494,3.679945982
Msmo1,0.497801548,32.03916273
Rnf213,0.497757422,7.089804186
Kctd10,0.49762889,4.726536124
1700030J22Rik,0.497550657,3.814989872
4930430F08Rik,0.496848161,9.824442944
Gm42951,0.496728971,0.641458474
Gm12976,0.496434802,1.721809588
Ssbp1,0.49630731,16.61039838
Sdc2,0.496134034,29.33828494
Dsel,0.495724614,6.279540851
Zdhhc15,0.495648233,8.946657664
Actr2,0.495499145,42.40378123
Edaradd,0.49519682,0.87778528
Ntrk3,0.495130496,82.00540176
Gm21992,0.495007789,43.01147873
Samd4b,0.494341615,20.96556381
Mfsd10,0.494339548,19.68264686
Ppm1a,0.493908994,24.8818366
Chuk,0.493524319,33.42336259
Pex2,0.493439179,12.99797434
Cdk14,0.493297866,77.41390952
Abcd1,0.493177879,6.920999325
Bcat2,0.493059358,5.435516543
1810032O08Rik,0.49298176,2.970965564
Lztr1,0.492805462,30.35111411
Gm16586,0.492790846,21.40445645
Trim21,0.492754338,0.573936529
AA543186,0.492435768,6.245779878
4732471J01Rik,0.4917988,47.90681972
Gpr137b,0.491636421,10.76975017
Gm26901,0.491389636,7.461174882
Arntl,0.491356319,19.68264686
Tex14,0.49096784,12.18771101
Agtpbp1,0.490791614,39.83794733
Ppih,0.490766341,6.718433491
Creg2,0.490710003,8.541525996
Hip1,0.490517209,31.22889939
Cdc42bpb,0.490504898,29.47332883
Insig1,0.490437407,20.25658339
Ap3b1,0.489939472,38.18365969
Zbtb37,0.489903647,10.70222822
Stil,0.489862704,2.261985145
Chkb,0.489862575,22.24848076
Armcx3,0.489552775,10.49966239
Dnah6,0.48930323,3.983794733
Nufip2,0.489224458,34.8750844
Tmlhe,0.488884979,31.29642134
Neo1,0.488614179,53.20729237
Cdh2,0.488524249,70.76299797
Gm38165,0.488422405,1.688048616
Fem1c,0.488156192,20.02025658
Ppox,0.48807565,14.01080351
4930593A02Rik,0.487993823,7.900067522
Syngr3,0.487967692,40.07427414
Sh3glb1,0.487919916,40.51316678
Cxcr5,0.487649948,2.059419311
Rala,0.487561222,33.0519919
Arid3b,0.487295018,6.347062795
Dapk1,0.487171876,59.25050641
Sash1,0.487144098,11.54625253
Rnf17,0.486963159,5.469277515
Gm14444,0.486896394,0.844024308
Vipr1,0.486863891,2.126941256
Caap1,0.486750836,22.21471978
Galnt9,0.486724367,14.95611074
Mrps17,0.486582786,14.1458474
Tbc1d2,0.486319557,8.642808913
Rab5a,0.486204232,14.31465226
Ccng1,0.48612535,5.165428764
Suv420h2,0.485838943,15.86765699
4930523C07Rik,0.485834359,0.43889264
Nras,0.485674506,17.21809588
Zbtb21,0.48549137,16.23902768
Acap3,0.485157545,11.91762323
Gtpbp2,0.484681162,22.95746117
Armcx1,0.48447569,15.19243754
Tep1,0.484332999,5.199189737
Ift20,0.484187393,29.91222147
Nell1,0.484144635,62.69412559
Gm14582,0.483977545,7.056043214
Gm8705,0.483876383,0.202565834
Pla2g15,0.483762789,8.845374747
Gm9885,0.483735024,2.093180284
Tagln2,0.483672227,2.835921675
Hdac10,0.483595527,6.41458474
Atp13a2,0.483396915,33.08575287
5330439K02Rik,0.48331253,17.18433491
Rassf8,0.48329487,43.4166104
Lin54,0.483177365,11.74881837
Gm11099,0.483074077,20.56043214
Dpf1,0.482902506,15.05739365
Parp6,0.482751205,27.04253883
Ano1,0.482409566,5.300472654
Cobl,0.482241563,37.13706955
Wrap73,0.48217377,11.14112086
Akap13,0.482155568,43.48413234
Gm13524,0.482118996,2.160702228
Fbxl3,0.481959973,10.19581364
Myo9b,0.481680568,27.95408508
Pcyt1b,0.481639148,16.50911546
Zc3h7a,0.481623698,38.14989872
Zfp871,0.4811696,11.71505739
Bpifb1,0.480984777,0.607697502
Flot2,0.480840478,39.90546928
Gan,0.48047701,11.14112086
Slc2a9,0.480099617,5.435516543
Sepw1,0.480052452,34.77380149
Gm14306,0.47980083,27.14382174
Gng12,0.479727133,27.24510466
Atp2c1,0.479310261,57.1910871
3110083C13Rik,0.479202004,3.916272789
Pgr,0.479156829,19.31127616
Pigg,0.478935999,6.313301823
Chst11,0.478799471,23.86900743
Fam13c,0.478438416,27.54895341
Mfsd7c,0.47842737,1.282916948
Gm29480,0.478408642,3.544902093
Zfp53,0.478193347,17.99459824
Mitf,0.478069814,19.58136394
Tsta3,0.47790076,10.66846725
Tnfsfm13,0.47778981,0.371370695
Stambp,0.477748581,12.12018906
Gpr143,0.477709957,1.147873059
Bbx,0.477339297,36.73193788
Dynlt1a,0.477067223,5.604321404
Hmcn2,0.47630004,2.532072924
Hmgn3,0.476012518,40.68197164
Zranb3,0.47557962,9.318028359
Lrriq1,0.475318304,12.79540851
Gm16894,0.475283574,7.022282242
St5,0.475153742,16.40783255
Unc13a,0.475069996,43.45037137
Hykk,0.475040041,6.313301823
Bsdc1,0.47481492,18.46725186
Pcid2,0.474629201,12.39027684
Kctd9,0.474567147,6.988521269
Rttn,0.47444511,24.67927076
Mblac2,0.47404929,47.56920999
Gypa,0.473945033,3.274814315
Gtf2ird1,0.473826154,35.75286968
Snw1,0.473773229,19.27751519
Tom1,0.473701165,20.1215395
Gm15918,0.473423069,3.072248481
Gm11817,0.473416743,24.81431465
Klf1,0.473312637,0.506414585
Phf14,0.473261029,63.5381499
Zfp647,0.472647838,2.633355841
H2-M5,0.472566049,1.147873059
Gm44040,0.472405284,0.87778528
Pkn1,0.472367486,15.3612424
Als2,0.47232084,25.05064146
Casc5,0.472256322,3.274814315
Adcyap1,0.47211215,17.3193788
Clasrp,0.471889042,33.08575287
Ints9,0.471841839,29.67589467
Map6,0.471088653,52.46455098
Socs6,0.47082601,20.79675895
Lzts2,0.470264448,10.22957461
Pygb,0.470151597,32.41053342
Dpagt1,0.469301672,7.42741391
Zdhhc9,0.469300392,12.5590817
Ehd2,0.469298839,1.789331533
Zfp449,0.469267637,10.06076975
Nek1,0.468884143,54.72653612
Kdm6b,0.468879491,31.53274814
Tm7sf2,0.468793637,6.785955436
Colec12,0.468576058,3.544902093
Rimkla,0.468526784,8.676569885
Pnpla7,0.468388281,18.16340311
Hace1,0.468130949,35.34773801
A930003O13Rik,0.468032302,1.080351114
Bicd2,0.467809444,11.20864281
2810429I04Rik,0.467624186,3.916272789
Pusl1,0.467248929,8.001350439
Fam207a,0.466946739,5.401755571
Fam219a,0.466789381,56.5833896
Gatad2a,0.466614607,18.39972991
St8sia1,0.466574498,21.30317353
Ptprf,0.466422955,30.2498312
Tfpt,0.466391712,8.777852802
Ccser2,0.466189514,36.25928427
Dstn,0.466132231,20.35786631
Aifm2,0.466105144,6.110735989
BC002059,0.465950143,20.1215395
Stmn4,0.465820123,29.00067522
E2f1,0.46577241,1.114112086
Dhdh,0.465573259,3.814989872
Gm16386,0.465349062,3.544902093
Cep57l1,0.465030264,16.3403106
Xylb,0.464970416,1.991897367
Gm10479,0.464700488,4.929101958
Fads2,0.464515685,9.790681972
Wash1,0.464286206,10.39837947
Rbm45,0.46428191,7.359891965
Slc29a1,0.463845309,8.912896691
Ifrd1,0.463797679,16.13774477
Pou3f2,0.463716615,5.300472654
Plgrkt,0.463658099,13.63943282
0610009L18Rik,0.46362866,2.667116813
Clint1,0.463435197,28.52802161
Wdr73,0.463409813,17.38690074
Anapc2,0.46340738,13.5381499
Wnt5b,0.46332159,11.27616475
Arhgap42,0.463132655,12.82916948
Sqrdl,0.4628375,1.654287643
Inpp5d,0.462731891,2.700877785
Fam186a,0.462644289,3.409858204
Ddx4,0.46263548,4.422687373
Ube2l3,0.462501476,27.58271438
Atp11b,0.462356586,38.6563133
Ldb1,0.462352433,5.401755571
Josd2,0.462197688,31.53274814
Prx,0.461922361,1.991897367
BC005537,0.461838689,27.34638758
Stx12,0.461782225,29.64213369
Sgk1,0.461638211,29.94598244
1810044D09Rik,0.461500754,1.114112086
Pcbp4,0.461300339,35.11141121
Dcaf6,0.461261115,57.12356516
Gm27198,0.461006644,3.038487508
Abcc5,0.460858187,59.21674544
Ppip5k2,0.4603757,23.26130993
Tmem159,0.460312214,5.908170155
Ammecr1l,0.460113484,24.61174882
Tfe3,0.460076162,10.90479406
Lrrc16a,0.459830558,53.1735314
Fkbp14,0.459638635,3.983794733
Nkx6-1,0.45942327,0.87778528
Gnai3,0.459354974,18.02835922
Pkp2,0.45930211,7.900067522
Ogg1,0.459243823,6.617150574
2310039L15Rik,0.459224194,1.688048616
Tmed5,0.459196335,16.30654963
Tmem186,0.458530613,17.58946658
Dbnl,0.45843488,17.89331533
Golt1b,0.458352965,8.575286968
Ly96,0.458229866,2.194463201
Aldh18a1,0.458091809,7.967589467
Acot9,0.457689004,8.237677245
Il13ra1,0.457399689,10.22957461
Stk38l,0.457046996,7.056043214
Kctd6,0.456681022,3.679945982
Acad12,0.45641407,5.874409183
Traf7,0.456413056,12.18771101
Ifngr2,0.456326737,9.014179608
Reep4,0.456192213,2.261985145
Ubr4,0.456154736,32.4442944
Psg16,0.455937878,3.612424038
Rcan3,0.45566426,18.63605672
Nek7,0.455636112,17.99459824
Serac1,0.455624521,12.5590817
Chpf2,0.455118893,24.47670493
Gm29570,0.455008434,2.835921675
Fam109a,0.454755139,4.08507765
Hps3,0.454749323,8.912896691
Psd,0.45440829,26.80621202
Sidt1,0.454236798,30.65496286
Tcea2,0.453825346,18.60229575
Stat1,0.453304985,8.001350439
Sept10,0.452898683,10.26333558
Fam174b,0.452883131,3.578663065
Stk10,0.452788331,11.20864281
Arhgdig,0.4526963,19.31127616
Topaz1,0.45265034,0.844024308
Atg4a,0.452358268,7.29237002
Gm9833,0.452090411,5.199189737
Ddr2,0.451958352,4.895340986
Sdad1,0.451784101,9.959486833
Cntnap4,0.451401481,55.40175557
Cntfr,0.451391444,18.5347738
Gm19412,0.451357034,4.152599595
Fhl1,0.45112036,24.17285618
Hcn3,0.450698171,10.3646185
A630012P03Rik,0.450533854,5.604321404
Zfp811,0.450479693,8.068872384
Smurf2,0.450459916,45.74611749
Arhgef25,0.450314418,18.87238352
Zbed4,0.450290066,12.9304524
Brd9,0.450149657,24.47670493
Spink4,0.450111357,0.472653612
BC051142,0.44995767,5.232950709
Gpr137b-ps,0.449844092,10.09453072
Chrna9,0.449821319,3.072248481
Dlk1,0.449572933,8.74409183
Sepn1,0.449193048,6.785955436
Pggt1b,0.448775606,10.29709656
Gm13235,0.448738007,0.405131668
Celf6,0.448729009,35.11141121
Slc52a2,0.448197786,4.625253207
Slco4c1,0.448189424,5.671843349
Asf1b,0.448148991,2.835921675
Ift140,0.447610872,17.48818366
Zfhx3,0.447393718,71.26941256
Zfp942,0.447364258,16.07022282
Prss36,0.447324796,15.83389602
Gm12942,0.447292741,4.186360567
Aspscr1,0.44719502,21.13436867
Vbp1,0.447190343,14.65226199
Spaca6,0.446855622,14.92234976
Rfx8,0.446680072,0.742741391
AI413582,0.446238263,11.30992573
Rhoq,0.446063736,22.65361242
Zfp9,0.445945519,6.920999325
Eri3,0.445336777,47.33288319
Mgat4a,0.445277624,31.39770425
Zfp935,0.445201129,11.47873059
Phka1,0.445100737,37.77852802
Necap2,0.445034147,7.73126266
Esr1,0.444836649,19.81769075
Camkk2,0.444524712,19.68264686
Gm15336,0.444246708,13.90952059
Reep1,0.444006134,67.21809588
Cbl,0.443912691,33.49088454
Chst3,0.443748836,1.75557056
Dennd1c,0.443743686,1.012829169
Shc4,0.443407639,3.342336259
Fzr1,0.443157372,10.33085753
Tax1bp3,0.443120355,2.937204591
Mtmr11,0.442915037,5.334233626
Atp8b1,0.442821955,5.604321404
Zfp395,0.442776907,11.10735989
Gm15545,0.442746316,3.544902093
Gm14399,0.442610595,13.40310601
Jmjd6,0.442534744,13.84199865
Fam196b,0.44244172,15.19243754
Sema6d,0.442216938,92.2012154
Gm44051,0.442074623,11.78257934
Rbm11,0.442073166,2.734638758
Ahsa2,0.442005507,16.23902768
Srsf10,0.441835777,34.16610398
Fam134b,0.441820047,27.58271438
4930533B01Rik,0.441654842,0.945307225
Commd4,0.441343203,22.55232951
Lgals8,0.441281268,18.77110061
Ap2b1,0.441196102,50.9790682
4930516K23Rik,0.441093941,6.347062795
1700034P13Rik,0.44099073,6.110735989
Mid2,0.440924743,23.70020257
Dusp16,0.440752525,10.90479406
Zfyve27,0.440609385,29.16948008
1700010I14Rik,0.440562081,5.739365294
Fam220a,0.440420732,26.23227549
Vkorc1l1,0.440299356,25.08440243
Lmbr1l,0.439728212,10.33085753
Gdpd2,0.439305956,3.882511816
Zfp182,0.438925676,31.06009453
Fndc3a,0.438865429,56.65091155
Rbms1,0.438454955,71.67454423
Taf4b,0.438300798,7.461174882
Cflar,0.438095381,6.887238352
Clnk,0.437768496,5.503038488
Nudt13,0.437760343,11.47873059
Greb1l,0.437685796,41.89736664
Nup43,0.437495955,8.811613774
Proser3,0.43727455,4.152599595
Add3,0.437272527,19.7501688
Baz2a,0.437031784,36.69817691
Gipc1,0.436838968,12.66036462
Plpp1,0.43680286,24.10533423
Draxin,0.436671177,1.181634031
Il17rd,0.436212823,3.173531398
Iffo1,0.436158198,15.83389602
Pcdh7,0.436136583,98.14314652
Cdc42se2,0.436084322,26.87373396
Zfp317,0.435739982,9.318028359
Gm4876,0.435512777,31.22889939
Syne2,0.435351987,13.47062795
Tnfsf15,0.435186354,0.033760972
Pts,0.435009744,6.41458474
Gm26668,0.434828091,13.26806212
RP23-414I24.8,0.434583257,3.848750844
Actl6a,0.434344487,12.72788656
Mus81,0.434185541,7.191087103
Ptpn12,0.434109012,49.18973666
Maob,0.434066917,5.064145847
Phykpl,0.43393016,10.93855503
Gm26994,0.433654211,0.911546253
Fdxr,0.433163865,9.925725861
Sh3bp5l,0.433116285,15.46252532
Trpc4,0.433058515,23.16002701
Jup,0.432969609,4.456448346
Mat2a,0.432897151,49.83119514
Gm2464,0.432818134,1.31667792
Ubtd1,0.432803933,9.62187711
Tnfrsf22,0.432675478,3.038487508
Hells,0.432253166,10.80351114
Ppef1,0.432200758,2.295746117
Gabrg2,0.432170865,40.07427414
Rab11fip1,0.431994691,2.802160702
Nphs1,0.431895624,0.675219446
Gm4792,0.43189436,0.270087779
Gm38392,0.431752076,2.430790007
1600012H06Rik,0.431643556,2.970965564
RP23-4H17.3,0.431486331,1.654287643
Arhgdia,0.431366143,14.88858879
Gm28875,0.431313802,1.654287643
Srebf2,0.431056574,35.65158677
Ppp2r5b,0.430717561,15.19243754
Smad1,0.430689236,29.13571911
Ssc4d,0.430586171,3.038487508
Wnt5a,0.430558704,2.498311951
Cotl1,0.430238175,10.22957461
Gga2,0.430047842,16.74544227
Prr11,0.430018905,1.249155976
Cenpt,0.430014954,23.02498312
Rgs14,0.429841935,0.742741391
Gnpda1,0.429673414,3.713706955
Tom1l2,0.429551668,69.68264686
Hsdl2,0.429262252,8.068872384
Slc1a7,0.429202505,1.485482782
Syap1,0.429040167,11.64753545
Gm4890,0.428985,2.599594868
Slc8b1,0.428886585,3.679945982
Gm2163,0.428817826,66.44159352
Rai2,0.428641382,10.7359892
Agpat9,0.428511872,8.271438217
Gm13883,0.428203278,2.700877785
Rab2b,0.427813282,19.31127616
Ngdn,0.427689026,8.946657664
C9,0.427661599,1.654287643
Cacng4,0.427564134,22.82241729
Nsdhl,0.427545637,11.88386226
Mthfs,0.427462773,30.38487508
Kpna4,0.427334807,29.10195814
Jade3,0.427171157,18.97366644
Col4a2,0.426877257,17.48818366
Gm15446,0.426619017,20.89804186
Rtl1,0.426524014,13.30182309
Fam71e1,0.426512048,7.089804186
Gm14296,0.426495278,9.689399055
Ust,0.426384105,20.76299797
Obfc1,0.426268479,8.609047941
Cep44,0.426182239,9.62187711
Reep2,0.426131734,27.75151924
P2rx4,0.426006219,19.37879811
Dennd3,0.426004828,12.08642809
Ptpn23,0.425990979,12.69412559
Inpp5f,0.425938967,26.67116813
Ubtd2,0.425816485,11.00607698
Wdr53,0.425352953,5.266711681
Arid3a,0.425301173,6.279540851
Ppp1r8,0.425260351,8.777852802
Gsr,0.42524954,12.15395003
Srrm4,0.425166882,65.3612424
Nhsl1,0.425154031,9.419311276
Tnfsf4,0.425108815,0.87778528
Erc1,0.425080927,62.22147198
Kctd19,0.424839854,0.472653612
Rusc2,0.42483293,25.75962188
Ceacam2,0.424812497,9.385550304
Amn1,0.424786187,37.57596219
Armc6,0.424264341,14.1458474
Nfya,0.424247532,2.363268062
Ampd3,0.424216814,11.5800135
Skil,0.424062613,13.23430115
Catsper3,0.424011444,6.144496962
Sp100,0.423983491,1.485482782
Dhps,0.423894264,13.97704254
Fuz,0.423828162,9.216745442
Rras2,0.423551427,8.710330858
1700101O22Rik,0.423498754,0.067521945
Rgp1,0.423461315,11.07359892
Letmd1,0.423349866,12.66036462
Yae1d1,0.423298486,5.941931128
Nfs1,0.42320916,22.88993923
Pgpep1,0.423100356,3.443619176
1810043G02Rik,0.423081341,11.10735989
Rsu1,0.422960513,22.07967589
2810029C07Rik,0.422959581,5.165428764
Alkbh6,0.422915705,11.61377448
Fam222b,0.422867572,49.42606347
Bmp4,0.422841231,0.236326806
Far1,0.422685418,37.98109386
Drp2,0.422533393,9.588116138
Map2k1,0.422348299,41.39095206
Ddx54,0.422138772,4.253882512
Tmem86b,0.42207067,7.157326131
Irf3,0.42206981,19.7501688
Klc4,0.421656012,9.453072248
Bcam,0.421620588,3.882511816
Pnn,0.421382586,48.27819041
9330175M20Rik,0.421362277,8.575286968
Ctxn1,0.420766556,7.900067522
Plk3,0.420705773,4.861580014
Hps5,0.420600875,12.25523295
Trim3,0.420577758,20.35786631
Nxpe4,0.420156567,7.359891965
Sh3pxd2b,0.420010134,13.26806212
Ak2,0.419812641,15.32748143
Dctn4,0.419788724,39.70290344
Elk4,0.419771176,6.617150574
Gm16008,0.419519777,3.781228899
Fam117b,0.41950874,43.07900068
Trabd,0.419376286,16.81296421
RP23-89C10.5,0.419221659,3.612424038
Frmpd1,0.419183383,16.84672519
Nrbp2,0.41913898,24.84807562
Lims1,0.418804758,51.75557056
Eif4e2,0.418774065,10.60094531
Fam20c,0.418748338,18.5347738
Bet1l,0.418677789,9.689399055
Taco1os,0.418675467,3.409858204
Tvp23bos,0.418643387,0.472653612
Cdkl5,0.418594569,27.61647535
Cda,0.418542105,6.819716408
Irak2,0.418458309,7.461174882
Map7d1,0.418184506,22.85617826
Gm14326,0.418137715,19.71640783
Zfp248,0.418070951,16.07022282
D030047H15Rik,0.418018169,9.284267387
Gm26945,0.417856486,3.139770425
Prmt6,0.417849757,2.734638758
Col4a1,0.417793562,8.980418636
Ehhadh,0.417733086,12.08642809
Sec23b,0.417466858,16.30654963
Il10rb,0.417131482,1.75557056
Sgpl1,0.416747703,16.74544227
Psph,0.416682227,5.469277515
Lrrc75a,0.416590513,4.96286293
Fam63b,0.416391041,34.67251857
Zfyve1,0.416143608,27.00877785
Gm2824,0.416065229,13.87575962
Nmi,0.416062591,3.882511816
Actn1,0.415830141,19.68264686
Syt4,0.41535499,46.69142471
Zbtb10,0.415194918,5.030384875
Gm10069,0.414969513,18.70357866
Spats1,0.414792633,7.393652937
Atic,0.414686343,10.83727211
Fbrs,0.414591933,10.93855503
6720427I07Rik,0.414458659,6.549628629
Galm,0.414380477,2.667116813
Dbn1,0.414211338,35.82039163
Cope,0.41413739,22.07967589
Fryl,0.414135923,37.27211344
Sspn,0.413997617,2.633355841
Sh3rf1,0.413702718,46.15124916
1810041L15Rik,0.41342886,7.933828494
Spats2l,0.413426744,27.92032411
Bnipl,0.413376092,2.532072924
Pakap,0.413369897,14.7535449
Mettl3,0.413324421,13.87575962
Fam104a,0.413079087,10.09453072
Brip1os,0.413015018,30.55367995
Slc25a27,0.4126696,34.84132343
Slc25a1,0.412358208,7.933828494
Miip,0.412240173,10.43214045
Ern1,0.41215378,15.19243754
Ostf1,0.411932876,3.950033761
Gm16036,0.41181958,2.261985145
Rad50,0.411752074,15.49628629
Slc8a1,0.411681016,92.09993248
Bcorl1,0.411631227,11.44496962
Ubap1,0.411563656,17.25185685
Trim46,0.41122355,33.38960162
Cenpk,0.411176833,2.835921675
Zfp937,0.411095696,4.388926401
Exoc1,0.410990017,20.05401756
Agrn,0.410908608,28.08912897
Caprin1,0.410818111,40.95205942
1500009L16Rik,0.410706617,11.00607698
Cables1,0.410635355,7.123565159
Gm12002,0.410502972,8.777852802
Gm16120,0.410336465,0.033760972
Nmt2,0.410311317,43.51789332
Chd4,0.410239573,40.41188386
Nip7,0.410213629,5.367994598
Zfp64,0.410187235,29.30452397
Ankra2,0.410150268,11.5800135
E430025E21Rik,0.410078138,12.18771101
Esyt2,0.410037407,43.0452397
Ube2d3,0.410002719,33.49088454
Kantr,0.409911294,37.10330858
Slc10a4,0.409903423,4.456448346
Gm14051,0.409445452,5.435516543
Zfp474,0.409433816,1.31667792
Asb1,0.409311654,5.334233626
Ppp1r1a,0.409231142,9.858203916
Ccdc74a,0.408875509,3.983794733
Calr3,0.408842546,3.409858204
4930570N18Rik,0.408522247,2.025658339
Rangap1,0.407946481,27.75151924
Pcgf3,0.407764576,20.45914922
Mypn,0.407686017,2.430790007
Klf7,0.407609584,36.56313302
Btbd7,0.407555516,45.03713707
Tstd2,0.407413812,9.689399055
Leprot,0.407327528,5.300472654
Clip3,0.407110918,16.61039838
Lrrc75b,0.406954184,4.895340986
Yap1,0.406899153,2.802160702
Cnppd1,0.406761318,11.37744767
Arpc2,0.406716217,34.09858204
Cep120,0.406617646,23.49763673
Gm20655,0.406370513,0.776502363
Kansl3,0.405947128,27.65023633
Runx1t1,0.405833901,69.95273464
Crmp1,0.405724433,27.17758271
Gm38250,0.405641719,11.24240378
Rcan1,0.405520537,12.72788656
Map2k4,0.405512789,64.5172181
Leng8,0.405430963,45.30722485
Epb41l4b,0.405377924,44.09182984
Adcy7,0.405255501,12.69412559
Jazf1,0.405214444,56.21201891
Map4k4,0.405097668,29.84469953
Magt1,0.405089122,13.90952059
Crebzf,0.405068149,18.43349088
Gm15688,0.404991804,1.046590142
Wasf3,0.404953387,28.05536799
Fam21,0.404932501,19.37879811
Gpd2,0.404923969,19.04118839
Ulk4,0.404885148,35.07765024
Gm14340,0.40472346,0.033760972
Cdk5,0.404687682,21.06684673
Osbpl10,0.404685544,34.50371371
Dars2,0.40439484,10.06076975
Uchl1,0.404257479,55.40175557
Gm26782,0.404231472,25.86090479
Tle1,0.40394143,16.84672519
Ikbkg,0.403819094,15.09115463
Casp3,0.403755322,4.388926401
Abtb1,0.403733763,8.372721134
Clvs1,0.403598093,73.22754895
Trrap,0.403586377,27.51519244
Nme7,0.403563786,18.06212019
Srsf5,0.403343767,50.87778528
Gm5796,0.403278026,0.945307225
Zxdc,0.403086676,11.41120864
Rap1gds1,0.403075549,42.03241053
Pls3,0.403057263,23.73396354
4933431E20Rik,0.402954872,5.874409183
Gm17231,0.402819068,35.28021607
Elovl1,0.40273698,6.212018906
Nipsnap3b,0.402622086,3.038487508
Rc3h1,0.402600449,42.50506415
Gm20499,0.402554008,5.469277515
Ddx17,0.402545255,46.5901418
Fpgs,0.402422631,7.765023633
Usp35,0.40230229,6.380823768
Rtn4,0.402267239,64.48345712
Camk1,0.401823418,24.94935854
B830012L14Rik,0.401693554,34.8750844
Med27,0.401687069,20.76299797
Maoa,0.401682652,18.46725186
Clk3,0.40164617,14.41593518
Panct2,0.40162456,2.194463201
Rab7,0.401615629,21.84334909
Clvs2,0.401531616,37.71100608
Zranb2,0.401240257,55.87440918
Acat2,0.400964131,10.06076975
C130026I21Rik,0.400937731,11.9513842
Ttll12,0.400898091,5.367994598
Galnt18,0.400780967,31.76907495
Ddx39,0.400697382,6.617150574
Mtmr9,0.400650997,6.009453072
Sugp2,0.400569272,33.22079676
9030617O03Rik,0.400319467,5.064145847
Brca1,0.400317963,5.334233626
Spag4,0.400297931,6.076975017
Fancg,0.400288435,5.435516543
9430038I01Rik,0.400254189,4.625253207
Ctdspl,0.400058658,30.35111411
Mum1,0.399670835,13.20054018
Mrpl11,0.399621098,6.212018906
Arvcf,0.399603549,22.34976367
Tcl1b4,0.399454843,0.101282917
Clca4b,0.399440261,2.700877785
Pnkp,0.399366678,16.84672519
Gm28845,0.399352841,0.776502363
Ube4a,0.399107049,30.35111411
Ptprk,0.39905664,36.63065496
Cx3cr1,0.399035273,10.90479406
Dock11,0.39880687,39.50033761
D730003I15Rik,0.398660471,7.29237002
Myef2,0.398439434,41.458474
Cdyl2,0.398372514,31.19513842
Coro1b,0.39835474,8.203916273
Ip6k2,0.398306515,25.59081702
1110002L01Rik,0.398015586,10.7359892
Bbip1,0.397998882,30.38487508
Ndel1,0.397709254,26.16475354
Zpr1,0.397679076,8.30519919
Wdr47,0.397514756,39.09520594
Mfsd6,0.397510458,28.46049966
4632404H12Rik,0.397344947,2.228224173
Dedd,0.397287124,7.29237002
RP24-236C17.2,0.397267805,39.43281567
1810022K09Rik,0.397120061,37.20459149
Gm11368,0.397042941,0.337609723
Anapc5,0.397027457,41.79608373
Dync1i1,0.396893641,70.39162728
Tmem237,0.396860458,16.17150574
AW554918,0.396758263,40.74949359
Pikfyve,0.396574861,24.30790007
Bmpr2,0.396489627,49.66239028
Nxnl2,0.39644046,1.384199865
Abhd16a,0.39630756,33.42336259
Cdh11,0.396284882,21.37069548
Epb41l1,0.396276849,61.24240378
Coro1c,0.396099917,26.97501688
Stmn2,0.396057007,56.04321404
Mpp5,0.395987148,25.52329507
Mpp1,0.395930258,11.07359892
Gm13652,0.395907599,0.641458474
Taf11,0.395848216,9.62187711
Uba6,0.395757896,34.16610398
Nckap5,0.395579817,33.72721134
4931406P16Rik,0.395554755,35.34773801
Chp1,0.395544304,30.01350439
Acaca,0.395531065,69.1424713
6030443J06Rik,0.395520563,25.1181634
Usp20,0.395434892,34.03106009
D430041D05Rik,0.395099181,50.9790682
Sesn2,0.395071484,2.734638758
Klf11,0.394958223,1.384199865
Gm26854,0.394810196,3.139770425
E230001N04Rik,0.394764307,3.173531398
Dleu7,0.39455705,5.604321404
Rltpr,0.394098252,8.1701553
Murc,0.394083782,3.477380149
Kif3a,0.393935285,32.14044564
Samhd1,0.393783061,15.56380824
Hk1,0.39369499,35.92167454
4732456N10Rik,0.393451283,0.945307225
Rubcn,0.393365436,23.09250506
Accs,0.39315173,5.232950709
Ppp1r35,0.392964161,6.313301823
Farp1,0.392939205,54.08507765
Qars,0.392935908,6.515867657
Pvr,0.39292586,4.794058069
Kcnn3,0.392899458,25.75962188
Clgn,0.392855455,14.34841323
Mbd4,0.39285111,9.115462525
Lypd5,0.392673103,0.033760972
Opn3,0.392497081,2.160702228
Slc22a30,0.392477265,0.607697502
Tnfrsf1b,0.392397094,2.835921675
Plekhm3,0.392381095,38.14989872
Nlrc4,0.392365127,15.7326131
Twsg1,0.392244842,6.549628629
Prrg4,0.392237023,5.401755571
Zwint,0.392144788,67.25185685
Polr1e,0.392111111,2.565833896
Tfg,0.392087287,17.82579338
Pus7,0.391875927,21.30317353
Prss35,0.391533443,1.147873059
Igsf1,0.391512091,1.147873059
Ssna1,0.391461183,13.43686698
Dcaf15,0.391248899,8.271438217
Cers4,0.391008007,48.91964889
Fsd1,0.390697158,33.99729912
Stard3nl,0.390661357,19.91897367
Gm16897,0.39057197,2.363268062
1810024B03Rik,0.390563991,3.848750844
Klc1,0.390549404,56.5833896
Pomgnt1,0.390333901,15.19243754
Prcp,0.390273619,18.50101283
Snhg20,0.390240549,48.27819041
Supt20,0.390225799,33.15327481
Mapk8,0.390223794,40.6144497
Hook2,0.390169276,29.270763
Hook3,0.390103567,50.47265361
March8,0.389896138,27.85280216
Sec23a,0.389525679,31.0938555
Fnbp1l,0.389488633,26.02970966
Hgs,0.389433242,16.77920324
Pmvk,0.389353408,18.36596894
Clcn6,0.389351642,20.35786631
Mnat1,0.389194571,41.2221472
Soga1,0.389052787,25.69209993
Hdac3,0.388713221,38.85887914
Taf1d,0.388666196,20.02025658
Srgap1,0.388332568,34.43619176
Itgb1,0.388298084,28.49426063
Gm15631,0.388281648,2.667116813
Marf1,0.388248518,45.47602971
Kif5a,0.388241905,49.6286293
Nploc4,0.387996136,30.79000675
Adk,0.3878733,37.64348413
Ppfia3,0.387846856,37.81228899
Fggy,0.387748427,30.72248481
Mef2a,0.38769327,44.05806887
Ggnbp2,0.387572635,48.85212694
Pdcd4,0.387511717,27.75151924
Rab5b,0.387490183,25.59081702
Rnf38,0.387439609,34.06482107
Dync2li1,0.387419353,5.09790682
Arhgef28,0.387403335,28.22417286
Tlcd1,0.387396933,3.342336259
Inpp1,0.387290322,10.76975017
Kdsr,0.387284799,11.20864281
Mxd1,0.387201982,5.401755571
Kif3b,0.38717437,22.78865631
Wnk1,0.387156769,60.80351114
Atg5,0.386943926,15.96893991
Gucy1a2,0.386872762,69.10871033
Epn2,0.386686246,30.31735314
Nlk,0.38660121,68.23092505
Slc44a2,0.386553638,15.66509115
4930578M01Rik,0.386464794,4.186360567
Eea1,0.386354527,36.12424038
Cyfip1,0.386325681,28.52802161
Adra1a,0.386187113,25.69209993
Crebrf,0.386134835,37.84604997
Chka,0.386068515,50.50641458
Hecw2,0.385583843,67.5557056
Acd,0.385514296,9.655638082
Cfap43,0.385381143,4.625253207
Ptpdc1,0.385290668,8.541525996
Sft2d2,0.385228752,2.667116813
Gm43419,0.385217461,0.135043889
Ormdl2,0.385165575,31.29642134
Slc24a5,0.38508055,40.41188386
Gm11659,0.385061705,25.08440243
Ankib1,0.385045037,41.8298447
Bhlhe41,0.385030946,8.271438217
Exosc8,0.385025307,6.178257934
Gak,0.384968533,31.22889939
5031425E22Rik,0.384740384,34.90884537
Tmem181a,0.384537339,51.14787306
Fscn1,0.384368603,11.85010128
2900026A02Rik,0.384356377,6.549628629
Armc3,0.384328261,4.321404456
Lnpep,0.384146235,42.53882512
Gpi1,0.383886828,42.30249831
Npl,0.383886237,2.565833896
Dusp8,0.383584576,6.684672519
Lman2l,0.383526371,34.6387576
Selenbp1,0.38352272,3.950033761
Dlgap4,0.383494138,31.16137745
Slirp,0.383491093,14.1458474
Pgd,0.383366462,6.279540851
Tmem184b,0.383230175,25.32072924
Ndrg2,0.383219746,24.20661715
2700049A03Rik,0.382972655,36.36056718
Prickle2,0.382947325,68.43349088
Snapc5,0.38293364,6.043214045
Daam1,0.382874005,39.12896691
Trpc1,0.382808928,31.76907495
Parp10,0.382737386,2.194463201
Srcin1,0.382691885,29.57461175
Anapc4,0.382644848,23.05874409
1700025G04Rik,0.38261849,46.15124916
Atat1,0.382514266,30.51991897
Hemk1,0.382411726,7.697501688
Zfp7,0.382118117,5.806887238
Lrrc3,0.382112618,1.417960837
Gm28501,0.381948423,1.688048616
Srsf2,0.381818434,52.73463876
Zim3,0.381773574,16.81296421
Arl13b,0.381615582,17.01553005
Dclre1a,0.381469033,2.599594868
Bdp1,0.381312858,27.71775827
Emc9,0.381270355,19.1424713
2500002B13Rik,0.381188451,1.215395003
Gm15155,0.381151737,32.10668467
Zfp451,0.381044383,26.40108035
Map2k3os,0.380705294,2.228224173
Nucb2,0.380547008,13.23430115
Fez2,0.380408744,9.419311276
Xiap,0.380326169,31.19513842
Itpkc,0.380275699,3.004726536
Gpc3,0.380272583,13.90952059
Atp4a,0.380100364,1.519243754
Slc4a10,0.38008878,59.3855503
Gm21814,0.380088212,7.224848076
Efna5,0.380019898,86.73193788
Gpcpd1,0.379692498,51.72180959
Ascc3,0.379658883,51.51924375
Kin,0.379651258,7.967589467
4931440J10Rik,0.379632154,12.76164754
Raph1,0.379601073,59.28426739
Rpain,0.379399477,7.629979743
1700022A22Rik,0.379393456,4.861580014
Grb10,0.379323626,65.19243754
Dcaf17,0.379310392,22.3160027
Oxr1,0.379278462,88.6563133
Bend7,0.379157215,21.03308575
Cat,0.379143248,5.9756921
Casp9,0.379108434,5.165428764
Slc35c2,0.378929867,8.507765024
Gls,0.378926573,64.95611074
Tap1,0.378798356,1.181634031
Yes1,0.378638695,25.92842674
Stx5a,0.378637302,39.53409858
Snx4,0.378573726,20.25658339
Gm14410,0.378519754,26.83997299
Gm26785,0.378398936,5.874409183
Fam193b,0.378316656,39.46657664
Sec24b,0.378252951,50.3713707
Tesk2,0.378197767,12.45779878
Syt14,0.378181989,29.40580689
Dcx,0.378173328,33.0519919
Mars2,0.378154087,2.498311951
Zfp444,0.378120193,23.83524646
Gm3604,0.378115011,5.638082377
Isoc2a,0.377996702,4.52397029
4930503L19Rik,0.377986232,5.908170155
Arhgef15,0.377970415,8.1701553
Ptpro,0.37794401,24.13909521
Arhgef11,0.377653325,45.74611749
Arhgef10l,0.377617876,27.04253883
Enpp3,0.377412693,1.924375422
AI846148,0.377199148,27.51519244
Map2k2,0.377127501,32.24172856
Rap1b,0.37710012,9.149223498
D1Ertd622e,0.377085928,8.609047941
Rab6b,0.377082201,28.52802161
Zfp960,0.376998196,1.958136394
Zfp809,0.376923315,6.279540851
6430550D23Rik,0.37687423,4.794058069
Zfp141,0.376786005,24.34166104
Gm10516,0.37675647,19.31127616
Rnf24,0.376666496,27.58271438
Wdsub1,0.376625007,7.224848076
Akr1a1,0.376333501,26.97501688
Gdpd5,0.376268536,7.697501688
Mettl2,0.3762061,16.27278866
Zfp81,0.376153726,12.15395003
Ect2l,0.376101525,2.194463201
Hjurp,0.375919747,21.3369345
Tnip1,0.375815149,8.1701553
Ino80,0.375778188,41.458474
Ttll7,0.375735922,33.11951384
Dusp18,0.375664248,2.700877785
Lhfpl3,0.375627765,89.6353815
Slc2a7,0.375557134,1.688048616
Syn1,0.37552159,62.45779878
Stk32a,0.375511825,24.44294396
Sfi1,0.375372635,33.86225523
Mkl1,0.37508017,39.23024983
Tbcd,0.375066127,40.47940581
Prune2,0.375002262,72.01215395
Wdr26,0.374961593,31.49898717
Plxnc1,0.374880115,29.67589467
Fam26e,0.37485128,1.012829169
Vcl,0.374703615,20.76299797
Chm,0.374654314,43.92302498
Klkb1,0.374629417,2.430790007
Gpatch1,0.374607588,29.33828494
Tmem55b,0.374518275,19.78392978
Gm5595,0.374502616,18.02835922
Acot11,0.374327804,13.40310601
Cenpi,0.374155728,2.025658339
Dctn5,0.374083722,9.047940581
Kctd20,0.374064142,15.25995949
Cav2,0.374062757,3.713706955
Sf3b1,0.373961161,44.49696151
Manbal,0.373942657,18.33220797
Psmd3,0.373925733,14.5172181
Ist1,0.37364059,19.34503714
Lin7a,0.37335789,45.6110736
Ppm1l,0.373313984,34.03106009
Lrba,0.373242937,75.7258609
Rgs20,0.373174858,27.44767049
Tmem106a,0.373139212,4.96286293
Ampd2,0.373107016,20.4929102
Slk,0.373003175,14.55097907
Sdk2,0.372827361,27.3126266
4930568G15Rik,0.372761444,2.397029034
Uso1,0.372645797,24.40918298
Phkb,0.372612932,45.88116138
Mllt11,0.372560011,27.04253883
Commd7,0.372524487,12.28899392
Nomo1,0.372493811,10.80351114
Atxn7l1,0.372458992,38.58879136
Fam13b,0.372107753,40.10803511
Jarid2,0.372056815,39.93923025
Harbi1,0.371994422,4.726536124
Mob4,0.371992306,28.62930452
Mboat2,0.371988672,24.03781229
Cep192,0.371949933,21.87711006
Dcp1b,0.371879882,19.54760297
Gm3164,0.371825799,1.282916948
Vav2,0.371816703,13.30182309
Jak2,0.371803422,21.80958812
Eps8l2,0.371568525,2.160702228
Dnmbp,0.371339621,13.13301823
Alg13,0.371331396,12.15395003
Mknk2,0.371170295,4.017555706
Dnlz,0.371122629,12.35651587
Ccdc90b,0.371096849,16.23902768
Ndc80,0.371057752,0.573936529
Ubxn4,0.370816711,47.56920999
Cdk16,0.370776757,19.07494936
Erlin1,0.370776449,23.83524646
Bpifc,0.370663406,0.607697502
1810013L24Rik,0.370640057,11.51249156
Sirt7,0.370587243,31.63403106
Pdcl3,0.370570474,6.887238352
Herpud2,0.370559035,17.25185685
RP24-236C17.3,0.370448085,12.45779878
Cask,0.370436358,59.35178933
Mrpl41,0.370434022,26.7049291
Pcbd2,0.370326295,20.59419311
Rlim,0.370171345,18.5347738
Tardbp,0.37003953,30.01350439
AV099323,0.369874144,3.511141121
Lrrc16b,0.369765892,24.84807562
Gm12258,0.369713313,9.284267387
Larp4b,0.369704124,31.26266036
Mtmr1,0.369563251,28.59554355
Limk1,0.369505179,26.16475354
Mrpl45,0.369460491,13.33558406
Prkdc,0.369438671,28.32545577
Cacul1,0.369261513,29.64213369
Sft2d1,0.369222431,14.44969615
Immp2l,0.369123642,59.82444294
Nxn,0.369104701,19.00742741
Dnajc13,0.368973465,25.82714382
Ift46,0.368930241,12.79540851
Rsrp1,0.368811496,83.6596894
Cnrip1,0.368735314,37.84604997
Mob1b,0.368668704,24.03781229
Lix1l,0.368659624,10.60094531
Plaa,0.368637233,33.38960162
Stx16,0.368482918,54.59149223
Ap1m1,0.368346322,20.79675895
Trap1,0.368265877,11.88386226
Apbb1,0.368203241,22.9237002
Hnf1a,0.368202228,0.540175557
Gm15608,0.368155788,4.996623903
Pcmtd2,0.368104902,22.3160027
Dpp3,0.368049993,13.20054018
Gm26954,0.36799856,13.30182309
Swt1,0.367924303,29.77717758
Ankrd16,0.367885115,12.18771101
Atl1,0.367709424,33.6596894
Mettl23,0.367700238,54.52397029
Cacna1b,0.367694031,69.95273464
Cwc27,0.367666526,42.97771776
Srgap2,0.367588671,66.07022282
Dock8,0.367566924,6.920999325
Slc17a5,0.367396528,22.38352465
Prmt10,0.367367361,13.70695476
Zfp641,0.3673036,17.85955436
Zc3h3,0.367206018,12.42403781
Arhgap12,0.367204246,31.39770425
Zbtb34,0.367160778,7.832545577
Dpm2,0.367104173,18.77110061
C2cd5,0.366860113,52.1944632
Frmd4b,0.366803537,58.67656989
Sncg,0.36677378,32.95070898
Slc38a2,0.366737682,26.94125591
Eogt,0.366727913,10.90479406
Lurap1,0.366665649,8.30519919
Tsc22d1,0.36661342,46.48885888
Numb,0.366549158,45.88116138
Tspo2,0.366418136,0.270087779
Fat1,0.366358558,10.46590142
Gpatch3,0.36625381,3.64618501
Tnpo2,0.366240389,10.972316
Snrnp48,0.366223077,52.29574612
M1ap,0.366199431,0.945307225
Nol6,0.366166299,2.835921675
Ptp4a3,0.366085449,6.549628629
Grk5,0.366082418,32.84942606
Gm37184,0.365917436,0.472653612
Arf4,0.365809944,34.33490885
Mlf2,0.365794369,30.51991897
Hmbox1,0.365653743,38.11613774
Adap1,0.365639615,22.34976367
Ptprq,0.365526824,13.1667792
Nudt6,0.365509698,2.194463201
Snx21,0.365462146,24.98311951
Nnat,0.365337202,29.60837272
Gnl2,0.365312462,21.23565159
Ucp2,0.36519462,2.397029034
Vps13c,0.365176392,32.91694801
Ssbp3,0.365031778,31.29642134
Letm2,0.364992824,40.27683997
Myt1,0.364982244,14.55097907
Ccdc50,0.364922677,30.41863606
Tmem245,0.364794613,28.83187036
Wdr83,0.36478813,13.43686698
Micall2,0.36478586,1.991897367
Kras,0.364734146,26.97501688
Ccnl2,0.364718506,38.25118163
Rffl,0.364608197,18.09588116
Ptpn9,0.364596735,54.9966239
Dcun1d5,0.364586102,24.84807562
Rpusd4,0.364560058,2.430790007
Vps37a,0.364533942,17.28561783
S100pbp,0.3642834,18.63605672
Gtpbp6,0.364202432,10.22957461
Gss,0.364071436,6.954760297
Lcor,0.363891181,57.22484808
Fam120a,0.363840929,29.03443619
Chrna6,0.363776715,2.734638758
Hsf2,0.363628419,20.32410533
Atrnl1,0.363615062,68.80486158
Guf1,0.3635575,18.97366644
2900076A07Rik,0.363517227,14.58474004
Rbpj,0.363492166,14.82106685
Gm28183,0.363462924,0.033760972
Snap23,0.363396689,19.98649561
Pwwp2b,0.363384358,1.924375422
Rhpn2,0.363173769,2.32950709
Gm28307,0.363068528,1.991897367
Srbd1,0.363058383,13.43686698
Tbccd1,0.362960157,4.96286293
Chd2,0.362917258,46.8264686
Tbc1d20,0.362857567,9.925725861
Nbeal1,0.36284233,58.10263336
Eml6,0.362832533,85.71910871
Slc35e4,0.362769103,4.118838623
Mdm4,0.362682045,38.14989872
Ctps2,0.362641365,28.22417286
Cacna2d1,0.362616378,82.6806212
Zswim7,0.362387949,6.549628629
Zfand6,0.362326454,36.29304524
Mtss1,0.362303793,47.13031735
Gm15965,0.36220094,19.24375422
Tmem47,0.362158439,16.84672519
Lrrtm2,0.362097697,4.96286293
Zfp626,0.361992202,2.565833896
Pkn2,0.361958664,32.41053342
Tcp11l1,0.36193088,42.16745442
Apitd1,0.361796611,3.106009453
Tbc1d7,0.361771792,6.212018906
Rasa1,0.361659853,28.42673869
Xpnpep3,0.361405377,18.16340311
Rplp2,0.361343145,3.781228899
Gm960,0.361323385,7.832545577
Trappc8,0.361179672,34.06482107
Foxj3,0.361178493,35.34773801
Sesn1,0.361146763,45.81363943
Tnks,0.36087727,33.22079676
Zfp523,0.360864525,20.729237
Scyl2,0.360824814,12.76164754
Fam83h,0.360788475,0.911546253
Mapre2,0.360678995,38.45374747
Creb1,0.360632988,24.54422687
Klhl24,0.360602352,19.07494936
Cyb5b,0.360465724,24.17285618
Erich6,0.360359382,3.106009453
Evl,0.360220081,51.01282917
Bora,0.360189735,4.895340986
Hexdc,0.360162561,18.19716408
Acbd3,0.359939432,9.959486833
Larp7,0.359699263,8.507765024
Sbds,0.359633339,21.16812964
Psme3,0.359620449,6.076975017
Gm26521,0.359538026,6.515867657
Cisd3,0.359369183,10.7359892
Cramp1l,0.359230336,27.81904119
Lipe,0.359175454,23.49763673
1700018B08Rik,0.35907853,0.87778528
Exoc5,0.359056866,31.02633356
Coro7,0.359026381,22.14719784
Ppp1r21,0.359020013,14.85482782
Gm26588,0.35901929,0.303848751
Galk2,0.358974467,25.92842674
Trmt2a,0.35890089,15.66509115
Cebpg,0.358876745,9.655638082
A330074K22Rik,0.358825715,6.178257934
Mcph1,0.358800793,25.52329507
Zswim5,0.358740529,25.38825118
Cnnm4,0.358607548,4.22012154
Ugdh,0.358469627,15.7326131
Llgl1,0.35846888,7.42741391
Ankrd44,0.358448782,31.36394328
Tob2,0.358441526,6.752194463
Senp5,0.358404651,37.87981094
Rps6kb2,0.358349926,21.97839298
Inhbb,0.358349125,1.012829169
Flcn,0.358191615,9.081701553
Cdc42bpa,0.358148353,71.80958812
Ctbs,0.357986609,4.355165429
Dctn2,0.357896717,22.14719784
Cdk8,0.357840591,33.49088454
E130102H24Rik,0.357801969,8.541525996
Ezh1,0.357777004,23.05874409
Rnasel,0.357761317,4.827819041
Wdr59,0.357623997,14.95611074
Mycbp,0.357567056,20.76299797
Kdm3a,0.357517608,16.88048616
Basp1,0.357357398,32.71438217
Pign,0.357257419,29.03443619
Gstm4,0.357251858,1.688048616
Ttc9c,0.357186817,13.26806212
Slc39a11,0.356968512,14.31465226
Pfkl,0.356885492,15.69885213
Alkbh8,0.356797025,29.84469953
Acot12,0.356748521,1.282916948
Pak2,0.35663853,22.04591492
Cdc42,0.356455101,44.26063471
Parg,0.356429954,25.15192438
Gm2087,0.356426995,16.40783255
Fah,0.35642692,35.78663065
Ankfy1,0.35619801,30.72248481
Snapc3,0.356148712,30.55367995
Heatr5a,0.356000668,25.1181634
Lyrm9,0.355996027,8.30519919
Plin5,0.355884649,0.945307225
Gabrg1,0.355862314,18.23092505
1700042O10Rik,0.355721848,20.1215395
Parn,0.355716767,23.5313977
Pycr2,0.355431715,10.76975017
Lamp2,0.355405147,18.83862255
Ptprs,0.355386817,64.11208643
Mast2,0.355363449,63.60567184
Fgd4,0.355355463,48.75084402
Tbc1d25,0.355021476,5.941931128
Impact,0.355004331,40.37812289
Rundc3a,0.354959964,27.95408508
Fyco1,0.354953564,22.58609048
Xrcc3,0.354917047,2.397029034
Samd8,0.354905456,14.58474004
RP23-16L19.5,0.354847794,0.067521945
Ier2,0.35484506,1.114112086
Rbbp4,0.354792904,24.71303174
Ankub1,0.354715362,2.160702228
Snd1,0.354694758,36.29304524
Tln2,0.354543166,43.68669818
Rufy3,0.354469621,58.00135044
Dcun1d3,0.354316067,21.13436867
Ddc,0.354251901,28.59554355
Trim2,0.354042532,71.03308575
Atg16l2,0.353965385,26.87373396
Btbd10,0.353918435,36.56313302
Rit2,0.353879974,89.70290344
Pask,0.353636251,5.806887238
Glyat,0.353417619,0.506414585
Surf2,0.353397809,8.676569885
Dync1li2,0.353242348,33.18703579
Sptan1,0.353153624,59.55435517
Gm15614,0.352929709,21.06684673
Sdccag8,0.35282556,40.17555706
Smad2,0.352801656,16.23902768
Tktl1,0.352737553,2.228224173
Prpf3,0.352715455,16.40783255
Ppil3,0.352690711,12.86293045
Rfc3,0.352684159,5.09790682
Vps13d,0.352609245,48.4132343
Edem1,0.352565113,9.891964889
Tuba1c,0.352491127,0.236326806
Plekha2,0.352475274,2.126941256
Dip2a,0.352391525,22.58609048
Tfcp2,0.352381117,25.59081702
Aldh3a2,0.352283861,9.925725861
Ubap2l,0.351877557,49.0209318
Usp14,0.351838924,38.45374747
Smc5,0.351621698,32.84942606
Palm,0.351605769,24.74679271
Ralyl,0.351585242,64.55097907
Syncrip,0.351579539,20.02025658
Fam172a,0.351549782,58.74409183
Dennd6a,0.351539031,41.2221472
Snx1,0.351511525,27.65023633
Gm15440,0.351425556,11.91762323
Fgfr4,0.351404556,1.114112086
Gdap1,0.351250682,30.01350439
Ap2a2,0.351220957,32.10668467
Fig4,0.351218647,16.00270088
Zcchc4,0.351159647,15.49628629
Mfn1,0.351067886,29.67589467
Gm10687,0.351056928,1.620526671
Ube2d2a,0.351047894,36.66441594
Taok1,0.35103948,51.01282917
Rmnd5a,0.351008297,20.76299797
Rrp9,0.350972658,5.705604321
Utp14a,0.350961615,18.02835922
Ireb2,0.350866084,26.67116813
Kcnq3,0.350818855,74.67927076
Mast1,0.350665859,31.97164078
Ina,0.350398938,17.04929102
Ugcg,0.350287275,16.3403106
Eif2a,0.350231406,24.2741391
Smc6,0.350077959,40.47940581
Nhlrc3,0.350006517,6.650911546
Ptpn11,0.349978195,27.24510466
Ubap2,0.349815283,30.08102633
Fkbp9,0.349731964,2.093180284
Ebf1,0.349716301,54.42268737
Gnl3l,0.349491721,25.4895341
Mgea5,0.349482642,34.80756246
Osbpl1a,0.349472298,26.94125591
Tmem256,0.34947144,14.98987171
Med8,0.349405503,5.908170155
Man1c1,0.349360131,18.97366644
Taf15,0.349351706,37.64348413
Xrcc4,0.349329474,30.38487508
Prkacb,0.349326494,35.68534774
Sept11,0.349235702,22.41728562
Tpp2,0.349229388,29.60837272
Rnf19a,0.349200242,18.26468602
Gnb1,0.349143891,56.21201891
Spag5,0.349132861,79.84469953
Eif2s3y,0.349122431,36.76569885
Nup93,0.349109268,27.41390952
Akap17b,0.349061513,24.91559757
Rims3,0.349043173,22.61985145
Nsmce2,0.348996619,40.68197164
Dcakd,0.348931145,22.28224173
Rac3,0.348927726,13.36934504
Pip5k1a,0.348840942,31.39770425
Hif1a,0.348798322,18.9061445
Krit1,0.34863317,63.90952059
Ube2z,0.348476358,11.17488184
Tmem87a,0.348459325,23.26130993
Rap1a,0.348455016,26.97501688
E2f6,0.348334282,4.52397029
Cox19,0.348185426,14.82106685
Invs,0.348182028,27.78528022
Rhebl1,0.348089199,5.165428764
BC005561,0.348043759,31.701553
Abi1,0.347529609,34.6387576
C230088H06Rik,0.347479667,16.84672519
Soga3,0.347465743,50.3713707
Tor1aip1,0.347423498,16.37407157
Rasal2,0.347397579,66.57663741
Aar2,0.347318207,6.887238352
Zfp821,0.346832683,17.52194463
Tmem183a,0.346768242,9.486833221
Hscb,0.346635157,9.891964889
Csnk1e,0.346570307,17.45442269
Usf2,0.346497952,14.21336935
Zfp936,0.346431395,5.941931128
Lmf2,0.346364833,3.106009453
Tsc22d2,0.346207984,26.83997299
Add1,0.34602789,46.28629305
Rgs19,0.346006059,4.017555706
Abhd17b,0.34586531,20.08777853
Gdi1,0.345806257,38.48750844
Slc37a1,0.345794456,12.08642809
Gm14280,0.345520356,1.75557056
Rab27b,0.345465931,40.88453747
AU022252,0.345462833,5.503038488
Tmem165,0.345413127,14.01080351
Kif2a,0.345380091,44.76704929
Umps,0.345349403,3.173531398
Hcfc2,0.345343229,7.494935854
Gm15234,0.345319388,1.856853477
2210016L21Rik,0.345214842,24.30790007
Pitpnm1,0.345196705,20.42538825
Kif1a,0.345194368,55.90817016
Cacnb1,0.34516358,8.912896691
Diaph1,0.345158887,19.85145172
Srsf3,0.345048714,16.84672519
Brinp3,0.345024885,92.13369345
Zdhhc16,0.344995648,7.494935854
Pde6c,0.344993124,0.472653612
Crot,0.344962599,10.56718433
Bcl2l13,0.344759637,15.69885213
Trafd1,0.344702599,16.17150574
Arhgef1,0.344680239,28.73058744
Dgkg,0.344593982,28.6630655
Kdm1a,0.344580785,17.9270763
Sorbs1,0.344525056,40.58068872
Shc1,0.344362638,5.503038488
Zfp704,0.344322686,40.41188386
March7,0.344243203,41.8298447
Ube2e3,0.344181631,18.50101283
Celsr3,0.344089745,18.93990547
Rufy2,0.344070933,23.63268062
Ap3s1,0.344046793,26.36731938
Uck1,0.344013954,6.887238352
Itsn2,0.343911537,44.56448346
Atp11c,0.34385748,33.99729912
Taf1,0.343832321,31.73531398
Kdm5a,0.343756783,35.61782579
Gsk3b,0.343745388,63.26806212
Zfp934,0.343664589,4.355165429
Idh3b,0.343594911,20.45914922
Ddx5,0.343527551,48.68332208
Zfp950,0.343508642,46.75894666
Usp22,0.34332054,24.61174882
Rab6a,0.343266053,34.80756246
Wdr75,0.343263345,8.372721134
Cdkl2,0.343166193,18.46725186
Gm15886,0.34315354,8.879135719
Ing4,0.343030133,18.60229575
Gm20045,0.342999806,8.102633356
Phkg2,0.342995123,24.98311951
Pak1,0.34271475,34.60499662
Smyd4,0.342666545,17.01553005
Ftl1,0.342665151,26.83997299
Polrmt,0.34260014,11.03983795
Ky,0.342583865,3.713706955
Mapt,0.342471507,84.50371371
Orc4,0.342278968,21.67454423
Nek6,0.342207201,3.950033761
Dtna,0.342165064,64.88858879
Atl3,0.342093245,28.35921675
Vopp1,0.342091155,20.86428089
Chfr,0.342057314,34.43619176
Cers5,0.341985109,36.05671843
Tada3,0.341937472,10.80351114
Lrch3,0.34186129,47.26536124
Ube2g1,0.341832391,38.92640108
Rnf165,0.34181822,20.25658339
Nr6a1,0.341709795,68.9061445
Ndfip1,0.341708219,45.94868332
Zeb1,0.341677615,60.80351114
Ecm1,0.341618707,2.160702228
Elk3,0.341596556,4.861580014
Thyn1,0.34136532,13.30182309
Gm12371,0.341283639,10.56718433
Rab26os,0.341278004,9.588116138
Qtrt1,0.341158984,26.83997299
Hspa4l,0.341130428,37.20459149
Dync1li1,0.34105654,29.60837272
Atp6v0a1,0.341013105,71.53950034
RP24-274B19.1,0.340845788,71.84334909
Eif4ebp2,0.340827835,11.10735989
Crbn,0.340810628,15.56380824
Tmem175,0.34072005,37.4409183
Styx,0.340656946,13.87575962
Tprgl,0.340567171,10.12829169
RP23-343H23.2,0.340524013,1.417960837
Gclm,0.340505043,19.41255908
Ahcyl1,0.340477055,25.18568535
Lbh,0.340405372,6.245779878
Ccdc141,0.34037088,5.199189737
Map2k3,0.340361723,9.62187711
5031439G07Rik,0.340145839,35.31397704
Gm38393,0.340054318,34.19986496
Mad1l1,0.340004838,71.1006077
Zfp516,0.339874009,13.13301823
Supt5,0.339812555,20.18906144
Sntb1,0.339779711,19.78392978
Riok3,0.339779593,29.84469953
Rnf138,0.339777182,33.18703579
Kmt2d,0.339716414,21.67454423
6720483E21Rik,0.33964754,1.823092505
March11,0.33953827,32.81566509
Abhd11,0.339348955,8.74409183
Phka2,0.339345451,18.26468602
Taf13,0.339278177,12.01890614
Clip2,0.339200323,19.48008103
Sgsm3,0.339197397,21.91087103
Me2,0.339068829,15.3612424
1110059E24Rik,0.338953994,15.66509115
Slc28a1,0.338836246,0.641458474
Wbp1,0.338776713,7.42741391
Picalm,0.338745042,30.51991897
H13,0.338679397,29.91222147
Dpf2,0.338654143,19.513842
Tmem41b,0.338615875,13.20054018
Prkra,0.338602194,9.689399055
Adgb,0.33843064,8.642808913
Slc6a15,0.338416346,33.79473329
Rapgef6,0.338401307,71.13436867
Tmem208,0.337965546,22.07967589
Adamts10,0.337964635,16.54287643
Actn4,0.337888271,19.91897367
Mpp3,0.337831823,8.474004051
Map4k2,0.33782,29.81093856
Bmpr1a,0.337774754,28.59554355
Vcpip1,0.337730076,20.729237
Zfp322a,0.337702259,15.05739365
Nup37,0.337638851,7.42741391
Itgb3,0.337621547,1.553004727
Gm6277,0.337621188,7.022282242
4833420G17Rik,0.337617695,19.27751519
Pih1d1,0.337569472,2.464550979
Ybx1,0.337560143,22.45104659
Gas2l1,0.337544137,6.380823768
Pja2,0.337468739,60.26333558
Rpl10a,0.337443721,15.53004727
Inpp4a,0.337217543,42.33625928
Pygl,0.337168102,3.274814315
Ccl27a,0.337167817,13.13301823
Mapk8ip2,0.337147664,22.48480756
Kcmf1,0.336965672,39.46657664
Crk,0.336791709,23.83524646
Brat1,0.336748333,6.988521269
Dmtn,0.336730255,32.37677245
E230025N22Rik,0.336686249,1.417960837
Pan2,0.336630191,13.67319379
Gabrb1,0.336571256,96.69142471
Tiprl,0.336502845,15.96893991
Whsc1,0.336430608,45.07089804
Rdm1,0.336368795,4.186360567
Wrn,0.336333416,23.56515868
Pms1,0.33597642,11.10735989
Hdac5,0.335879647,14.38217421
Aff4,0.335846139,63.26806212
3300002I08Rik,0.335767618,12.69412559
Uba3,0.335727842,13.40310601
Gm16178,0.335661932,1.384199865
Gm15800,0.335651359,52.05941931
Etnk1,0.335592274,49.22349764
Fam76a,0.33559102,21.84334909
Herc4,0.335487696,31.53274814
Otud4,0.335464135,21.74206617
Pik3c3,0.335420133,12.05266712
Snx25,0.335381275,19.54760297
Npat,0.335303024,17.48818366
Atrn,0.335277931,51.5867657
Ece2,0.335093859,45.37474679
Atxn3,0.33509343,16.54287643
Arl14epl,0.335035331,0.067521945
Agk,0.334980213,27.54895341
Acap2,0.334916658,36.66441594
Gps2,0.334915544,26.06347063
Ydjc,0.33490968,6.819716408
Map4k5,0.334720699,32.20796759
Zswim6,0.33469389,39.2640108
4931406C07Rik,0.334682345,10.33085753
Usp31,0.334674842,23.43011479
Brip1,0.334653616,2.835921675
Ap3m1,0.334652707,20.83051992
Pdcd6ip,0.334549244,18.73733964
Ccnl1,0.334506506,20.79675895
Adck5,0.334408532,14.1458474
Itga1,0.334354407,3.612424038
Tmtc3,0.334196365,17.48818366
Cops7b,0.334122884,14.78730587
Pid1,0.334066522,60.60094531
Arhgap44,0.333768955,37.57596219
Cars2,0.333743314,12.62660365
Kat6b,0.333725338,44.26063471
Nup160,0.333693802,16.7116813
Napg,0.333693276,24.64550979
Pcgf2,0.33364251,13.60567184
B4galt1,0.333633656,8.338960162
Eri1,0.333608285,4.996623903
Fam131a,0.333584278,9.959486833
Gm26981,0.333551246,11.9513842
Shtn1,0.333538083,46.52261985
Zdhhc8,0.333527663,16.57663741
Gm26944,0.333493552,9.216745442
Memo1,0.333445039,29.57461175
Ddx46,0.333412763,20.18906144
Arid5b,0.333399203,51.75557056
Rae1,0.333379609,18.80486158
Sgsm2,0.333352682,40.88453747
Tirap,0.333306652,1.789331533
Gm28402,0.333224805,0.168804862
Ralgds,0.333062457,13.5381499
Kmt2c,0.332997637,57.73126266
Ppp1r16a,0.332981901,13.50438893
Sharpin,0.332861752,7.461174882
Mbip,0.332714498,11.51249156
Ecd,0.332699319,18.09588116
Ino80d,0.332695407,33.42336259
Acot7,0.332665221,37.64348413
Erich3,0.332598526,13.90952059
Gart,0.332579821,14.44969615
Ipo11,0.332491708,29.20324105
Eral1,0.332319788,6.988521269
Fam210a,0.332253858,9.216745442
Armc7,0.332217156,4.422687373
Gm9774,0.33219201,10.33085753
Cetn3,0.332149152,15.05739365
Apex2,0.332013724,45.47602971
Nktr,0.331874374,67.89331533
Gm9268,0.331857802,1.012829169
Pcbd1,0.331854897,5.806887238
Pif1,0.331840922,0.87778528
Glb1,0.331802919,22.24848076
Sun1,0.331731593,19.71640783
Glod5,0.331710265,4.321404456
2810474O19Rik,0.331536609,16.03646185
Dnaic1,0.331254981,5.469277515
Rnps1,0.331129694,31.4652262
Dnm1l,0.331086656,25.86090479
B3galt1,0.331012307,85.31397704
Fubp3,0.330947937,20.29034436
Ppp1r10,0.33083755,23.66644159
Gm26745,0.330776879,19.17623228
Vipas39,0.330734602,17.82579338
Btaf1,0.330442469,51.68804862
Kdm6a,0.330385914,29.270763
Fam45a,0.330353381,21.7083052
Fstl5,0.330278828,73.86900743
Man1a2,0.329880982,34.60499662
Golph3l,0.329760787,13.43686698
Kdm5d,0.329736636,23.83524646
Capza1,0.329721918,30.89128967
Scn3a,0.329693148,60.43214045
Ebna1bp2,0.329572363,10.06076975
Cab39l,0.32936488,39.93923025
Rab3c,0.329322582,69.54760297
Cdh18,0.329275323,92.53882512
Nipal2,0.329255629,33.59216745
Tvp23a,0.329133997,13.36934504
Hmces,0.329108119,12.28899392
Gm37494,0.329103147,14.88858879
Rnh1,0.328904455,10.60094531
Supt7l,0.328719967,6.718433491
Psmd5,0.328687743,15.90141796
Ppfia4,0.328630598,21.30317353
Rhoa,0.328553066,19.513842
2610037D02Rik,0.328380088,38.52126941
Nt5c,0.328332591,8.811613774
Ints8,0.328251532,22.41728562
C330007P06Rik,0.328146129,14.61850101
Faf2,0.327986733,28.62930452
Apba1,0.327939611,62.45779878
Wdfy2,0.327923865,20.52667117
Mpnd,0.327873044,11.85010128
Rnf217,0.327839665,24.71303174
Tysnd1,0.327703958,3.814989872
Psmb2,0.327587064,33.69345037
Gcm1,0.327571686,1.080351114
2900060B14Rik,0.3274519,7.461174882
Rnf13,0.327360255,27.88656313
Slbp,0.327254445,15.3612424
Pde6d,0.327103121,16.23902768
Lclat1,0.327097418,24.61174882
Sec61a2,0.327019757,48.54827819
Zfp329,0.326970534,24.54422687
Pomt1,0.326961316,9.554355165
Haghl,0.32689016,41.99864956
Rab10os,0.326884854,22.18095881
Scgn,0.326877172,0.43889264
Gm5424,0.32683241,3.241053342
Nell2,0.326742009,45.67859554
Hdgfrp2,0.32673338,15.19243754
Cdh19,0.326729189,11.98514517
1700024B18Rik,0.326715758,13.5381499
1700037H04Rik,0.326528865,5.199189737
Rnf115,0.326520645,25.38825118
St13,0.326478304,39.23024983
Slmap,0.326468517,34.33490885
Myo9a,0.326403869,76.67116813
Zfand3,0.32639912,46.42133693
Txndc17,0.326253113,6.448345712
Zmym5,0.326177049,19.78392978
Ipmk,0.326163114,16.20526671
Rcor3,0.326120472,18.87238352
Sacm1l,0.326119486,31.4652262
Nagpa,0.326003394,2.059419311
Glud1,0.325922187,31.93787981
Tnfrsf11b,0.325897864,1.350438893
Arglu1,0.325890083,64.65226199
Herc2,0.325880307,45.71235652
Timmdc1,0.325829337,22.61985145
Bloc1s2,0.325826174,15.3612424
Cep83,0.325808209,25.4895341
Rbm15,0.325791932,3.848750844
Arl8a,0.325719582,15.80013504
Slc26a11,0.325621068,8.811613774
Ift43,0.325588999,20.29034436
Smg5,0.325521039,25.86090479
Npepl1,0.325516456,2.194463201
Actl6b,0.325510899,22.51856853
Zfp668,0.325412169,8.710330858
Gm26549,0.325367989,13.09925726
Gm9828,0.325300608,10.76975017
Tnpo3,0.325136174,35.98919649
Sh3d19,0.32509216,27.14382174
9330159F19Rik,0.325066723,51.01282917
Fgf13,0.324947879,46.55638082
Rngtt,0.324864107,38.92640108
Hhla1,0.324750058,1.688048616
Gm6483,0.324654534,17.9270763
Begain,0.32458115,17.99459824
Erc2,0.32448696,89.56785955
Gm14546,0.324439561,1.046590142
Tbc1d22a,0.324392973,18.63605672
Tmem87b,0.324343568,23.86900743
Unc5cl,0.324308576,2.835921675
Impdh1,0.324275725,17.9270763
Pcnxl4,0.324238015,14.82106685
Mios,0.324216641,19.04118839
Pbdc1,0.324145314,13.50438893
A230108P19Rik,0.324075754,0.87778528
Tbrg1,0.324048826,6.515867657
Tmem169,0.323959388,14.92234976
Gm26533,0.323851381,7.494935854
Rbks,0.323689637,11.27616475
Fabp3-ps1,0.323614746,3.983794733
Pym1,0.323506884,7.359891965
Ranbp9,0.32349729,26.60364619
Sobp,0.323427669,59.21674544
9330160F10Rik,0.323419072,6.279540851
Bcl9,0.323284877,26.7049291
Ncoa6,0.323279089,22.21471978
Zfp661,0.323251846,1.215395003
C330013J21Rik,0.323066596,5.806887238
Clk4,0.323061648,26.4686023
Aste1,0.323058754,10.87103309
Gsap,0.32305557,9.959486833
Mirg,0.322965528,68.19716408
Fastk,0.322837454,19.00742741
Chn1,0.322768196,44.69952735
Senp8,0.322583106,32.14044564
Yeats2,0.322531654,33.79473329
Kpna3,0.322520688,34.23362593
Ptk2,0.322497041,63.74071573
AI606181,0.322354525,1.31667792
Tspyl2,0.322278968,31.29642134
Dok2,0.322221355,1.856853477
Tor1aip2,0.322068152,21.23565159
Hipk3,0.322031363,16.67792032
Dnajc14,0.321853521,6.347062795
Tarbp2,0.321811906,12.22147198
Pcyt1a,0.321747205,15.7326131
Pacs2,0.321721468,23.22754895
Fam189b,0.321713279,17.25185685
Nadk,0.321591669,18.9061445
Rabep2,0.321577053,11.98514517
Tm6sf1,0.321569701,11.64753545
A930011G23Rik,0.32154818,47.77177583
Polk,0.321518402,11.64753545
Ogdh,0.321501348,41.79608373
Lrrk2,0.321446373,14.65226199
Ntrk2,0.321275642,68.16340311
Cenpj,0.321258161,1.721809588
Pef1,0.321249047,8.203916273
Vcp,0.321163497,28.79810939
Pcsk5,0.321147064,13.60567184
Afg3l2,0.321136753,22.21471978
AU040320,0.321060849,31.16137745
Cnot7,0.320986929,12.86293045
Pard3,0.320954085,52.43079001
Atf2,0.320851802,48.44699527
Cdk7,0.320851362,23.43011479
6330562C20Rik,0.320817725,8.203916273
Syce3,0.320746613,2.261985145
Ptov1,0.320742068,16.88048616
Ppp2r5c,0.320716771,43.31532748
Psmd11,0.320706116,39.60162053
Ubr5,0.320681665,47.29912221
Garnl3,0.320650954,69.17623228
Fasn,0.320553398,7.663740716
Mex3c,0.320512265,6.887238352
Lars,0.320468651,29.20324105
RP24-127M20.8,0.320455467,45.88116138
Pcmt1,0.320454802,45.20594193
A230006K03Rik,0.320437715,83.55840648
Tubgcp3,0.320333588,14.44969615
Usp37,0.320272938,36.8332208
Otub2,0.320272816,4.22012154
Apc2,0.320258564,16.37407157
Zfp94,0.320210177,6.583389602
Tatdn3,0.320174525,12.69412559
Gm30382,0.320114182,31.19513842
Fbxo34,0.320111988,22.3160027
Snx32,0.320067032,35.07765024
Taok3,0.319978587,29.10195814
Hint3,0.319954929,14.92234976
2410018L13Rik,0.319765984,11.00607698
Traf3,0.319558251,46.25253207
Smad4,0.319402553,14.68602296
Ythdf2,0.319383902,14.44969615
Dcbld1,0.319311056,9.723160027
Cap1,0.319283001,12.22147198
Camk4,0.319218653,41.66103984
Zufsp,0.319129061,11.30992573
Itk,0.319052684,1.215395003
Usp48,0.318993034,23.16002701
Zmym2,0.318965592,49.59486833
Eif2ak3,0.318965482,14.5172181
A230046K03Rik,0.318910431,21.50573937
Dpysl2,0.31878315,58.87913572
Atg2a,0.318726777,13.47062795
Pik3r3,0.318672323,35.11141121
Atp13a3,0.318624933,24.8818366
Luc7l3,0.318568635,58.91289669
Rnft2,0.318530143,15.02363268
Ap3b2,0.31844382,35.34773801
Tbc1d9,0.318395508,22.41728562
Kcnh7,0.318378089,88.62255233
Bckdha,0.318269814,15.39500338
Wdyhv1,0.318235737,13.06549629
Ncoa3,0.318235308,27.21134369
Cenpc1,0.318217718,41.2221472
Lsg1,0.318098766,10.02700878
Rbm5,0.318012465,56.68467252
Cdk2ap2,0.317969588,6.515867657
Tmco3,0.317905755,20.93180284
Magi3,0.317898444,53.34233626
Galnt1,0.317891294,27.92032411
Znrf1,0.317859501,48.68332208
Tmem217,0.317705679,0.540175557
Pcnp,0.317694563,27.54895341
Gpd1l,0.317691928,6.076975017
Sntg1,0.317447205,97.16407833
Synj1,0.317342488,41.52599595
Ptprn,0.317310598,62.15395003
Lrrc29,0.317285836,17.18433491
Zfp790,0.31727063,6.988521269
Rpl22,0.317223386,10.12829169
Fam171a1,0.317148533,30.58744092
Golga3,0.317131382,17.85955436
Psmd1,0.317117158,42.37002026
Ociad2,0.317115189,8.541525996
Atp6v1e2,0.31703048,0.033760972
Sap30bp,0.317018444,12.3227549
Chchd3,0.316953313,56.75219446
Antxr2,0.316951018,2.700877785
Dus2,0.316930288,20.39162728
Snx16,0.316921027,13.50438893
Cpeb4,0.316752863,32.78190412
Flii,0.316659412,15.09115463
Dusp26,0.316568298,16.91424713
Scaper,0.316388117,66.9480081
Lmo2,0.316200385,3.443619176
Ablim3,0.316165788,33.69345037
Bptf,0.315987902,41.18838623
Syn2,0.315932901,62.39027684
Src,0.31587536,11.64753545
Ago4,0.315873859,17.52194463
Decr2,0.315822239,9.588116138
Smyd5,0.315732429,13.90952059
Gm26561,0.315731947,27.92032411
Rab40c,0.3156627,37.77852802
1700019A02Rik,0.315635452,1.856853477
Mapre1,0.315597291,16.10398379
Prmt7,0.315561767,19.34503714
Arhgap1,0.315469249,8.710330858
Zfp74,0.315281608,17.04929102
Sptlc1,0.315226832,15.22619851
Gm32569,0.315216922,2.363268062
Nphp1,0.315211471,8.372721134
Kcnq4,0.31517613,3.983794733
Slc7a3,0.315084479,4.65901418
Ppp1r14b,0.314776569,4.490209318
Mpzl3,0.314730765,2.295746117
Ift74,0.314721643,20.02025658
Lnp,0.314685647,36.8332208
Zfp583,0.314606717,4.152599595
Crls1,0.314518299,7.461174882
Tenm3,0.314419241,70.62795409
Gosr2,0.314356469,16.7116813
Psmd7,0.314324579,29.37204591
Gm26699,0.314283299,58.71033086
2210404O09Rik,0.314227304,7.224848076
Elavl3,0.314201553,72.6873734
Zfp788,0.31409272,9.520594193
Foxp4,0.314079788,6.549628629
Pmpca,0.313996088,8.710330858
Uty,0.313683469,54.52397029
Sh3glb2,0.313676222,22.72113437
Fam53c,0.313656073,7.663740716
Pus10,0.313620729,18.66981769
Atxn2,0.313571549,52.02565834
Polg2,0.313541495,5.503038488
Ankrd13a,0.313537086,24.74679271
Pgm3,0.313524352,10.3646185
Gmip,0.313519999,8.946657664
Nup35,0.313491036,13.30182309
Ttc27,0.313254065,18.16340311
Gm42556,0.313223094,9.824442944
Mecr,0.313054504,22.6873734
Lrfn1,0.313001636,13.26806212
Becn1,0.312878289,11.00607698
Tmf1,0.312870796,17.89331533
Clasp1,0.312757097,52.1944632
Tpk1,0.312725914,24.00405132
Kctd18,0.312705052,8.068872384
Snrnp70,0.31266653,85.2464551
Trim35,0.312606502,33.35584065
Gga1,0.312571728,15.63133018
Add2,0.312454652,40.64821067
Pnma3,0.312341789,19.17623228
Zfp142,0.312289463,6.212018906
Dgcr8,0.312131369,19.81769075
Sybu,0.31209755,73.39635381
Haus1,0.312083793,3.983794733
Bin1,0.311881824,42.09993248
Cyp4x1,0.311736685,13.23430115
Tcf20,0.311695276,59.95948683
Zfp112,0.31168937,20.45914922
Nufip1,0.311641476,8.710330858
Mavs,0.311591519,3.64618501
Dnajc8,0.311548797,26.16475354
Scimp,0.311499684,0.472653612
Tbl1x,0.311468938,44.3956786
Mettl6,0.311447936,5.401755571
Ankrd24,0.31141457,34.74004051
Acpp,0.311240823,3.004726536
Aldh16a1,0.311061378,2.397029034
Shisa5,0.311022426,8.811613774
Tsen34,0.310951958,13.74071573
Dnah1,0.310925063,9.318028359
Lrrc7,0.310888296,83.89601621
Ghdc,0.310831964,4.861580014
Mapk1ip1l,0.310810152,17.11681296
Epc1,0.310735567,33.52464551
Mpv17,0.310670405,17.62322755
Rbm18,0.31050909,11.88386226
Tmem55a,0.310502508,25.05064146
Cog1,0.310417922,13.1667792
Them4,0.310254292,13.57191087
Casc3,0.310236649,22.48480756
Herc3,0.310130656,33.18703579
Phf1,0.310118115,25.62457799
Syt1,0.310078196,98.14314652
Clcn5,0.310070982,16.27278866
Frs2,0.310024439,22.65361242
Ints4,0.309811682,12.52532073
Rcc1,0.309645941,17.3193788
Ppil2,0.309528575,32.78190412
Zfp825,0.309514091,4.490209318
Atf4,0.309412281,9.18298447
Celf1,0.309379534,50.03376097
Rrnad1,0.309334813,31.4652262
Zfp426,0.309266424,15.39500338
BC046251,0.309177486,1.282916948
Mxi1,0.30917576,18.36596894
Lrrc58,0.309170176,20.59419311
Ccdc155,0.308976405,0.911546253
Cops5,0.30886876,13.47062795
Coq6,0.308830597,5.334233626
Prpf31,0.308786157,9.453072248
Vps35,0.308772972,19.07494936
Ttpal,0.308598451,7.596218771
Rpp21,0.308587453,21.67454423
Tap2,0.308528958,7.933828494
Morc2a,0.308485588,15.7326131
Dnajc5,0.308469166,34.2673869
Nt5dc3,0.308466786,12.86293045
Ywhag,0.308382511,31.90411884
Mapkapk3,0.308288459,2.228224173
9530052E02Rik,0.308188932,12.22147198
Map3k6,0.308133755,0.945307225
Traf5,0.308060289,23.63268062
Zfp207,0.308038894,46.89399055
Eif4g1,0.307983336,50.47265361
Abca3,0.307911206,26.40108035
Cd46,0.307805235,24.40918298
Thoc1,0.307678372,55.16542876
Dag1,0.30762156,32.98446995
Phlpp2,0.307581952,28.79810939
Nmnat3,0.307570603,4.017555706
2810004N23Rik,0.307559227,11.41120864
Gm15834,0.30754676,16.3403106
Vps36,0.307541962,8.575286968
Cfap54,0.307513145,18.56853477
Rad52,0.30747492,13.80823768
Ap1s1,0.307424903,12.96421337
Lamc1,0.307328558,14.28089129
Ptpn4,0.307223263,44.49696151
Ascc2,0.307179174,17.5557056
Zfp938,0.307136066,8.102633356
Radil,0.307103786,21.13436867
Ckap5,0.307097504,47.50168805
Ppp1r2,0.307087589,24.34166104
Riiad1,0.307008084,9.891964889
Zfp408,0.306855923,12.01890614
Rhot1,0.306808898,35.98919649
Rcc2,0.306739909,9.486833221
Tecpr1,0.306734753,27.14382174
Ubxn2a,0.306729447,14.04456448
Man1b1,0.306659889,23.22754895
Wasf1,0.306602455,15.46252532
Nebl,0.306423046,58.7778528
Trim14,0.306378243,3.950033761
Prpsap2,0.306375903,12.89669142
Alg5,0.306375453,8.035111411
Cr1l,0.30630477,16.67792032
Usp29,0.306289741,93.58541526
Tax1bp1,0.306165665,29.43956786
Fbxw11,0.306150187,32.71438217
Zc3h12b,0.306009196,45.44226874
Prkaa2,0.305627289,18.02835922
Rbm4b,0.30558051,65.05739365
Tceb1,0.30549765,12.62660365
Ube2a,0.305490886,12.79540851
Rnf111,0.305420911,28.79810939
Ei24,0.30535712,22.88993923
Zfp62,0.305243378,7.933828494
Cdr2,0.305202083,5.638082377
Comt,0.30514744,50.81026334
Sptbn1,0.305111402,69.07494936
Psmd4,0.305068192,23.09250506
Lrrc49,0.305066123,39.56785955
Kif1b,0.305007778,79.10195814
3110002H16Rik,0.305000761,7.798784605
Lamtor4,0.304991785,22.28224173
Zbtb7a,0.304989781,25.28696826
Psmd14,0.304982181,42.03241053
Kdm5b,0.304966809,39.46657664
Gng3,0.304829388,23.32883187
Mri1,0.304821359,11.44496962
Stk19,0.304730749,17.11681296
Pcdh15,0.304658276,91.35719109
Papd4,0.30460842,19.48008103
Wdr48,0.30456713,11.64753545
Tmod2,0.304506116,35.28021607
Rock1,0.304444244,53.47738015
Exoc6b,0.304241295,73.97029034
Lta4h,0.304165467,10.972316
Sppl2a,0.304163345,19.513842
Jtb,0.304094956,10.16205267
Pacsin3,0.304073655,2.835921675
Pafah1b1,0.303938433,73.86900743
Mier3,0.3039138,9.588116138
Fibp,0.303738989,14.04456448
Mroh1,0.303539107,29.30452397
Ocrl,0.303447264,44.15935179
Otud7b,0.30338297,23.83524646
Ankrd27,0.303322351,10.29709656
Sars,0.303309478,28.12288994
Rprd1a,0.303305737,28.15665091
Mast4,0.303262656,68.06212019
Med13l,0.303184481,33.82849426
Sec24a,0.303060876,34.74004051
Zfp418,0.302946776,1.789331533
Trmt13,0.302879742,19.07494936
Hes6,0.302873377,3.848750844
Micu2,0.302838065,29.94598244
Nol10,0.302822704,18.73733964
Gucy1b3,0.302817881,23.22754895
Pias4,0.302735642,17.15057394
Clk1,0.302562815,37.0695476
Ncald,0.302561068,44.05806887
Fcho2,0.302446843,38.55503038
Faxc,0.302348987,17.89331533
Tnnc1,0.30234857,1.924375422
Zmat5,0.30217199,15.96893991
Stk25,0.302170028,26.4686023
l7Rn6,0.302108607,13.67319379
Rps6kc1,0.302103269,18.02835922
Ackr1,0.302052017,8.980418636
Capns1,0.301990309,26.83997299
Snrnp35,0.301884166,5.300472654
Ulk2,0.301854527,59.04794058
Apeh,0.30176711,6.954760297
Mief1,0.301687414,12.76164754
Farsb,0.301643272,26.36731938
Ralgps2,0.30159407,30.89128967
Gm28198,0.301530054,39.97299122
Gm27241,0.301520889,30.51991897
Dopey2,0.301401434,30.38487508
Cacnb3,0.301324448,10.26333558
Ttyh3,0.301298668,11.10735989
Ptbp2,0.301136946,42.23497637
Arfgap1,0.301120256,25.35449021
Dhx35,0.301090928,6.954760297
Fkbp8,0.30106399,23.49763673
Ism2,0.301015637,3.072248481
Dctn1,0.300984164,14.7535449
Usp9x,0.300967774,53.00472654
Ccm2,0.300897498,20.89804186
Ube2h,0.300860002,51.99189737
Xrcc5,0.300682577,16.67792032
Rmdn2,0.30059395,5.773126266
Tgfbr1,0.30052645,8.575286968
Gabra5,0.300523567,14.1458474
Snrpa,0.300407091,10.87103309
Usp32,0.30032735,56.9547603
Nsun6,0.300266775,14.48345712
Odc1,0.30018548,24.81431465
Abcf3,0.300023876,10.972316
Cacna1c,0.299926749,73.97029034
Gyg,0.299918102,7.562457799
Slc18a1,0.299875442,2.802160702
Ube2o,0.299867653,24.71303174
Ube2w,0.299834584,39.43281567
Mtpn,0.299769229,13.60567184
Srrm2,0.299669132,83.69345037
Gm29536,0.299629985,17.9270763
Psme4,0.299541797,60.972316
Cpne3,0.299513048,13.5381499
Erbb2ip,0.299507849,31.56650912
Asah1,0.29929222,23.46387576
Xkr6,0.299278081,65.93517893
R3hcc1,0.29922852,2.970965564
Sugt1,0.299216178,15.90141796
Mtmr12,0.299183484,15.93517893
Wipf1,0.299134488,6.144496962
Gm19583,0.299101568,2.599594868
Pop5,0.299079978,9.824442944
Gbas,0.298941121,29.30452397
Vps4b,0.298782186,10.972316
Snx14,0.29872637,17.21809588
Rabif,0.298354186,10.29709656
Fam162a,0.298270854,12.12018906
Nsun4,0.298137094,4.456448346
Cep85,0.298122435,14.65226199
Vps13b,0.298069138,71.74206617
Scfd2,0.298015006,27.48143147
Tbck,0.297889912,32.71438217
Gm14325,0.297762607,4.321404456
Pex16,0.297761886,7.056043214
Asxl1,0.297747077,43.88926401
Tpd52l2,0.297686031,13.23430115
Ccdc88a,0.297667165,72.14719784
Pprc1,0.297661441,10.09453072
Khdrbs1,0.29753878,28.79810939
Snap25,0.297503117,94.19311276
Mark2,0.29748916,39.50033761
Acsl5,0.297456252,9.723160027
Cxadr,0.297440977,12.12018906
Prr14,0.297368643,29.00067522
Prrc2b,0.297296889,36.52937205
Mmd,0.297185729,10.26333558
Zfp28,0.297124758,5.401755571
Gm16141,0.297090724,7.393652937
Rbms2,0.297056626,12.62660365
Slc25a42,0.2970531,10.7359892
Rnf130,0.297027588,41.72856178
Tmem39a,0.297025638,8.372721134
Coq10a,0.296842148,5.671843349
Wapl,0.296731489,41.39095206
Bcl7c,0.296603661,16.91424713
Zmynd8,0.2965725,71.53950034
Tlk2,0.296561513,34.90884537
Il22ra1,0.296531345,0.236326806
Golga1,0.296497873,29.10195814
Kalrn,0.29645894,70.52667117
Egf,0.296355535,5.469277515
Bap1,0.296343345,5.165428764
Fam73a,0.296233299,20.729237
Ror2,0.296164803,8.440243079
Ptms,0.29611156,9.723160027
Alad,0.296045113,5.908170155
Asap3,0.296014928,13.87575962
Mta3,0.295969476,28.2916948
Serpinb6a,0.295945132,32.74814315
9030624J02Rik,0.295896552,29.06819716
Ddx10,0.295891482,26.06347063
Tbc1d16,0.295891204,10.66846725
F630040K05Rik,0.295747242,0.844024308
Rbm41,0.295696359,15.29372046
Aqr,0.295466205,17.42066172
D230025D16Rik,0.295465176,19.48008103
Olfm2,0.295360266,25.96218771
Morc3,0.295003764,16.20526671
Pacs1,0.294944068,60.26333558
Cdv3,0.294902102,11.3436867
Cacna1e,0.29488016,66.23902768
Fbxo11,0.294874018,55.13166779
Klk1b27,0.294703849,0.067521945
Far1os,0.294673664,6.718433491
Ube2d1,0.294658571,17.45442269
Rdh13,0.294611492,9.790681972
Sae1,0.2945842,22.58609048
Syne1,0.294521235,62.01890614
Srsf7,0.294508704,36.12424038
Stim1,0.294506486,50.20256583
Donson,0.294429735,5.199189737
Wdfy1,0.294327977,20.02025658
Ap5z1,0.294312201,6.85347738
Cdk12,0.294298789,48.64956111
Trim24,0.29415246,23.19378798
Ripk1,0.294098018,3.950033761
Sdf2,0.294088305,19.95273464
Prrc1,0.294078936,13.57191087
Mrps11,0.2940708,6.515867657
Mpdz,0.294030999,26.73869007
Tbc1d23,0.294012648,31.701553
Srl,0.294008655,4.625253207
C730034F03Rik,0.293930389,6.515867657
Kif5c,0.293888208,47.23160027
Zzef1,0.29377588,43.11276165
Ggt7,0.293674422,33.86225523
Tmem57,0.293598315,40.31060095
Chmp4b,0.293547763,16.54287643
Styxl1,0.293401952,2.228224173
Cisd2,0.293367121,19.10871033
Twist2,0.293355803,1.485482782
Zfp286,0.293287756,10.93855503
Rce1,0.293280231,7.663740716
Camk2d,0.293272116,62.62660365
Hnrnpdl,0.293254108,28.6630655
Zbtb7b,0.293250405,1.31667792
Gtf2f1,0.293250002,7.022282242
Dvl1,0.293100082,15.05739365
Cdk17,0.293080177,33.22079676
Dscr3,0.293065138,11.61377448
Gnao1,0.293050945,53.03848751
Ppfibp2,0.293011065,4.827819041
Dusp22,0.292976275,15.1249156
Map1b,0.292961707,88.79135719
Zfp280d,0.292918583,48.07562458
Copa,0.292847986,30.14854828
Sfswap,0.292819173,39.77042539
Prpf39,0.292700403,24.37542201
Thbs3,0.292693403,12.49155976
Pbrm1,0.292629763,47.02903444
Srek1,0.292560538,37.64348413
Dlc1,0.292526289,54.45644835
Tbce,0.292504787,33.35584065
Kat5,0.292440053,7.528696826
Abcc1,0.292436033,18.33220797
Sec16a,0.292433525,18.23092505
Serf2,0.29216238,19.41255908
Maea,0.292139484,12.45779878
Snap91,0.292137683,67.45442269
Prdx3,0.292137397,9.824442944
Sec11a,0.292083508,24.13909521
Lmbr1,0.292076722,39.19648886
Nr3c2,0.292048981,56.68467252
F8,0.291998397,15.29372046
Cnot2,0.291969304,41.458474
Smarcad1,0.291908644,32.10668467
Ogfrl1,0.291906522,11.98514517
Dst,0.291839322,80.62120189
Sppl3,0.291779091,36.96826469
Amz2,0.291653514,15.76637407
Smap1,0.291604816,25.25320729
Rab24,0.291604355,25.01688049
Fyn,0.291591267,41.39095206
Gpr108,0.291577161,14.65226199
Glipr1,0.291539111,3.004726536
Zfp369,0.291411333,12.86293045
Lrrc42,0.291397763,8.440243079
Lmbrd2,0.291277471,16.40783255
Pcyt2,0.291266516,52.26198515
Erich1,0.291145572,5.739365294
Clasp2,0.291025385,76.7049291
Zfp513,0.29098626,7.089804186
Golga2,0.290890569,13.87575962
Ap3d1,0.290712125,18.02835922
Atpif1,0.290683547,47.83929777
Gmeb2,0.290652579,15.93517893
Hibch,0.29060625,19.27751519
Zfp160,0.290413721,17.35313977
Fry,0.290383943,72.38352465
Pdpk1,0.29032817,31.02633356
Ddx60,0.290313674,1.350438893
Rel,0.290181995,4.051316678
Prkag1,0.290064015,17.52194463
Rad17,0.289974123,23.70020257
Zfp715,0.289949404,7.258609048
Sgcz,0.289941986,98.95340986
Strn,0.289885581,16.7116813
Lrp6,0.28987393,28.22417286
Papd5,0.289637119,31.76907495
2700097O09Rik,0.289523162,21.60702228
Simc1,0.289520943,36.29304524
Osbp,0.289500984,14.92234976
Zfp407,0.28948691,38.18365969
Klhl20,0.289436829,12.12018906
Stard9,0.289423119,27.65023633
Dchs2,0.289414902,10.3646185
Msrb1,0.289387545,4.051316678
Atcay,0.289385194,31.36394328
Hcfc1r1,0.289373081,11.78257934
Atp8b2,0.289358005,4.253882512
Baz1a,0.289346752,3.241053342
Brd4,0.289342392,43.01147873
1700123I01Rik,0.28933432,3.409858204
Eps8l1,0.289328236,2.903443619
Osbpl2,0.289262984,22.88993923
Atf6,0.289257034,26.19851452
Gm14661,0.289236968,7.157326131
Adgrg4,0.289107584,2.970965564
Slc20a1,0.289083939,16.81296421
Sri,0.289014714,13.33558406
Rgs9,0.288999214,29.74341661
Fam173a,0.288993576,30.14854828
Slain1,0.288932872,15.90141796
Cd24a,0.288916397,5.367994598
Arrb2,0.288888687,20.39162728
Hid1,0.288871172,14.68602296
Mapk3,0.288839925,9.318028359
Zfp568,0.288620651,6.144496962
Mmab,0.288586511,9.689399055
Caprin2,0.288551898,21.26941256
P2ry1,0.288530773,1.485482782
Asl,0.288526858,10.80351114
Mrpl37,0.28843224,5.064145847
Sumf2,0.288328379,12.28899392
Fbxl6,0.288297797,8.271438217
Dnm3,0.288184977,78.86563133
Synrg,0.288158629,27.41390952
Prrc2c,0.288072928,44.36191762
Tmem38a,0.288063634,19.44632005
C920021L13Rik,0.287952186,11.51249156
Tmem50a,0.287952014,21.40445645
Crem,0.287917123,16.7116813
Crcp,0.2878211,12.25523295
Dlgap2,0.28781663,64.58474004
Slc38a9,0.287785136,35.44902093
Tbk1,0.287694612,17.35313977
Pcf11,0.287623436,16.61039838
Mmel1,0.28754216,1.823092505
Zfp113,0.287536744,5.739365294
Nfrkb,0.287345163,20.08777853
Scaf1,0.287264918,15.15867657
Sema4d,0.287181994,21.30317353
Pabpn1,0.287169367,7.765023633
Mettl1,0.287103004,6.752194463
Cxcl17,0.287086796,10.53342336
Lrrc40,0.287015974,11.51249156
Smim14,0.287013229,28.56178258
Zfp846,0.286949278,24.10533423
Edf1,0.28687196,18.83862255
Chd9,0.286772024,83.42336259
Acbd5,0.286759868,30.28359217
Akt2,0.286682829,10.02700878
Usp16,0.286619939,16.37407157
Tapbpl,0.286576213,2.363268062
Srsf12,0.286482153,10.3646185
Stam,0.28638897,16.13774477
Arih1,0.286319841,61.64753545
Nipal3,0.286296988,14.82106685
Ell,0.286238621,13.70695476
Klhl7,0.286199378,44.83457124
Cyb561d2,0.286196303,4.017555706
Exoc4,0.286185207,81.76907495
Pvt1,0.286169921,29.00067522
Ptpn2,0.286091885,22.21471978
Ryr3,0.286090363,55.77312627
Abhd15,0.286011911,4.794058069
Fnip2,0.285840839,19.95273464
Ddx39b,0.285830216,31.19513842
Gpank1,0.285810576,2.937204591
Tusc5,0.28566154,0.607697502
Gm16168,0.285623268,6.920999325
Cul2,0.285563081,24.03781229
Snx13,0.285483447,22.58609048
Echdc1,0.285480317,25.55705604
Cops2,0.28547946,16.40783255
Zfr,0.2854194,62.5590817
Zfp691,0.285353612,2.734638758
Sestd1,0.285351654,15.83389602
Hcn1,0.285277594,73.97029034
Abhd10,0.285161682,6.245779878
Ciapin1,0.285007532,17.04929102
Top3a,0.284979167,3.679945982
Jakmip2,0.284961675,57.42741391
Tmem144,0.284899399,1.215395003
Map4k3,0.28487919,33.92977718
Zyg11b,0.284794733,38.72383525
Cirh1a,0.284792771,11.07359892
Amdhd2,0.284791699,10.39837947
Kbtbd3,0.284781495,12.89669142
Creb3,0.284680808,8.406482107
Nipa2,0.284452648,14.92234976
Trip12,0.284418164,54.15259959
Phrf1,0.284406512,22.14719784
Arl16,0.284383219,9.284267387
Lrrc3b,0.284373969,25.75962188
1700049G17Rik,0.28437011,8.271438217
Nop14,0.284338338,7.697501688
Zfc3h1,0.284263731,30.18230925
Zbtb20,0.284215516,90.64821067
Smg1,0.28407236,51.62052667
Fbxl18,0.284003231,9.554355165
Ctso,0.283974836,4.895340986
Sh3bp2,0.283920614,2.160702228
Fam193a,0.283919803,48.17690749
Entpd5,0.283876847,11.3436867
Mapk8ip3,0.283856934,38.35246455
Klhdc3,0.283766324,10.43214045
Slc18b1,0.283703645,6.954760297
Mtch2,0.283564694,24.13909521
Aire,0.283470717,0.101282917
Evi5l,0.283467577,28.15665091
Nedd4,0.283459249,55.6043214
Eps15,0.283444156,31.49898717
Ccnc,0.283433147,24.78055368
2310035C23Rik,0.283412416,48.98717083
Gmeb1,0.283332096,17.52194463
Cog3,0.283283474,13.97704254
Fbxo25,0.28324765,16.67792032
Tab2,0.283092113,21.47197839
Elac2,0.283010878,4.96286293
Atg3,0.283009146,18.12964213
Zfp644,0.282768229,24.17285618
Git2,0.282692991,31.49898717
Hnrnpl,0.282656352,31.43146523
Whsc1l1,0.282615737,63.06549629
Etfdh,0.282596571,14.48345712
Txnrd2,0.282590182,7.663740716
Mrps18c,0.282518534,10.83727211
Tm4sf1,0.282348569,4.52397029
Cnot6l,0.282259567,25.21944632
Mrps10,0.282109733,16.13774477
Cltc,0.282054357,40.71573261
Gpatch2l,0.281939596,16.54287643
Lrif1,0.281915756,23.59891965
Stam2,0.281877081,16.07022282
BC004004,0.281776995,14.68602296
Fbxl20,0.281687232,39.12896691
Ep300,0.281541235,38.92640108
Ccdc39,0.281461591,9.756920999
Mfsd11,0.281399044,23.80148548
Narf,0.281381067,16.91424713
Vps33a,0.281346123,12.86293045
Nsmf,0.281203856,19.1424713
Camkmt,0.281183886,47.94058069
Arid2,0.281129539,27.04253883
Map2k5,0.280996341,31.4652262
Gcnt7,0.280992022,11.37744767
Nfu1,0.280968343,14.7535449
Endov,0.280893844,7.528696826
Rb1,0.280893029,34.30114787
Clk2,0.280790006,12.59284267
Vps41,0.280720427,38.6563133
BC003965,0.280373486,8.879135719
Fastkd2,0.280275759,6.515867657
Unc45a,0.280236279,20.79675895
Cdadc1,0.280157471,16.40783255
Rnf25,0.280154245,14.41593518
Blzf1,0.279935528,14.21336935
Ncapg2,0.279907247,5.165428764
Qrich1,0.2798907,44.19311276
Eno3,0.279883601,4.22012154
Dguok,0.279858864,14.7535449
Cyth2,0.279847148,7.157326131
Brms1l,0.279828828,17.45442269
Phax,0.279798804,13.23430115
Slc25a40,0.279778673,10.19581364
Gmds,0.279418708,61.20864281
P3h1,0.279359201,6.178257934
Mrps26,0.279225515,15.46252532
Pgap1,0.279196647,27.88656313
Itsn1,0.27918387,38.55503038
Gpr61,0.279151015,8.575286968
Idh1,0.279103615,9.790681972
Fbl,0.279070492,16.88048616
Gm16432,0.279011997,33.76097232
RP23-106P7.5,0.279008063,1.75557056
Nrbp1,0.278951294,17.96083727
Ptp4a1,0.278942091,5.064145847
Tmem79,0.278885047,1.654287643
Cltb,0.278868616,29.23700203
Kbtbd2,0.278861131,8.1701553
Spdye4a,0.278817113,1.721809588
Sf3b3,0.278813947,23.09250506
Cnot1,0.27880072,28.39297772
Dda1,0.278772303,11.61377448
Kifc2,0.278761101,29.03443619
Morf4l1,0.278741978,37.64348413
Cdc73,0.278676912,26.4686023
Pdcd2l,0.278663556,13.13301823
Gm9962,0.278614146,8.068872384
Wdr70,0.278579227,31.16137745
Arid4b,0.278559675,61.85010128
Ewsr1,0.278556566,41.93112762
Pfn1,0.278536875,14.44969615
Rin2,0.278499122,8.575286968
Mycbp2,0.278479002,79.33828494
Rad23b,0.278424633,21.20189061
Larp4,0.278362419,21.26941256
Sema4f,0.278342459,9.216745442
Gm15489,0.278274737,7.933828494
Dnajb2,0.278248312,12.5590817
Adipor2,0.278209315,12.12018906
Pik3ca,0.27817347,27.58271438
Thnsl2,0.278018403,2.295746117
Ralgapb,0.277917375,42.70762998
Grb2,0.277831406,25.62457799
Gm43016,0.277788627,4.692775152
Faap100,0.277776856,9.588116138
Ogt,0.277760434,77.98784605
Actr1a,0.277745824,24.44294396
Scn2a1,0.277687618,68.83862255
RP23-51L15.5,0.277663296,8.710330858
Rtp3,0.277582177,1.620526671
Eif2b3,0.27745353,18.06212019
Adam19,0.277424631,14.88858879
Mgat4c,0.277412464,93.45037137
Mlec,0.277380864,13.80823768
5730409E04Rik,0.277325544,4.557731263
Snapin,0.27722776,8.035111411
B430203G13Rik,0.277210968,1.249155976
Rnf112,0.277137429,24.54422687
Upp2,0.277063798,73.9027684
Tmem39b,0.277040237,14.55097907
Ddx11,0.276986942,2.093180284
2610507B11Rik,0.276955104,21.7083052
Snx29,0.276907211,46.86022957
Slc9a7,0.27687591,36.90074274
Colgalt1,0.276780423,12.76164754
Larp1,0.276769907,20.4929102
Msi1,0.276759424,8.777852802
Eml2,0.276738467,37.50844024
Nmd3,0.276681773,12.82916948
AI504432,0.276645049,8.068872384
Ipp,0.276627973,9.62187711
BC003331,0.276626687,12.35651587
Klhl15,0.276334575,17.96083727
Mtmr3,0.276297797,44.15935179
Epg5,0.276207905,13.03173531
Nuak1,0.276161277,9.351789332
Bmyc,0.276155885,16.17150574
Dtx3,0.276130019,48.37947333
Gemin8,0.276124756,4.929101958
Lncpint,0.276113801,73.26130993
Slc30a6,0.276067333,13.70695476
Ift80,0.27605909,10.53342336
Cs,0.276028261,28.08912897
Akt3,0.275959807,73.22754895
Pea15a,0.275934349,17.3193788
Nelfb,0.275836203,19.88521269
Dym,0.275704377,34.46995273
Elp4,0.275554329,39.027684
Rasa2,0.275535838,30.95881161
Ufsp2,0.275517873,16.67792032
Slc38a7,0.27549206,8.609047941
Pde7a,0.275474191,29.03443619
Sel1l,0.275433555,28.86563133
Trip4,0.275422889,32.84942606
Mbtd1,0.275382284,51.92437542
Soat1,0.275331764,8.068872384
Hpcal1,0.27531426,24.37542201
Tyw1,0.275273987,18.39972991
Xrn2,0.275244306,25.28696826
Rbm25,0.27522515,69.513842
Ubxn7,0.275208739,28.79810939
Tenm1,0.275175788,91.76232275
Gspt1,0.275152377,22.78865631
Morc4,0.275149094,4.422687373
Bub1b,0.27507063,2.565833896
2210408I21Rik,0.27506256,53.57866307
Sirt2,0.275043683,23.16002701
2010107G23Rik,0.27495675,9.081701553
Tmem161a,0.274918257,10.90479406
Wdr7,0.274903496,47.29912221
Zfos1,0.274857682,11.00607698
Hcfc1,0.274826792,5.908170155
Luc7l,0.274823316,30.79000675
Vti1a,0.274723519,48.21066847
Dpp9,0.274722908,9.081701553
Hnrnpul1,0.27470609,14.21336935
Acbd4,0.274574897,15.90141796
Eif2s2,0.274534914,24.2741391
Zfp512,0.274523112,35.55030385
Fbxo38,0.27451191,19.98649561
Dpyd,0.274474607,57.1910871
Ankrd17,0.274378776,62.76164754
Tnik,0.274312713,71.87711006
Trim33,0.274262108,42.40378123
Cntn4,0.274230711,84.09858204
Tro,0.274220367,24.74679271
Rassf6,0.274178767,1.586765699
Acox1,0.274165441,18.26468602
Dock7,0.274148794,53.37609723
Rnf181,0.274132201,8.102633356
Ddx19b,0.274111437,11.9513842
Dkk3,0.274054453,10.66846725
Smarcc1,0.273967145,35.21269413
Unc5c,0.273945685,75.05064146
Chst9,0.273850052,5.53679946
Phf6,0.273823817,23.9027684
Fbxl19,0.273684702,17.15057394
Atp6v0d1,0.273661216,27.24510466
Csnk1g2,0.273549891,8.811613774
Brsk1,0.273505797,21.7083052
Hnrnpll,0.273378656,21.67454423
Acer3,0.273244011,39.90546928
Polr3b,0.273211145,12.89669142
Pfdn6,0.273189835,9.18298447
Ncoa5,0.273175354,27.54895341
Car7,0.272998689,5.030384875
Asphd1,0.272983832,9.486833221
Thrap3,0.272808593,23.09250506
Cspp1,0.272796513,58.06887238
Map3k7,0.272786308,17.11681296
Trak2,0.272782117,12.22147198
Eno1,0.272765652,22.41728562
Zfp148,0.272708893,46.42133693
Wdr61,0.27254224,9.858203916
Pcbp2,0.272539335,31.97164078
Vamp7,0.272439603,7.900067522
Fgf1,0.272407338,23.59891965
Sumf1,0.272402782,20.39162728
Dus1l,0.272400349,7.157326131
Arfrp1,0.272312912,11.71505739
4931428F04Rik,0.272292427,6.718433491
Rragc,0.272244555,10.16205267
Ythdc1,0.272220715,14.07832546
St7,0.272106962,42.60634706
Map1s,0.272052229,11.03983795
Prkaa1,0.271997239,10.972316
Zfp287,0.271982886,13.03173531
Cwf19l2,0.271851103,31.87035787
Man2a1,0.271832612,21.74206617
Npepps,0.271697699,56.38082377
Magix,0.271643203,0.371370695
Nsl1,0.271619574,0.303848751
Fam175b,0.271536835,15.7326131
Tas1r1,0.271473222,1.89061445
Gpc1,0.271458606,6.887238352
Pkia,0.271453771,55.77312627
Rab22a,0.271445378,8.912896691
Dhrs7,0.271394547,7.29237002
Kcnq1,0.271379219,43.4166104
Zdhhc18,0.271360085,15.25995949
Zmat3,0.271347993,15.15867657
Prdm4,0.271320434,2.903443619
Gapvd1,0.271252945,46.15124916
Rc3h2,0.271235837,38.14989872
Arid4a,0.27119772,31.53274814
Chd8,0.271190891,41.52599595
Ckap2,0.271143228,1.215395003
Gns,0.27108074,20.62795409
Setd1b,0.271054778,9.655638082
Gm12158,0.271015323,1.721809588
Kcnip4,0.270976184,91.55975692
Arfgap2,0.270951508,13.60567184
Ndufaf4,0.270908256,13.87575962
Rnf103,0.270867469,12.86293045
Zfp868,0.270800806,9.216745442
Chek1,0.2707909,1.688048616
Rab5c,0.270656288,11.41120864
Rb1cc1,0.270569998,40.47940581
Tcerg1,0.27055766,28.56178258
Gpbp1l1,0.270553683,14.55097907
Dnajb5,0.270458648,5.165428764
Qrsl1,0.270449202,10.02700878
Rab30,0.270359589,30.62120189
Plekha4,0.270338957,2.025658339
Cog5,0.270328921,57.69750169
Ddr1,0.270315125,20.99932478
Cntn6,0.270262183,71.60702228
Usp47,0.270164133,36.96826469
Gtpbp4,0.270104191,22.72113437
Fbxl2,0.270045653,38.08237677
Slc25a36,0.270031761,42.26873734
Rnf123,0.269978808,13.43686698
Arnt,0.269948804,32.30925051
Map3k12,0.269885582,20.62795409
Gm16189,0.269864175,11.51249156
Gm26542,0.269779054,11.64753545
Xpo1,0.269735469,31.0938555
Mlxip,0.26961299,31.06009453
Arhgap5,0.26952893,47.02903444
Cdc16,0.269523591,14.7535449
Mtch1,0.269515734,26.40108035
Fam149b,0.269457936,18.39972991
Ap2m1,0.269407566,17.45442269
Hbp1,0.269344247,7.73126266
Arf5,0.269259254,21.47197839
Gm43458,0.26918548,1.215395003
Immt,0.26913446,26.83997299
Gsg1l,0.269108658,14.04456448
Psma5,0.269075139,13.60567184
Zfp397,0.269071763,12.39027684
Ola1,0.269056209,26.87373396
Setd3,0.269035103,24.67927076
Park2,0.268883253,89.36529372
Trpm7,0.268853914,51.82309251
Snx6,0.268848919,27.17758271
Wiz,0.268785654,12.05266712
Psma1,0.26878321,34.33490885
Gk5,0.268775567,10.39837947
Ddx50,0.268691946,32.34301148
Snapc1,0.26859753,12.9304524
Slc50a1,0.26854119,25.42201215
Tars2,0.268456915,10.46590142
Ehmt2,0.268410168,18.06212019
Mapk10,0.268403136,75.99594868
Gm19710,0.268357311,33.01823093
Rbm22,0.268351924,5.671843349
Msto1,0.268321841,7.191087103
Snx8,0.268313266,14.04456448
Ube2k,0.268259766,57.52869683
Zfp433,0.268151286,9.520594193
Dcaf5,0.267886616,32.95070898
Kifap3,0.267854169,42.13369345
Xpnpep1,0.26778876,15.90141796
Arl5a,0.267775715,7.933828494
Men1,0.267609223,6.313301823
Rabgap1,0.267536374,60.90479406
Rps6kl1,0.26753422,16.84672519
Ttc13,0.267518184,16.03646185
5330434G04Rik,0.267504795,78.39297772
Cab39,0.267339118,23.73396354
Fchsd2,0.267297666,67.48818366
Vta1,0.267290495,18.26468602
Ppp2r2d,0.26726345,10.63470628
Gatad2b,0.267148561,43.55165429
Zscan26,0.267129041,37.77852802
Jmjd1c,0.267126201,63.36934504
Tspan31,0.267088297,8.203916273
Zscan21,0.267073944,10.22957461
Ino80b,0.267021842,7.056043214
Brd1,0.266971242,13.23430115
Dnajc1,0.266964018,50.91154625
Morf4l2,0.266850029,25.7258609
Hnrnpa3,0.266837777,27.11006077
Luc7l2,0.266815791,83.96353815
Orc1,0.266775347,7.359891965
Plekhj1,0.2667578,13.87575962
Trmt11,0.266712232,18.60229575
Tk2,0.266628718,12.18771101
Zswim3,0.266597879,8.474004051
Polh,0.266589721,9.925725861
Itch,0.266552258,50.33760972
Ank,0.266460082,33.59216745
Phf12,0.26641161,28.02160702
Cln3,0.26637659,10.56718433
Pan3,0.266327485,61.68129642
Anapc7,0.266321868,7.123565159
Dcaf10,0.266235599,18.16340311
Pla2g4d,0.266202097,0.135043889
Dach2,0.266171808,10.09453072
Faf1,0.26616811,58.47400405
Mgat1,0.266146457,5.806887238
Specc1l,0.266021009,33.25455773
Pdcd10,0.266014417,20.89804186
Psma3,0.265946028,40.8507765
Tmem248,0.265917118,11.44496962
Zfp266,0.265914481,26.29979743
1700020I14Rik,0.265902347,16.57663741
Crispld1,0.265861952,3.477380149
Mybl2,0.265851623,1.31667792
Dph3,0.265808489,6.617150574
Qdpr,0.265785989,8.777852802
Ppwd1,0.265697984,14.58474004
Armc8,0.265680693,28.08912897
Rnft1,0.26564905,12.12018906
Pwwp2a,0.265626947,19.20999325
Kif1c,0.265574144,5.874409183
Zfp26,0.265445309,7.528696826
Rtca,0.265405315,14.38217421
Ube2v2,0.265403771,21.74206617
Ttbk1,0.265399934,17.08305199
Pdp1,0.265382944,6.144496962
Scamp1,0.265335339,33.18703579
Abhd4,0.265331033,7.29237002
Pik3c2a,0.265225563,38.92640108
Klc2,0.265157871,32.81566509
Zfand2a,0.265027803,7.798784605
Nle1,0.26488201,7.022282242
Rmnd5b,0.264762147,7.157326131
Crip2,0.264751695,6.819716408
Smad6,0.264693631,0.675219446
Rbm6,0.264629956,70.76299797
Pced1a,0.264598259,8.338960162
Smim20,0.264471825,12.35651587
Mib1,0.264431564,36.02295746
Spred3,0.26427756,10.63470628
Ctif,0.264269006,38.92640108
Abca17,0.264239671,4.253882512
Ube2r2,0.2641658,37.20459149
Spata7,0.264081954,42.8089129
Tubb2b,0.2640035,9.62187711
Camsap2,0.263994345,27.04253883
Dpp7,0.263993576,6.684672519
Ttc14,0.26396833,62.05266712
Hnrnpc,0.2639208,33.15327481
Lrrc4c,0.263841317,98.81836597
2900093K20Rik,0.263703252,8.676569885
Arhgap39,0.263687002,43.75422012
Rfwd2,0.26365181,31.56650912
Ccdc66,0.263540158,24.84807562
A730017C20Rik,0.263496252,18.77110061
Csnk1d,0.263423007,23.5313977
Katnal2,0.263405749,18.66981769
Ralgapa1,0.263402308,71.84334909
Haus6,0.263300829,5.199189737
Cyp51,0.263201386,14.7535449
Plppr2,0.263131828,23.66644159
Cnep1r1,0.2631177,16.98176907
Tenm2,0.262986946,98.68332208
Cpn1,0.262984112,0.607697502
Ccdc51,0.262978081,5.030384875
Gdap1l1,0.262954906,8.879135719
Dhx33,0.262891984,7.089804186
Gm14308,0.262839104,3.342336259
Gm26733,0.262810067,62.89669142
2700062C07Rik,0.262727614,14.28089129
Ttyh2,0.262490343,4.861580014
Derl2,0.262467607,10.60094531
Gm13157,0.262338888,0.844024308
Gm11520,0.262318572,8.271438217
Srpk1,0.262318341,31.4652262
Riok1,0.262248301,20.42538825
Gpr161,0.262239035,2.903443619
Tmem63c,0.262171841,21.64078325
Lin52,0.262168657,24.34166104
Kdm2a,0.262147058,51.48548278
Gm26903,0.262139374,3.679945982
Dennd4c,0.262110634,32.24172856
Ppp4r2,0.262093911,14.58474004
Ythdf3,0.262080877,26.06347063
Gucy2e,0.262009138,0.844024308
Stxbp1,0.261995626,49.42606347
Gtpbp3,0.261899689,12.39027684
Ppa1,0.261886879,13.80823768
Npm3,0.261869748,3.376097232
Atg16l1,0.261783534,34.84132343
Nck1,0.261759373,17.75827144
Ept1,0.261680254,15.25995949
Mmp16,0.261603011,77.24510466
Itpkb,0.261576041,6.515867657
Mc4r,0.261561992,1.114112086
Anks3,0.261528233,32.34301148
Mrps18b,0.261526417,4.321404456
Chd1,0.26149436,28.35921675
Atxn10,0.261492902,50.13504389
Gm14391,0.261489,4.692775152
Rsrc2,0.261409999,40.95205942
Otub1,0.261336347,11.9513842
Dnajc12,0.261314426,7.933828494
Ica1,0.261269362,57.59621877
Prpf6,0.261264721,36.63065496
Ssx2ip,0.261246619,6.245779878
Mrps15,0.261212893,13.50438893
Zfp236,0.261197554,21.94463201
Bach2,0.261185269,54.7602971
Ccnt2,0.261098197,64.5172181
Palb2,0.26104401,3.173531398
Gnpda2,0.261025916,6.110735989
Rbfox2,0.261014618,57.73126266
Trp53bp1,0.260972363,36.8332208
Slc29a3,0.260845089,2.633355841
Kdm5c,0.260818252,51.92437542
Adam2,0.260626885,3.004726536
Gm26904,0.26053762,60.22957461
Mterf2,0.260494636,11.10735989
Btrc,0.260441393,46.18501013
Hexa,0.260337663,15.83389602
Rnaseh2a,0.260303029,8.676569885
Panx2,0.260191216,8.474004051
Vps8,0.260155253,31.73531398
Exoc3,0.260145734,20.4929102
Arhgef7,0.2600421,31.33018231
N6amt2,0.26000574,15.90141796
Ap1g1,0.259976316,21.23565159
Ankrd12,0.259861994,58.13639433
Clta,0.259819042,22.65361242
Pgbd5,0.259797786,13.43686698
Bsn,0.25979561,30.95881161
Plcl2,0.259784183,30.41863606
Stk38,0.259733234,35.8541526
Snrnp27,0.259731937,13.50438893
Prkar2a,0.259710959,24.94935854
Cpd,0.259674996,19.04118839
Mysm1,0.259580173,28.96691425
Fkbp15,0.259540834,16.07022282
9930021J03Rik,0.259509437,44.93585415
Gpr19,0.259497292,10.39837947
Rgs22,0.259448701,3.477380149
Slc6a6,0.259331121,29.270763
Tut1,0.259329213,6.110735989
Katnbl1,0.259244091,8.203916273
2310016G11Rik,0.259153551,0.303848751
Nisch,0.259126276,40.78325456
Ttc1,0.259017003,15.25995949
Neurl1b,0.259000038,1.417960837
Otud7a,0.258966312,69.17623228
Taf6l,0.258912276,8.676569885
Xkr4,0.258896551,94.42943957
Nup98,0.258833821,33.96353815
Actr3,0.258730787,20.32410533
Slc24a2,0.2586964,69.17623228
Gm26885,0.258686997,2.802160702
Prr14l,0.258543672,29.06819716
Dnajc2,0.2585289,10.22957461
Uckl1,0.258499787,11.44496962
Itga3,0.2584201,10.46590142
Arhgef40,0.258371563,15.05739365
Sbno1,0.258370544,48.24442944
Rtfdc1,0.258355334,7.900067522
Tango2,0.258346201,48.21066847
Syt11,0.258341227,55.16542876
Nedd4l,0.258256362,55.73936529
Rnf214,0.258235074,26.97501688
Pcnt,0.25818658,7.933828494
Trim67,0.258179344,11.07359892
Tonsl,0.258155805,21.91087103
Pbxip1,0.258115007,4.287643484
Fxyd6,0.25807765,29.20324105
Ankhd1,0.257959342,55.13166779
Ppp2cb,0.257927066,10.12829169
Nmnat2,0.257905992,56.27954085
Pskh1,0.257837077,9.891964889
Rab8b,0.257819337,13.90952059
Man2c1,0.25778392,17.35313977
Adat1,0.257595947,17.21809588
Tcf4,0.257583705,62.9304524
Itfg1,0.257583405,51.78933153
Gm38304,0.257315573,20.56043214
Setd5,0.257255063,61.71505739
Nipsnap1,0.257129701,25.62457799
Ube4b,0.257095913,38.11613774
Kif9,0.257086062,11.54625253
Dctn6,0.257082686,12.18771101
Cenpv,0.257073328,26.33355841
Cept1,0.257034599,21.64078325
Cblc,0.257017459,1.215395003
Thumpd3,0.256930075,10.90479406
Ice1,0.256885376,18.298447
Ube4bos1,0.256842681,20.83051992
Nup153,0.256751781,17.18433491
Gm15496,0.256750781,1.45172181
Xpo5,0.256735999,5.131667792
Tank,0.256718219,12.89669142
Gm26518,0.256662029,30.82376772
Fbxw5,0.256560217,17.58946658
Adipor1,0.25653389,12.01890614
Slc45a1,0.256444502,19.61512492
Cul9,0.256412966,32.57933828
Ppp2r3c,0.256368116,9.351789332
Frmpd4,0.256333032,80.08102633
Btbd9,0.256314649,62.49155976
9530027J09Rik,0.256283482,1.45172181
Rnmt,0.256263057,11.17488184
Anapc10,0.256157933,21.50573937
Ilkap,0.256137812,12.42403781
Drap1,0.255967526,10.16205267
Ppm1b,0.255847234,19.00742741
Sphk2,0.255746623,4.490209318
Purg,0.255744361,34.13234301
Myo5a,0.25563124,52.53207292
Smim1,0.255354682,3.241053342
Gem,0.25530171,3.64618501
Nckap1,0.255297431,47.73801485
Abca1,0.255285127,4.422687373
Ltn1,0.255223886,12.99797434
Rab3gap2,0.255218944,28.6630655
Mab21l2,0.255049826,6.954760297
Fam161b,0.255047264,5.435516543
Eny2,0.255040329,11.98514517
Col4a3bp,0.254912394,26.83997299
Rbak,0.25487303,3.038487508
Tspan12,0.254819691,9.351789332
Grik2,0.25477807,95.50979068
Lrrc14,0.254713347,5.874409183
Htt,0.25469402,39.50033761
Nmb,0.254680729,3.882511816
Atp6v0b,0.254579002,63.60567184
Scyl1,0.254409498,8.642808913
Enox2,0.254340241,18.06212019
Mapk1,0.254261819,32.98446995
Taf6,0.254235599,20.32410533
Ccdc61,0.25422712,7.494935854
Wdr1,0.254186633,8.338960162
Adnp2,0.25407719,3.950033761
Klhl18,0.254046715,15.05739365
Srsf11,0.253940486,52.86968265
Gm26790,0.253932104,31.02633356
Cd40,0.253910666,2.059419311
Phldb1,0.253730238,9.014179608
Snrnp40,0.253699109,19.07494936
Dhrs1,0.253603815,7.29237002
Agrp,0.253586117,15.25995949
Sept6,0.253577242,21.64078325
Wdr17,0.253570006,27.17758271
Slc10a7,0.253518564,18.93990547
Epha10,0.253482665,40.17555706
AI314180,0.253458365,53.71370695
9030624G23Rik,0.253437151,10.87103309
Pnma2,0.253432917,5.469277515
Mdp1,0.253426143,6.85347738
Fnip1,0.253387146,41.99864956
Lrrc1,0.253368023,11.07359892
RP23-428N8.3,0.253367463,0.506414585
Zfp777,0.253354956,10.7359892
Sbf2,0.253251836,61.47873059
Tmcc1,0.253115926,68.39972991
Ppp6c,0.253084873,20.08777853
Snf8,0.253059714,15.66509115
Ncor2,0.253014972,19.17623228
BC053393,0.252986065,1.181634031
Lias,0.25298454,16.10398379
Tssc4,0.252969276,11.85010128
Emc2,0.252894251,14.55097907
Nrd1,0.252674677,35.51654288
Ube2j1,0.252587401,7.663740716
Prrg3,0.252580755,4.929101958
Rsl1d1,0.252542605,10.87103309
Coro1a,0.252382373,6.752194463
Mcf2l,0.252371557,34.97636732
Atg7,0.252322238,13.80823768
Atp6v1b2,0.252282898,42.06617151
Gtf2h2,0.252263003,14.38217421
Vapb,0.252221852,13.7744767
Cabin1,0.252150033,28.32545577
Rmdn3,0.252147964,10.02700878
Nfasc,0.251998472,50.20256583
Aamdc,0.251905976,10.12829169
Ints3,0.251866346,20.52667117
Dcaf12,0.251808494,15.05739365
Adprhl2,0.251790572,11.41120864
Prosc,0.251750235,15.1249156
Sqstm1,0.251749152,17.15057394
Suv39h1,0.25174479,3.072248481
Trappc4,0.251725688,14.21336935
Tbc1d10b,0.251586873,9.62187711
Adprm,0.251557406,10.56718433
Phb2,0.251554683,12.45779878
Ufd1l,0.251524326,22.3160027
Phc3,0.251477987,32.6806212
Rnf121,0.251455926,16.7116813
Vstm2a,0.251442538,22.21471978
Herc1,0.251384482,66.77920324
Git1,0.251317894,5.53679946
Tbc1d9b,0.251286637,29.67589467
Pank4,0.251276775,12.79540851
Lrrc45,0.251058648,27.3126266
Pclo,0.251008428,85.11141121
Fbxw2,0.250931517,20.4929102
Zfp335os,0.250895865,13.36934504
Zkscan5,0.250894503,5.941931128
Wipi2,0.250889251,17.28561783
Dhdds,0.250887997,29.91222147
Pex13,0.250868627,28.62930452
Fbxo2,0.25085615,11.3436867
Nf1,0.250801406,67.48818366
Apip,0.250719854,5.503038488
Dhx40,0.250645687,11.91762323
Cnot3,0.2505587,24.71303174
Zfp760,0.25053635,5.401755571
Gpr173,0.250508716,8.30519919
Usf3,0.250384683,14.88858879
Uprt,0.250352418,7.022282242
Tfb2m,0.250328225,8.507765024
Ppp3cb,0.250221289,31.60027009
Carf,0.250215415,18.33220797
Slc35b4,0.250194253,4.152599595
Iqch,0.250109231,3.713706955
Med15,0.250021782,33.79473329
Stk16,0.249975389,12.5590817
D5Ertd579e,0.249942663,31.701553
1110037F02Rik,0.249763725,21.7083052
Tmem179,0.249757883,21.37069548
Anxa9,0.249745715,1.350438893
Asb7,0.249688304,14.58474004
A530013C23Rik,0.249684958,1.012829169
Malat1,0.249604587,100
Iars,0.249538245,20.02025658
Psmc4,0.249525436,18.12964213
Cox7b2,0.249476067,2.835921675
Slc7a14,0.249412561,42.33625928
Numbl,0.249234021,9.250506415
Usp15,0.249199859,30.01350439
Frmd5,0.249103471,71.67454423
Pak3,0.249025938,71.53950034
Rp2,0.248959907,9.689399055
Il17d,0.248935939,5.671843349
Dmxl2,0.248924083,43.82174207
Ercc1,0.24878336,10.70222822
Bms1,0.24869722,8.203916273
Cdip1,0.248604209,42.77515192
Grid2,0.248534266,99.56110736
Ubqln4,0.24849946,9.014179608
Rnf4,0.248476339,12.05266712
Ank2,0.248476306,99.52734639
Aph1b,0.248421734,4.861580014
Meg3,0.248352445,100
Ccdc122,0.248313339,3.106009453
Ruvbl2,0.248212214,4.186360567
Zfp609,0.248206588,47.53544902
Enpp1,0.248166187,3.376097232
Zfp839,0.248084161,5.165428764
Ski,0.248077645,13.80823768
Cdk13,0.24802437,36.79945982
Eml3,0.247961448,4.692775152
4930458D05Rik,0.247958584,1.789331533
Grm7,0.247907326,96.11748818
Tbc1d12,0.247864685,37.03578663
Il18bp,0.247735311,2.498311951
Slc4a8,0.24769591,15.83389602
Slc22a5,0.247664052,8.203916273
Urgcp,0.247601376,44.56448346
Asb6,0.247533898,5.300472654
Stim2,0.247459753,24.98311951
Coasy,0.247421142,4.321404456
Hmgcll1,0.247416994,45.91492235
Rbm26,0.247314078,61.00607698
Ptprt,0.247307196,80.28359217
Ephb2,0.247300625,33.69345037
Lingo2,0.24729801,99.45982444
Dnajc18,0.247149976,23.73396354
Snhg11,0.247034401,99.83119514
Wdr18,0.247025204,16.30654963
B230217O12Rik,0.246987493,12.39027684
Recql5,0.246934808,15.90141796
Tln1,0.246919758,9.62187711
Dmd,0.246888715,90.91829845
Cc2d1b,0.246848164,9.959486833
Ncoa2,0.246809778,48.04186361
Brca2,0.246784727,7.224848076
Pms2,0.246780879,9.554355165
Kansl1,0.246762913,79.81093856
Mdga2,0.246737841,99.45982444
Cyld,0.246679742,27.0762998
Usp34,0.246678928,70.89804186
Gm3667,0.246646865,1.958136394
Csf2ra,0.246643458,27.61647535
Reck,0.246629801,13.80823768
Cntn1,0.246582476,79.270763
Txn2,0.24653843,12.59284267
Parp2,0.246522812,7.326130993
Xrn1,0.246458389,45.20594193
Lrig2,0.246417441,43.48413234
Ncor1,0.24640446,66.10398379
Adam10,0.246328182,35.17893315
Zfp672,0.246318942,13.70695476
Ints6,0.246263716,33.82849426
Vps51,0.246187285,6.043214045
2010315B03Rik,0.246145075,8.879135719
Celf4,0.246128278,90.07427414
Wdr11,0.246067178,11.20864281
Ccni,0.246029746,20.79675895
Med26,0.246019724,9.520594193
Gm10501,0.246011534,6.482106685
Vrk3,0.245969407,5.941931128
Fam65a,0.245930196,8.575286968
Cfap57,0.245894212,2.126941256
Kat2b,0.245797899,26.60364619
Nsfl1c,0.245783277,9.824442944
Proser1,0.245762257,12.66036462
Gm20468,0.24573193,1.620526671
Ppp1r12a,0.245678786,42.67386901
Cntnap2,0.245650455,99.83119514
Isca2,0.245528716,17.18433491
Stk40,0.245497673,13.5381499
Lars2,0.245433968,16.00270088
Snrpc,0.245406108,8.237677245
Sccpdh,0.245199837,10.56718433
Sephs1,0.245179245,7.697501688
Rpl36,0.245162416,15.42876435
Plekha1,0.245155738,25.28696826
Matk,0.245127075,42.77515192
Map3k3,0.245084701,34.8750844
Rims1,0.244990361,91.18838623
Gria4,0.244977444,96.75894666
Bicd1,0.244964034,72.99122215
Ranbp2,0.244731383,19.88521269
Ddx18,0.244687369,15.3612424
4933406C10Rik,0.244673306,5.266711681
Catsper2,0.244660014,11.03983795
Hist3h2ba,0.244614928,7.663740716
Tgfbrap1,0.244513556,10.66846725
Snx17,0.24440364,8.541525996
Uevld,0.244395419,15.42876435
Wdpcp,0.244355178,22.88993923
Fam179b,0.244335455,20.35786631
Gosr1,0.244312912,16.67792032
Cdc42ep2,0.244272113,1.620526671
March1,0.244234179,90.74949359
Ywhaz,0.244197358,15.1249156
Slc25a46,0.244174408,11.81634031
Grid1,0.244151373,74.00405132
Tpr,0.244149368,30.75624578
Gopc,0.244088043,17.52194463
Sgcd,0.244056571,71.60702228
C1galt1,0.244049409,4.996623903
Rnf6,0.244043376,9.419311276
Gm13943,0.244002163,0.506414585
Gtf2e1,0.243945862,7.933828494
Dpp8,0.243890637,21.77582714
Fgf14,0.243838144,99.49358542
Zfp874b,0.243826834,2.430790007
Cdc40,0.243820586,19.78392978
Slc35a2,0.243793295,9.858203916
Fancb,0.243769183,1.114112086
Plek,0.243692962,6.988521269
Nelfcd,0.243692801,9.014179608
Ccser1,0.243640438,97.16407833
Lrrc27,0.243639013,2.397029034
Gpr158,0.243595202,75.7258609
Arid1b,0.243553461,45.67859554
Sptlc2,0.243539505,20.08777853
Gm26665,0.24353796,1.012829169
Exd2,0.243534424,22.88993923
Kmt2a,0.24351887,45.88116138
Aup1,0.24341873,13.23430115
Nkain2,0.24340978,98.27819041
Msl1,0.243399639,4.65901418
Trp53,0.243296154,6.347062795
Kif13b,0.2432764,23.83524646
Myo18b,0.243257301,1.485482782
Galnt11,0.243246289,13.1667792
Zcchc7,0.243200872,66.23902768
Gm43713,0.243199242,56.27954085
Cldn34c1,0.243184836,19.27751519
Gpr45,0.243172616,33.25455773
Ap3s2,0.24313245,23.32883187
Rtn3,0.243118408,79.81093856
Pigl,0.243005684,13.09925726
Nfe2l2,0.242954875,5.334233626
Rragd,0.24295138,9.014179608
Gm9930,0.242915337,2.160702228
Birc6,0.24284974,61.98514517
Fus,0.242720948,76.43484132
Brd2,0.242682798,9.62187711
Rnf166,0.242635032,10.972316
Fam96b,0.242603475,6.85347738
Lrrc6,0.242596614,5.9756921
Mphosph8,0.242561005,27.61647535
Ppp2r5e,0.242546941,46.52261985
0610010F05Rik,0.242473729,28.83187036
Tsr3,0.2423438,11.61377448
Pemt,0.242333479,3.106009453
Lemd3,0.242144539,20.45914922
Sat1,0.242081638,6.954760297
Apc,0.242041848,59.68939905
Ddx42,0.242007857,26.56988521
Ppp2r2a,0.241985711,30.486158
Dhcr24,0.241910205,15.59756921
Clcn3,0.241884489,40.37812289
Prkaca,0.241870168,19.91897367
Cstad,0.241817174,0.506414585
Lrp5,0.241811458,2.228224173
Puf60,0.241757691,16.98176907
Ubxn2b,0.241727719,11.37744767
Ech1,0.241717332,7.494935854
Tcaf1,0.241662385,47.33288319
Papola,0.2416094,42.97771776
Mc5r,0.241565352,0.033760972
Nrxn1,0.241564518,99.79743417
Arhgap17,0.241495475,13.47062795
Gm973,0.241475355,5.064145847
Pxmp4,0.241351633,9.993247806
Gm21092,0.24122149,78.59554355
Ube2j2,0.241217706,18.73733964
Dcps,0.241175344,10.87103309
Ehmt1,0.241069416,50.10128292
Trmt1l,0.241061591,34.2673869
Ipo8,0.241006354,30.55367995
Scfd1,0.240994541,55.09790682
Rbms3,0.240880595,90.04051317
Mib2,0.240855855,20.66171506
Paqr8,0.240810105,14.24713032
Chmp1a,0.240735563,7.191087103
Eif2ak4,0.240664248,22.99122215
Dirc2,0.240573713,13.74071573
Csmd3,0.240567581,95.27346388
Kri1,0.240557569,12.18771101
Ubxn6,0.240508947,9.993247806
Bad,0.240483178,7.461174882
Setd2,0.24048292,35.68534774
Fxr1,0.240480423,26.4686023
Mapk9,0.240475621,18.19716408
Rpusd1,0.240393854,6.819716408
Arhgap28,0.240371665,5.638082377
Tmx3,0.240337042,24.74679271
Cyp2c65,0.240261264,0.472653612
Ndrg4,0.240256454,46.8264686
Sh3gl1,0.240256025,19.44632005
Sprtn,0.240249136,2.363268062
Pik3cb,0.240102555,13.50438893
Tmem136,0.240074805,4.557731263
Zfp292,0.239998601,32.10668467
Fam155a,0.239982865,99.29101958
Nob1,0.239954706,16.64415935
Pald1,0.239844646,4.186360567
Stub1,0.239770516,23.80148548
Bax,0.239759561,15.93517893
Mbnl2,0.239651382,57.86630655
Glt1d1,0.239636761,24.03781229
Ints2,0.239581792,15.86765699
Lage3,0.239501526,23.12626604
Ube2n,0.239498675,14.21336935
Nipbl,0.239491504,50.50641458
Arhgef9,0.239470301,37.20459149
Atxn1l,0.23943094,7.86630655
Eapp,0.239416372,13.70695476
9230110C19Rik,0.239384708,11.9513842
Ap1g2,0.239339724,2.126941256
Cmas,0.239324036,12.5590817
Dnah7c,0.239255626,9.824442944
Rfx7,0.239186529,64.17960837
Spink2,0.239185168,8.001350439
Spin1,0.23913006,15.59756921
Phf20,0.239077246,35.41525996
Tanc2,0.239072079,83.92977718
Rbm7,0.239052485,10.56718433
Iqcg,0.238778585,6.347062795
Camsap1,0.238732996,19.41255908
Thap2,0.238712201,16.67792032
Gm29642,0.238687428,4.996623903
Fnbp1,0.238673461,52.16070223
Fancc,0.238666483,17.28561783
Spink5,0.238646622,0.067521945
Gm28652,0.238564277,0.810263336
Gm37168,0.238534577,1.350438893
4932438A13Rik,0.238514601,53.20729237
Fer,0.238464446,35.11141121
D930016D06Rik,0.238404353,20.89804186
Igdcc4,0.238359461,21.37069548
Nprl2,0.238351186,9.756920999
Gm19434,0.238334271,0.033760972
Cstf3,0.23833202,44.76704929
Tbc1d17,0.238218245,14.28089129
Srrm4os,0.238129982,3.274814315
Zfyve28,0.238115929,29.37204591
Noc3l,0.238067092,6.043214045
4930402H24Rik,0.238045932,82.57933828
Pip5k1b,0.238037711,49.69615125
Zfyve19,0.237942138,10.33085753
Ccl25,0.237877393,21.23565159
Gm11967,0.237851775,0.033760972
Zfp946,0.237844154,3.713706955
Ppp3cc,0.23779211,27.58271438
Ccar1,0.237768056,46.32005402
Ube2f,0.237711673,13.97704254
Hnrnph1,0.237696291,22.85617826
Tmem216,0.237657819,14.58474004
Pot1b,0.237637581,13.20054018
Magi1,0.237532971,68.50101283
Gsto1,0.237462753,3.747467927
Slc22a21,0.237432927,4.017555706
Appl1,0.237426968,41.76232275
Pced1b,0.237422927,36.15800135
Cep152,0.237364412,5.131667792
Ncoa4,0.237349554,4.253882512
Zbtb41,0.237327846,4.557731263
Ubac2,0.237289279,33.99729912
Rapgef1,0.237286717,32.00540176
Patl1,0.237285677,11.03983795
Nr2c2ap,0.23716767,4.692775152
Thbs4,0.237095475,0.911546253
Stradb,0.237090125,9.149223498
Slc25a53,0.237087317,7.798784605
Plppr4,0.237046691,26.26603646
Rgs7,0.23704623,78.59554355
Ubr3,0.236992751,52.22822417
Sec63,0.236964903,26.33355841
Gm21781,0.236832495,3.139770425
Gga3,0.236722636,13.36934504
Mga,0.23665578,33.45712357
Prdm10,0.236625959,24.64550979
Rph3a,0.236541137,34.94260635
Mtm1,0.23648709,20.86428089
Dido1,0.23641064,17.35313977
Msl2,0.236321842,12.01890614
Drosha,0.236293093,12.72788656
Arhgap35,0.236221563,40.07427414
Gon4l,0.236148532,45.98244429
Psmc1,0.236134168,16.61039838
Gbp7,0.236125716,0.844024308
Bcas3,0.23609589,58.57528697
Pus3,0.23608412,9.047940581
Mospd3,0.236061567,11.5800135
Nemf,0.23591199,35.4827819
Atp8a2,0.235819171,48.98717083
Iars2,0.235773196,15.53004727
Gm15762,0.2357108,0.067521945
Dok6,0.23569785,76.80621202
Dzip3,0.235510113,45.6110736
Etv3,0.235467128,5.671843349
Gja5,0.235465911,2.32950709
Fbxo44,0.235371587,13.80823768
Coq10b,0.23535285,6.684672519
C030039L03Rik,0.235297399,5.739365294
Plekho1,0.23528981,7.832545577
Cxxc4,0.235278715,23.70020257
Kdm4c,0.235210262,55.46927752
Nmrk1,0.235201,8.74409183
Nup88,0.235189724,9.891964889
Plppr3,0.235183196,20.08777853
Klrg2,0.235176996,0.270087779
Cfi,0.23507144,1.147873059
Wwp1,0.235048347,31.701553
Prpf38b,0.235002468,13.33558406
Ppp1ca,0.234911151,10.66846725
Kpna1,0.234790955,21.97839298
Gpsm1,0.234762924,20.66171506
Atp12a,0.234641967,1.553004727
Fam13a,0.234584973,40.95205942
Usp5,0.234556417,13.97704254
Aldh2,0.234536544,10.22957461
Cdc27,0.234462152,29.67589467
Cttn,0.234446084,14.38217421
Scrib,0.234441378,10.972316
Dclre1c,0.234440199,9.520594193
Oaz2,0.234343725,25.75962188
Gpr63,0.234290644,4.726536124
BC030336,0.234229822,16.50911546
Napa,0.234228021,19.78392978
Copb1,0.234192873,17.75827144
Unkl,0.234079323,12.52532073
Dld,0.234041591,17.45442269
Maz,0.234025062,8.30519919
Babam1,0.234002037,13.70695476
Heca,0.233908383,7.42741391
Trip11,0.233818694,36.36056718
Kng1,0.23374845,0.607697502
Nacc1,0.233726047,7.157326131
Nono,0.233711223,13.36934504
Wtap,0.233622456,15.69885213
Gm14412,0.233188963,0.844024308
Cic,0.233130451,10.80351114
Nlrp12,0.233128074,1.282916948
Dusp11,0.23311568,18.66981769
Crebl2,0.233022583,12.45779878
Acox3,0.23288362,5.9756921
Wdfy3,0.23278782,52.02565834
Hsd17b4,0.232762179,22.45104659
Wdr77,0.232702055,6.41458474
Nell1os,0.232700254,7.967589467
Snhg6,0.232675216,3.173531398
Eif2d,0.232545628,13.97704254
Mpv17l,0.23249037,23.09250506
Idnk,0.232483071,7.056043214
Keap1,0.232473123,12.22147198
Ube2e2,0.232387465,81.53274814
Rad51d,0.232383092,8.102633356
Atad2b,0.232338703,49.08845375
Eaf2,0.232319676,19.98649561
Plekhm1,0.232290445,6.313301823
Slc30a7,0.232188044,12.49155976
Rnf14,0.232145274,28.22417286
Bcar3,0.23213076,5.840648211
Crat,0.232123781,10.7359892
Pex14,0.232111862,28.39297772
Daam2,0.232080861,3.511141121
Slu7,0.232071268,5.908170155
Fam102b,0.232027919,4.794058069
Pitrm1,0.231930695,8.30519919
Samd14,0.231870066,12.08642809
Asap2,0.23186773,21.23565159
Tsfm,0.231757889,9.047940581
Gpatch11,0.231700755,7.191087103
Ogfr,0.231660279,5.638082377
Atxn2l,0.231556088,37.64348413
Gorasp2,0.231490743,10.53342336
Tsc22d4,0.231431433,17.52194463
Tbcel,0.231412942,13.97704254
Acot8,0.231410852,9.453072248
Elp3,0.231332644,12.25523295
Ppfia2,0.231315397,85.17893315
Fam169a,0.231216093,23.56515868
Smu1,0.231189574,9.756920999
Eif3j1,0.231145335,16.17150574
Pak6,0.231144874,14.7535449
Ushbp1,0.231135169,1.350438893
Arsb,0.231129224,24.2741391
Ice2,0.23108446,12.25523295
Map2,0.231053117,90.81701553
Cir1,0.2310159,11.68129642
Ppp2r4,0.230926437,31.16137745
Taldo1,0.230829159,9.993247806
Usp28,0.230791642,13.03173531
Kmt2e,0.230723017,59.35178933
Zkscan3,0.230708299,20.42538825
B3gat3,0.230680901,13.74071573
Fam76b,0.230617721,8.440243079
Ctage5,0.230580182,21.94463201
Ncam2,0.230492948,85.28021607
Bcl2l1,0.230262205,19.37879811
Car9,0.230253419,0.101282917
Akap10,0.230240456,34.19986496
Trappc10,0.230191801,12.39027684
Ccdc59,0.230165217,11.24240378
Ebf4,0.230048677,13.33558406
9430037G07Rik,0.230032669,1.181634031
Ccdc77,0.230021621,13.20054018
Cd276,0.229952975,4.186360567
Adgrl3,0.229833926,95.07089804
Pgam5,0.229709733,13.47062795
Mitd1,0.229672237,7.326130993
Prune,0.229671315,8.440243079
Sec22a,0.22965023,19.17623228
Zfp949,0.22958734,23.70020257
Tra2a,0.22955486,64.04456448
Jag2,0.229372976,4.051316678
Ptp4a2,0.229361409,18.23092505
Mtmr6,0.229350808,15.59756921
Fgfr1op2,0.229339949,11.64753545
Nudt4,0.229331245,9.790681972
Fkbp2,0.229327311,29.54085078
Csrnp3,0.229162577,58.91289669
Dnm2,0.229138866,40.37812289
Scaf4,0.229136433,20.08777853
Laptm4a,0.229103321,27.71775827
Fbxl12os,0.229057432,13.40310601
Anks1b,0.228977198,93.61917623
Fbxo16,0.228919432,9.790681972
Zfp263,0.228837836,14.44969615
Sf1,0.228815701,13.94328157
Vps37d,0.228771591,8.406482107
Ctnnd2,0.228713589,92.70762998
Cep97,0.228681281,11.71505739
Caskin1,0.228664259,18.09588116
Ankrd52,0.228628038,13.30182309
Mre11a,0.228609483,13.23430115
Eif5b,0.228501025,27.88656313
Gm26787,0.228470368,7.494935854
Cpped1,0.228256872,8.710330858
AW209491,0.228245285,10.90479406
Psme1,0.22819678,5.300472654
Rab11fip3,0.228157612,39.70290344
Gm16702,0.228085578,2.835921675
Tubgcp2,0.228056089,9.588116138
Lgr4,0.228053613,16.07022282
Ebpl,0.228030577,9.318028359
Ppp1cb,0.228028541,27.71775827
P4ha2,0.228002182,8.440243079
Pycrl,0.227937362,6.684672519
Ddx3x,0.227935143,14.1458474
Mbd2,0.227905612,18.26468602
Polr1a,0.227864728,12.99797434
Gm26763,0.227776691,11.98514517
Ccdc85a,0.22773137,76.60364619
Ncam1,0.227725056,88.75759622
Amph,0.227700112,68.97366644
Klhdc2,0.227694485,16.88048616
Serpinf1,0.227550821,3.20729237
Prep,0.227534671,6.313301823
Med17,0.227528153,10.09453072
Zc3h12c,0.227444554,19.00742741
Tex10,0.227441188,11.00607698
Cd4,0.227436693,0.270087779
Pibf1,0.227420242,32.74814315
Zbtb43,0.227419781,5.941931128
Phf3,0.227411227,29.74341661
Arfgef1,0.227324819,36.90074274
Megf9,0.227309662,26.40108035
Pola2,0.227197307,3.376097232
Tra2b,0.227058488,44.0243079
Lcorl,0.227048851,39.33153275
2310040G24Rik,0.227032536,1.789331533
4833439L19Rik,0.226940297,14.48345712
Dab2ip,0.226895158,12.42403781
Tyk2,0.226895061,9.858203916
Zmym6,0.226841894,24.67927076
Prpf40a,0.226718729,40.58068872
Atp9b,0.226699917,43.72045915
Smc3,0.226696143,28.96691425
Bre,0.226656471,35.34773801
Fars2,0.22665303,40.04051317
Aak1,0.226630466,58.06887238
Supt6,0.226536619,25.69209993
Aph1a,0.226499498,9.756920999
Asxl3,0.226491973,36.63065496
Elovl5,0.226473965,14.21336935
Tctn1,0.226447381,8.406482107
Twistnb,0.226434995,5.334233626
Notch4,0.226408617,0.506414585
Trak1,0.2262903,14.17960837
Pofut1,0.226282915,18.298447
Wdr37,0.226274597,27.58271438
Tpm1,0.226173557,16.61039838
Acat1,0.226156663,40.98582039
Gm16845,0.226076762,6.718433491
Cmtm4,0.226005575,16.03646185
Snx2,0.226003013,16.30654963
Zfp239,0.225977029,16.37407157
Gins1,0.225949599,2.160702228
Lmtk3,0.225901383,20.99932478
Stxbp2,0.225897213,4.52397029
Rac1,0.225894641,11.37744767
Gmppa,0.225891875,8.068872384
Lsp1,0.225888439,0.573936529
Tmem106b,0.225878036,10.02700878
Slc8a2,0.225838386,8.136394328
Adam17,0.225816486,11.54625253
Srrm3,0.225745407,49.0209318
Sap130,0.225696902,26.63740716
RP23-54G8.4,0.225654346,44.83457124
Paip1,0.225648997,20.35786631
Pank2,0.225518683,17.99459824
Lsm1,0.225517354,16.13774477
Gbf1,0.225500085,58.27143822
Nhs,0.225394211,58.37272113
Arih2,0.225351301,26.87373396
Rere,0.225321373,82.00540176
Trove2,0.225223238,24.84807562
Comtd1,0.225122734,7.596218771
Bscl2,0.225114705,22.65361242
Btbd3,0.224897639,17.21809588
Iqcb1,0.224838372,34.94260635
Fbxl17,0.224806407,72.82241729
Suz12,0.224727953,22.24848076
Scap,0.224635102,18.60229575
Asb8,0.224550056,8.068872384
Gfod2,0.224542123,27.71775827
Incenp,0.224442048,3.882511816
Timm9,0.224347493,27.95408508
Mynn,0.224283617,13.50438893
Gpatch8,0.224231682,79.67589467
Catsperd,0.224223203,10.70222822
A830080D01Rik,0.224200274,20.76299797
Gm42949,0.224152542,0.101282917
Rnf141,0.223965286,9.115462525
Vegfa,0.223899598,5.908170155
Mtif2,0.223885449,37.33963538
Grik5,0.223847792,32.24172856
Brms1,0.223827854,6.887238352
Gpr89,0.223808624,12.79540851
Vps9d1,0.22380246,15.02363268
Srek1ip1,0.223767419,10.70222822
Smurf1,0.223580346,25.65833896
Usp4,0.223432709,24.34166104
Uchl1os,0.223341016,6.920999325
Arcn1,0.223326738,22.3160027
Sept7,0.223281374,29.270763
Nalcn,0.223266313,75.1181634
Cep170,0.223258724,29.60837272
Wac,0.223218688,41.18838623
Gdi2,0.223207121,26.94125591
Ears2,0.223206757,6.009453072
Rnls,0.223191568,12.89669142
Gm2237,0.223131229,2.802160702
Kdelr2,0.223098514,8.440243079
RP23-430B14.2,0.222840211,20.18906144
Gm4793,0.222788401,2.734638758
Astn2,0.222782391,88.18365969
Mark4,0.222460287,13.84199865
Rasl10b,0.222454059,4.726536124
Ipo4,0.222423841,15.53004727
Bbs7,0.222362441,22.51856853
Mtbp,0.222336608,3.814989872
Gtf2h3,0.222266493,6.549628629
Tnks2,0.222261165,33.35584065
Sept3,0.222165249,20.66171506
Ppan,0.222111524,6.515867657
Gm26577,0.221993284,0.742741391
Atr,0.22197153,25.92842674
1700084C06Rik,0.221966835,15.76637407
Gid4,0.221787619,20.99932478
Mybbp1a,0.221746146,5.604321404
Ntmt1,0.221743445,19.07494936
Med13,0.221735331,33.96353815
Mprip,0.221711652,36.36056718
Myh10,0.22170761,27.14382174
Sike1,0.221663372,10.26333558
Tmem56,0.221499378,12.69412559
Magi2,0.221497298,98.91964889
Kcnq1ot1,0.221484799,76.29979743
Copz1,0.221474252,19.37879811
Aftph,0.221345652,34.80756246
Tubg2,0.221315563,8.203916273
Rundc3b,0.221298659,35.82039163
Phf20l1,0.22129301,51.55300473
Zfp382,0.221284135,2.565833896
Man2b1,0.22127871,11.03983795
Tamm41,0.221266706,3.409858204
Rps6ka2,0.221131459,25.55705604
Vps26a,0.221019625,8.372721134
Bri3,0.220853873,17.38690074
B3galnt1,0.220824169,10.83727211
Nek3,0.220799584,5.300472654
1810030O07Rik,0.220720868,6.347062795
Gigyf2,0.220708347,47.87305874
1700010K24Rik,0.220671055,5.232950709
Pip4k2b,0.220626034,17.18433491
Micu3,0.220572405,34.77380149
Rabep1,0.220508326,58.60904794
Pten,0.220351845,33.25455773
Rassf1,0.220339893,10.39837947
Fem1b,0.220331339,9.419311276
Mb21d2,0.220259134,8.474004051
Nars,0.220177882,19.37879811
Eif3g,0.220144909,7.42741391
Gnaq,0.219945949,63.40310601
Armcx2,0.219933986,6.41458474
Kctd21,0.219898312,8.271438217
Ddx1,0.219879017,19.37879811
Rhobtb1,0.219869402,11.71505739
Edem3,0.219820394,19.61512492
Bag6,0.219809396,11.41120864
Tmem234,0.219801474,25.45577313
Abcd3,0.21970186,20.4929102
H2-DMa,0.219688492,2.261985145
Snx27,0.219630812,35.14517218
Ankrd13c,0.219480624,25.65833896
Pigu,0.219398536,21.64078325
Psmb8,0.21936969,1.654287643
Fads1,0.219333631,12.49155976
Ube3b,0.219317327,11.14112086
Zfp458,0.219312963,3.679945982
Thra,0.219308794,27.0762998
Prdm9,0.219300091,2.565833896
RP24-362L9.2,0.219220161,2.937204591
Cuedc1,0.219149366,28.76434841
Stau2,0.219148208,56.81971641
Gabrb3,0.219118312,83.22079676
Parp9,0.219032939,3.713706955
Irgq,0.218977175,2.937204591
Ddx19a,0.218940694,4.591492235
Lmtk2,0.218920348,27.48143147
Mfhas1,0.218915235,20.83051992
Cmc4,0.218910358,3.64618501
Pigq,0.218851348,10.80351114
Trmt10b,0.218800367,7.900067522
Nlgn1,0.218795308,98.88588791
Parl,0.218724978,10.90479406
Rbm39,0.218693946,82.54557731
Utp11l,0.218655078,12.39027684
Rab34,0.218646009,14.24713032
Rnf41,0.218620015,16.64415935
Ift52,0.218607399,22.38352465
Fbxo4,0.218583859,7.528696826
Hdlbp,0.218578231,25.69209993
Irf9,0.218541486,4.051316678
Nars2,0.218501835,19.1424713
Aldh6a1,0.218468187,8.879135719
Ttc28,0.218448303,44.32815665
Med25,0.218390537,16.20526671
Ssh3,0.218293227,13.23430115
Wdr27,0.21827431,3.20729237
Slc25a10,0.218233095,3.443619176
Mnt,0.218202649,4.051316678
Senp6,0.218146673,42.06617151
Mau2,0.21812845,22.78865631
Rmst,0.218084072,80.486158
Ttll11,0.218077855,35.4827819
Rabl3,0.21805885,5.908170155
Borcs5,0.217997835,15.86765699
Ctr9,0.217925684,15.42876435
Gtf2i,0.217920935,41.93112762
Xlr5a,0.217905596,54.49020932
Sympk,0.217897181,21.80958812
Stk4,0.217855129,11.44496962
Cit,0.217843896,61.07359892
Sectm1b,0.217706047,0.067521945
Ctns,0.217672902,9.790681972
Hspbp1,0.217641076,11.91762323
Adsl,0.217626123,7.86630655
Gnptg,0.217591821,14.65226199
Adrm1,0.217552045,4.591492235
Stat5b,0.217490995,30.72248481
Nav2,0.217456361,77.00877785
Gm13152,0.217430313,2.059419311
Map1lc3a,0.217366491,16.37407157
St8sia3,0.217345084,9.453072248
Lpcat1,0.217319754,14.68602296
Gba,0.217303493,3.342336259
Rcl1,0.217301167,10.06076975
Ubfd1,0.217233378,7.056043214
Edc3,0.217227161,12.22147198
Dnaja3,0.217222027,16.00270088
Ambra1,0.217135876,68.39972991
Mtmr4,0.217133132,8.406482107
PISD,0.216801027,79.60837272
Ankrd42,0.216695163,18.02835922
Plod3,0.21667649,6.583389602
Gm20387,0.216674695,2.025658339
Sugp1,0.216634438,17.45442269
Mettl13,0.216625455,4.861580014
Wbp4,0.216566392,15.42876435
Mospd1,0.216562469,6.043214045
Gna12,0.216454322,12.3227549
Gm26836,0.21641227,30.62120189
Rnf11,0.216238971,20.83051992
Cdan1,0.216124457,9.047940581
Ddx27,0.216097091,9.790681972
Tusc3,0.21609663,46.92775152
Pnisr,0.215970131,72.82241729
Eif4g3,0.215963582,57.86630655
Alg14,0.215899652,6.448345712
Mbd5,0.215878192,78.59554355
Ide,0.215878085,24.71303174
Mdm2,0.215869338,16.81296421
Tmem132b,0.215837287,29.94598244
Cep170b,0.215811958,11.51249156
Phf24,0.215801688,17.25185685
Nucks1,0.215730813,21.13436867
Gm26594,0.215710962,4.321404456
Cops8,0.215687378,10.63470628
Hsbp1,0.215625463,16.54287643
Clcn7,0.215579906,14.55097907
Cmpk1,0.215567043,13.90952059
Gm5148,0.215414068,1.89061445
Tmtc1,0.215253225,40.47940581
Tet3,0.21514183,29.60837272
Papolg,0.21507253,10.43214045
Setd6,0.215024433,4.355165429
Rps6kb1,0.214994901,36.69817691
Prkar1b,0.214988084,37.77852802
Lrrcc1,0.214953053,22.21471978
Rspry1,0.214916039,32.20796759
Arl2bp,0.214831207,14.38217421
Rogdi,0.214818065,26.33355841
Nvl,0.214814828,33.01823093
Nefl,0.214781716,40.34436192
Plxna2,0.21476613,44.49696151
Reps1,0.214696969,28.42673869
Fam134c,0.214690066,18.43349088
Stag2,0.214607131,32.30925051
Vti1b,0.214606305,37.60972316
Stmn3,0.214599777,57.86630655
Stx8,0.214531903,29.20324105
Ddx31,0.214405876,9.62187711
Gtf3c3,0.214338023,11.03983795
Gng2,0.214332352,32.74814315
Nol8,0.214329983,7.900067522
Acin1,0.214315126,36.15800135
Nipa1,0.214250478,18.83862255
Setdb1,0.214175079,27.95408508
Tmsb10,0.214101705,24.24037812
Ncapd3,0.214089721,17.72451047
Ube2e1,0.214075883,20.08777853
Spire1,0.213997407,31.63403106
Arl4a,0.213855001,5.232950709
Gm12709,0.213852525,42.23497637
Gm16226,0.213827991,1.89061445
Qtrtd1,0.21376393,5.334233626
Atg12,0.213693665,8.811613774
Elovl7,0.213536159,7.123565159
Ccdc184,0.213506597,3.612424038
Mov10,0.213468806,6.515867657
Zfp951,0.213294972,7.967589467
Pus7l,0.213175631,0.810263336
Tpp1,0.213159019,7.056043214
Ehbp1,0.212939145,69.98649561
Med1,0.212918081,18.36596894
Rgl2,0.212892098,20.79675895
Cyp7b1,0.212851997,8.676569885
Gm15478,0.212685794,58.84537475
Sumo2,0.21263283,31.83659689
Nfkbid,0.212629614,2.565833896
Stat3,0.212587477,30.21607022
Ikbkap,0.212562705,13.57191087
Cchcr1,0.212552658,2.126941256
Zcchc6,0.212485011,16.37407157
Usp50,0.2123227,24.64550979
Gm20757,0.212292364,1.823092505
Cpsf7,0.212226558,29.91222147
Hbs1l,0.212203973,18.66981769
Mthfd1l,0.21210677,12.82916948
Ring1,0.212076456,30.486158
Eif4b,0.211922495,11.5800135
Lgi2,0.211892857,8.068872384
Fxyd4,0.211747428,14.41593518
Macrod2,0.211743772,96.35381499
Dus4l,0.211631949,5.199189737
Vmac,0.211623705,3.241053342
Cfap97,0.211609792,10.29709656
Cep164,0.211461769,23.93652937
Clybl,0.21145403,21.77582714
Atp6v0e,0.211398043,11.98514517
Ssh2,0.211386595,73.49763673
Gm10287,0.211352497,0.303848751
Dock3,0.211346312,77.34638758
Cacna1a,0.211342774,79.5070898
Dzip1,0.211337951,30.08102633
Trappc11,0.211245743,10.02700878
Zfp423,0.211214346,29.91222147
Fbxw8,0.211208311,20.45914922
Gltscr1l,0.211202255,28.46049966
Hdac8,0.211127006,45.07089804
Zcchc12,0.211047715,19.91897367
Gm5113,0.21099683,2.059419311
Gfpt1,0.210957148,25.52329507
Cadps,0.210919995,87.10330858
Hsf4,0.21090219,9.520594193
Tulp4,0.2108618,53.67994598
Rab10,0.210842912,34.36866982
Gm26694,0.210800357,57.05604321
Blmh,0.210774212,19.78392978
Ptk2b,0.210755865,0.979068197
Atp8a1,0.21075182,65.80013504
Gm21739,0.210726957,0.43889264
Jakmip3,0.2106876,20.79675895
Prpf4b,0.210623692,23.49763673
Acsl3,0.210620487,14.01080351
Eno2,0.21056629,28.12288994
Brk1,0.210525879,17.9270763
Rai1,0.210465025,31.49898717
Rheb,0.210365261,27.14382174
Akap6,0.210228022,84.60499662
Spag9,0.210160394,62.15395003
Hdx,0.210147048,28.96691425
Pde4d,0.210063266,95.6110736
Ccdc6,0.210059547,13.33558406
Bdh1,0.210049503,12.66036462
Prpf40b,0.210026585,19.78392978
Gtsf1,0.209968221,4.557731263
Dennd6b,0.209909166,28.56178258
Ttc37,0.209901383,25.52329507
Slc2a12,0.209888402,5.874409183
Zswim8,0.209810012,23.39635381
Rsbn1l,0.20975902,26.06347063
Arv1,0.209731279,8.946657664
Akirin1,0.209723422,14.71978393
Vgll4,0.209705778,18.70357866
Mapre3,0.209633615,30.58744092
Poldip2,0.20962668,10.63470628
Heatr6,0.209593461,14.34841323
Nsd1,0.209586483,71.64078325
Glmn,0.209571218,17.9270763
Tomm70a,0.209467745,20.4929102
Gria2,0.209404244,87.23835246
Pura,0.20937855,44.0243079
E130304I02Rik,0.209370146,1.350438893
Tma16,0.209362621,7.089804186
Rsf1,0.209321974,44.53072248
Cdk11b,0.209259898,17.58946658
Gm5577,0.209240979,25.82714382
Cldn16,0.209233677,0.101282917
Fam198b,0.209122204,0.405131668
Trappc1,0.209109303,9.689399055
Sept8,0.209086481,18.63605672
Tmem126a,0.209073629,54.05131668
Ctxn2,0.209037719,9.014179608
Ccdc93,0.209000138,12.39027684
Slc12a8,0.208899891,2.498311951
Gm9801,0.208883383,26.23227549
Cdk5rap3,0.208847388,8.912896691
Ubac1,0.208672577,12.89669142
Atp5s,0.208573778,13.20054018
Fbxo28,0.208538983,11.54625253
Gm10010,0.208537827,1.45172181
Shf,0.208469415,3.916272789
Gabarapl2,0.208350613,41.8298447
Pkd1,0.208276049,39.70290344
2510039O18Rik,0.208263401,6.043214045
Zscan20,0.208228151,3.443619176
Ccnyl1,0.208185707,7.832545577
Brwd1,0.2080868,37.94733288
Gtf2h4,0.208082752,5.165428764
Psen1,0.207958973,16.7116813
Mpp2,0.207935112,9.520594193
Mllt10,0.207925915,67.48818366
Topbp1,0.207902455,5.367994598
Gm16272,0.207785288,3.038487508
Csgalnact2,0.207773186,5.874409183
Reep5,0.207772575,25.7258609
Ccne2,0.207590947,6.617150574
Mtrf1l,0.207556828,4.692775152
Spg11,0.207517595,14.98987171
Rab14,0.20749144,29.20324105
Zfp933,0.207484891,18.87238352
Mkln1,0.207290228,44.15935179
Hypk,0.207283872,10.70222822
Pi4k2a,0.207233641,14.68602296
Cog2,0.207224841,9.014179608
Ppp4r1,0.207161533,18.66981769
Rabgef1,0.207131712,16.61039838
Psmb7,0.207094098,14.95611074
Ddx41,0.207035892,10.83727211
Wrnip1,0.207032108,7.224848076
Mcts1,0.206970847,17.18433491
Vps33b,0.2069457,9.149223498
1110038F14Rik,0.206913778,7.86630655
Ccbl1,0.206912641,13.40310601
Fxr2,0.206853482,23.26130993
Tulp3,0.20664572,31.26266036
Zfp639,0.206480397,8.777852802
Hmgcl,0.206374244,16.81296421
Ube3c,0.206317678,50.27008778
Ipo7,0.206292102,15.90141796
Palm2,0.20628299,41.39095206
Slc37a3,0.20625199,8.068872384
Gpx3,0.206236865,14.7535449
Upk3bl,0.206215148,6.718433491
Eif3i,0.206164767,9.858203916
Dennd1a,0.206080953,76.19851452
Nub1,0.206013057,21.97839298
Cyb5r4,0.205977448,16.98176907
Ikzf4,0.205956095,11.47873059
Pabpc4,0.205949663,22.75489534
Tsc1,0.205923712,36.76569885
Ccny,0.205900601,37.60972316
Rrp15,0.205696184,5.064145847
Brd8,0.205529231,27.04253883
Farsa,0.205496612,16.67792032
Stip1,0.205450937,22.21471978
Glg1,0.2054328,68.63605672
Paip2,0.205399474,31.56650912
Pyurf,0.205335867,3.443619176
Plxna4,0.205335073,69.78392978
Mtdh,0.205283395,38.69007427
Nup155,0.205243412,11.47873059
Xrcc1,0.20522923,7.393652937
Znrf2,0.205214213,6.684672519
Ipo9,0.205171443,22.85617826
Usp13,0.205115424,25.96218771
Ankzf1,0.205032789,12.22147198
Cryz,0.205024951,2.32950709
Utp20,0.204966222,10.7359892
Ckmt1,0.204913569,21.50573937
Spop,0.204880693,48.17690749
Cttnbp2nl,0.204873521,9.419311276
Rfc2,0.204798476,20.32410533
Psip1,0.204760379,38.69007427
Csrp2,0.204760235,2.228224173
Tceal5,0.204751965,11.20864281
Nucb1,0.20467724,14.31465226
Fam214a,0.204629411,25.55705604
Ranbp10,0.204618595,26.50236327
Gm10637,0.204609759,0.371370695
H2-K1,0.204549659,4.65901418
Lrfn5,0.204527481,92.33625928
Tnfaip1,0.204511842,6.178257934
Ank3,0.204461579,95.50979068
Fam49b,0.204371655,65.02363268
4933427D14Rik,0.204363412,13.94328157
Zfp91,0.204350956,15.05739365
Gm10550,0.204281902,5.232950709
Rnaseh1,0.204142455,6.212018906
Zbtb48,0.204141951,4.726536124
Ercc5,0.204073219,8.980418636
Ppme1,0.203962039,22.14719784
Ubn2,0.203946356,78.42673869
Arpc5,0.203944084,7.528696826
Ppm1g,0.203826386,23.49763673
Fnbp4,0.203684441,21.1006077
Abcf1,0.203613276,13.94328157
Ppcdc,0.203522162,12.66036462
Aagab,0.203521862,8.338960162
Lats1,0.203501056,10.16205267
Slc25a25,0.203475833,12.49155976
Fam3a,0.203375468,5.064145847
Haus2,0.203374128,5.840648211
Pds5b,0.203350653,42.84267387
Skiv2l2,0.203324252,12.12018906
Rbbp6,0.203302652,27.51519244
Myo1d,0.203261201,19.41255908
Zbtb44,0.203163484,18.83862255
Ccdc58,0.203149484,19.95273464
Bcas3os1,0.203004206,18.09588116
Ppm1f,0.202994987,13.80823768
Tkt,0.202984889,19.31127616
Abcb4,0.202891385,7.393652937
Ubr1,0.202800432,36.25928427
Pex19,0.202722363,13.90952059
St6galnac3,0.202680001,33.76097232
Alg8,0.202652892,7.42741391
Acyp2,0.202651498,46.38757596
Cep350,0.202643727,31.26266036
Dennd5a,0.202534015,25.42201215
D2hgdh,0.202516124,4.490209318
Gm38025,0.202462886,0.202565834
Gm16064,0.202386911,0.202565834
Apool,0.202372634,4.08507765
Tnrc6a,0.202344423,60.09453072
Ache,0.202286335,34.50371371
Dscam,0.202253855,85.68534774
Txlng,0.202182561,33.92977718
Ppp1r18os,0.202166654,1.114112086
Eef2k,0.202156031,19.64888589
Fam118a,0.202010828,9.723160027
Nhlrc2,0.201963459,16.27278866
Csnk1g1,0.20179492,50.64145847
Kif21b,0.201738032,13.40310601
Traf6,0.201714675,7.765023633
Pfas,0.20167332,11.44496962
Mapkap1,0.201671894,34.16610398
Desi2,0.201663533,41.32343011
Gm11250,0.201579751,6.279540851
Psd3,0.201548387,36.90074274
Gm20708,0.20141834,4.760297097
Uxs1,0.201417525,22.41728562
Clpx,0.20137929,26.36731938
Taco1,0.201350326,5.53679946
Strbp,0.20119942,87.81228899
Mvb12a,0.201170135,9.891964889
Sms,0.201153456,22.18095881
Foxk2,0.201097094,19.7501688
Lrch1,0.201070714,48.98717083
Snx9,0.20105949,11.47873059
Cntrl,0.201042586,9.453072248
Nphp3,0.20101001,5.840648211
Pnpla8,0.200981636,17.72451047
Ndufb3,0.200971389,18.46725186
Ylpm1,0.200869009,48.88588791
Rab2a,0.200862063,29.10195814
Nfatc3,0.200861752,31.02633356
Spopl,0.200852147,14.55097907
Esd,0.200725424,10.02700878
B230354K17Rik,0.200719346,5.165428764
Sfpq,0.200689353,36.8332208
Akt1s1,0.200669833,6.110735989
Timm44,0.20055086,18.60229575
Pot1a,0.200500447,12.22147198
Kif5b,0.200386737,48.95340986
Fam216a,0.200373981,9.858203916
Ctc1,0.200350667,8.845374747
Csnk2a2,0.200321542,15.63133018
Xpo6,0.200233837,30.72248481
Pfkfb2,0.200214617,4.760297097
Avl9,0.200207575,15.29372046
Stbd1,0.200186821,0.506414585
Secisbp2l,0.20017263,10.87103309
Zfp251,0.200161825,9.014179608
Scaf8,0.200120213,43.31532748
Iws1,0.20008709,17.9270763
Parp8,0.199942948,45.37474679
Pde4dip,0.19990424,68.63605672
Malt1,0.199826418,11.14112086
Unc79,0.199790627,70.4929102
Utp18,0.199754728,9.351789332
Snupn,0.199542453,13.90952059
Ptdss1,0.199518003,19.20999325
Bach2os,0.199489554,2.667116813
Ccnd3,0.199464835,6.482106685
Nup85,0.199366646,7.663740716
Zfp90,0.199249099,5.53679946
Nr2c2,0.199215783,33.76097232
4930444P10Rik,0.199146301,4.895340986
U2surp,0.199055069,39.56785955
Adgrb2,0.198781909,17.08305199
Cyb561,0.198772905,10.09453072
Xpo7,0.198690752,49.18973666
Vrk1,0.198564801,8.507765024
Dcbld2,0.198543115,10.93855503
Gmfb,0.198507345,10.53342336
Gm4944,0.198507045,6.583389602
Dgkq,0.198482487,12.59284267
Glyr1,0.198409178,28.76434841
Poldip3,0.198377331,11.03983795
Ccdc53,0.198367962,9.723160027
Tnip2,0.198323777,15.09115463
Mrpl52,0.198273772,9.453072248
Atl2,0.198241378,10.90479406
Pik3ip1,0.198228108,10.90479406
Eif1a,0.198084019,5.232950709
Cpt1c,0.198081103,27.24510466
Slc35b3,0.198022094,12.89669142
Ciz1,0.198001491,13.20054018
Suco,0.197918106,19.27751519
Rbx1,0.197861937,21.47197839
Bud31,0.197856845,6.482106685
Azin1,0.197680127,14.1458474
Dact3,0.197536102,4.895340986
Strada,0.197522993,22.65361242
Sass6,0.197424129,4.895340986
Ssh1,0.197338214,15.15867657
2810001G20Rik,0.197284328,4.895340986
Zmym4,0.197265547,58.03511141
Ap5m1,0.197085538,8.30519919
Pradc1,0.196994394,3.409858204
Tcp1,0.196896482,11.91762323
Sycp2,0.196743271,35.61782579
Zfp932,0.196656134,10.70222822
Fdx1l,0.196624941,6.819716408
Lonp2,0.196599676,36.63065496
Mtg1,0.196594863,5.232950709
Fbxl7,0.196546958,33.45712357
Mapk14,0.196502623,28.39297772
Hhat,0.196393051,7.359891965
Gpatch2,0.196363123,36.19176232
Glrb,0.196281999,41.35719109
Gars,0.196275417,16.13774477
Vat1,0.196250741,8.575286968
Acaa1a,0.196217008,14.48345712
Dmpk,0.196182288,3.814989872
Gsn,0.196174611,4.253882512
Pitpna,0.196168642,38.08237677
Gm29514,0.196154,28.19041188
Hdac9,0.196149766,18.43349088
Ap4e1,0.196092632,14.95611074
Zranb1,0.195951995,24.94935854
Taf2,0.195930749,13.84199865
Zmynd11,0.195863829,43.82174207
Usp7,0.195742304,20.93180284
Csnk1g3,0.195606383,30.14854828
Ssu72,0.195482393,13.40310601
Mmp24,0.195482072,20.08777853
4930528G23Rik,0.195428882,0.101282917
Tmem178b,0.195400026,81.16137745
Tbcb,0.195372371,13.06549629
Mgat4b,0.19532765,7.393652937
Tubb6,0.195280598,0.43889264
Oma1,0.195275425,8.372721134
Ccdc163,0.195186189,4.422687373
Sucla2,0.1950144,22.55232951
Zyx,0.195000194,4.760297097
Snph,0.194976046,39.56785955
Atp6v1h,0.194891192,34.50371371
2610002M06Rik,0.194809715,6.549628629
Asxl2,0.194785672,40.14179608
Ppp3ca,0.194741004,79.57461175
Pcsk7,0.194738089,18.97366644
Ptpra,0.194672937,32.61309926
D3Ertd254e,0.194657866,6.212018906
Arhgap26,0.194648508,76.23227549
Kctd15,0.194631796,3.443619176
Glis2,0.194630596,9.081701553
Mia3,0.194458283,23.19378798
Kptn,0.194352334,9.419311276
Senp7,0.194274233,42.87643484
Mrpl4,0.194198115,16.17150574
Mylk4,0.194163506,1.417960837
Cers2,0.193977266,9.284267387
C77370,0.193952836,31.12761648
Naa15,0.193935514,30.2498312
Borcs8,0.193762065,16.61039838
Ankmy2,0.193761765,12.15395003
Fam92a,0.193639233,16.30654963
Zfp335,0.193566581,4.253882512
Eif4enif1,0.193542019,14.92234976
Ikbkb,0.193536274,16.17150574
Fam175a,0.19352876,7.494935854
Nek9,0.193410762,24.47670493
Mthfsd,0.193397706,15.29372046
Atf7ip,0.193372226,22.45104659
Rec114,0.19336484,4.118838623
Ints7,0.193354625,11.14112086
Cetn4,0.193328298,6.212018906
Tmem106c,0.193303376,9.216745442
Tfrc,0.193256179,9.756920999
Dusp12,0.193230903,14.78730587
Smarca1,0.193192571,18.77110061
Lcmt2,0.193131106,4.388926401
Rab1a,0.193059426,21.57326131
Hspa4,0.19300121,21.50573937
Eif1b,0.192994049,13.23430115
9930012K11Rik,0.192951944,2.667116813
Tjp1,0.192917835,70.4929102
Rictor,0.192783973,25.18568535
Htra2,0.192748224,14.68602296
Usp19,0.192701273,16.20526671
Pdcd5,0.192694885,9.18298447
Pitpnc1,0.192666082,45.30722485
Brox,0.192625906,11.27616475
Ktn1,0.192484058,44.53072248
Klhl22,0.192436475,23.63268062
Negr1,0.192368525,96.08372721
Opa1,0.192354172,25.32072924
Aimp2,0.192312913,4.794058069
Nhlh2,0.192273652,2.633355841
Stra6l,0.192229743,0.641458474
Lrch2,0.19211466,19.10871033
Rpap2,0.192092536,10.93855503
Zbtb24,0.192084689,13.26806212
U2af1,0.192071204,19.10871033
Cdk2ap1,0.192035552,10.02700878
Birc2,0.192008796,12.45779878
Zc3h14,0.191999149,21.43821742
Asb3,0.191965919,39.56785955
Gsk3a,0.191937577,9.014179608
Usp45,0.191901711,34.13234301
E4f1,0.191850344,13.26806212
Kif3c,0.191806963,28.59554355
Mettl21b,0.191789945,1.147873059
Jakmip1,0.191776509,39.12896691
Rlf,0.191754631,39.06144497
Gabpb1,0.19174463,12.3227549
Mrpl10,0.191717328,5.941931128
Flad1,0.191555338,7.562457799
Zbtb5,0.191521886,3.781228899
Kcnc2,0.191478234,79.77717758
Cluh,0.191476916,11.78257934
Fbxo36,0.191435958,19.98649561
Fbxl4,0.19143167,11.98514517
Usp24,0.191425292,23.9027684
Twf1,0.191385523,3.747467927
Fam199x,0.191343268,11.37744767
Szrd1,0.191257288,9.18298447
Macf1,0.191182285,87.4409183
Dars,0.191177623,20.89804186
Senp1,0.191170719,14.65226199
Rgmb,0.191157983,3.004726536
Taf1c,0.191148584,12.62660365
Slc26a7,0.191112663,0.810263336
Sema4g,0.191107593,11.98514517
Cul5,0.191056623,28.96691425
5730455P16Rik,0.190978855,14.21336935
Ncln,0.190906092,10.66846725
4933424G06Rik,0.190893754,7.326130993
Pi4ka,0.19084064,62.66036462
Ddi2,0.190836127,18.63605672
Osbpl11,0.190765873,16.20526671
C87436,0.190676271,6.245779878
Gin1,0.190666055,11.17488184
Zfp719,0.190642998,8.980418636
Rnpc3,0.190594343,22.78865631
Snx12,0.190561296,19.71640783
Klhdc8b,0.190465036,6.279540851
Slc7a12,0.190414227,0.067521945
Spast,0.190354767,24.10533423
G6pdx,0.190333125,5.165428764
Gm26848,0.190296861,74.5104659
Mcur1,0.190284095,3.409858204
Hoxc4,0.190188993,19.34503714
Cmip,0.19018567,55.16542876
Gm26749,0.190121065,8.203916273
Higd2a,0.189962805,14.41593518
Atp9a,0.18989194,44.49696151
1110034G24Rik,0.189861647,12.42403781
2410131K14Rik,0.189841624,6.144496962
Tprkb,0.189793441,11.81634031
Enah,0.189752386,56.68467252
Nat10,0.189751271,9.385550304
Dolpp1,0.189749288,3.64618501
Zfp414,0.189690224,16.10398379
Lancl1,0.189573974,30.14854828
Rbm43,0.189556351,3.544902093
Nabp2,0.18939941,12.59284267
March2,0.189382377,19.7501688
Srpk2,0.189232028,69.31127616
Zfp354c,0.189215188,9.554355165
Trappc6a,0.189184081,7.765023633
Ccdc47,0.189153842,10.26333558
Atp2b1,0.189053552,49.96623903
Cradd,0.189032692,11.61377448
Por,0.188818618,26.63740716
Smn1,0.188789901,7.056043214
Mras,0.188770156,14.71978393
Tspan2,0.188642928,9.959486833
Atp6v1a,0.188593126,32.14044564
Ccdc18,0.188514618,4.388926401
Timp4,0.188432412,6.954760297
Ccdc25,0.188393919,8.474004051
Socs4,0.188364977,6.043214045
Use1,0.188362865,8.777852802
Sgip1,0.188348491,81.66779203
K230010J24Rik,0.188302301,7.528696826
Atp5d,0.18821644,17.48818366
Mff,0.188099332,23.46387576
Csnk2a1,0.188082792,16.07022282
Shq1,0.187986768,8.271438217
Aldh7a1,0.187887186,14.78730587
Cbll1,0.187711015,10.06076975
Neu2,0.187689222,2.025658339
Vmn2r79,0.187574622,3.072248481
Sfxn5,0.187567998,34.16610398
Zfp27,0.187564771,5.503038488
Nudt3,0.187522323,12.05266712
Foxn3,0.187482779,32.41053342
Gm17484,0.18743927,7.765023633
Peli1,0.187407519,18.23092505
Zzz3,0.187394506,15.49628629
Tpm3,0.187392855,23.9027684
Tatdn1,0.187364385,11.54625253
Dip2c,0.187327007,77.65023633
Zbtb4,0.187319535,15.66509115
Axin1,0.187250342,22.21471978
Terf2,0.187191836,12.52532073
1700088E04Rik,0.187044918,12.15395003
Kansl1l,0.186992361,27.24510466
Fbxo45,0.186964577,7.258609048
Ddb1,0.186946525,12.01890614
Tbc1d5,0.186940994,47.90681972
Bcs1l,0.18693735,13.60567184
Tcf3,0.186856955,8.136394328
Parp12,0.1868542,5.739365294
Pds5a,0.186830929,37.00202566
Abhd18,0.186759999,42.84267387
Tex30,0.186701498,2.025658339
R3hcc1l,0.186630328,16.98176907
Zcrb1,0.186576978,19.24375422
Ptges3,0.186553974,17.38690074
Trpc4ap,0.186488769,27.58271438
Cpsf6,0.186473033,31.97164078
Gm16833,0.186418868,3.916272789
Slc25a26,0.186356825,17.25185685
Bnip2,0.186256364,5.334233626
Rcbtb1,0.186143801,15.39500338
Pstk,0.1860204,14.58474004
Polb,0.186010324,38.82511816
Prkcsh,0.185999808,12.89669142
Actb,0.185863395,44.73328832
Ranbp3,0.185819371,13.57191087
Cript,0.185782636,9.115462525
Mical3,0.18576392,54.22012154
Ankrd11,0.185763126,29.16948008
Abcg4,0.185705961,12.66036462
Cog7,0.185692283,12.3227549
Brwd3,0.185625705,16.61039838
Polr3d,0.185598832,5.705604321
Rnf31,0.18559806,4.96286293
Ldah,0.185586398,18.09588116
Slc38a10,0.18557883,10.80351114
Ppdpf,0.185566438,5.739365294
Zfp711,0.185548441,9.858203916
Ppp6r1,0.185524869,8.001350439
Appbp2os,0.185472043,2.970965564
Gstcd,0.185427087,11.47873059
Cerk,0.185407535,18.298447
Pdss2,0.185386354,38.45374747
Polr3c,0.185326851,10.12829169
Rnf114,0.185273341,15.3612424
Ift122,0.185141011,23.39635381
Insig2,0.18504011,18.09588116
Cachd1,0.184966512,23.12626604
Golga5,0.184902217,15.53004727
Baz2b,0.184774358,62.99797434
Ssr4,0.184766972,20.69547603
Orc3,0.184702249,19.78392978
Ctdsp1,0.18470167,3.376097232
Brix1,0.184681979,8.1701553
G2e3,0.184679781,6.988521269
Npdc1,0.184510417,33.0519919
Tet2,0.184499922,25.15192438
Kansl2,0.184393233,17.52194463
Gm20517,0.184346122,5.874409183
Cnot4,0.184318531,55.13166779
Chordc1,0.184306171,18.63605672
Itga2b,0.184282021,3.511141121
Vps16,0.184266821,14.07832546
Capn15,0.184245725,35.65158677
Dtx2,0.18421212,4.929101958
Garem,0.184209301,25.1181634
Nhsl2,0.184162007,18.9061445
Bet1,0.184019377,5.300472654
A930033H14Rik,0.183952713,3.477380149
Psmc3,0.183907853,9.790681972
Tmem40,0.183849729,0.844024308
N4bp2l2,0.183830931,47.16407833
B630005N14Rik,0.183701249,28.12288994
Armc10,0.183686435,4.591492235
Smarce1,0.183651533,7.056043214
Pgls,0.183617607,6.718433491
Amt,0.183547588,11.81634031
Ccdc80,0.183542119,1.114112086
Card19,0.183532538,4.65901418
Mtmr2,0.183510446,7.697501688
8030462N17Rik,0.18340977,20.22282242
Zscan18,0.183271191,5.09790682
Nudt16,0.183217595,3.038487508
Yme1l1,0.183075586,27.88656313
Mgrn1,0.182991289,27.3126266
Trim26,0.182969679,17.42066172
Chd1l,0.182959667,4.118838623
Cd2bp2,0.182952389,4.929101958
Usp33,0.182861061,36.63065496
Srsf9,0.182822064,8.777852802
Pum1,0.182762143,52.22822417
Gm17259,0.182733337,2.261985145
Shmt2,0.182702619,4.591492235
Gnas,0.182680902,79.54085078
Gna13,0.182680676,8.136394328
Alg12,0.182644038,4.895340986
Cyb561d1,0.182633989,2.869682647
Gm13008,0.18256553,6.650911546
Rps6ka3,0.182553385,32.51181634
BC052040,0.182517004,31.06009453
Carnmt1,0.182373483,11.91762323
Rbm28,0.182351133,21.16812964
Snx3,0.182310143,18.5347738
Hmbs,0.182179024,8.372721134
Ddx6,0.182058154,26.97501688
Gtpbp8,0.181995467,8.001350439
Vars,0.181944883,7.697501688
Ndst1,0.181854905,4.355165429
Prepl,0.181742856,12.66036462
Pmm1,0.181684393,10.66846725
Ankrd13d,0.181666599,17.04929102
Mtg2,0.181665881,16.54287643
Gcc2,0.181648087,23.59891965
Fut1,0.181645288,0.573936529
Drg1,0.181630122,55.67184335
Pkp4,0.181511952,48.31195138
B4galt3,0.18149269,9.351789332
Senp3,0.181448623,8.74409183
Snx31,0.18141401,0.810263336
Slc35f4,0.181279815,43.0452397
C2cd4c,0.181154714,1.417960837
Gpr107,0.181064411,17.72451047
Hnrnpa2b1,0.180984799,35.14517218
Lsm7,0.180940646,18.43349088
Cenpu,0.180933314,1.823092505
Fmn1,0.180932778,31.80283592
E130006D01Rik,0.18082809,1.012829169
Exoc6,0.18078527,18.73733964
Aatf,0.180607126,24.98311951
Chmp3,0.180558664,16.81296421
Pnck,0.180547688,25.96218771
Gm14206,0.180518859,0.033760972
Dgat1,0.180443753,26.23227549
E130309D14Rik,0.180295431,8.541525996
Zgpat,0.180254987,11.30992573
Tmem104,0.180252189,4.996623903
Rhno1,0.180219752,6.076975017
Myo6,0.180179073,23.26130993
3110052M02Rik,0.180160804,1.75557056
Slc11a2,0.180125594,11.30992573
Mybl1,0.180077196,2.464550979
Ankrd40,0.18005042,10.3646185
Polr2g,0.180026023,11.17488184
Stk32c,0.180011326,8.474004051
Csnk1a1,0.179964687,46.28629305
Elmo1,0.179889716,39.36529372
Fank1,0.179844427,5.469277515
Mphosph10,0.179812859,6.178257934
Ahcyl2,0.179693896,54.25388251
Sp1,0.179664879,19.58136394
Kpna2,0.179634072,1.417960837
Lyrm4,0.179620115,40.10803511
Gm26917,0.179525057,34.40243079
Psmd13,0.179408248,16.9480081
Aprt,0.179399041,7.393652937
Rims2,0.179253987,80.79000675
Aldh9a1,0.179248531,6.380823768
Ltk,0.17924072,4.321404456
Lypla2,0.179216234,10.46590142
Zfp943,0.179212171,18.16340311
Gm3468,0.179129824,3.679945982
Tnk2,0.17890248,28.6630655
Srgap3,0.178831476,58.50776502
Pcm1,0.178820928,48.71708305
Gas2l3,0.178816507,2.126941256
Braf,0.178777568,55.46927752
Ccdc73,0.178697774,10.56718433
Nynrin,0.17868401,8.507765024
Dennd5b,0.178660471,57.25860905
Gba2,0.178604773,10.83727211
Prr7,0.178591674,4.895340986
Dpp10,0.178562014,84.60499662
Eif3a,0.178545163,17.01553005
Cmss1,0.178536341,18.77110061
Eda,0.178482477,18.56853477
Inpp5e,0.178476303,8.203916273
Chic1,0.178451359,33.69345037
2310022A10Rik,0.178432128,8.102633356
Rfx1,0.178425418,8.30519919
Blcap,0.178418193,10.46590142
Tia1,0.178365765,42.50506415
Gm10654,0.178200326,1.789331533
Arid1a,0.178186785,26.53612424
Gm10563,0.178154574,14.58474004
Hormad1,0.178154539,1.31667792
Astn1,0.178058636,59.01417961
Gm15396,0.178036822,6.448345712
Nabp1,0.17770118,2.667116813
Eif2ak1,0.177667789,11.85010128
Nudt22,0.177553266,2.835921675
Dck,0.177506777,3.916272789
RP23-218K15.3,0.177398263,3.814989872
Elovl6,0.177350852,30.51991897
Pomt2,0.177350841,7.461174882
Rnf20,0.177349609,11.5800135
Pbk,0.177347465,5.367994598
Tceanc2,0.177216636,6.684672519
Dffa,0.177209486,16.57663741
Fxyd7,0.177200728,13.30182309
Cplx2,0.177029059,11.64753545
Gadd45g,0.177007545,8.676569885
Slc25a28,0.176920633,8.30519919
Tbc1d13,0.176851033,9.081701553
Fbxo18,0.176845748,15.56380824
Alkbh5,0.176816795,12.99797434
Vcpkmt,0.176538197,2.667116813
Gpx7,0.176493266,2.700877785
Lynx1,0.176489782,19.98649561
Gtf2f2,0.176478977,16.64415935
Eftud1,0.176433527,14.38217421
Efcab11,0.17637366,1.789331533
Cntnap3,0.176232605,6.718433491
Gm16552,0.176230965,6.988521269
Hotairm1,0.176193104,7.596218771
Stard3,0.176162093,7.359891965
Rhbdd3,0.176021928,12.49155976
Helz,0.175989502,35.01012829
1600002H07Rik,0.175902518,2.903443619
3110056K07Rik,0.175676359,20.35786631
Kdm4a,0.175650869,7.258609048
Vps13a,0.175576745,60.70222822
Midn,0.175527018,3.916272789
Nup50,0.175462745,5.604321404
Zdhhc13,0.175376326,14.21336935
Slf1,0.175369584,35.34773801
Dph5,0.175346806,14.71978393
Lpar3,0.175263708,1.215395003
Commd10,0.175254148,16.17150574
Psma7,0.175092673,18.16340311
Mark3,0.17505717,52.53207292
Rnf216,0.175045604,35.41525996
Zkscan2,0.17484302,10.66846725
Nrg4,0.174822986,7.258609048
Pld5,0.174747179,59.31802836
Zfp646,0.174696631,2.970965564
Sdccag3,0.174504162,19.48008103
Ccdc28b,0.174390923,10.93855503
Selm,0.174257918,22.34976367
Disc1,0.174222888,10.16205267
Pdss1,0.174157629,22.75489534
Dynlt1c,0.174141989,5.570560432
Sra1,0.174126178,13.90952059
Focad,0.174071767,46.86022957
Trio,0.173945955,51.35043889
Gtf2h1,0.173942879,11.88386226
Pum2,0.173937272,25.86090479
Zkscan14,0.173888382,2.667116813
Dhrs7b,0.173858325,10.80351114
Slc35f5,0.173770802,9.959486833
Rev3l,0.173707247,57.25860905
Nae1,0.17367823,20.29034436
Scrn3,0.173677533,7.258609048
Asun,0.173568025,7.765023633
Xpr1,0.173552396,39.027684
Csde1,0.173507214,27.48143147
Fan1,0.17349731,6.920999325
Pnldc1,0.173492443,5.739365294
Spata5,0.173466224,23.26130993
Nav1,0.173433594,55.73936529
Capn7,0.173230239,18.87238352
Fam20b,0.173172226,21.06684673
Cyb5r1,0.173168067,3.983794733
Tox4,0.173055085,17.5557056
Agl,0.172954839,19.71640783
Adam5,0.17293049,2.498311951
Itga11,0.172892506,5.806887238
Cald1,0.172831867,14.24713032
Nfat5,0.172812293,51.99189737
Fam131c,0.172795693,3.781228899
Clcnka,0.172782686,0.776502363
Bnip3l,0.172756843,12.89669142
Exosc2,0.172755213,7.765023633
Sltm,0.172754892,60.56718433
Arl3,0.172743583,38.55503038
Amy1,0.172692538,44.29439568
Rnf144b,0.172684284,9.655638082
Kif21a,0.172682429,58.03511141
Myb,0.172610021,4.287643484
Armc9,0.172572524,38.28494261
Tbca,0.172528425,18.5347738
Pkd1l3,0.172405121,2.667116813
Fam219b,0.172391433,5.064145847
Smndc1,0.172355148,6.043214045
Ttc39a,0.172321607,9.790681972
Josd1,0.172268279,6.583389602
Rpl5,0.172258053,17.45442269
Rreb1,0.172242252,5.09790682
Als2cl,0.172224994,2.802160702
Cherp,0.172196395,23.19378798
Tcp11l2,0.172147086,6.347062795
Cnot10,0.172099997,28.73058744
Nek10,0.172050591,8.406482107
Rad9a,0.172027845,3.173531398
Slc39a3,0.172002365,6.043214045
Baz1b,0.171983006,28.19041188
Tex264,0.171957355,13.50438893
Gabarap,0.171783531,11.61377448
Pafah1b2,0.171768095,18.97366644
Cep135,0.171703844,12.35651587
Mettl16,0.171702493,20.99932478
Wdr6,0.171590434,14.88858879
Swi5,0.17138622,14.71978393
Gab1,0.171283122,7.832545577
Smchd1,0.171252894,35.65158677
Ankrd28,0.171242078,40.10803511
Sil1,0.171149849,28.05536799
Hipk1,0.171067311,15.83389602
Nicn1,0.171034017,8.203916273
Dennd1b,0.17099159,36.2255233
Rell1,0.170947446,4.625253207
Tmem63b,0.170942967,27.6839973
Zfp638,0.170941616,50.06752194
Nsrp1,0.170901848,11.54625253
Pabpc1,0.170901065,17.18433491
Relb,0.170883475,2.261985145
Rpf2,0.170874246,5.806887238
Slc35e2,0.170822321,7.359891965
Fam174a,0.17078475,12.9304524
Pgs1,0.170738229,7.494935854
Hadha,0.170728731,15.42876435
Igf1r,0.170659667,41.96488859
Oca2,0.170632215,3.173531398
Lrrc57,0.170558509,7.73126266
Gca,0.170548218,4.96286293
Mrpl3,0.170515085,13.30182309
Inip,0.170473644,5.773126266
Agtr2,0.170440437,1.114112086
Zfp592,0.170412544,16.40783255
Creb3l2,0.170359913,17.65698852
Ywhae,0.170346299,42.40378123
Szt2,0.170238677,9.318028359
Snapc4,0.170206187,10.16205267
Sumo1,0.170168948,30.41863606
Nme6,0.170164586,8.136394328
Arsk,0.170161209,5.9756921
Dlg4,0.170131024,31.26266036
Npc2,0.170073568,9.62187711
Mto1,0.17003932,15.15867657
4933434E20Rik,0.170007891,22.82241729
Ddx58,0.169996006,3.308575287
Nxf1,0.169972785,26.16475354
Gm15473,0.169892648,0.270087779
Srrm1,0.169761015,46.72518569
Fktn,0.169727271,21.03308575
Gal,0.16971966,50.13504389
Gpc6,0.169704578,61.9513842
Acp6,0.169622597,11.14112086
Gpalpp1,0.169555119,6.110735989
Cdk4,0.169553425,7.73126266
Ptprn2,0.169434559,80.75624578
6330403K07Rik,0.169392668,39.6353815
Rab31,0.169371326,14.41593518
Chac2,0.169237378,11.88386226
Tepp,0.169144559,1.75557056
Samd12,0.169137999,78.15665091
Hectd1,0.169137731,27.38014855
A930007I19Rik,0.169100752,3.443619176
Kcnk3,0.169031685,8.372721134
Nutf2,0.169027483,9.891964889
Trim17,0.168911619,6.347062795
Kcnd2,0.168907342,94.15935179
4930451G09Rik,0.168846649,4.52397029
2610020C07Rik,0.168798069,5.367994598
Nup54,0.168748042,8.710330858
Zfp128,0.168736991,3.376097232
Rqcd1,0.168645491,11.5800135
Copg2,0.168593942,45.91492235
Shc2,0.168554634,10.56718433
Tmem94,0.168550743,8.777852802
Dctd,0.168462151,1.384199865
Clmp,0.168460411,26.4686023
Unc45b,0.168368932,0.573936529
Prkci,0.168164034,10.39837947
Alkbh1,0.168133269,20.96556381
Mrps18a,0.168067989,17.48818366
Slc16a7,0.168065791,15.05739365
Gtf2e2,0.167939529,9.824442944
Smpdl3b,0.167716385,1.350438893
Fbxo46,0.167633504,4.996623903
Prdm5,0.167627587,10.02700878
Efcab6,0.167514766,3.20729237
Qsox2,0.16741169,10.83727211
AF529169,0.16738592,9.115462525
2810459M11Rik,0.167377977,6.650911546
Ube3a,0.167325689,92.4375422
Lsm14a,0.167319139,13.74071573
Rrm2b,0.167221572,11.17488184
Ago3,0.16720425,53.88251182
Cyhr1,0.167081868,15.49628629
Tsr2,0.166865585,5.09790682
Iqce,0.166864781,20.729237
Stoml1,0.16678266,8.440243079
Yipf5,0.166762904,17.01553005
Slc25a16,0.166756462,11.14112086
Ddx52,0.166693229,9.588116138
Acbd6,0.166591364,35.55030385
Clpp,0.166549601,34.19986496
Tuba1a,0.166516028,40.47940581
Bin3,0.166507314,6.583389602
Rnf167,0.16647686,13.90952059
Ptgr2,0.166299252,9.486833221
Foxred1,0.166276913,7.596218771
Gm29865,0.166209157,10.87103309
5730507C01Rik,0.166207746,1.89061445
Cenpo,0.166197097,2.261985145
Fam43a,0.166142676,1.384199865
Zfp282,0.165981918,17.21809588
Eps8,0.165953351,6.347062795
Mfsd1,0.165905136,5.232950709
Slc22a20,0.1658899,0.844024308
Atp6v0a2,0.165878198,16.40783255
Polr2a,0.16586943,20.66171506
Tmem110,0.165840177,17.82579338
Elp2,0.165826649,15.09115463
Nkain1,0.16576466,9.790681972
Dpy19l3,0.165704353,5.266711681
Lmf1,0.165701255,10.87103309
Fkbp1a,0.165599572,20.69547603
Gnl3,0.165537422,14.07832546
Ppp1r12c,0.165508469,14.38217421
Casc4,0.165489517,43.07900068
Dhx30,0.165389635,50.70898042
Micalcl,0.165320281,0.776502363
P4ha1,0.165295584,17.99459824
Wdr25,0.165252964,8.30519919
Kank3,0.16518272,6.819716408
Zmpste24,0.16518168,9.486833221
Kat2a,0.165080372,8.338960162
Grk6,0.165041268,9.419311276
Tmem180,0.165016421,8.035111411
Ncbp1,0.165012058,8.102633356
Fcgr3,0.164965965,1.586765699
Nckap5l,0.164860927,10.49966239
Ythdf1,0.164831728,8.912896691
Cdkn1a,0.164759343,1.654287643
Sdhaf3,0.164751569,12.49155976
Mtx3,0.16474854,3.916272789
Rnf183,0.164725197,0.067521945
Ash1l,0.16459317,50.87778528
Pecr,0.164548449,4.794058069
Dhx36,0.164524899,18.9061445
3110082I17Rik,0.164437022,11.9513842
Vprbp,0.164383136,27.14382174
Zfp612,0.164281206,27.54895341
Ppig,0.164218981,40.8507765
Smek1,0.164198357,18.16340311
Nt5e,0.164187413,5.739365294
Wdr13,0.164083993,12.05266712
Oscar,0.164024672,3.004726536
Tchp,0.164007039,4.388926401
Trpm3,0.163972984,73.02498312
Ago2,0.163764504,22.95746117
Natd1,0.16347756,7.056043214
Elf1,0.16347577,5.773126266
Zfp956,0.163446999,12.25523295
Atpaf1,0.163322098,19.71640783
Rexo4,0.163204304,10.7359892
Rnf185,0.163158425,15.7326131
Zscan22,0.163030469,14.07832546
Shroom2,0.162722804,11.37744767
Nit1,0.162690356,13.13301823
Ppm1h,0.162683903,49.93247806
Hectd3,0.162633587,7.42741391
Eps15l1,0.162570911,42.47130317
Ecsit,0.162424325,16.50911546
Sf3b6,0.162360631,17.15057394
Erap1,0.162342365,5.840648211
Arl6ip4,0.162310786,8.710330858
Rnf44,0.162246224,5.773126266
Klhl5,0.162175498,8.609047941
Slc25a20,0.162171746,11.91762323
Sytl5,0.162072915,6.448345712
Trim44,0.162059848,33.82849426
6330418K02Rik,0.162009692,1.654287643
Mtmr7,0.162001642,23.12626604
Sgta,0.16198418,14.95611074
Tmem232,0.161921944,4.794058069
Lins1,0.161911235,3.578663065
Ncstn,0.161887792,12.18771101
Sarnp,0.161845226,36.29304524
A330017A19Rik,0.161696474,19.64888589
Cep83os,0.161671595,9.453072248
Gpr153,0.16160878,5.773126266
Rnf34,0.161572624,17.69074949
Gm42906,0.161551796,4.929101958
Mxd4,0.161486076,11.00607698
Mrpl48,0.161453264,20.35786631
Slc25a39,0.161445922,4.557731263
Slc6a17,0.161429328,26.97501688
D15Ertd621e,0.161278904,7.562457799
Wars,0.161245235,8.068872384
Filip1l,0.161220281,4.996623903
Pzp,0.161211084,17.11681296
Vmp1,0.161102561,46.52261985
Avil,0.161085501,0.945307225
Ctdspl2,0.160803965,32.61309926
Phf8,0.160787371,23.39635381
Spns1,0.16076053,14.48345712
Smg6,0.160755975,57.69750169
Phf21a,0.160702014,56.24577988
Uhrf1bp1l,0.160644537,27.3126266
Gm26760,0.160616484,8.035111411
Mrpl24,0.160554698,5.9756921
Kifc1,0.160552147,3.376097232
Tmem19,0.160535211,11.00607698
Drg2,0.160453691,7.123565159
Abca6,0.160452522,4.22012154
Ctnna2,0.160438909,97.40040513
Gm27032,0.160318585,14.55097907
Cct4,0.160302098,11.37744767
Gemin2,0.160256188,7.29237002
Sf3a3,0.16018618,9.318028359
Slc30a9,0.160178216,21.50573937
Hsf5,0.160100351,5.503038488
Ccnt1,0.159958106,27.11006077
Gm28048,0.159891131,2.802160702
Zscan29,0.159889288,2.194463201
Tbc1d15,0.159861075,8.845374747
Gatad1,0.159817983,7.494935854
Fbxo21,0.159771322,20.15530047
Uba5,0.159730964,10.39837947
Nupl1,0.159689201,8.30519919
Cdc123,0.159678107,19.95273464
Lnx2,0.159664506,2.194463201
Trmt6,0.159596951,11.20864281
Tmcc2,0.159586039,9.351789332
Cd47,0.159568577,35.21269413
Knop1,0.159553742,13.84199865
Vapa,0.159524832,20.69547603
Srp68,0.159483488,11.68129642
Egfl6,0.15947372,4.051316678
Zfp707,0.159434318,4.22012154
RP23-32A8.5,0.159415699,10.12829169
Gm20388,0.159252669,88.4199865
Csk,0.159127757,7.326130993
Hdac7,0.158923973,20.89804186
Ndufs3,0.158887784,26.50236327
Ero1l,0.158844146,12.25523295
Ddah1,0.158785158,17.82579338
D17Wsu92e,0.158757942,18.83862255
Rbm27,0.15848505,22.9237002
Ankrd10,0.158424475,23.70020257
Trit1,0.158413992,10.76975017
Smpd2,0.158402736,5.503038488
Smim8,0.158384128,6.41458474
Zbtb8os,0.158370085,6.920999325
Dhrs13,0.158318686,4.996623903
Fam178a,0.158261242,35.17893315
Cep295,0.158236877,16.40783255
Yipf1,0.158221548,15.53004727
Ggps1,0.158200881,27.48143147
Atf6b,0.158179539,10.60094531
Fam185a,0.158138249,7.73126266
Zmiz2,0.158063975,12.28899392
Sdhaf2,0.158036415,9.723160027
Apaf1,0.158029491,12.42403781
4930444A19Rik,0.157939674,6.279540851
Taf8,0.157781982,8.068872384
Rprd2,0.157628461,33.22079676
Pex3,0.157580524,13.94328157
Gm3248,0.157549438,7.191087103
Frg1,0.157545772,17.89331533
Capzb,0.157498157,22.51856853
Tnpo1,0.157445772,31.701553
Ercc2,0.157324922,7.056043214
Gm26582,0.157238814,14.55097907
Vamp2,0.157192839,17.75827144
Rabl2,0.157066266,14.41593518
Btf3l4,0.156971936,8.676569885
Abcb8,0.156901618,13.13301823
Psmd6,0.156788068,7.629979743
Cdc37,0.156716474,7.765023633
Phactr3,0.156491358,38.6563133
Stac3,0.156465535,5.09790682
BC031181,0.156340613,20.76299797
Mtx1,0.156325113,8.575286968
U2af2,0.15630138,10.7359892
Slc38a6,0.156240634,20.45914922
Uhrf2,0.156240109,32.81566509
1700111N16Rik,0.156222325,4.051316678
Zfp729b,0.156046701,6.347062795
Lpxn,0.156039905,1.012829169
Gtf2a2,0.155835799,15.86765699
Supt16,0.155789159,21.77582714
Rbpms,0.155675545,1.519243754
Nudt5,0.155544781,11.91762323
Abo,0.155526123,2.194463201
March6,0.155484334,32.30925051
Zmym3,0.155442283,15.86765699
Eri2,0.15541125,6.043214045
Gm28960,0.155378589,13.94328157
Gm4211,0.155302719,1.856853477
Bfar,0.155300231,16.74544227
Esco1,0.15518472,16.67792032
Cops3,0.155152229,17.65698852
Gle1,0.155068179,18.298447
Podnl1,0.155036868,0.776502363
Sp3,0.155035496,14.44969615
Vars2,0.155021733,4.861580014
Rpgrip1,0.154876379,13.23430115
Med31,0.154803627,6.515867657
Pik3r6,0.154720028,0.405131668
Gm16485,0.154656432,1.080351114
Zfp280c,0.154653139,21.60702228
Ndor1,0.154584193,6.380823768
4732440D04Rik,0.154541048,5.671843349
Nt5c2,0.154468682,41.62727887
Anapc1,0.154336127,24.30790007
Sigmar1,0.154308525,9.959486833
Zfp654,0.154304194,28.49426063
Srp54b,0.154302372,16.13774477
Akap8l,0.154288029,56.41458474
Wnk3,0.154121452,27.78528022
Pqlc2,0.15404826,6.279540851
Gpaa1,0.154037541,9.756920999
RP24-445D7.2,0.154023263,4.827819041
Wdr60,0.15392099,20.66171506
Zc3h15,0.153873214,29.70965564
Gm17058,0.153831506,4.118838623
2610008E11Rik,0.153811493,13.60567184
Cpsf4l,0.153764156,8.237677245
St7l,0.153737733,21.23565159
Epn1,0.153593537,14.07832546
Capn10,0.153565399,18.33220797
Aifm1,0.153542546,15.15867657
Gm5441,0.153506604,5.705604321
Macrod1,0.153499797,23.43011479
Gm15486,0.153416066,0.405131668
Gm20732,0.153387588,12.18771101
Rad54l2,0.153357188,17.42066172
Farp2,0.153310001,10.76975017
Edem2,0.153198907,8.980418636
Ext1,0.153194651,47.33288319
Pde3b,0.153190117,24.00405132
Cited2,0.153123904,3.679945982
Pcnx,0.153089924,30.35111411
Ube2m,0.153068699,6.009453072
Sergef,0.152954174,30.38487508
Slc35f3,0.15290791,17.42066172
Hat1,0.15290434,9.520594193
Rnf10,0.152803633,15.66509115
Arpp19,0.152800921,14.5172181
Gm42567,0.152730173,4.456448346
Eya3,0.152658333,28.76434841
Camta1,0.152629498,73.83524646
Polr3a,0.15257544,9.858203916
Cdc5l,0.152541053,13.06549629
Trmt10a,0.152469587,5.469277515
Cep68,0.152465053,14.71978393
Armcx4,0.152435307,5.09790682
Fbxw4,0.152362073,35.41525996
Arfgef2,0.152264088,34.6387576
Eme2,0.15219035,3.916272789
Ica1l,0.152137182,16.00270088
Dock9,0.152115829,39.83794733
Plxdc2,0.152092858,38.58879136
Abl2,0.15206905,31.29642134
Ahctf1,0.152024072,20.96556381
Fgf12,0.151889513,60.66846725
Ipo13,0.151792203,10.972316
Irak4,0.151755436,3.072248481
Gm28873,0.151742466,2.700877785
Lig3,0.151699353,8.203916273
Alas1,0.151690949,7.359891965
Glb1l,0.151674463,3.916272789
RP24-269A16.9,0.15164417,4.96286293
Tmem214,0.151599964,17.52194463
Lyl1,0.151463799,0.168804862
Vps72,0.151443987,10.63470628
1600010M07Rik,0.151443247,16.88048616
H2afy2,0.151424414,10.29709656
Slc12a2,0.15135148,12.05266712
Ndufaf6,0.151314637,11.47873059
Pdcd11,0.151283369,15.49628629
Gm15341,0.151143761,1.856853477
Btc,0.151106051,0.742741391
Fbxo41,0.151048917,17.65698852
Tmem151a,0.15097534,11.64753545
B230219D22Rik,0.150968683,11.51249156
Iglon5,0.150953869,11.17488184
Zfp386,0.150942507,6.752194463
Tsg101,0.150820414,19.27751519
Slc25a22,0.150788963,8.609047941
Mcam,0.150636251,5.840648211
Efcab1,0.150529621,7.089804186
Wdr36,0.150474888,7.224848076
Lipa,0.150467256,5.671843349
Hs6st1,0.15043825,6.009453072
Dnajc6,0.150399639,62.99797434
Litaf,0.150396884,6.819716408
Kdelc1,0.150321763,5.401755571
Dnajc24,0.15023543,22.78865631
Snx15,0.150095758,9.014179608
Ivns1abp,0.150094332,7.089804186
Ddhd2,0.150086292,37.33963538
Rpn2,0.150022566,21.40445645
Taf4a,0.14989222,7.326130993
Zc3hc1,0.14981115,6.549628629
Strn3,0.149799348,59.52059419
Gm12089,0.149773336,1.553004727
Hmox2,0.149746866,15.56380824
Fn3krp,0.149642357,3.544902093
Bbs5,0.149603474,17.72451047
Luzp1,0.14946452,38.48750844
Cul4a,0.149399722,16.07022282
Tex40,0.149347537,0.675219446
Cyfip2,0.14929121,34.43619176
Heatr3,0.149220924,19.00742741
Med24,0.149177382,8.946657664
Snrpa1,0.149166009,7.900067522
Pdrg1,0.149149909,11.78257934
Gpatch4,0.149106731,4.152599595
Zbtb11,0.149068142,32.71438217
Shd,0.149036445,14.7535449
Tfdp2,0.148932296,25.79338285
Lyrm1,0.148901307,14.98987171
Vps54,0.148890116,29.33828494
Preb,0.148809979,18.87238352
Naa35,0.148707545,19.1424713
Mbnl1,0.148667144,33.76097232
Mfsd7b,0.148615713,17.79203241
Dgkz,0.148504447,20.45914922
Nudcd2,0.148292365,9.351789332
Top1,0.148290779,49.0209318
Srd5a1,0.148259597,2.025658339
Gm12979,0.148095008,2.025658339
Ccz1,0.148079523,17.72451047
Prpf19,0.148031244,19.24375422
Ttc26,0.147972277,12.62660365
Zfr2,0.147850098,17.11681296
Myl6b,0.147757323,3.916272789
Mzf1,0.147698034,5.401755571
Nf2,0.147596169,20.39162728
Med10,0.147569757,4.65901418
Mettl24,0.147554846,3.983794733
Fzd3,0.147441061,15.32748143
Dcun1d4,0.147437577,12.76164754
Vps53,0.147391752,18.70357866
Ibtk,0.147153988,9.689399055
D2Wsu81e,0.147115452,13.57191087
Gpt,0.147051157,2.835921675
Tma7,0.146997261,21.40445645
Nav3,0.146928957,93.11276165
Eed,0.146635281,7.933828494
Uchl5,0.146623018,13.74071573
Chmp7,0.146546825,10.22957461
Rpa1,0.146538325,6.785955436
Stxbp5l,0.146457137,70.62795409
Hmgxb4,0.146456376,11.88386226
Kdm1b,0.146405106,3.173531398
0610030E20Rik,0.146359216,8.001350439
Glra1,0.146328581,39.56785955
Med6,0.146225858,18.50101283
Slc35a3,0.146212137,11.85010128
Fermt2,0.146208728,26.43484132
Pop1,0.146189198,5.266711681
Maml1,0.146142697,8.30519919
Ubox5,0.146064661,7.900067522
Plekha7,0.14605183,16.74544227
Wbp2,0.146048143,13.36934504
Slc41a3,0.145991448,2.430790007
Slc22a15,0.14594587,11.10735989
Dbx2,0.145941731,1.215395003
Smarcd2,0.145897097,4.152599595
Arl4c,0.145891148,4.895340986
Brd3,0.145855914,18.33220797
4933408N05Rik,0.14583858,2.532072924
Gm29483,0.145762712,0.033760972
Tbl1xr1,0.14564186,18.39972991
2900009J06Rik,0.145615651,4.557731263
Usp53,0.145383793,12.59284267
RP23-407J24.3,0.145338983,0.033760972
Brpf1,0.145292904,4.355165429
Ppp1r7,0.145166009,9.588116138
Hspa9,0.145145085,18.19716408
Nop58,0.145137464,11.37744767
Mapk8ip1,0.145061292,20.29034436
Camta2,0.145016464,12.12018906
Nup214,0.144934462,18.97366644
Serinc5,0.144933561,8.609047941
Stx7,0.144850884,16.57663741
Zfp780b,0.144759727,11.44496962
Sgsm1,0.144594274,34.36866982
Med12,0.144581154,3.544902093
Dnah7b,0.144518296,15.69885213
Tssc1,0.144483137,19.58136394
Tert,0.144435307,6.684672519
Prr3,0.144424738,9.385550304
Sfxn1,0.144419593,16.88048616
Dyx1c1Ccpg1,0.144413633,3.882511816
Tchh,0.144224983,1.249155976
Naa20,0.144176072,21.16812964
Tmem117,0.144110191,48.27819041
Mfsd7a,0.144082554,0.337609723
Socs7,0.143977851,20.22282242
Scly,0.143949327,9.689399055
Ccnk,0.143939754,7.022282242
Bcl7b,0.143885333,5.908170155
Hmg20b,0.143853507,4.591492235
Napb,0.143805453,27.71775827
Gm17178,0.143357022,10.7359892
Gm15879,0.143094246,3.409858204
Atg14,0.142867943,6.245779878
D430042O09Rik,0.14276373,20.1215395
Tpcn1,0.142729675,10.26333558
Tnrc6b,0.142704249,65.42876435
Slain2,0.142643878,15.09115463
Wdr43,0.142500647,15.69885213
Tango6,0.142468564,13.94328157
Mdn1,0.142440051,33.59216745
Tdrp,0.14235813,1.958136394
Gm44206,0.142317368,3.578663065
Psmd12,0.14226911,18.06212019
Sh2b1,0.142199038,5.53679946
Thoc5,0.142169914,9.925725861
Rhbdf2,0.142105834,0.979068197
Slc29a4,0.142102738,4.929101958
Exosc1,0.142094782,13.97704254
Cipc,0.142082123,14.58474004
Qser1,0.141998737,17.11681296
A430033K04Rik,0.141970524,9.047940581
Rexo1,0.141823595,10.19581364
Fbxo42,0.141658711,24.00405132
Nelfa,0.141621386,6.583389602
Sesn3,0.141583429,29.5070898
Poglut1,0.141513186,14.61850101
Wdr54,0.141507783,3.848750844
Vac14,0.141496185,8.676569885
Ip6k1,0.141335664,20.83051992
Ces4a,0.141296602,2.498311951
Ccndbp1,0.14126006,5.941931128
Fubp1,0.140709314,44.26063471
Sart3,0.140673479,9.925725861
Slc6a20b,0.140633068,4.287643484
Shroom1,0.140543117,1.823092505
Top2b,0.140511275,19.71640783
Pdcd6,0.140495561,8.676569885
Sirt1,0.140489161,8.035111411
Bcas2,0.140472278,16.13774477
Mrpl40,0.140436733,7.528696826
B4galt2,0.140427161,4.861580014
Rars2,0.140397951,35.04388926
RP24-240G4.4,0.140254237,0.033760972
Ggnbp1,0.140128982,15.02363268
Pwp2,0.140004789,4.557731263
Ogfod1,0.139978408,26.97501688
Crlf3,0.13993313,11.61377448
Map3k9,0.139747677,7.224848076
Hmg20a,0.139720631,36.4618501
4933413L06Rik,0.13966101,12.59284267
Hmgxb3,0.13965594,13.30182309
Atxn7,0.139532422,21.30317353
Mtx2,0.139479125,22.04591492
Gm2897,0.139446571,5.030384875
Reep3,0.139388215,19.41255908
Grik4,0.139381633,44.69952735
Cpsf1,0.139374055,4.996623903
Hspa12a,0.139357794,8.271438217
Wdr81,0.139262349,2.869682647
Cbfa2t2,0.13923077,38.55503038
Pitpnb,0.139226654,11.44496962
Golgb1,0.139169842,34.77380149
Jph4,0.13914747,16.44159352
Aptx,0.139122902,4.52397029
Mapk1ip1,0.139088236,14.82106685
Dmxl1,0.13908041,45.0033761
Gins3,0.138924991,2.734638758
Ntm,0.138855938,78.8993923
Pla2g10,0.138762658,2.093180284
Fmnl2,0.138756988,57.12356516
Rps2,0.13862781,5.199189737
Rtn4r,0.138527434,2.295746117
Mon2,0.138447951,25.99594868
Fam234a,0.138405942,16.88048616
Rfwd3,0.138330467,11.03983795
Gm27003,0.138327402,9.486833221
Zfp688,0.138316811,2.397029034
Tmem259,0.13830264,11.64753545
Abl1,0.138173741,20.42538825
Entpd3,0.138160401,7.393652937
Prr36,0.138093689,2.565833896
Gm42469,0.138028291,4.929101958
Mcrs1,0.138022438,8.338960162
Fopnl,0.137994139,10.87103309
Gpr150,0.13776838,1.080351114
Ergic2,0.137564574,26.19851452
Gm16175,0.137524398,0.371370695
1810019N24Rik,0.137415962,2.32950709
Fam57a,0.13740163,11.41120864
Top3b,0.13724635,15.49628629
1700011I03Rik,0.137225986,1.181634031
Dtx1,0.137225555,9.318028359
Pcca,0.137218341,44.09182984
Arhgap24,0.137146189,30.51991897
Ube2q2,0.137075131,19.1424713
Paxbp1,0.13695932,18.02835922
Mxra7,0.136917375,5.09790682
Trub2,0.136675216,13.84199865
Katnb1,0.136670221,5.232950709
Flywch1,0.136634526,19.44632005
Appbp2,0.136569845,20.86428089
Ippk,0.136568998,7.629979743
Tab1,0.136539842,6.245779878
Pmepa1,0.136535887,10.972316
Oraov1,0.136496086,5.131667792
Prpsap1,0.136468537,16.07022282
Cdc37l1,0.136426561,20.45914922
Ifnar2,0.136328715,5.739365294
Dpy19l4,0.136299676,20.79675895
Vps45,0.136288314,13.33558406
Sarm1,0.136263627,8.136394328
Jak1,0.1362595,20.79675895
Capn2,0.136254838,17.85955436
C330018D20Rik,0.136208552,4.929101958
Tbc1d32,0.136202313,19.1424713
Tmem170,0.136196053,2.093180284
Abce1,0.136144322,10.3646185
Slc43a2,0.136005475,21.03308575
Cfap20,0.135996106,15.3612424
Hexb,0.135985301,12.69412559
Klhdc4,0.135928328,5.300472654
Cd109,0.13590988,2.025658339
Psmd2,0.135872255,10.22957461
Osgepl1,0.135807597,5.671843349
Mfap3,0.135717265,20.96556381
Kat7,0.135604177,14.58474004
Scn8a,0.135558941,52.05941931
Brsk2,0.13544507,8.710330858
Wdtc1,0.135405141,11.03983795
Dopey1,0.135193317,33.18703579
Fgf7,0.13501586,1.147873059
Wdr19,0.134972382,10.3646185
Gm15991,0.134967037,2.059419311
Snx11,0.134947995,5.671843349
Wdr12,0.13494464,16.61039838
Psmc2,0.134825249,10.87103309
Zdhhc1,0.134818517,20.56043214
Ap1ar,0.134751768,11.27616475
Rgl3,0.134722472,1.991897367
Dgke,0.134665402,17.28561783
Hsph1,0.13465628,14.92234976
Gm37768,0.134594355,5.503038488
Trappc3,0.134569422,14.28089129
Svip,0.134442806,7.393652937
Rnf168,0.134424969,9.453072248
Tbc1d14,0.134379251,12.18771101
Clcn2,0.134367578,7.461174882
Rxrb,0.134329921,5.469277515
Nampt,0.134235055,7.663740716
Atad3a,0.1342004,12.9304524
Gtf2h5,0.134195072,11.91762323
Dedd2,0.134167116,4.355165429
Rpe,0.134128527,5.266711681
1500035N22Rik,0.133902436,4.253882512
Timm23,0.133899327,16.64415935
Dcaf13,0.133869216,6.448345712
Ppt2,0.133829341,10.56718433
Txndc9,0.133775991,10.7359892
Fabp5,0.133690922,8.609047941
Gm17227,0.13367315,6.482106685
Rp9,0.133660769,24.37542201
Cox7b,0.133633703,30.38487508
Fut2,0.133588785,0.540175557
Mthfd2l,0.133402048,13.87575962
Prr12,0.133311502,7.933828494
Itfg2,0.133308662,18.97366644
Nup133,0.133301877,5.941931128
Clec12b,0.133262712,0.033760972
Stac,0.133235814,11.47873059
Gpr137c,0.133159203,45.03713707
Fbxl5,0.133047872,21.50573937
Pogz,0.132986686,19.34503714
Rnpepl1,0.132974198,8.237677245
Zfp738,0.132965034,7.42741391
Whamm,0.132941087,10.90479406
Thoc2,0.132935159,43.28156651
Coq5,0.132921695,25.62457799
Insm1,0.132888744,0.911546253
Ttc4,0.132771186,24.47670493
Grk4,0.132755128,10.26333558
Hn1l,0.132604479,4.895340986
Rrn3,0.132584659,19.48008103
Uhmk1,0.132547324,9.689399055
Lrrc41,0.132427354,11.41120864
Slc35b1,0.132379267,18.02835922
Huwe1,0.132346541,52.05941931
Ncoa7,0.132335575,51.82309251
Gtf3c5,0.132245544,5.401755571
Osbpl8,0.132235811,38.55503038
Gm37336,0.132235381,0.506414585
Rev1,0.132217567,37.77852802
Haus5,0.132156799,1.519243754
A630072M18Rik,0.132021918,2.903443619
Trim23,0.131946197,14.41593518
Mtfr2,0.131939926,1.654287643
Zdhhc5,0.131935199,6.076975017
Faap20,0.131895377,6.144496962
Kcnj12,0.131798658,3.072248481
Mtor,0.131781892,19.61512492
Slc5a4b,0.13175385,2.802160702
Gm20498,0.131695462,9.554355165
Mapk6,0.131561964,9.554355165
Alkbh3,0.131513084,6.076975017
Zfp229,0.131469328,6.009453072
Amd2,0.131289308,1.89061445
Zhx3,0.131266808,29.270763
Pdk1,0.131238199,9.588116138
Dynlt3,0.131206116,10.49966239
Xylt2,0.131136741,5.199189737
Usp42,0.131000938,5.232950709
Rad23a,0.130974686,10.56718433
Eif4a1,0.130841842,19.85145172
Sorl1,0.13080232,25.89466577
Ubn1,0.130766871,17.01553005
Zfp653,0.130712417,6.752194463
Rnf215,0.130706983,8.946657664
Atm,0.130613242,14.41593518
Gm12689,0.130559722,1.958136394
Ncmap,0.130547876,4.287643484
Entpd7,0.130516447,6.650911546
Pdgfb,0.130476036,1.519243754
Lamtor3,0.130450191,6.85347738
Nat9,0.130392704,4.422687373
Elavl1,0.130369497,27.04253883
Vezf1,0.130303734,8.507765024
Psmc6,0.13027641,11.14112086
Cadm1,0.130222749,84.43619176
Hars2,0.130164286,9.284267387
Recql4,0.130147807,0.675219446
N6amt1,0.13007195,5.300472654
Oaz1,0.130025525,38.08237677
Akirin2,0.130011365,10.63470628
Rbm34,0.12997135,6.887238352
Plekhg2,0.129908079,0.573936529
9330198N18Rik,0.129737466,6.650911546
Pim3,0.129592798,4.051316678
Rtcb,0.12956496,11.74881837
Cbx1,0.129501909,22.04591492
Irs1,0.129465228,14.55097907
Morn4,0.129439212,7.967589467
Hps4,0.12930729,14.24713032
Kif1bp,0.129215447,18.5347738
9430060I03Rik,0.12908823,6.549628629
Taz,0.128833497,33.49088454
Smad5,0.128702507,5.401755571
Atg13,0.128630731,18.02835922
Setx,0.128504393,35.55030385
Vps29,0.128358622,16.17150574
Trim32,0.128015894,12.15395003
Dlst,0.127972577,21.1006077
Supt3,0.127736624,38.6563133
Arrb1,0.127698614,22.88993923
Golph3,0.127682256,5.266711681
Nr1h2,0.127679265,9.081701553
Rptor,0.127508786,40.31060095
Mfn2,0.127461621,11.88386226
Rsph3b,0.127431564,4.929101958
Spats2,0.127253442,19.41255908
Sh3bgrl3,0.127250697,9.250506415
Xaf1,0.1272029,2.835921675
Golga7,0.127197508,8.609047941
Tacc1,0.127023695,30.58744092
6330409D20Rik,0.126917127,0.945307225
Dnajc19,0.126773475,24.54422687
Hspb11,0.126762584,9.756920999
Herpud1,0.126696617,14.1458474
Paxip1,0.126682286,6.887238352
Uimc1,0.12668011,20.729237
Rpl6,0.126592533,19.27751519
Gpr176,0.126504024,28.83187036
Mon1a,0.126398064,11.5800135
Prkcz,0.126359753,35.28021607
Gnai2,0.126099456,12.25523295
Eif5,0.126027444,18.16340311
Mbd1,0.12600875,9.756920999
Mkrn2,0.125974073,4.96286293
Cdkl1,0.125952741,11.3436867
Rnf19b,0.125937938,6.718433491
Etf1,0.125827186,12.62660365
Phf10,0.125826125,7.056043214
Calcoco1,0.125651979,10.70222822
4930599N23Rik,0.125594342,5.705604321
Smlr1,0.125458971,0.067521945
Cnih4,0.125449256,7.765023633
Coq4,0.125237925,5.705604321
Stat5a,0.125189764,1.485482782
Mks1,0.125185454,3.983794733
Acss2,0.125161068,23.5313977
Amz1,0.125108436,3.072248481
Lsm12,0.125107289,8.271438217
Tsc2,0.125021299,9.588116138
Tubgcp4,0.124618243,12.12018906
Ddx23,0.124598005,10.19581364
Mllt6,0.124578057,16.74544227
Gpr180,0.124475334,6.448345712
Nlrp4c,0.1244036,1.75557056
Pold3,0.124374219,8.237677245
Stau1,0.124352887,16.10398379
Magel2,0.124349382,3.376097232
Ppp6r3,0.124256521,35.8541526
Ptpn1,0.124170916,12.69412559
Akr1b10,0.123955234,6.009453072
Brf1,0.123920267,13.84199865
Lrrc2,0.123834309,3.072248481
Trim11,0.123819484,7.528696826
Scaf11,0.123807779,15.02363268
Gm26804,0.12351719,40.78325456
Aloxe3,0.123509,2.32950709
Mrpl33,0.123483049,11.3436867
Ric3,0.123468117,21.40445645
2010109A12Rik,0.123440943,2.667116813
Prrg2,0.123427673,1.823092505
Gssos1,0.123395962,1.519243754
1520401A03Rik,0.123373455,0.844024308
Ik,0.123254481,14.5172181
Sos1,0.123219204,30.65496286
Xpc,0.123180443,9.554355165
Pole4,0.123170614,5.9756921
Srebf1,0.12315775,4.929101958
Ypel2,0.123152337,21.67454423
Yipf2,0.123122645,6.076975017
Spice1,0.123020726,5.131667792
Madd,0.122918239,28.05536799
Odf2,0.122902342,41.2221472
Fam120b,0.122886049,39.12896691
Ythdc2,0.122787313,23.59891965
Slc33a1,0.122679456,12.5590817
Zfp235,0.122668619,2.532072924
Sf3a2,0.122521378,4.861580014
Ttc7b,0.122436267,32.74814315
Fam69a,0.122389435,27.71775827
Etv6,0.122348444,19.64888589
Dip2b,0.122346525,46.35381499
Myl4,0.122343309,1.350438893
Hoxd3,0.1223162,2.970965564
Btbd8,0.122199382,14.92234976
Anapc15,0.122196123,4.152599595
Ninl,0.122138828,6.245779878
Naa25,0.122116672,13.5381499
Gapt,0.12206211,0.033760972
Gm29666,0.122055561,3.072248481
Lbr,0.122035677,5.131667792
Nlrc5,0.122018,1.147873059
Dnah5,0.122002061,3.376097232
Zfp606,0.121813316,5.266711681
Rmnd1,0.121787246,22.45104659
Gtf2b,0.121755196,6.920999325
Ndfip2,0.121729855,23.05874409
Srsf6,0.121699327,11.74881837
Ccdc106,0.12149,8.980418636
Sema4a,0.121481436,11.07359892
Ccdc130,0.1214733,6.009453072
Mrps6,0.121451615,7.765023633
Dnal1,0.121444829,18.93990547
Ahsa1,0.121437604,16.57663741
Ilvbl,0.121433821,10.87103309
Itgb3bp,0.121322704,25.35449021
Urb1,0.12131936,4.65901418
Nr1h3,0.121296806,2.194463201
Dclk2,0.121225984,44.66576637
4930455H04Rik,0.12102498,0.303848751
Tnfrsf21,0.120974242,15.29372046
Ksr2,0.120957037,54.45644835
Lrrc73,0.120947315,4.929101958
Cwc15,0.120885647,11.5800135
Nol4l,0.120825404,32.47805537
Ppp1r12b,0.120779633,43.14652262
Sdcbp,0.120693482,9.486833221
B4galt5,0.120668452,17.21809588
Ap2a1,0.12047736,15.83389602
Ctnnal1,0.120415402,17.99459824
Plekha6,0.120304382,38.82511816
Cbx5,0.120177605,32.17420662
Sec31a,0.120129819,11.51249156
Zfp958,0.12008095,4.118838623
Gstt2,0.120066146,2.464550979
Nubpl,0.119983115,7.29237002
Tradd,0.119896743,3.038487508
1700007F19Rik,0.119870524,0.101282917
Ywhab,0.119827931,15.53004727
Mterf3,0.119688913,5.840648211
Snap47,0.119630718,24.71303174
Txn1,0.119610448,11.20864281
Slc7a6,0.119590435,24.91559757
Aebp2,0.119562629,11.5800135
Gm16701,0.119556808,1.958136394
Rab23,0.119548705,7.528696826
Cndp2,0.119493822,4.152599595
Stard7,0.119388591,18.43349088
Gm8237,0.119379961,3.781228899
Nkiras2,0.11935967,2.700877785
Pawr,0.119303544,4.861580014
Dcaf8,0.119267795,23.83524646
Calu,0.119259359,11.85010128
Gm26843,0.119243687,7.765023633
Gm27008,0.119090219,3.679945982
Tbc1d4,0.119062703,26.13099257
Dnajc11,0.118963292,20.83051992
Pcgf1,0.11893868,3.916272789
Trim9,0.118879381,43.6529372
Cdhr3,0.118846237,1.350438893
Fam168a,0.118822901,60.19581364
Pcmtd1,0.118741231,35.78663065
Rab11fip4,0.118718646,19.78392978
Plekha3,0.118634939,7.629979743
Cd99l2,0.118546869,19.07494936
Sdha,0.118533481,37.77852802
Ralgps1,0.118486991,47.50168805
Kcnd1,0.118472047,2.228224173
Ano2,0.118439601,2.532072924
Ube2i,0.118406832,11.9513842
Tfr2,0.118392608,2.970965564
Cyth1,0.11837684,18.66981769
Gm11149,0.11834838,4.827819041
Adam15,0.118266045,20.02025658
Usp8,0.118186518,15.56380824
Tet1,0.118185843,20.45914922
Sbno2,0.118153428,6.380823768
Dph1,0.118145699,4.355165429
Zcchc14,0.118092114,22.85617826
Mettl8,0.117998556,9.284267387
Gm11690,0.117934085,0.033760972
Parva,0.117859827,12.18771101
Cldnd1,0.117852098,10.16205267
Cog8,0.117803432,3.713706955
Zfp213,0.117761874,2.734638758
Efcab14,0.117746824,17.38690074
Gm26551,0.117697011,18.63605672
Dstyk,0.117668884,16.50911546
9330111N05Rik,0.117613658,5.9756921
Atg4d,0.11759402,10.83727211
Papd7,0.117581575,8.609047941
Sec13,0.117558207,6.819716408
2700081O15Rik,0.117490783,3.038487508
Pnpt1,0.117476344,21.26941256
Prkcg,0.117368133,11.14112086
Atp5sl,0.117330111,7.056043214
Zcchc9,0.117065163,11.20864281
Casp2,0.116704619,4.490209318
Zc3h7b,0.116632479,21.84334909
Aaed1,0.116611962,3.713706955
Kdm3b,0.116495797,26.19851452
Csrnp2,0.116343379,4.422687373
Gm15892,0.116129808,20.89804186
Rgag4,0.116112057,5.874409183
Wdr45b,0.116080414,16.77920324
Kif24,0.116059629,7.663740716
Rrad,0.116054001,0.641458474
Cog4,0.115984369,20.69547603
Cep250,0.11591509,20.86428089
Dnah7a,0.115891593,6.920999325
Rpp30,0.11588231,8.203916273
Rnf145,0.115807425,17.52194463
Ift81,0.115785226,24.34166104
Ccdc171,0.115770991,13.90952059
Tmem5,0.115764848,11.88386226
Uchl3,0.11571733,21.67454423
Ehd1,0.115566038,2.532072924
Safb2,0.11545981,28.56178258
Thnsl1,0.115397123,5.131667792
Nr6a1os,0.115361396,8.980418636
Tubb4a,0.115352006,16.3403106
Acvr1c,0.115267838,2.430790007
Isl1,0.115254237,1.823092505
Gabrg3,0.115229999,69.20999325
Crocc,0.115218915,17.89331533
Scyl3,0.115204648,3.950033761
Exoc2,0.115145273,19.64888589
Esf1,0.115112011,22.24848076
Dhrs4,0.115105183,1.856853477
Gnal,0.115086328,30.95881161
Arl5b,0.114939034,6.41458474
Wasl,0.114917338,17.11681296
Sel1l3,0.114904893,7.393652937
Rbm17,0.114822601,7.798784605
Gabpa,0.114816974,4.287643484
Prrc2a,0.114712868,16.61039838
Nbr1,0.114666378,18.97366644
Evpl,0.114590111,2.295746117
Thoc6,0.114537929,4.65901418
Cep126,0.114520424,25.15192438
Commd3,0.114484836,8.372721134
Hsf1,0.114277279,16.07022282
Usp40,0.114262143,29.8784605
Cuedc2,0.114206414,12.01890614
Gna15,0.114183474,1.046590142
Mrpl38,0.11417104,17.5557056
Padi1,0.114122088,0.067521945
Exosc10,0.114113231,16.74544227
Fam188a,0.113967695,18.39972991
Gm11728,0.113966602,3.173531398
Ddhd1,0.113966205,21.60702228
Ubr7,0.113930199,8.912896691
Stag1,0.113846052,70.42538825
Cnot6,0.11381293,22.28224173
Zfp799,0.113760405,17.48818366
BC025920,0.113744551,2.532072924
Sptbn2,0.113640392,16.57663741
Wdhd1,0.113551754,6.988521269
Aamp,0.113394417,11.5800135
Gpbp1,0.113308158,21.77582714
Cfap44,0.11312652,6.279540851
Polr3e,0.112925212,12.62660365
Crtc2,0.112908211,5.09790682
Msrb2,0.112862654,7.056043214
Ubap1l,0.112835363,16.17150574
Tti1,0.112568602,6.41458474
Dpy30,0.112562535,14.98987171
Anp32a,0.112414952,13.70695476
C1qtnf7,0.112400752,2.059419311
Lppos,0.11231026,0.87778528
Ccdc82,0.112224888,14.01080351
Adgra2,0.112177402,2.194463201
Sfmbt1,0.112151579,32.74814315
Cep290,0.112138673,22.01215395
Os9,0.112121619,18.12964213
Mpp6,0.112032799,18.06212019
Fuca2,0.112028522,7.258609048
Trmt10c,0.111957914,3.679945982
RP23-449M8.5,0.111864407,0.202565834
Tvp23b,0.111859296,13.23430115
Gm26772,0.111824984,0.776502363
Zkscan1,0.111810974,9.723160027
Ints1,0.111790478,7.191087103
Bbs12,0.111763841,6.144496962
Camk1g,0.111662329,3.679945982
Zfp740,0.111609408,18.298447
Csf1,0.111526784,2.970965564
Dlg5,0.111440097,16.23902768
Ankrd37,0.111418347,2.835921675
Gnptab,0.111298098,13.13301823
Ypel1,0.111275213,5.401755571
Gm43738,0.111209771,4.422687373
Fkbp7,0.111196094,3.20729237
Tnks1bp1,0.11119291,4.692775152
Pigx,0.111184956,9.318028359
Brap,0.110977559,10.87103309
Oplah,0.110969327,4.253882512
Myl12b,0.110926257,13.7744767
Ddx55,0.110924252,17.58946658
Samd11,0.110876166,1.519243754
Psmc5,0.110822076,14.5172181
A230083G16Rik,0.110821948,2.565833896
Zfp637,0.110809127,6.650911546
Ralbp1,0.110734692,19.95273464
Pde4a,0.110731659,25.18568535
Gm14443,0.110659293,3.747467927
Polr1c,0.110568983,7.494935854
Nudt7,0.110505085,5.773126266
Zw10,0.110473206,6.009453072
Casp8ap2,0.110460139,7.73126266
Nfic,0.110284761,12.62660365
Wdr91,0.110222568,5.030384875
Gm42954,0.110062893,1.417960837
Ndst2,0.110008675,2.76839973
Exoc7,0.109998867,11.78257934
Lyrm7,0.109987708,4.625253207
Cfp,0.109949429,5.53679946
Pax6os1,0.109925143,0.708980419
Cul3,0.109909993,19.10871033
Irak1,0.109825343,14.11208643
Smg7,0.109592209,27.11006077
Uqcc1,0.109541785,24.74679271
Tmem241,0.109530155,18.9061445
Rbfox1,0.109463556,75.96218771
Zbtb25,0.109462527,11.51249156
Tbxas1,0.109361283,3.308575287
Cep95,0.109324098,17.69074949
Ssb,0.109280181,19.95273464
Sgce,0.109152053,34.70627954
Gm7967,0.109114075,0.303848751
Gm14033,0.109080256,1.654287643
Mms19,0.108777361,16.27278866
Nckipsd,0.108772205,6.178257934
Grin2b,0.108705681,69.513842
Eif5a,0.10836827,12.5590817
Prdm15,0.108314309,14.21336935
Gm10825,0.108262712,0.033760972
Fbxo33,0.108253027,8.30519919
Zc3h4,0.108146841,10.09453072
Crybg3,0.10808393,3.20729237
Ccdc92,0.107910588,14.07832546
Nova2,0.107909731,6.718433491
Pkig,0.107728049,19.17623228
Rnf157,0.107710395,41.35719109
Immp1l,0.107519623,26.33355841
Cdc23,0.107511798,13.67319379
Smarcc2,0.10750542,30.31735314
Slx1b,0.107426119,10.29709656
Pola1,0.107334683,16.64415935
Tmem51,0.10727058,1.485482782
Tgs1,0.107253817,19.78392978
Pspc1,0.107187304,18.19716408
Gdap2,0.107167323,12.59284267
Megf8,0.107099877,17.52194463
Abi2,0.107051426,41.55975692
Cry2,0.107011636,11.78257934
Hdac6,0.107001753,12.25523295
Rsbn1,0.106997229,19.98649561
Rab12,0.106937319,22.6873734
Ubr2,0.106823041,20.729237
Zcchc10,0.106782694,3.848750844
Polr3k,0.106733803,4.52397029
Grpr,0.106701366,0.742741391
Rxfp2,0.106683171,0.844024308
Aaas,0.106674257,4.895340986
Nt5dc1,0.106627392,14.68602296
Rpia,0.106468908,6.920999325
Cyb5a,0.10637148,11.03983795
Adamts2,0.106369776,15.15867657
Samsn1,0.106267621,3.004726536
Plcxd3,0.106164609,56.9547603
Plekhb2,0.106156751,16.03646185
Pmm2,0.105845795,10.22957461
Tes,0.105833876,4.08507765
Ddx47,0.10581889,11.41120864
Wdr74,0.105798663,4.422687373
Aimp1,0.105733468,9.62187711
Skiv2l,0.105733361,9.993247806
Usp12,0.105686378,9.62187711
Lace1,0.10563782,24.10533423
Nfx1,0.105617785,27.48143147
Gstz1,0.1055648,21.84334909
Atp11a,0.10550593,17.69074949
D630045J12Rik,0.10546481,27.04253883
2210406O10Rik,0.105427239,1.080351114
Idua,0.10535498,4.827819041
Kcnk4,0.105345912,1.553004727
Tmie,0.105237476,4.625253207
Rchy1,0.105235846,27.92032411
Rnf170,0.105106722,14.11208643
Cep78,0.105093398,15.39500338
Mettl22,0.104982624,5.030384875
Lhpp,0.104885057,2.261985145
Elp6,0.104879762,10.83727211
Stt3a,0.104855569,15.46252532
Stk39,0.104844163,40.04051317
Med23,0.104700353,7.933828494
Ctf2,0.104695294,1.485482782
Metap1,0.104648086,5.941931128
Wdr33,0.104507267,48.58203916
Gm42649,0.104406087,12.25523295
Phlpp1,0.104387511,38.69007427
Tmem25,0.104160926,13.97704254
Nupl2,0.104155352,9.824442944
Jkamp,0.104106087,20.1215395
Mtif3,0.103994349,5.030384875
Fam171a2,0.103980553,9.554355165
Car12,0.103936239,2.160702228
Msantd2,0.103859693,24.94935854
Fam181a,0.103657646,0.472653612
Chrnb3,0.103623382,0.202565834
Fam208b,0.10361674,19.88521269
Akt1,0.103586576,9.351789332
Tmem266,0.103546293,7.022282242
Slc25a38,0.103518316,8.035111411
Atg4b,0.103498721,18.97366644
Igsf9b,0.103421167,3.004726536
Acad10,0.103344277,11.20864281
Sptbn4,0.103332668,36.02295746
L2hgdh,0.103317897,8.338960162
Uqcrc1,0.103313256,26.94125591
Pex1,0.103258534,18.43349088
Thada,0.10314388,33.86225523
Fra10ac1,0.103013587,12.08642809
Gm26805,0.102987421,2.093180284
Rnmtl1,0.102971525,7.056043214
Sox30,0.102950896,0.337609723
Abhd6,0.10290693,21.40445645
Nbea,0.102906287,86.69817691
Klhl17,0.102846431,8.609047941
Lgals1,0.102814701,11.71505739
Gm15337,0.102806619,4.96286293
Plxna1,0.102743783,9.115462525
Ltv1,0.10274344,2.464550979
Ptcd3,0.102728861,14.34841323
2410089E03Rik,0.102728465,58.44024308
Cfl2,0.102706983,12.18771101
Sf3b2,0.102483893,24.74679271
Ubl4a,0.102319224,3.679945982
Uros,0.102261661,7.73126266
Cc2d1a,0.102250384,10.26333558
Alkbh4,0.102201258,1.553004727
RP23-366O14.4,0.102011494,0.776502363
Slc12a1,0.101821731,3.983794733
Pkd2,0.101710754,18.23092505
Eif2b1,0.101624324,6.448345712
Lin7b,0.10162426,10.80351114
Glcci1,0.101604858,1.215395003
Xpot,0.101349792,11.30992573
Aars2,0.101331044,4.996623903
Cpeb3,0.10119283,75.65833896
Pate2,0.101062312,6.819716408
Clec18a,0.100900022,1.249155976
Wdr45,0.100897798,0.540175557
Pccb,0.100876632,13.20054018
Myo18a,0.10060567,32.41053342
Ndufs4,0.100493439,37.37339635
Crnkl1,0.100458226,4.321404456
Ccdc186,0.100439714,10.80351114
Ddit4,0.100303622,2.802160702
Wdr41,0.100240978,12.99797434
Brd7,0.100212176,15.49628629
Tapbp,0.100204404,8.136394328
Actr1b,0.100093835,24.10533423
Bod1l,0.100078677,16.67792032
Mier2,0.099972664,8.001350439
Zfyve26,0.099834599,14.11208643
Kmt2b,0.099799708,8.74409183
Ndrg1,0.099416911,4.65901418
Zfp507,0.099371504,7.73126266
Rbm19,0.099354804,2.970965564
Itga10,0.09928024,4.861580014
Ldha,0.099257012,12.28899392
Gm17399,0.099246367,3.983794733
Recql,0.099164622,6.009453072
Agap3,0.099133697,20.59419311
Itgae,0.099048769,3.004726536
Rhox1,0.099026692,0.033760972
Metap2,0.098991591,21.64078325
Pcp4l1,0.098945949,6.684672519
Tpra1,0.098941232,10.49966239
Pip5kl1,0.098940982,6.617150574
1600014C10Rik,0.098928176,5.806887238
D130017N08Rik,0.098921058,4.996623903
Dnm3os,0.098870224,0.607697502
Actr10,0.098732549,17.82579338
Cys1,0.098667697,5.401755571
Dcun1d2,0.098627757,13.94328157
Znfx1,0.098514819,10.22957461
St3gal2,0.098465928,9.925725861
Gzf1,0.098456098,5.300472654
Otud5,0.098422161,13.30182309
Sbf1,0.09835478,8.845374747
Ranbp17,0.0982603,37.23835246
1700112D23Rik,0.098097227,5.604321404
Pgap2,0.098035045,16.00270088
Dnm1,0.097761263,38.28494261
Taf1a,0.097728762,8.271438217
Helq,0.09760325,10.70222822
Mrps27,0.097575326,8.74409183
Pfdn1,0.097545945,24.03781229
Sptssa,0.097514559,6.650911546
Gemin7,0.09750072,7.326130993
Klf9,0.097385005,6.279540851
Kdm4b,0.09735706,15.42876435
Oxsm,0.097349891,2.160702228
Crtc3,0.097278691,28.19041188
Hs1bp3,0.09710475,3.781228899
Tm4sf4,0.096969204,2.059419311
Kctd5,0.096953725,6.617150574
Spryd3,0.096873406,12.35651587
Lrrc59,0.096807568,6.515867657
Zbtb8a,0.09680655,2.599594868
Nbeal2,0.096725222,3.916272789
Smim4,0.096608607,20.1215395
1110065P20Rik,0.096562568,5.334233626
Ccnh,0.096538096,18.87238352
Ulk1,0.096537956,7.42741391
Glrx3,0.096516625,14.1458474
Arsg,0.096486096,5.604321404
Aim2,0.096356554,5.671843349
Dync2h1,0.096348053,45.07089804
Heatr1,0.096209989,6.41458474
Poc1b,0.096160734,7.629979743
Zfp763,0.096151515,8.541525996
Slc12a3,0.095993277,1.519243754
Map7d2,0.095972471,44.90209318
Elfn2,0.095964217,5.165428764
Unk,0.095953283,15.59756921
A930018M24Rik,0.095857732,1.519243754
Etaa1,0.095830622,3.916272789
Carm1,0.095807287,13.63943282
Abracl,0.095776404,2.633355841
Wdr20,0.095724619,18.23092505
Celf5,0.095710888,20.39162728
Mier1,0.095649434,22.45104659
Slc2a8,0.095640119,12.35651587
Taf1b,0.09562448,22.34976367
Ilf2,0.095572416,21.80958812
Arap2,0.095563112,6.043214045
Tmprss15,0.095559532,2.464550979
Txndc11,0.095523472,25.18568535
Fbxo22,0.095353003,6.954760297
Spag17,0.095152895,4.118838623
1700008O03Rik,0.095125786,3.20729237
Aasdh,0.095055832,6.245779878
Nsun5,0.095053881,4.861580014
Pknox1,0.094942765,13.43686698
Nusap1,0.094938124,5.773126266
Ptprz1,0.094857064,28.69682647
Terf1,0.094743976,21.16812964
Ptges,0.09471915,3.612424038
Zfp874a,0.09468477,1.958136394
Ap4m1,0.094566379,6.684672519
Inha,0.094496371,12.89669142
9430065F17Rik,0.094475168,2.970965564
Ccdc107,0.094314797,16.64415935
1110051M20Rik,0.094305846,57.93382849
Gm20685,0.094285404,2.093180284
Inafm1,0.094274942,7.123565159
Kcnmb4,0.094206639,3.781228899
Upf2,0.0941612,28.56178258
Larp1b,0.094109394,17.72451047
Zfp14,0.094091782,10.16205267
Sbk1,0.094077289,6.245779878
Stmn1,0.094018387,23.46387576
Gfm2,0.094015107,18.87238352
Nrcam,0.093943588,63.60567184
Mak,0.093797441,2.059419311
Qpctl,0.093787686,11.44496962
Polr3f,0.093763814,8.068872384
Polr3gl,0.093731667,18.46725186
Ndufs7,0.093720294,16.20526671
Gm26534,0.093674962,3.679945982
Oxa1l,0.093641475,16.9480081
Cbarp,0.09352263,23.76772451
Ddx49,0.093425492,7.191087103
Klhl10,0.093380986,18.80486158
Stambpl1,0.093371306,16.54287643
Zfp664,0.093305919,13.90952059
Gm26779,0.093255259,1.31667792
Slc30a10,0.09322815,2.903443619
Uspl1,0.093065442,4.355165429
Micall1,0.093063941,11.64753545
Upf1,0.093012403,5.469277515
Lasp1,0.092966578,8.271438217
Pias2,0.09296363,31.83659689
Arntl2,0.092945096,11.98514517
Pcdh1,0.092912113,6.549628629
Rmdn1,0.092844528,44.22687373
Ggact,0.092837678,19.17623228
Gramd1c,0.092740187,1.586765699
Galnt7,0.092692861,17.75827144
4930556N13Rik,0.092689034,8.068872384
Ift57,0.092581166,7.663740716
Ndufa7,0.092475742,15.29372046
Sec24c,0.092348139,10.39837947
Gm17090,0.092008241,2.498311951
Eif3b,0.091886834,6.41458474
Zfyve16,0.091745694,13.23430115
Gtf2a1,0.091610041,11.5800135
Dyrk1a,0.091579845,26.19851452
6530403H02Rik,0.091574496,6.954760297
Mrpl57,0.09152791,5.9756921
Extl3,0.091520256,13.94328157
Gskip,0.091505249,9.284267387
Nfe2l1,0.091422946,10.83727211
Rpap1,0.091416493,7.663740716
Mob1a,0.091411841,2.633355841
Zfp952,0.09135639,4.96286293
Cul1,0.091286297,38.6563133
Zfp410,0.091271365,9.149223498
Rrp7a,0.091193993,5.705604321
Pramel7,0.09114075,3.342336259
Nt5c3,0.091037738,8.068872384
Arfgef3,0.09103658,35.92167454
Ppil4,0.091031875,21.80958812
1110004F10Rik,0.091016664,15.19243754
Tmem41a,0.091005205,2.397029034
Cadm3,0.090941682,22.07967589
Rsf1os1,0.090833889,5.604321404
Syt16,0.090752058,45.13841999
Cactin,0.090707005,3.072248481
Pmfbp1,0.090564996,4.861580014
Slc7a6os,0.090492512,20.4929102
Gucy1a3,0.090490175,7.629979743
Brcc3,0.090339408,9.62187711
Wnk2,0.090278952,42.74139095
Lhfpl5,0.090190753,5.131667792
BC037034,0.090190131,8.406482107
Tcof1,0.09008221,7.056043214
Map1a,0.090038068,13.90952059
Ttf1,0.090026041,10.76975017
Dcun1d1,0.090004291,22.82241729
Ash2l,0.089991396,9.486833221
Npas4,0.08997506,2.160702228
Ankrd34c,0.089952088,0.844024308
Grina,0.089818258,34.09858204
R3hdm2,0.089755068,40.91829845
Cfap221,0.089703969,1.417960837
Akap1,0.089680804,6.583389602
Gm10767,0.08967686,2.937204591
Rbm47,0.089653173,1.215395003
Hdgfrp3,0.089644702,26.87373396
Kifc3,0.089643598,7.528696826
Gm29650,0.089622642,2.261985145
Vdac3,0.089622309,18.09588116
Arel1,0.08957568,14.44969615
Ttll1,0.089568423,5.232950709
Tnfrsf26,0.089514205,0.776502363
Gm7854,0.089510904,14.01080351
Xbp1,0.089441989,9.993247806
Pdzd11,0.089388393,5.671843349
Map9,0.08937255,9.925725861
Btbd16,0.089297332,1.823092505
Ric8b,0.08929208,20.66171506
1700109H08Rik,0.089264992,6.178257934
Man2c1os,0.088993162,20.39162728
Sugct,0.088936392,11.30992573
Nans,0.088890696,2.363268062
Dhx34,0.08878226,2.228224173
Akap7,0.088697577,18.66981769
Dnajc7,0.088633251,30.55367995
Arpc1a,0.088585604,20.59419311
Osbpl9,0.088506656,69.34503714
Hsd17b12,0.088477521,24.07157326
Zfp106,0.08843489,17.79203241
Gm38293,0.088429842,1.417960837
Bex1,0.088420559,10.63470628
Stk31,0.088375624,1.519243754
Gm43666,0.088356346,1.012829169
Fam189a2,0.088321405,4.726536124
Setd8,0.08832073,8.068872384
Zfp622,0.088240078,3.139770425
Dazap1,0.088151033,25.25320729
Dgki,0.088111243,60.09453072
Cuta,0.088049328,8.541525996
Socs5,0.087918799,13.70695476
Mkrn1,0.087868065,11.91762323
Dot1l,0.087741481,19.44632005
Fam151a,0.087481024,0.844024308
Ptcd1,0.087473284,3.713706955
Ddx3y,0.087381324,23.2950709
Dnaja1,0.087357344,18.83862255
Gm44174,0.087354162,0.067521945
Imp4,0.087278547,4.96286293
Anapc16,0.087215861,14.55097907
Nme5,0.087154117,10.12829169
Synpo2,0.087128606,4.422687373
Rpl11,0.087086972,14.88858879
Tmem233,0.087047278,2.295746117
Dazap2,0.087045788,7.326130993
Polr2c,0.087017489,10.87103309
Cyb5r3,0.086965951,5.300472654
Ndufs5,0.086845766,10.43214045
1300017J02Rik,0.086830406,3.241053342
Kdelr1,0.086817124,10.63470628
Slc25a37,0.08669486,2.194463201
Snapc2,0.086586424,2.802160702
Trim37,0.086541799,35.65158677
Prmt3,0.086527832,10.90479406
Gcn1l1,0.086521626,19.10871033
Dlat,0.086501473,26.56988521
Kpna6,0.086453483,11.30992573
Tmem129,0.086423769,4.118838623
Il33,0.086410853,4.287643484
Pkhd1,0.086288224,5.435516543
Srp14,0.086219845,12.3227549
Zfp518a,0.08616984,7.629979743
Ppfia1,0.08612006,20.45914922
Hhipl1,0.086055304,6.482106685
Gm37679,0.085899971,14.17960837
Ppp1r15a,0.085854478,1.924375422
Scai,0.085685682,44.12559082
Ptgfrn,0.085664715,6.482106685
Thoc3,0.085556278,4.08507765
Lurap1l,0.085515727,11.30992573
Dfna5,0.085410861,25.25320729
Nrbf2,0.085393624,4.253882512
Mybpc2,0.085366515,0.168804862
Mroh7,0.085339406,2.700877785
Alg1,0.08531429,6.110735989
Ccdc64b,0.085285188,0.101282917
Mink1,0.085246888,15.32748143
Ttc25,0.085176751,3.544902093
Gm16075,0.085149642,0.472653612
Tomm40,0.085127475,21.7083052
Foxa3,0.084986988,0.405131668
Sdc3,0.084909091,9.216745442
Tbrg4,0.084878551,3.814989872
Aen,0.084824333,1.519243754
Fam229b,0.08476795,12.9304524
Eif3m,0.084743928,5.739365294
Zdhhc24,0.084688788,2.599594868
Strn4,0.084688509,13.97704254
Tdp2,0.084661679,5.773126266
Gm26889,0.08460746,0.371370695
H2-T23,0.084553242,1.620526671
Rnf180,0.084440582,18.36596894
Fam208a,0.084298059,26.19851452
Gigyf1,0.084276031,15.80013504
Pnpla2,0.084065279,2.025658339
Sipa1l3,0.083984327,27.6839973
Erf,0.083929733,1.282916948
Csrp1,0.083767079,6.043214045
Atraid,0.083716012,22.9237002
Diexf,0.083604424,5.401755571
2610044O15Rik8,0.083601091,5.874409183
Dicer1,0.08348305,19.31127616
Gm42418,0.083479662,22.41728562
Atg9b,0.08344177,3.713706955
Bnip1,0.083394926,7.832545577
Ccdc43,0.083360442,4.996623903
Rragb,0.083250398,17.18433491
Vmn2r30,0.083170679,6.313301823
Rnf40,0.083116461,5.131667792
Il1r1,0.083089352,1.282916948
Far2,0.083072469,16.44159352
Lpcat2,0.083008785,10.90479406
Idh2,0.082955586,14.58474004
Ahi1,0.082773165,83.01823093
Tsn,0.082756593,15.90141796
Lhx2,0.082624096,0.067521945
Tomm40l,0.082520061,4.96286293
Tmem62,0.082434521,10.83727211
Prmt1,0.082301226,14.17960837
Tasp1,0.082271534,34.03106009
Nfxl1,0.082246654,7.765023633
Gm13963,0.082200744,5.030384875
Telo2,0.082127756,13.94328157
Fam131b,0.082113424,2.397029034
Dcaf7,0.08197596,18.16340311
Mrps12,0.081970183,10.93855503
Bzw1,0.081924936,7.157326131
1110032A03Rik,0.081902683,14.68602296
Rab21,0.081842066,10.49966239
Mycbpap,0.081791599,6.650911546
Ccdc160,0.081788115,3.511141121
Smarca4,0.081638646,30.08102633
Spred2,0.081627733,29.70965564
Ttc21b,0.081591202,20.08777853
Sh2d2a,0.081557596,0.033760972
Rela,0.081544134,6.043214045
Hist1h1c,0.081517025,4.152599595
Fntb,0.081369624,17.28561783
Heatr5b,0.081356139,18.09588116
4632415L05Rik,0.08135437,5.064145847
Max,0.081346877,10.80351114
Stox2,0.08125214,48.21066847
Tmem132e,0.081246641,8.203916273
Gm29088,0.081137497,2.532072924
Nr1d2,0.081062709,13.26806212
Eif4h,0.081043028,18.26468602
Trim7,0.080920625,3.848750844
6030458C11Rik,0.080784758,12.45779878
Znhit1,0.080695777,21.80958812
St3gal3,0.080571347,33.11951384
Gm7694,0.080561789,1.31667792
C530008M17Rik,0.080522296,52.1944632
Susd2,0.08048928,6.448345712
Fiz1,0.080378443,5.064145847
Auh,0.080333422,22.72113437
Rsph10b,0.080309818,7.933828494
Il20rb,0.080270007,1.654287643
Fbxl12,0.080232736,16.30654963
Il11ra1,0.080214598,11.41120864
Mypop,0.08016961,7.123565159
Pum3,0.080125435,7.663740716
Zfp955b,0.080053134,2.734638758
Itpk1,0.080047431,10.29709656
Zfp3,0.080041653,7.562457799
Adgrl4,0.080003711,2.126941256
Vps52,0.079949103,4.051316678
Eprs,0.079896761,17.99459824
Gen1,0.079840128,0.810263336
Krr1,0.079809152,4.051316678
Sart1,0.079799151,7.697501688
Gm26540,0.079782043,5.469277515
Rbbp5,0.07971091,6.41458474
Slc48a1,0.079548352,10.66846725
Trp53inp2,0.079506997,9.216745442
Tecr,0.079478055,77.41390952
Tub,0.079316354,19.44632005
Klhdc8a,0.07926697,1.654287643
Hopx,0.079131425,1.721809588
Mif4gd,0.079104316,4.186360567
Fmn2,0.07908382,56.17825793
Ubp1,0.079054793,17.18433491
Fam168b,0.079029795,10.53342336
Taf7l,0.078995879,5.53679946
Ptdss2,0.07896727,13.33558406
Dlec1,0.078914552,2.363268062
Tram1,0.078781708,14.48345712
Arpc3,0.078780893,9.891964889
Efcc1,0.078724789,3.64618501
Uba1,0.078711915,11.3436867
RP23-205F19.4,0.078697679,3.173531398
Pfkm,0.078690433,17.65698852
Ncbp2,0.078643461,5.570560432
Elmod2,0.078616352,5.9756921
Gatm,0.078542968,9.453072248
Atf1,0.078475619,11.27616475
Mtfr1l,0.078293348,7.157326131
Gm13782,0.078263934,0.067521945
Pex26,0.078182607,3.477380149
9230113P08Rik,0.078047061,0.506414585
Epm2aip1,0.078045164,7.596218771
Rbsn,0.077980998,8.035111411
Msantd3,0.077830189,2.869682647
Cav1,0.077775971,0.607697502
Hap1,0.077774448,42.37002026
9430020K01Rik,0.077694643,1.282916948
Dnajc10,0.07764035,21.50573937
Sp2,0.077613316,4.52397029
B4galt7,0.077531989,6.144496962
Tubgcp5,0.077453459,18.19716408
Grn,0.077450661,7.29237002
Rpl9,0.077423552,3.20729237
Plcb3,0.077369334,1.45172181
Ctnnbip1,0.077264114,13.33558406
Mrps5,0.077215684,15.09115463
March5,0.077125352,6.245779878
Gm29415,0.077098243,1.282916948
Fyttd1,0.077075411,26.77245105
Rps21,0.077044025,5.9756921
Cnst,0.077034689,10.83727211
Myh7b,0.07690848,1.991897367
Bcdin3d,0.076772934,2.532072924
Smoc1,0.076637389,7.157326131
Rint1,0.076602476,13.26806212
Pebp4,0.076583171,1.519243754
3110043O21Rik,0.076528953,6.245779878
Cubn,0.076501843,3.376097232
Naaladl2,0.076479504,64.11208643
B230307C23Rik,0.076474734,2.76839973
Kiz,0.076461432,26.97501688
Pla2g4e,0.076306474,19.64888589
AU041133,0.076266266,4.017555706
1600002K03Rik,0.076230753,4.422687373
Gkap1,0.076194232,33.0519919
Suv420h1,0.076005047,20.29034436
Cdkn2d,0.075797007,5.09790682
Ak6,0.07578885,10.3646185
Ermard,0.075779192,35.4827819
Zdhhc4,0.075769898,6.347062795
Ncbp3,0.075745383,16.81296421
Gm3510,0.075661462,3.274814315
Ube2g2,0.075634353,3.308575287
Mrps9,0.075571516,11.27616475
Acaa2,0.075525916,2.903443619
Mdc1,0.075200607,3.20729237
Flt4,0.07511928,1.046590142
Hlcs,0.075111316,20.02025658
Pik3r4,0.075108979,6.448345712
Hdgf,0.075097541,11.14112086
Lrp1,0.07509424,30.79000675
Gm1043,0.075024189,27.11006077
Ikbip,0.074962103,9.520594193
Ska2,0.074848189,4.22012154
Zcchc2,0.07482108,5.671843349
Mrpl21,0.074813995,13.09925726
Gm43989,0.074739753,6.650911546
Erdr1,0.074719751,14.24713032
Mfap3l,0.074707102,8.676569885
1110017D15Rik,0.074705365,7.765023633
Mrpl1,0.074586671,11.47873059
Tstd3,0.074549989,3.477380149
Gm17135,0.074495771,5.435516543
Rtel1,0.074487764,10.16205267
Yod1,0.074468662,5.09790682
Snrnp200,0.074419053,7.86630655
Ddx59,0.074414444,3.038487508
Scp2,0.074116244,3.983794733
BC005624,0.073918162,13.06549629
Amot,0.073899371,2.970965564
Lrmp,0.073883361,0.270087779
Wbp11,0.073769507,9.250506415
Clcn4,0.073733276,11.78257934
R3hdm4,0.073724357,9.115462525
Urm1,0.073630735,9.959486833
Gm26936,0.073519844,1.89061445
Haus4,0.073465626,4.287643484
Asf1a,0.073438517,2.970965564
Zfp277,0.07338373,10.60094531
Rnf26,0.073332428,9.925725861
Lipo1,0.073187867,9.014179608
Tctex1d2,0.073167426,5.570560432
Nlrx1,0.073113208,1.789331533
Gpt2,0.073081736,7.73126266
Supv3l1,0.07303188,5.367994598
Skap2,0.073002284,28.25793383
Nceh1,0.072922351,15.02363268
Noct,0.072901351,9.216745442
Mtf2,0.072850285,31.73531398
Gm15494,0.072815008,5.367994598
Fam63a,0.072787899,3.578663065
Far2os2,0.072679462,2.565833896
Slc39a14,0.072626048,10.80351114
Gm29051,0.072625244,1.856853477
Gm26580,0.072543917,0.101282917
Dner,0.072529221,48.21066847
Zfp771,0.072471958,12.35651587
Cdk9,0.072413645,9.689399055
Glt8d1,0.072411834,22.18095881
Snta1,0.072406249,17.15057394
Lrrfip2,0.072400814,22.11343687
Chst10,0.072232232,10.49966239
Pdlim5,0.072175141,7.900067522
Bbs4,0.072120612,15.56380824
A230050P20Rik,0.072116549,25.75962188
Ikzf2,0.072115692,16.17150574
Fancm,0.072048932,7.528696826
Arhgef37,0.072001735,3.983794733
Sag,0.071893299,2.565833896
Nup107,0.071735093,9.047940581
Srsf1,0.071708787,27.98784605
Commd2,0.07156799,2.970965564
Tmc2,0.071486662,1.553004727
Nosip,0.071459553,4.355165429
Fgd1,0.071436796,8.879135719
Rnf135,0.071388416,0.911546253
Mcm3ap,0.071356187,7.967589467
Klhl3,0.071319023,13.80823768
Usp39,0.071296899,5.401755571
Scn7a,0.07126979,3.781228899
Fip1l1,0.071166198,21.77582714
Gipc2,0.071164269,7.056043214
Pck2,0.071134244,7.629979743
Rars,0.071107135,6.178257934
Gpr156,0.071080026,8.609047941
Opa3,0.071074945,8.811613774
Lrrc28,0.070857397,15.46252532
Ttc9,0.070823181,7.967589467
Ednra,0.070808935,1.417960837
Upf3b,0.070784474,18.16340311
Tbc1d24,0.070777667,11.3436867
Uggt2,0.070721787,33.08575287
Sipa1l2,0.070700499,7.494935854
Adgra1,0.070699813,17.96083727
Lactb,0.070646281,5.503038488
Sdhb,0.070624681,24.13909521
Cfdp1,0.070566979,27.6839973
Spata24,0.070537844,3.64618501
Spen,0.070515548,10.90479406
1700029H14Rik,0.070483626,0.945307225
Mlx,0.070456517,5.638082377
Slc39a6,0.070440835,9.790681972
G0s2,0.07037519,3.173531398
Slc3a2,0.070331455,20.96556381
A930015D03Rik,0.070235196,52.32950709
C030005K15Rik,0.070127119,0.168804862
Vps50,0.070075586,20.1215395
Mrgpra2b,0.070049881,3.072248481
Fbxo32,0.070022772,2.059419311
Hus1,0.069968553,1.958136394
Hecw1,0.069922235,59.18298447
Rab11fip5,0.069912995,7.663740716
Dhx29,0.069893626,9.284267387
Enkd1,0.069887226,2.937204591
Cstf2,0.069835345,20.18906144
Rab3gap1,0.069692006,26.50236327
Nin,0.069663825,20.89804186
Rrp12,0.069643244,3.578663065
Galnt14,0.069574352,23.36259284
Dnmt3a,0.069559773,62.15395003
Nab1,0.069399263,6.819716408
Ssbp4,0.069372036,19.00742741
Rbm42,0.069345044,6.212018906
Mtfr1,0.069209499,3.072248481
4932443L11Rik,0.069128172,4.017555706
Rabggta,0.068938408,4.422687373
Ino80dos,0.06885916,24.07157326
Faim,0.068825513,8.845374747
Fam111a,0.068768722,10.39837947
2610301B20Rik,0.068743671,9.18298447
Atad2,0.068724044,5.840648211
Mrps28,0.068588134,11.61377448
E130309D02Rik,0.06858599,3.173531398
Trappc9,0.068576482,31.93787981
Rbck1,0.068439221,8.30519919
Emsy,0.068438171,26.16475354
Erp44,0.068383653,18.26468602
Irf2,0.068226476,23.97029034
Eif2b4,0.06819062,12.49155976
Casd1,0.068146649,14.01080351
9130011E15Rik,0.068011747,38.6563133
Nr2c1,0.068011007,8.946657664
Gne,0.06791523,6.752194463
Dnaaf5,0.067860551,5.806887238
Ndufaf5,0.067850958,12.05266712
Aig1,0.06784309,53.91627279
Ptbp1,0.067745608,6.043214045
Zfp866,0.067637172,5.030384875
Sepsecs,0.067582954,6.752194463
Aars,0.067556906,14.28089129
Nif3l1,0.06742552,10.19581364
Adss,0.067372373,14.48345712
Thumpd2,0.067257645,4.490209318
Hspd1,0.067223354,11.81634031
Ncapd2,0.067203834,6.41458474
Ddx56,0.067203427,4.08507765
Higd1a,0.067200232,16.67792032
Zic5,0.06709499,1.485482782
Etfa,0.067091785,28.62930452
Fbxo17,0.067040772,3.004726536
Rpl31,0.067013663,3.241053342
Mvb12b,0.066971054,26.13099257
Tnfaip8l3,0.066915013,0.945307225
Tubgcp6,0.066906556,7.765023633
Tifa,0.066878118,6.718433491
Eftud2,0.066865136,18.77110061
Mocs1,0.06679679,6.178257934
Gdpd1,0.066724767,25.1181634
Zfp553,0.066688354,6.043214045
Vps37c,0.066634136,4.118838623
Lztfl1,0.066562016,18.5347738
Fbp1,0.06649859,1.620526671
Vps11,0.06649546,9.925725861
2810403A07Rik,0.066481193,26.60364619
Klhl2,0.066408066,23.19378798
Klhl12,0.066343707,17.75827144
Lysmd3,0.066335936,4.152599595
Gripap1,0.066307315,26.94125591
Fkbp4,0.066218259,14.95611074
Cacna2d2,0.066171974,35.21269413
Actr8,0.065910026,8.203916273
Copb2,0.065847972,8.001350439
Dnajc16,0.065820863,6.684672519
Ublcp1,0.065815375,7.900067522
2210414B05Rik,0.065793754,3.612424038
Zcwpw1,0.065766645,1.89061445
Ngly1,0.065762593,10.09453072
Lrrn2,0.065727166,20.35786631
Zfp180,0.0656311,3.882511816
Mob2,0.065548936,16.10398379
Inca1,0.065387118,3.274814315
Cpsf3,0.065326179,11.68129642
Ulk3,0.065278681,5.604321404
Eml1,0.065125385,21.74206617
D930032P07Rik,0.065061809,0.979068197
Suds3,0.065058164,9.959486833
Fam171b,0.065008898,27.88656313
Mcu,0.065007205,28.32545577
Gata4,0.064980481,1.823092505
Fto,0.064877748,50.06752194
Cfap36,0.064869001,25.75962188
Sec22b,0.0647365,7.393652937
Pacsin1,0.064686291,55.26671168
C630028M04Rik,0.064600954,1.924375422
Gm13936,0.064573845,2.397029034
Arhgap31,0.064546736,6.684672519
Snrpb2,0.064492518,5.401755571
Hpcal4,0.064411191,4.96286293
Col4a6,0.064329863,2.160702228
Tmem131,0.064322874,22.65361242
Gk,0.064271529,16.07022282
2300009A05Rik,0.064194318,7.933828494
Sdpr,0.064167209,1.350438893
E2f4,0.064112991,4.692775152
Mpc1,0.063922123,31.87035787
Tsen54,0.063896118,3.781228899
Gm14139,0.06384337,0.033760972
Atxn7l2,0.0638419,3.983794733
Aktip,0.063725553,22.65361242
Med4,0.063597918,8.507765024
P4htm,0.06351688,24.54422687
Pik3r2,0.063516591,5.334233626
Tjp2,0.06344848,6.009453072
D930048N14Rik,0.063385125,2.126941256
Pdxdc1,0.063374721,24.54422687
Slc25a12,0.063306042,36.79945982
Sstr2,0.063299718,6.313301823
Safb,0.06327546,25.35449021
Nudt16l1,0.063272609,5.09790682
Anks6,0.063218391,3.612424038
Metap1d,0.063205303,21.26941256
Mrpl47,0.063185075,8.203916273
Frmd4a,0.063101358,91.12086428
Napepld,0.063082845,4.52397029
Sos2,0.063082052,29.47332883
Zfp652,0.063064269,28.56178258
Sdhc,0.063045221,13.90952059
Gm15818,0.062991206,12.9304524
Gm38155,0.0629473,6.988521269
Zfp617,0.062865973,5.266711681
Ncdn,0.062855918,15.76637407
Dgcr14,0.062838864,2.464550979
Rtf1,0.062817575,26.60364619
Them7,0.062757536,1.012829169
Uck2,0.062715967,10.49966239
Slc35f6,0.062676209,3.409858204
Sord,0.0626491,4.422687373
Gm37020,0.062630789,0.168804862
Zfp454,0.062594882,1.012829169
Twf2,0.062526107,7.832545577
Socs2,0.062440213,11.37744767
Crybb3,0.062434393,0.675219446
Rfesd,0.0623509,6.144496962
Slc22a27,0.062296682,7.461174882
Pim2,0.062241638,12.52532073
Ogfod2,0.062215355,5.806887238
Fshr,0.062188245,5.469277515
Zfp169,0.062168811,12.72788656
Ripk2,0.06215001,9.723160027
Gm20721,0.062134027,3.511141121
Pyroxd1,0.062106918,6.144496962
Agpat3,0.062038186,15.05739365
Gm17296,0.061971373,4.996623903
Mfi2,0.061862936,0.540175557
Map3k1,0.061781609,6.954760297
Gm15860,0.0617545,4.118838623
Dhtkd1,0.061727487,13.09925726
Themis,0.061646064,2.32950709
Elf2,0.061620584,13.20054018
Pxn,0.061618955,6.583389602
Slc39a1,0.061591846,4.422687373
B4galt6,0.061542226,15.25995949
Hormad2,0.061537627,0.911546253
Wdr92,0.061510518,5.030384875
Myadml2os,0.061483409,1.654287643
Ccdc162,0.061448507,8.845374747
Phyhipl,0.061364243,23.02498312
Mmp15,0.061320755,2.565833896
Ppp1r14c,0.061275337,16.57663741
Rabggtb,0.06108656,7.224848076
Ccdc34os,0.061049664,0.844024308
Ints10,0.061018031,16.74544227
Zkscan8,0.060995446,2.903443619
Slc4a1ap,0.060946137,14.58474004
Serinc3,0.060887202,17.42066172
Aldh8a1,0.0608599,0.135043889
Arhgef12,0.060849052,48.17690749
Bag2,0.060670137,3.950033761
Shprh,0.060669708,24.47670493
Bnip3,0.060643028,6.85347738
Fam188b,0.060485958,9.554355165
Lyst,0.060483578,30.55367995
Tbc1d31,0.060472987,9.655638082
Hprt,0.060390685,16.47535449
Srrt,0.060373362,14.07832546
Rfc1,0.060305981,10.80351114
Ovol2,0.0602635,0.540175557
Gm26629,0.060236391,1.147873059
Trmt2b,0.060111351,7.089804186
Pygo1,0.060073737,9.486833221
Sav1,0.060046628,3.038487508
Atrx,0.060033475,48.21066847
Zc3h13,0.059954828,21.60702228
Tmem184c,0.059829755,8.440243079
Yaf2,0.059785516,17.45442269
Zfp280b,0.059748428,5.199189737
Uggt1,0.059703835,13.06549629
Aco1,0.059686213,8.609047941
Psmg1,0.059585773,5.199189737
Clpb,0.059514125,13.50438893
Parp1,0.059504446,6.684672519
Arhgef17,0.059390007,11.10735989
Tuft1,0.059341791,4.929101958
Casp7,0.059314682,3.274814315
Gna11,0.05923284,8.609047941
Slc39a9,0.059194862,14.17960837
Cnih2,0.059152028,6.718433491
Eif2b5,0.059016482,5.773126266
Vwa9,0.058989373,7.29237002
Lrrc17,0.058908046,2.32950709
Gabrq,0.058880937,3.544902093
Tmem108,0.058878493,51.08035111
Itga6,0.058877657,4.794058069
Klhdc1,0.05887755,14.17960837
Timp3,0.058853828,6.515867657
Mrps23,0.058745391,3.004726536
Zfp521,0.058717704,20.62795409
Ctdp1,0.058636955,4.186360567
2310061I04Rik,0.058609224,13.90952059
Gm37245,0.05820321,3.241053342
Zfp157,0.058182189,17.48818366
Gm13402,0.058176101,6.684672519
Tsen15,0.058148992,5.908170155
Atf5,0.058121882,1.856853477
Akap9,0.058079627,38.38622552
Itgb1bp1,0.058040555,2.903443619
9330182L06Rik,0.058016705,33.49088454
Naa16,0.0578536,17.82579338
Fam73b,0.057842527,19.04118839
Eml5,0.057836256,49.35854153
Calm2,0.057697377,67.72451047
D5Ertd615e,0.057633919,4.118838623
Ndufab1,0.05760681,7.933828494
G6pc3,0.057588051,11.10735989
Anxa13,0.057525483,1.215395003
Lyn,0.057487547,22.82241729
Cep70,0.057423649,15.83389602
Fcho1,0.057400174,15.05739365
Irf2bp2,0.05730861,3.747467927
Trub1,0.057227283,9.047940581
Mthfd2,0.057144208,10.39837947
Ppp5c,0.057123402,11.64753545
Tgds,0.056929083,2.430790007
Prkrip1,0.056901974,5.638082377
4930512B01Rik,0.056847755,1.856853477
Zfp445,0.056793537,3.106009453
Tyms,0.056739319,5.064145847
Ldb3,0.05671221,5.570560432
E130308A19Rik,0.056649052,31.39770425
Bbs2,0.056576664,8.541525996
Gm26869,0.056522446,3.20729237
Cyp4f13,0.05641401,2.937204591
Ppt1,0.056362482,33.76097232
Gm8281,0.056332683,4.22012154
Alms1,0.056318115,21.3369345
Tmco1,0.056240432,17.42066172
Pithd1,0.056224246,6.752194463
Rpl22l1,0.056197952,12.15395003
Ercc8,0.056197137,5.671843349
Vps18,0.056142919,4.08507765
Ctps,0.056088701,7.191087103
Mcm9,0.055953155,4.017555706
Fech,0.0559407,8.035111411
Morn1,0.055933207,18.298447
Ifitm7,0.055898937,5.131667792
Gpr18,0.055844719,5.604321404
Mfsd8,0.05581761,5.908170155
Rabepk,0.055766415,8.541525996
Ostc,0.055736283,10.90479406
Sec23ip,0.055709174,8.372721134
2310026I22Rik,0.055546519,2.903443619
Exosc9,0.055410974,5.165428764
A530017D24Rik,0.055356756,3.612424038
Atg2b,0.055343989,14.58474004
Irgm1,0.055242808,0.87778528
Zmat1,0.055064537,24.67927076
Lmo7,0.055058556,3.173531398
Bcar1,0.054950119,8.609047941
4930570G19Rik,0.05492301,11.03983795
Galnt12,0.054895901,1.958136394
Zfp746,0.054777624,7.528696826
1700028J19Rik,0.054733247,0.573936529
Slc25a44,0.054706137,5.064145847
Nqo1,0.054516374,2.059419311
Ankrd50,0.054462156,3.072248481
3010026O09Rik,0.054382619,9.18298447
Rgs17,0.054321969,44.3956786
Shcbp1l,0.054299501,2.430790007
Nhej1,0.054245283,4.287643484
Wdr76,0.054172821,8.912896691
Mpzl1,0.054164567,12.62660365
Cmc1,0.054082628,7.765023633
Kank2,0.05402841,3.713706955
Stt3b,0.054014668,17.15057394
Diablo,0.053982285,11.85010128
Ing1,0.053974192,2.464550979
Ppm1k,0.053952925,9.723160027
Gm11973,0.053947083,1.485482782
Eif4e,0.053927799,23.49763673
Hacd3,0.053914571,31.22889939
Slc4a3,0.053867224,23.09250506
Flywch2,0.053784429,6.482106685
Tmem243,0.053720606,33.99729912
Rabgap1l,0.053644392,68.298447
Irf1,0.053594665,3.072248481
Hiatl1,0.053563043,13.23430115
Rabac1,0.053549087,30.08102633
Nos1ap,0.053545764,18.83862255
Noa1,0.053540447,3.747467927
Mdh1b,0.053513338,0.641458474
Gm3264,0.053486229,1.789331533
Slc25a32,0.053459119,6.482106685
Prss47,0.053394977,0.033760972
Rap1gap,0.053269227,38.01485483
Rab18,0.053174908,10.46590142
Nanos2,0.053156066,0.810263336
Borcs7,0.053025374,9.047940581
Nap1l1,0.052916466,17.45442269
Gm28062,0.052754283,1.080351114
Dnajb4,0.052704556,24.07157326
Usp49,0.052645847,3.409858204
Ndufs1,0.05257839,25.65833896
Arhgap32,0.052512274,38.75759622
Acyp1,0.052456083,4.388926401
Mcoln1,0.052293429,5.941931128
Sgf29,0.05226632,8.676569885
Cdh12,0.052227494,49.0209318
Zfp667,0.052184992,6.920999325
Nsf,0.052128641,56.88723835
Gm26770,0.052103665,7.765023633
Fam78a,0.052049447,1.012829169
Gm14246,0.051995229,0.776502363
Coq9,0.051938138,9.62187711
Zfp61,0.051751247,4.456448346
Fam195b,0.051744633,9.790681972
Zfp598,0.051724138,8.777852802
Eci2,0.051615702,6.583389602
Nkiras1,0.051611435,15.83389602
Slc25a48,0.051588983,0.270087779
Far2os1,0.051561483,0.776502363
1700040L02Rik,0.051534374,4.827819041
Col28a1,0.051480156,1.721809588
Rtn2,0.051425938,4.355165429
Zfp60,0.051398829,7.29237002
Iqgap2,0.05137172,6.245779878
Golga4,0.051361354,21.94463201
Fam133b,0.05135131,23.36259284
Htr2b,0.051344611,2.498311951
Rmi1,0.051317502,1.924375422
Cct3,0.051151921,15.46252532
Lrrc8d,0.051084432,16.23902768
Epm2a,0.051066702,10.60094531
Slc7a8,0.051046411,10.90479406
Rab11a,0.050847879,15.66509115
Psmd9,0.050830192,18.73733964
Paqr7,0.050748211,7.461174882
Map3k4,0.050710747,14.34841323
Uba2,0.050707971,18.66981769
Top1mt,0.050693993,2.599594868
Gm16282,0.050558447,0.87778528
Ubqln1,0.050531692,13.23430115
Brpf3,0.050531338,6.279540851
Ostm1,0.05047712,6.988521269
Cryl1,0.050418903,9.318028359
Fam184a,0.050399362,26.4686023
Fbxo3,0.050382254,18.93990547
Prdx1,0.050352583,19.513842
Mrs2,0.050314465,4.794058069
Rwdd3,0.050206029,5.334233626
Dbndd2,0.05017892,6.684672519
Phactr4,0.050151811,7.663740716
Uhrf1bp1,0.050097593,5.840648211
Foxp1,0.050065799,33.6596894
Itgb5,0.049989156,4.118838623
Gm3002,0.049934938,3.983794733
Triqk,0.04988072,5.671843349
Fstl1,0.049868253,12.86293045
Lypd3,0.049788136,0.033760972
Edc4,0.049745175,7.157326131
Ptges2,0.049663847,4.017555706
Rprm,0.049636738,2.76839973
Ptpru,0.04958252,9.62187711
Iqsec2,0.049504612,21.74206617
Raver1,0.04948356,11.20864281
Bmp2k,0.049474084,5.705604321
Nxpe3,0.049402532,16.37407157
Zswim4,0.049230102,2.734638758
Lman1,0.049067447,8.777852802
Scamp3,0.04898612,8.338960162
Coq3,0.048951261,20.02025658
Tcaim,0.048931902,11.71505739
Gm5570,0.048904793,2.565833896
Hcn2,0.048823466,10.06076975
Aph1c,0.048796357,4.929101958
Dock2,0.048769247,2.734638758
Ctsa,0.048542738,10.49966239
Nudcd1,0.048528128,15.56380824
Matr3,0.048474928,26.26603646
Prr22,0.048416829,1.384199865
Tppp3,0.048374649,15.53004727
Rnf146,0.048335502,9.655638082
Tdp1,0.048308393,9.554355165
Siah2,0.048254175,3.443619176
Hp1bp3,0.048227623,16.74544227
Krba1,0.04809152,10.87103309
Gm4924,0.048064411,3.578663065
Plekhm2,0.048031803,25.52329507
Cables2,0.048010193,3.814989872
Sh3bgrl2,0.047983084,4.08507765
Atp6v1g2,0.047968934,15.39500338
Khsrp,0.047928866,8.710330858
Aggf1,0.047874648,5.570560432
Tmem64,0.047847538,4.490209318
Sncaip,0.047709163,26.16475354
4933406I18Rik,0.047568172,41.05334234
Dnhd1,0.047549339,5.705604321
E430024P14Rik,0.047522229,9.250506415
Zfp651,0.04749512,5.671843349
Pex5,0.047413793,6.515867657
Rabl6,0.047351814,36.05671843
Adal,0.047305357,7.42741391
Cdk19,0.047267271,14.92234976
Scrt1,0.047251139,4.861580014
4930432B10Rik,0.047115593,7.798784605
Tagln3,0.047092579,18.80486158
Sncb,0.04709006,22.14719784
Hmgb1,0.047028102,21.60702228
Prdm16,0.046871611,2.76839973
Gm16541,0.046817393,8.912896691
DHRSX,0.046763175,5.435516543
Calhm2,0.046708957,1.654287643
Hspa14,0.046697423,12.42403781
A930024E05Rik,0.046681848,1.31667792
Stxbp4,0.046660774,21.43821742
Lzts1,0.04660052,7.832545577
Tsnax,0.046596265,11.98514517
Polg,0.046573411,9.216745442
Rbm33,0.046527844,21.50573937
Ccdc34,0.046492084,12.86293045
Usp2,0.046476295,11.47873059
Prcc,0.046464975,9.891964889
Cep104,0.046383648,9.655638082
Enthd2,0.046275211,3.511141121
Trmu,0.046263163,13.87575962
Sgcb,0.046166775,7.900067522
Nom1,0.046160215,9.554355165
Aes,0.046114143,11.68129642
Srcap,0.04603123,7.258609048
Insr,0.046021218,32.30925051
Cox18,0.045922793,7.494935854
N4bp1,0.045734102,14.55097907
Ss18l1,0.04573303,9.250506415
Smyd2,0.045678812,7.73126266
Scn2b,0.045624593,11.64753545
Ak4,0.04543483,2.970965564
Lpgat1,0.04535779,31.22889939
Gm26704,0.045326393,6.887238352
1700007B14Rik,0.045299284,4.827819041
Syt5,0.045190848,14.82106685
Ypel5,0.045163739,6.347062795
Nubp1,0.045109521,4.287643484
Gm28494,0.045055303,9.790681972
Stx1b,0.045039149,16.9480081
Lrp11,0.044894331,17.48818366
Dnajb12,0.044892648,5.435516543
Gm15862,0.04483843,3.20729237
Slitrk1,0.044702884,3.20729237
Prpf18,0.044691865,13.13301823
Vmn2r69,0.044675775,0.067521945
Gm14703,0.044648666,8.035111411
Odf2l,0.044599572,13.67319379
Pak1ip1,0.044594448,6.076975017
Hira,0.044567339,6.347062795
Gdpgp1,0.044458903,1.856853477
Skp2,0.044431794,5.300472654
Eci1,0.044323357,4.422687373
Senp2,0.044207632,23.05874409
Hnmt,0.044160703,8.406482107
Asphd2,0.044133594,7.562457799
Tspan13,0.044005519,25.01688049
Catsperg2,0.043970939,0.270087779
Rab9b,0.04394383,7.629979743
Myo1a,0.043889612,0.844024308
Uaca,0.043862503,2.194463201
Fam160a2,0.043835394,9.655638082
Tbpl1,0.043833035,10.3646185
Dgkk,0.043822651,6.076975017
Gm10406,0.043781175,6.245779878
Syvn1,0.043726957,6.617150574
Aanat,0.043699848,2.059419311
Rsph3a,0.043564303,6.988521269
Gm30667,0.043482975,1.688048616
Dna2,0.043455866,4.929101958
Gm15564,0.043428757,2.970965564
Crkl,0.043401648,6.988521269
9530036O11Rik,0.043294434,11.17488184
Adgrg6,0.043293212,11.54625253
Slc16a6,0.043266103,3.983794733
Txnl1,0.043211885,9.216745442
Skida1,0.04304923,10.83727211
Xrcc6bp1,0.042995012,4.490209318
Mrpl15,0.042913685,8.203916273
Ccdc79,0.042886576,6.617150574
Api5,0.042832357,9.18298447
Dffb,0.042805248,9.047940581
Cgn,0.04275103,9.149223498
5430402O13Rik,0.042723921,5.09790682
Gm36975,0.042714692,17.58946658
1700016C15Rik,0.042696812,0.303848751
Zfp273,0.042642594,4.827819041
Gm3558,0.042615485,2.599594868
Rarg,0.042561267,4.253882512
Hif1an,0.042371503,5.638082377
Timm22,0.042263067,8.777852802
Arf3,0.042259368,19.91897367
Lca5l,0.042235957,8.777852802
Ginm1,0.042208848,10.12829169
Stk36,0.042100412,4.422687373
Krtcap3,0.042046194,1.417960837
Gm15577,0.042019085,2.869682647
Gm13307,0.041964867,1.620526671
Sirt4,0.041883539,8.1701553
Serpinb3b,0.04185643,3.578663065
Dap,0.041829321,2.802160702
Smpd4,0.041826245,9.824442944
Zfp446,0.041775103,3.713706955
Tmem50b,0.041720885,5.266711681
Wsb2,0.041666667,7.191087103
Kdm8,0.041639558,5.469277515
Polr2b,0.04155823,7.832545577
Decr1,0.041531121,2.363268062
Usp38,0.041504012,5.773126266
Ago1,0.041422685,12.05266712
Tgfb2,0.041395576,2.700877785
Bcr,0.041368456,21.03308575
Ric1,0.041225021,19.04118839
Zfp438,0.041205812,9.790681972
Bcas3os2,0.041178703,0.87778528
Dnajb14,0.041161992,16.61039838
Zcchc8,0.041124485,12.05266712
Rundc1,0.041070267,6.819716408
Cpsf3l,0.041043158,9.081701553
Hs3st3a1,0.041016049,1.654287643
Ndufa10,0.040999434,22.34976367
A430046D13Rik,0.040988939,2.363268062
Btbd1,0.040954852,21.50573937
Mtmr10,0.040934721,6.212018906
Stx17,0.040907612,9.959486833
Tab3,0.040880503,7.123565159
Zdhhc14,0.040861273,31.0938555
Dhx15,0.040744958,10.63470628
Slc9a3r2,0.040717849,5.604321404
Ccdc91,0.04066363,10.76975017
Gprasp1,0.040598275,31.97164078
Ufsp1,0.040500976,3.578663065
Gm26608,0.040473867,1.012829169
Tor3a,0.040419649,2.194463201
Mccc1os,0.04036543,1.046590142
Hgsnat,0.040338321,9.62187711
Fads6,0.040311212,5.367994598
Mmaa,0.040284103,11.51249156
Mkl2,0.040243295,33.86225523
Ufl1,0.040175667,9.149223498
Scmh1,0.04013444,57.32613099
Tbl3,0.040121449,10.26333558
Itgbl1,0.04009434,6.380823768
Rnaseh2b,0.040067231,6.954760297
Lrpprc,0.040065783,20.93180284
Gm28050,0.040040121,8.777852802
Phkg1,0.039985903,6.144496962
Mtf1,0.039877467,9.925725861
Lonp1,0.039850358,8.001350439
Gm11508,0.039831953,17.35313977
Scel,0.039823249,3.20729237
Cmya5,0.039741921,1.654287643
Fam160b2,0.039660594,6.110735989
Pqlc1,0.039579267,4.08507765
Rybp,0.039521254,15.96893991
Dalrd3,0.039506183,21.47197839
Slc26a8,0.039470831,6.920999325
Igf2bp3,0.03942894,48.75084402
Rasa3,0.039416612,12.45779878
Tctn3,0.039362394,5.435516543
Gm26816,0.039335285,7.832545577
Golga7b,0.039308176,7.157326131
Gcdh,0.039281067,5.435516543
Stpg1,0.03919974,5.030384875
Lamtor1,0.039172631,8.237677245
Trim39,0.039145522,4.96286293
Gm28807,0.039088248,0.607697502
Gpat4,0.039064194,10.56718433
Gnaz,0.039009976,11.61377448
Cdk5rap1,0.038982867,8.035111411
Gm10419,0.038928649,11.10735989
Shisa4,0.038880369,12.01890614
Deaf1,0.038826666,13.84199865
Txlna,0.038765994,6.347062795
Zfp563,0.038711776,5.908170155
Edrf1,0.038684667,4.557731263
E530001K10Rik,0.038630449,4.861580014
Dhx9,0.03860334,9.891964889
Ppp2r3a,0.038586511,40.81701553
Nfkbia,0.038576231,2.532072924
Zdhhc17,0.038527126,27.00877785
Zbtb49,0.038522013,4.22012154
Ganc,0.038494903,4.861580014
Atp13a1,0.038467794,10.60094531
Adap2os,0.038386467,1.114112086
Ankrd55,0.03835596,30.72248481
Gm43614,0.038347458,0.168804862
Mef2d,0.038346849,18.26468602
Eif2ak2,0.038278031,1.721809588
D630024D03Rik,0.038196704,2.32950709
Fgfr2,0.038190326,58.44024308
Bak1,0.038142485,2.835921675
Ugp2,0.038131873,17.01553005
Apba3,0.038115376,5.469277515
Slc39a13,0.038088267,10.80351114
Plekha8,0.038061158,4.996623903
Fancl,0.038034049,9.014179608
Pigz,0.03800694,4.388926401
2510009E07Rik,0.037952722,11.91762323
Zdhhc6,0.037898504,12.3227549
Agbl3,0.037817176,5.9756921
Gstm1,0.037790067,5.53679946
Pgm2,0.037654522,10.7359892
Cep89,0.037573195,12.49155976
Ism1,0.037491867,2.295746117
Gm8871,0.03741054,1.924375422
Tnr,0.037399499,53.47738015
Ephb3,0.037384533,0.675219446
Egfr,0.037274995,1.114112086
Tnfrsf11a,0.037193667,3.241053342
Hfm1,0.037166558,8.609047941
Kpnb1,0.037139449,7.933828494
Cwc25,0.036976795,4.65901418
Adgrg1,0.036949686,5.266711681
B3galt2,0.036868358,11.41120864
Mob3c,0.036841249,2.32950709
Armc1,0.036759922,8.035111411
Stk26,0.036732813,2.532072924
Grsf1,0.036705704,6.043214045
Dnaja2,0.036678595,10.29709656
Cwc22,0.036651486,11.10735989
Nol11,0.036570158,11.61377448
Pnpla6,0.036556062,15.83389602
Gpr137,0.036543049,6.347062795
Dcp1a,0.03651594,13.74071573
Katnal1,0.036461722,9.655638082
Zfp2,0.036407504,11.24240378
Tdg,0.036353286,6.212018906
Per1,0.036326177,5.09790682
Eml4,0.036232844,29.40580689
Itgb8,0.03621774,6.583389602
9530034E10Rik,0.036190631,4.355165429
Slc31a1,0.036163522,10.87103309
Fis1,0.036136413,11.24240378
Ep400,0.036122306,32.24172856
Rnf208,0.036109304,7.967589467
Nfe2l3,0.036082195,4.490209318
F830045P16Rik,0.036027977,0.844024308
Thap4,0.03591954,10.972316
Intu,0.035838213,5.941931128
Lrrtm1,0.035811104,4.827819041
C2cd2,0.035729777,13.74071573
Prkd2,0.035702668,6.752194463
Ppp1cc,0.035687242,10.56718433
Kcna6,0.035675558,11.17488184
4933404O12Rik,0.035648449,2.667116813
Echs1,0.035512904,7.832545577
Klhl21,0.035485795,1.721809588
Samd10,0.035404468,6.887238352
Epdr1,0.035368236,16.17150574
Pkd1l2,0.035296031,2.194463201
Rgs2,0.035268922,3.477380149
Gm14525,0.035241813,0.540175557
Gm15559,0.035160486,4.895340986
Rita1,0.035133377,4.861580014
Ogdhl,0.035052049,1.789331533
Map3k10,0.034997831,10.76975017
Ahrr,0.034970722,1.215395003
Ipo5,0.034889395,7.562457799
Cdc42se1,0.034835177,2.295746117
Coa7,0.034780959,2.903443619
Furin,0.03472674,6.887238352
Sec11c,0.034701475,13.60567184
Lonrf2,0.034699631,16.30654963
Ttc17,0.034686243,30.82376772
Gm33533,0.034618304,2.295746117
Prr33,0.034591195,0.101282917
Cand1,0.034564086,11.20864281
Tmem67,0.034482759,9.891964889
Spock1,0.034466851,51.99189737
Ranbp1,0.03442854,13.13301823
Bpifb5,0.034374322,0.506414585
Yars,0.034335422,17.11681296
Cacng3,0.034307702,13.94328157
Sars2,0.034292995,5.503038488
Sec61a1,0.034238777,12.15395003
Prkar1a,0.034236365,20.99932478
Psmf1,0.034184559,6.482106685
Tead4,0.03413034,0.810263336
Lrrc19,0.034049013,12.18771101
Fam101b,0.034021904,6.85347738
0610007P14Rik,0.033961329,15.22619851
Tpgs2,0.033940577,6.380823768
Nsun2,0.033913468,12.08642809
Glrx,0.033886359,3.544902093
Nap1l4,0.0338594,19.91897367
Adamts18,0.03385925,5.53679946
Tgfbr3,0.033776529,22.04591492
RP23-114E15.17,0.033750813,2.025658339
Ccdc173,0.033723704,9.284267387
Zfp37,0.033696595,11.27616475
Ppcs,0.033669486,4.355165429
Platr15,0.033642377,0.708980419
Nnt,0.033639558,13.80823768
Pcyox1,0.033615268,10.22957461
Gm13842,0.033588159,0.506414585
Slc22a4,0.03356105,5.941931128
Smarcb1,0.033506831,13.57191087
Cars,0.033505138,17.01553005
Mrps21,0.033344177,13.23430115
Letm1,0.033317068,8.575286968
Bcap29,0.033235741,13.50438893
Lama3,0.033181522,3.20729237
Secisbp2,0.033177781,11.5800135
Mrgbp,0.033127304,5.874409183
Dhx8,0.033018868,5.806887238
Loxl1,0.032829104,3.274814315
Cdc26,0.032801995,14.61850101
Raf1,0.032751046,26.87373396
Jund,0.032747777,7.056043214
Cand2,0.03266645,3.477380149
Pigp,0.032612232,10.12829169
Rnf219,0.032530904,6.41458474
Adcy9,0.032515211,30.99257259
Traf3ip1,0.032476686,6.515867657
Shkbp1,0.032422468,5.469277515
Scamp2,0.032395359,8.609047941
Pin1,0.032314032,8.035111411
Psmb1,0.032286923,15.86765699
4930532G15Rik,0.032259813,7.089804186
Gm19461,0.032232704,6.245779878
Canx,0.032217215,38.62255233
Ucma,0.032178486,2.734638758
Ndufaf7,0.032085571,21.43821742
D930020B18Rik,0.03207005,2.025658339
Nek4,0.032015832,6.650911546
Cmc2,0.031988723,6.482106685
Slc4a2,0.031973758,7.86630655
Gm42950,0.031961614,3.916272789
Ppa2,0.031934504,10.76975017
Atg9a,0.031880286,12.05266712
Gm43824,0.031853177,3.612424038
Emc3,0.031690523,14.34841323
Tyro3,0.031663414,4.422687373
Gpat2,0.031662862,0.067521945
Hltf,0.031554977,10.87103309
Bub3,0.031527868,10.76975017
Mief2,0.031500759,2.937204591
Atp5o,0.031480199,29.5070898
Pcyox1l,0.03147365,3.511141121
Gm13427,0.031419432,9.723160027
Mbtps2,0.031392323,16.91424713
Jade1,0.031365214,6.313301823
Cep63,0.031256777,9.318028359
B4galnt1,0.031229668,7.258609048
Gm11639,0.031202559,1.924375422
Nuak2,0.031148341,0.979068197
Gm42806,0.031067014,0.067521945
Sdr39u1,0.031012795,4.52397029
Pdik1l,0.030931468,4.591492235
Hsdl1,0.030850141,6.347062795
Msh2,0.030823032,9.723160027
Kcnb1,0.030785107,18.70357866
Lrrc4,0.030768814,15.29372046
Mamld1,0.030704444,17.75827144
Pigo,0.030660377,3.477380149
Rpap3,0.030606159,6.819716408
Rsph9,0.030551941,6.482106685
BC017643,0.030524832,3.511141121
Otoa,0.030497723,1.012829169
Mark1,0.030447653,18.06212019
Wdr35,0.030416396,12.18771101
Tubb5,0.030362177,17.5557056
Tfam,0.030335068,5.638082377
Nadk2,0.030307959,5.941931128
Aplp1,0.030208581,38.4199865
Gm12930,0.030199523,1.620526671
Gnai1,0.030182351,19.27751519
Pick1,0.030145305,13.90952059
Crebbp,0.03011782,43.85550304
Lamb1,0.030063977,0.776502363
Sox11,0.030047577,15.83389602
Kif17,0.029955541,12.28899392
Sap30l,0.029901323,3.882511816
Fnta,0.029874214,13.40310601
Zfp457,0.029847105,1.249155976
Nol4,0.029820746,60.02700878
Tmem68,0.029819996,10.56718433
Gpkow,0.029765777,7.967589467
Disp1,0.029711559,8.980418636
Prrt3,0.02968445,3.814989872
Mta1,0.029657341,8.035111411
Mlst8,0.029603123,4.253882512
Neil2,0.029521796,2.700877785
Malsu1,0.029494687,13.7744767
Gatsl2,0.029489402,21.53950034
Map3k2,0.029479304,26.0972316
Erlec1,0.029447897,19.44632005
Rps15,0.029440468,16.9480081
Capza2,0.029359141,10.33085753
Angel2,0.029277814,15.59756921
Tinf2,0.029250705,0.945307225
Atad1,0.029244959,23.12626604
Fam114a1,0.029196487,0.607697502
Zbtb17,0.029169378,4.895340986
Arhgef18,0.029115159,9.925725861
Slc35a1,0.02908805,13.03173531
Gm12973,0.029033832,0.337609723
G3bp2,0.028974179,22.01215395
Ccdc157,0.028925396,5.232950709
Vps39,0.028871178,11.30992573
Gm12092,0.028844069,1.080351114
Zc3h11a,0.028762741,3.106009453
Zfp365,0.028681414,2.734638758
Tbc1d10a,0.028572978,4.726536124
Mrrf,0.028545869,6.178257934
Tnfaip8l1,0.02849165,0.945307225
Zfp131,0.028437432,10.70222822
Atg4c,0.028410323,16.23902768
RP24-402O2.2,0.028383214,0.337609723
Tecpr2,0.028364605,25.82714382
Narfl,0.028328996,4.895340986
Trim41,0.028301887,9.149223498
Cct7,0.028274778,15.22619851
3632451O06Rik,0.028219123,17.58946658
Lzts3,0.028139232,4.490209318
Lmln,0.028085014,12.35651587
Ing3,0.028057905,6.313301823
2700029M09Rik,0.028030796,12.22147198
Mroh8,0.028003687,4.490209318
Rif1,0.027976578,15.32748143
Tcirg1,0.027868141,4.996623903
Osbp2,0.027786814,14.85482782
R3hdm1,0.027711876,66.54287643
Alpk2,0.027705487,2.093180284
Ly86,0.027678378,1.417960837
Arfip2,0.027651269,8.710330858
Fuca1,0.02762416,10.39837947
Xpa,0.027597051,11.71505739
Lyplal1,0.027569941,3.950033761
Gm26861,0.027515723,3.342336259
Smarca5,0.027488614,19.10871033
Il34,0.027434396,3.916272789
Fbxo47,0.02732596,4.253882512
Det1,0.027271741,4.726536124
Epc2,0.027190414,12.05266712
Adgrl1,0.027171859,21.91087103
Tmem65,0.027136196,11.54625253
Mtpap,0.027109087,7.42741391
Zfp810,0.027000651,12.96421337
Fbxo9,0.026946432,12.5590817
Dnajb6,0.026921574,21.16812964
Slc6a8,0.026892214,8.068872384
Creld1,0.026810887,16.50911546
Akap8,0.026781002,29.57461175
Dph6,0.026730021,21.47197839
Mrpl13,0.02672956,5.806887238
Lrp8os2,0.026675342,9.250506415
Ccdc22,0.026648232,3.882511816
Col22a1,0.026594014,1.823092505
Depdc5,0.02658724,36.25928427
Cox10,0.026585814,12.96421337
Tbc1d22b,0.026539796,12.86293045
Ssrp1,0.026512687,9.453072248
Usp6nl,0.026485578,8.440243079
Nadsyn1,0.02643136,4.355165429
Gm16105,0.026377142,6.279540851
Txndc16,0.026350033,17.52194463
Smek2,0.02626281,21.26941256
Pvrl2,0.026241596,3.848750844
Olfm1,0.026214487,15.25995949
Fam46d,0.026187378,1.012829169
Gnb1l,0.026078942,5.300472654
Lypd1,0.026051833,2.532072924
Bclaf1,0.026025581,41.86360567
Fam151b,0.026024723,1.89061445
Tmem242,0.025997614,5.030384875
Glrx2,0.025970505,8.609047941
Katna1,0.025943396,4.861580014
Manea,0.025862069,4.794058069
Sfxn2,0.02583496,6.988521269
Adssl1,0.025807851,3.20729237
Antxrl,0.025699414,0.742741391
Rilpl1,0.025672305,8.879135719
Cep19,0.025645196,9.216745442
Samm50,0.025618087,10.93855503
Rnf144a,0.02553676,8.035111411
Pphln1,0.025509651,9.554355165
Mast3,0.025482542,3.578663065
Ptpn18,0.025455433,2.194463201
Kcnj9,0.025401214,5.09790682
Coil,0.025374105,8.30519919
Arhgap27,0.025346996,1.856853477
Zbtb8b,0.025319887,7.562457799
Mettl7a1,0.025157233,5.671843349
Prr5l,0.024994578,5.503038488
Ilf3,0.024967469,20.35786631
Trappc12,0.024913251,14.61850101
Pkdcc,0.024859033,2.464550979
Tmprss9,0.024696378,1.958136394
Npc1,0.024669269,11.00607698
Pdhb,0.024636211,19.04118839
Cecr5,0.024615051,9.047940581
Rpgrip1l,0.024560833,11.68129642
Upk1a,0.024533724,0.607697502
Cox11,0.024506615,9.453072248
Wdr78,0.024479506,13.80823768
Atp6v1c1,0.024452396,15.69885213
Pxylp1,0.024425287,7.42741391
Ccdc9,0.024398178,3.983794733
Tmem218,0.02434396,4.22012154
Zfp384,0.024289742,5.941931128
Apopt1,0.024262633,14.95611074
Tmx1,0.024208415,10.80351114
Atxn7l3,0.024181306,4.692775152
Rdh5,0.024154196,2.228224173
Svep1,0.024099978,0.979068197
Gm3448,0.024018651,16.20526671
Dtnb,0.023988401,54.55773126
Abcc10,0.023964433,8.811613774
Mapkapk2,0.023855997,6.819716408
Utp15,0.023801778,2.532072924
Epb41l2,0.023774669,9.486833221
Tmem194,0.023720451,5.941931128
Fbxo31,0.023714352,10.46590142
Ppp1r9b,0.023693342,6.313301823
Zkscan16,0.023666233,17.79203241
Exosc7,0.023639124,11.03983795
Sema4b,0.023557797,11.51249156
Neu1,0.023530687,8.372721134
1110019D14Rik,0.023503578,10.26333558
Vamp4,0.023488561,27.88656313
Pstpip2,0.023476469,4.186360567
Myocd,0.02344936,1.114112086
Gm14009,0.023395142,6.887238352
Ywhah,0.023380843,23.70020257
Rbl2,0.023368033,10.93855503
Psma4,0.023313815,6.41458474
Neurl4,0.023286706,6.752194463
Polr1d,0.023259597,6.650911546
Gm3005,0.023232488,3.409858204
Tmem206,0.023205378,4.760297097
Dusp15,0.02315116,11.20864281
Aoc2,0.023124051,1.519243754
Daglb,0.023096942,9.419311276
Ahdc1,0.023069833,15.05739365
Gm44053,0.023042724,2.194463201
Wars2,0.022988506,9.284267387
Tcea1,0.022961397,11.88386226
Cd200r1,0.022934288,0.236326806
Srr,0.022933205,29.81093856
Phyh,0.022880069,10.60094531
Slc9a8,0.022825851,16.10398379
Casc1,0.022717415,1.181634031
Uri1,0.022703362,41.96488859
Snrpg,0.022663197,4.861580014
Kcnh2,0.022608979,6.515867657
Hdac11,0.02255476,18.39972991
Isoc2b,0.022500542,2.430790007
Adam22,0.022472651,56.88723835
Rgs10,0.022446324,7.528696826
Gm16194,0.022419215,0.303848751
Sin3b,0.022337888,13.90952059
Tmem35,0.022310779,5.064145847
Whrn,0.02225656,8.474004051
D130052B06Rik,0.022245763,0.033760972
Gtf3c1,0.022229451,15.93517893
Fbxo10,0.022012579,20.52667117
Gm26767,0.02198547,2.903443619
Pigs,0.02195836,8.1701553
Drc1,0.021877033,11.91762323
Lrrc39,0.021768597,0.87778528
Ppp2ca,0.02168727,12.59284267
Plekhg5,0.021605942,7.562457799
Pdcd7,0.021551724,4.08507765
Plcd4,0.021524615,5.705604321
Mrps35,0.021497506,3.916272789
Slc5a6,0.021470397,4.625253207
Cphx3,0.021416179,2.599594868
Ngfrap1,0.021361961,18.73733964
Fbxo8,0.021334851,17.62322755
Gfm1,0.021307742,5.131667792
Tmem138,0.021280633,9.453072248
Gm37982,0.021253524,5.503038488
Tbkbp1,0.021172197,11.3436867
Sh3bgrl,0.021145088,9.453072248
Pbld2,0.021117979,4.456448346
Zfp1,0.02109087,12.72788656
Hibadh,0.021009542,17.75827144
Rpgr,0.020928215,15.49628629
Bop1,0.020901106,5.908170155
Irs2,0.020873997,4.794058069
Dbt,0.020846888,5.941931128
Hars,0.020765561,10.972316
Hunk,0.020711342,7.123565159
Panx1,0.020684233,7.326130993
Enpp6,0.020657124,1.080351114
2310040G07Rik,0.020630015,6.920999325
Impg2,0.020602906,4.996623903
Gm3383,0.020575797,2.599594868
Egflam,0.020521579,1.688048616
Tipin,0.020440252,9.858203916
Xrcc6,0.020413142,13.74071573
Gm1305,0.020386033,0.945307225
Copg1,0.020358924,17.52194463
6330416G13Rik,0.020331815,1.417960837
Coro2b,0.02031475,15.49628629
Ackr4,0.020304706,4.118838623
Chek2,0.020277597,1.485482782
Mbtps1,0.020223379,11.14112086
Naf1,0.020169161,4.051316678
Mup2,0.020127119,0.270087779
Tmco4,0.020114943,2.32950709
Sh3bgr,0.020087833,2.599594868
Gcnt4,0.020060724,0.202565834
Styk1,0.020033615,1.384199865
Rap2a,0.019979397,4.152599595
Eef1a1,0.019925179,23.05874409
Klhl23,0.01989807,5.53679946
A830092H15Rik,0.019870961,3.376097232
Syt12,0.019816743,11.10735989
Bivm,0.019789633,6.009453072
Cdh10,0.01977066,59.3855503
Gxylt1,0.019762524,4.96286293
Fam118b,0.019735415,9.453072248
Alg6,0.019654088,10.60094531
Nox1,0.01959987,6.684672519
4933427D06Rik,0.019572761,1.586765699
Uvrag,0.019555792,28.08912897
Uqcrc2,0.019545652,14.65226199
Gbx1,0.019518543,1.181634031
Stk24,0.019464324,7.663740716
Gm14330,0.019437215,1.282916948
Pik3c2b,0.019382997,10.90479406
Mybpc1,0.019355888,1.350438893
Coa3,0.01930167,7.528696826
Syngr1,0.019249499,24.24037812
2010013B24Rik,0.019247452,2.228224173
Neurl1a,0.019193234,13.1667792
Ncs1,0.019167507,19.31127616
Arl6,0.019166124,6.549628629
Rpl19,0.019111906,18.87238352
Cpox,0.019030579,7.191087103
4933436I20Rik,0.01900347,2.295746117
Irf2bpl,0.018976361,5.199189737
Fgfr1op,0.018949252,6.920999325
Lgi4,0.018922143,0.87778528
Brdt,0.018895034,13.84199865
Homer2,0.018840815,11.78257934
Ces5a,0.018732379,1.350438893
Tmbim4,0.018678161,12.59284267
Polr3g,0.018651052,3.20729237
Gm9017,0.018596834,0.506414585
Tdrkh,0.018569725,8.406482107
Pou6f2,0.018542615,20.22282242
Rab36,0.018488397,22.55232951
Nphp4,0.018461288,11.14112086
Xpo4,0.018434179,17.72451047
Ufc1,0.01840707,8.102633356
Pde11a,0.018325743,6.549628629
Frem1,0.018298634,1.924375422
Fam117a,0.018271525,3.511141121
Sh3gl3,0.018244416,11.03983795
Cspg5,0.018221969,20.729237
Phb,0.018190197,6.178257934
Actr3b,0.018163088,9.824442944
Inpp5b,0.018135979,19.31127616
Ccdc174,0.01810887,19.31127616
Fam189a1,0.018097636,40.07427414
Stard6,0.018081761,4.017555706
Pdhx,0.018054652,17.01553005
Idh3g,0.018027543,17.75827144
Hdac4,0.017973325,22.41728562
Cacfd1,0.017891997,6.954760297
Cog6,0.017864888,8.203916273
Vim,0.017837779,2.093180284
Fam110b,0.017756452,19.34503714
Numa1,0.017675125,19.31127616
Ccdc12,0.017648016,19.95273464
Csad,0.017620907,6.347062795
Dnajc4,0.017593797,5.064145847
Cacybp,0.017566688,8.777852802
Tex261,0.017539579,6.988521269
Rdh10,0.01751247,4.760297097
Tomm5,0.017458252,5.401755571
Rcor1,0.017376925,15.39500338
Zfp93,0.017322707,2.802160702
Dnase1l1,0.017268488,1.721809588
Ext2,0.017241379,18.26468602
Gm10644,0.01721427,4.929101958
Vwa5b1,0.017187161,13.06549629
Calm3,0.017160052,18.43349088
Pip5k1c,0.017132943,9.453072248
Ppp2r2c,0.017078725,21.53950034
Rab3il1,0.017051616,1.046590142
Tmed9,0.017010003,25.79338285
Rsph1,0.016997398,3.173531398
Tpcn2,0.016970288,6.515867657
Clock,0.016929234,37.17083052
Znhit6,0.01691607,8.102633356
Sirt3,0.016888961,14.65226199
Pdpr,0.016834743,15.42876435
Chil4,0.016807634,0.135043889
Setd7,0.016780525,20.4929102
Crb2,0.016753416,0.641458474
Meig1,0.016726307,1.046590142
Stk35,0.016699198,3.747467927
Gclc,0.016672088,13.94328157
Fam105a,0.016644979,8.710330858
Azi2,0.01661787,12.86293045
Dmtf1,0.016563652,17.52194463
Hnrnpk,0.016536543,18.87238352
Chgb,0.016509434,23.9027684
Mipol1,0.016482325,20.02025658
Pard3b,0.0164672,38.99392302
Amotl1,0.016455216,6.617150574
Zak,0.016428107,3.308575287
Epo,0.016400998,15.96893991
Cystm1,0.016373889,12.59284267
Zfp770,0.016346779,3.038487508
Ddx21,0.01631967,4.65901418
Gm19265,0.016292561,5.199189737
Tmem167,0.016265452,16.64415935
Tmem128,0.016238343,8.642808913
Mrpl19,0.016211234,4.22012154
Mtr,0.016184125,7.42741391
Gm14798,0.016102798,6.245779878
Cpb2,0.016048579,0.168804862
Snrk,0.015967252,18.50101283
Naa40,0.015891456,28.22417286
Plekhh2,0.015885925,7.73126266
Rhbdf1,0.015858816,2.700877785
AY036118,0.015831707,5.334233626
Nop56,0.015798188,33.79473329
Sult4a1,0.015777489,13.23430115
Ryk,0.01572327,16.40783255
Ergic3,0.015696161,18.77110061
Gnpat,0.015669052,10.63470628
Parp11,0.015641943,9.351789332
Cdc14b,0.015635072,31.76907495
RP23-407N2.2,0.015560616,30.72248481
Mtss1l,0.015533507,9.385550304
Chic2,0.015506398,16.9480081
Actg1,0.015397961,17.72451047
Cd320,0.015316634,5.503038488
RP23-421P23.12,0.015289525,1.688048616
Rnpep,0.015208198,17.82579338
Gm14862,0.015181089,0.135043889
Wbp5,0.01515398,10.39837947
Suclg1,0.015126871,18.5347738
Timm17a,0.015099761,12.99797434
Tmem161b,0.015079566,30.14854828
Tgm4,0.015045543,1.046590142
Rnf126,0.015018434,12.49155976
Bzw2,0.014991325,15.83389602
Vwa5b2,0.014984197,28.86563133
Chchd4,0.014964216,8.237677245
Asb13,0.014937107,7.629979743
Klhl29,0.014926849,51.48548278
Misp,0.014882889,1.789331533
Otogl,0.014801561,0.573936529
Gm16867,0.014774452,3.342336259
Ywhaq,0.014747343,23.76772451
Thoc7,0.014720234,20.15530047
Iqcd,0.014693125,1.45172181
Rara,0.014666016,3.713706955
Tmem150c,0.014611798,16.07022282
Nfyc,0.014597037,25.59081702
Fmnl1,0.014584689,4.996623903
1700007G11Rik,0.01455758,6.684672519
Chd5,0.014476252,22.45104659
Ift88,0.014449143,22.55232951
Slc4a4,0.014422034,28.62930452
Rhobtb2,0.014394925,12.66036462
Gm3696,0.014367816,3.882511816
Vrk2,0.01425938,1.991897367
Tmem189,0.014232271,14.38217421
Tmem246,0.014205162,18.50101283
Zbtb40,0.014178052,9.115462525
Ak8,0.014123834,2.734638758
Cbx7,0.014096725,12.49155976
Gm13830,0.014042507,13.47062795
Tmem143,0.014015398,3.983794733
Nme8,0.013988289,0.43889264
Ighmbp2,0.013934071,3.983794733
Taf9b,0.013906962,2.295746117
Acer1,0.013879853,3.139770425
Fam120c,0.013825634,29.37204591
Kctd3,0.013798525,10.02700878
Carkd,0.013771416,9.149223498
Cep131,0.013744307,4.557731263
Rccd1,0.013717198,7.393652937
Zfp787,0.013690089,4.388926401
Tnrc18,0.01366298,24.57798785
Ankef1,0.013635871,6.785955436
Homer1,0.013608762,15.1249156
Mbnl3,0.013554543,0.472653612
Ercc4,0.013500325,6.178257934
Flrt1,0.013473216,5.705604321
Manf,0.013446107,26.56988521
N4bp2l1,0.013415461,27.88656313
Bloc1s5,0.013391889,2.700877785
Ccr9,0.013310562,3.612424038
Wdr34,0.013283453,15.7326131
Tmed8,0.013229234,10.19581364
Nt5m,0.013175016,8.035111411
Rrbp1,0.013120798,11.47873059
Sod2,0.013093689,9.385550304
Nup205,0.01306658,11.41120864
Sfxn4,0.013039471,13.33558406
Ppp2r5a,0.013012362,5.840648211
Flrt3,0.012958144,11.37744767
Plpp2,0.012931034,1.31667792
Gm10684,0.012903925,14.65226199
Cd200,0.012849707,21.1006077
Nlgn2,0.012822598,12.99797434
Pnpla3,0.012795489,12.62660365
Dus3l,0.012741271,16.07022282
Dap3,0.012714162,8.507765024
Tmem30c,0.012659944,1.45172181
Guk1,0.012632835,8.372721134
Afm,0.012605725,1.856853477
Mccc2,0.012578616,12.25523295
Ak3,0.012551507,5.435516543
Mccc1,0.012524398,23.02498312
Exog,0.012497289,4.760297097
Rasal1,0.01247018,2.059419311
Amd1,0.012415962,12.39027684
Mknk1,0.012361744,7.29237002
Rwdd1,0.012334635,10.39837947
Rsad1,0.012253307,5.131667792
Susd3,0.012226198,0.810263336
Lmbrd1,0.01217198,20.52667117
Zcchc11,0.012158956,49.66239028
Bex4,0.012090653,2.903443619
Tmem123,0.012063544,1.620526671
Ergic1,0.012036435,22.38352465
Abcb7,0.012009326,19.27751519
Rab3ip,0.011982216,8.035111411
Zfp92,0.011900889,1.654287643
Pgm1,0.01187378,3.409858204
Rspo2,0.011864407,4.760297097
Rtkn,0.011846671,15.59756921
Tha1,0.011819562,1.721809588
Gm28043,0.011765344,4.96286293
Tmem196,0.011738235,24.03781229
Kcnab2,0.011711126,9.62187711
Slc12a9,0.011656907,7.967589467
Myh6,0.011629798,2.700877785
Rnf169,0.011602689,21.94463201
P3h4,0.01157558,2.363268062
Nek11,0.011548471,4.895340986
Pianp,0.011521362,15.05739365
Pttg1ip,0.011494253,4.996623903
Adcy3,0.011440035,14.92234976
Usp11,0.011385817,17.11681296
Slc30a5,0.011331598,11.78257934
Cnbd2,0.011304489,16.84672519
Ypel4,0.011250271,18.70357866
Gm27188,0.011196053,7.933828494
Spred1,0.011168944,15.83389602
Lrp8,0.011114726,17.62322755
Grin2d,0.011087617,9.318028359
Speg,0.011060507,12.59284267
Plbd2,0.011033398,8.1701553
Nsmaf,0.01097918,15.19243754
Fam160b1,0.010952071,4.08507765
Mettl25,0.010924962,12.66036462
Bzrap1,0.010870744,24.07157326
Ptgis,0.010843635,0.945307225
Zbtb1,0.010816526,3.747467927
Kdm4d,0.010789417,5.739365294
Cxxc5,0.010735198,8.068872384
Ly75,0.010708089,2.228224173
Ttc19,0.010694454,35.71910871
G3bp1,0.01068098,14.58474004
Myom3,0.010653871,0.540175557
4930595D18Rik,0.010599653,2.734638758
Tmem107,0.010572544,6.515867657
Gpr165,0.010518326,1.31667792
Cpne6,0.010491217,8.912896691
Cep162,0.010464108,13.43686698
Crabp1,0.010436998,0.472653612
Ankrd26,0.010409889,13.63943282
Entpd6,0.01038278,10.972316
Cds2,0.010328562,24.5104659
Clic6,0.010301453,0.540175557
Adam9,0.010274344,6.178257934
Mecp2,0.010269424,31.66779203
Gm2974,0.010193017,0.911546253
Ap1b1,0.010165908,15.02363268
Tmem192,0.010138799,6.785955436
Adcy6,0.01008458,5.604321404
Gprin3,0.010057471,16.77920324
Cox7a2l,0.010030362,10.12829169
Ltbp1,0.009976144,3.64618501
Pbx4,0.009949035,15.90141796
Tacc2,0.009894817,17.15057394
Taf3,0.009867708,23.9027684
Pus1,0.009813489,3.544902093
Clec2l,0.009759271,4.929101958
Plet1,0.009732162,0.405131668
Foxk1,0.009705053,7.765023633
Usp17le,0.009677944,0.067521945
Wdr90,0.009623726,3.342336259
Cxxc1,0.009596617,5.705604321
Gm11884,0.009542399,2.835921675
Cenpp,0.00948818,20.42538825
Slc25a17,0.009433962,6.076975017
Slc27a4,0.009352635,7.933828494
Lemd2,0.009325526,8.372721134
Hagh,0.009298417,16.7116813
Efnb2,0.00921709,5.638082377
Ppp1r37,0.00918998,14.31465226
Aox2,0.009162871,1.823092505
Pxdn,0.009108653,7.765023633
Armc2,0.009081544,8.575286968
Cnbp,0.009054435,14.24713032
Usp3,0.009027326,11.88386226
Tmem91,0.009000217,24.30790007
Zfp30,0.008973108,5.9756921
Phf7,0.008891781,3.814989872
Kcng3,0.008864671,3.848750844
Atp13a5,0.008837562,7.562457799
Zfp110,0.008810453,7.697501688
1110046J04Rik,0.008783344,17.65698852
Iqsec1,0.008769967,34.77380149
Gpr85,0.008756235,7.697501688
Fam98c,0.008729126,8.30519919
Nudcd3,0.008728097,41.25590817
Kif13a,0.008702017,29.23700203
AI429214,0.008674908,0.101282917
Fam167a,0.008593581,1.620526671
Tlr4,0.008566471,2.093180284
Gm44119,0.008539362,0.810263336
Tada1,0.008512253,4.96286293
Gpx4,0.008485144,20.25658339
Mylk,0.008458035,1.89061445
Anln,0.008430926,7.663740716
Adar,0.008403817,29.13571911
Hivep1,0.008376708,8.1701553
Kif22,0.008349599,2.734638758
Zfp692,0.008336275,32.00540176
5330439A09Rik,0.00832249,1.45172181
Anks1,0.008295381,19.58136394
Mettl15,0.008268272,15.76637407
Ppib,0.008241162,16.17150574
Umad1.1,0.008214053,2.059419311
Vdac1,0.008186944,14.01080351
Tmem127,0.008132726,8.676569885
1700111E14Rik,0.008078508,8.642808913
Shank3,0.008051399,17.85955436
Poc5,0.00802429,2.261985145
Sub1,0.007997181,12.45779878
Ncan,0.007970072,5.030384875
Smg9,0.007915853,10.7359892
Trnp1,0.007888744,6.009453072
Rad51c,0.007861635,5.874409183
4930429D17Rik,0.007834526,1.553004727
Adpgk,0.007807417,5.131667792
Usp36,0.007753199,14.17960837
Pnpla1,0.007698981,5.064145847
Alpk1,0.007671872,1.586765699
Tmbim6,0.007644763,18.56853477
Ddx24,0.00763251,42.74139095
Gm11734,0.007617653,0.87778528
Ccp110,0.007590544,5.604321404
Rab28,0.007563435,28.32545577
Stpg2,0.007536326,7.42741391
Wwc1,0.007509217,12.42403781
Pdk3,0.007482108,13.20054018
Jak3,0.00742789,1.080351114
Tmem17,0.007373672,6.076975017
Cpsf2,0.007346563,3.848750844
Slc37a4,0.007319453,4.017555706
Ctnnbl1,0.007292344,23.93652937
Psd2,0.007238126,9.858203916
Zfp346,0.007183908,17.01553005
Lrrd1,0.00712969,1.856853477
Cacng7,0.007102581,24.44294396
Mboat7,0.007075472,16.30654963
Glo1,0.007048363,7.596218771
Azin2,0.007021254,14.41593518
Abcb9,0.006994144,12.05266712
Slc16a11,0.006967035,31.66779203
Trps1,0.006952682,50.94530722
Gab3,0.006939926,12.39027684
Ido2,0.006912817,0.810263336
Apoo,0.00683149,14.58474004
B3galnt2,0.006804381,8.1701553
Cd63,0.006777272,6.785955436
Hacd1,0.006750163,23.22754895
B2m,0.006723054,8.068872384
Gm10848,0.006695944,4.253882512
Ccdc62,0.006668835,6.279540851
Las1l,0.006587508,19.24375422
Syt10,0.006560399,10.06076975
Grtp1,0.00653329,2.363268062
Aebp1,0.006506181,1.181634031
Smap2,0.006479072,13.7744767
Ispd,0.006397745,33.18703579
Tex9,0.006370635,13.20054018
St6galnac6,0.006343526,8.1701553
Col6a3,0.006289308,0.675219446
Nt5c3b,0.006262199,6.85347738
Pi4kb,0.00623509,22.58609048
C2cd3,0.006207981,19.91897367
Prdm2,0.006180872,17.35313977
Cd2ap,0.006153763,20.52667117
Hadhb,0.006126654,13.5381499
Slc46a3,0.006099545,4.186360567
Zmiz1,0.006072435,24.91559757
Dynll1,0.006045326,21.60702228
Gm12665,0.005991108,1.147873059
Gm29502,0.005963999,3.882511816
Taf5l,0.00593689,3.882511816
Ccbe1,0.005932203,9.723160027
Arl14ep,0.005909781,6.684672519
1700108J01Rik,0.005882672,3.409858204
Chid1,0.005855563,11.71505739
Lrp3,0.005828454,6.549628629
Gm21972,0.005801345,3.20729237
Phtf1,0.005774236,23.05874409
Aard,0.005747126,2.667116813
Srsf4,0.005720017,11.30992573
Cd247,0.005665799,0.540175557
Scarb2,0.00563869,15.76637407
Mok,0.005611581,17.72451047
Pdzd8,0.005557363,10.66846725
Adck4,0.005530254,12.39027684
Rps6ka6,0.005503145,2.937204591
Gm805,0.005476036,1.249155976
Bbof1,0.005421817,16.84672519
Aatk,0.005394708,25.15192438
Iscu,0.00534049,15.02363268
Trim80,0.005313381,0.202565834
Nim1k,0.005286272,10.90479406
Ephb6,0.005259163,6.684672519
Rnf5,0.005232054,4.557731263
Gbp8,0.005177836,1.215395003
Gdpd3,0.005150727,6.178257934
Wipf2,0.005096508,25.08440243
Armc4,0.005069399,4.895340986
1700080N15Rik,0.005015181,4.253882512
Creld2,0.004988072,4.051316678
Trappc13,0.004933854,11.98514517
Slc7a4,0.004879636,5.638082377
Capn9,0.004852527,0.573936529
Pou2f1,0.004825417,31.33018231
Mss51,0.004798308,3.64618501
Lrrc4b,0.004771199,15.83389602
Zhx2,0.00474409,6.482106685
Ttc39b,0.004662763,14.04456448
Akap11,0.004635654,28.83187036
Vstm5,0.004608545,11.47873059
5330417C22Rik,0.004527218,35.01012829
Sp4,0.004500108,16.13774477
Ccdc191,0.004418781,15.25995949
Slc23a2,0.004391672,25.21944632
Galnt10,0.004364563,11.00607698
Usp54,0.004337454,11.47873059
Osbpl7,0.004310345,7.629979743
1700030K09Rik,0.004283236,16.7116813
Pik3r1,0.004256127,18.5347738
Csrp2bp,0.004229018,7.967589467
Teddm2,0.004201908,9.047940581
Cpa3,0.004174799,0.540175557
Crtc1,0.00414769,13.90952059
Ap4s1,0.004120581,18.26468602
Dhrs11,0.004093472,4.118838623
1700024B05Rik,0.004066363,12.05266712
Ypel3,0.004039254,26.50236327
Hdhd2,0.004012145,7.900067522
Slc38a1,0.003957927,29.270763
Disp2,0.003930818,20.39162728
Efcab7,0.003903709,5.09790682
9530077C05Rik,0.003795272,10.29709656
Lrriq3,0.003768163,1.688048616
Scamp5,0.003741054,16.44159352
Tmem11,0.003686836,6.380823768
Ppip5k1,0.003659727,31.26266036
Adam8,0.003632618,2.261985145
Tapt1,0.003605509,13.5381499
Cntnap1,0.003578399,11.81634031
Errfi1,0.00355129,3.679945982
Cnga3,0.003524181,0.810263336
Chchd7,0.003469963,11.68129642
Orc5,0.003442854,16.74544227
Mov10l1,0.003415745,1.114112086
Tspan6,0.003388636,5.401755571
Gm10681,0.003307309,1.688048616
Gm20629,0.0032802,6.347062795
Slc25a3,0.00325309,30.01350439
Pkm,0.003198872,38.31870358
Rell2,0.003171763,13.70695476
Pfn2,0.003144654,12.96421337
Cenpm,0.003117545,0.607697502
Cdc25b,0.003063327,3.983794733
Map7,0.003036218,24.34166104
Dclk3,0.003009109,3.747467927
H3f3b,0.00295489,25.62457799
Foxo1,0.002927781,3.848750844
Pycard,0.002900672,8.710330858
Ctsz,0.002873563,4.726536124
Sppl2b,0.002846454,11.00607698
Cdh9,0.002819345,22.6873734
Zcchc18,0.002800844,53.47738015
Tespa1,0.002792236,1.75557056
Mapkbp1,0.002765127,17.28561783
RP23-449M8.6,0.002754237,0.101282917
1110008P14Rik,0.002738018,7.629979743
Pls1,0.002710909,8.879135719
Zfp697,0.0026838,12.5590817
Tmem147,0.002656691,13.60567184
Nmnat1,0.002602472,1.789331533
Shroom3,0.002575363,4.490209318
Rufy1,0.002548254,22.72113437
Bahd1,0.002521145,1.688048616
Lemd1,0.002494036,11.00607698
Tsga10,0.002466927,15.53004727
Ttc21a,0.002439818,1.215395003
Cox6c,0.002412709,27.38014855
Atp6v1d,0.0023856,17.69074949
Myrf,0.002331381,1.553004727
Bspry,0.002304272,0.87778528
Usp46,0.002277163,11.54625253
Cdkal1,0.002250054,34.06482107
Ctsf,0.002222945,8.372721134
Slc20a2,0.002195836,10.49966239
Sgpp1,0.002168727,7.697501688
March4,0.002114509,19.91897367
Gng7,0.0020874,3.781228899
Hr,0.002060291,1.417960837
Tubb2a,0.002033182,20.32410533
Sort1,0.001951854,20.02025658
Ttc39c,0.001924745,8.710330858
Abhd14a,0.001870527,4.591492235
Kank1,0.001816309,4.65901418
Tex15,0.0017892,2.700877785
Ctbp1,0.001762091,9.047940581
Dpy19l2,0.001734982,2.802160702
Abhd17a,0.001680763,5.030384875
Net1,0.001653654,1.89061445
Bdkrb2,0.001626545,2.261985145
Gm43597,0.001599436,3.409858204
Atp5a1,0.001572327,19.513842
Btbd11,0.001545218,30.75624578
Ano8,0.001518109,3.308575287
Flt3,0.001491,13.06549629
Gm11744,0.001463891,1.417960837
Gnb5,0.001409673,8.946657664
Ctbp2,0.001382563,2.059419311
Fam126b,0.001355454,26.7049291
Cep128,0.001328345,5.165428764
1700029J07Rik,0.001301236,3.916272789
Snn,0.001274127,3.173531398
Pdzd2,0.001219909,20.15530047
Ttc3,0.001219191,80.79000675
Frmd3,0.0011928,37.74476705
Ndufa9,0.001165691,8.74409183
Arhgef4,0.001138582,13.06549629
Il6st,0.001111473,7.596218771
Galns,0.001084363,14.71978393
0610043K17Rik,0.001057254,5.874409183
Cfap77,0.001030145,3.038487508
Stx18,0.001003036,17.9270763
Ddb2,0.000975927,17.21809588
Pld3,0.000948818,26.29979743
Slc2a3,0.000921709,23.16002701
Snx19,0.0008946,6.076975017
Gucd1,0.000867491,8.642808913
Ptch1,0.000840382,12.79540851
Ccdc149,0.000786164,10.93855503
Tmem260,0.000731945,19.17623228
AU019990,0.000704836,2.363268062
Ccdc127,0.000677727,4.692775152
Tmem38b,0.000623509,3.848750844
Igf2bp2,0.000569291,1.89061445
Snx24,0.000542182,19.10871033
Adcyap1r1,0.000487964,9.554355165
Pcsk4,0.000460854,2.093180284
2610042L04Rik,0.000433745,0.675219446
Gm29114,0.000406636,2.160702228
Aldh1a3,0.000352418,0.371370695
Tmc4,0.000325309,10.83727211
Clptm1,0.0002982,17.15057394
Tbc1d2b,0.000243982,5.705604321
Eef1g,0.000216873,15.90141796
Ap1s2,0.000162655,9.047940581
Col4a4,0.000135545,1.586765699
Prps2,0.000108436,1.958136394
Enkur,8.13273E-05,1.721809588
Gm26691,5.42182E-05,41.99864956
Gm28876,2.71091E-05,1.147873059