gene,cellex_score,expr_proportion
Ggta1,0.996396286,25.29381707
Myo15b,0.996136649,6.438426162
Tbx3,0.994886625,16.19826265
Tbx20,0.994555068,47.47061829
P2rx2,0.993527003,17.01584057
Ush1c,0.992946148,28.41083291
Samd9l,0.992699676,9.197751661
Tbx2,0.99186334,4.394481349
Tbx3os1,0.9916723,23.8630557
Mill2,0.989851001,37.60858457
Gm27207,0.989495962,1.328564129
Gm26507,0.988755859,5.058763413
Hk2,0.988598101,13.79662749
Samd13,0.988389821,6.642820644
Fbn2,0.988191671,61.52273889
Cyp4v3,0.988184319,21.46142054
Nr4a2,0.987347019,30.76136944
Chrnb3,0.986111707,2.146142054
Bard1,0.985906722,13.28564129
Tgm2,0.98474559,11.24169647
Ppm1j,0.983124906,9.657639244
Qrfpr,0.982390438,23.91415432
Scube1,0.981652107,35.46244251
Myl1,0.981419257,4.190086868
A4galt,0.980579325,33.72508942
Chrna6,0.979845923,10.47521717
Kcng1,0.979405784,17.78231988
Gm12649,0.979336083,9.351047522
Snhg18,0.97810032,5.160960654
Bmpr1b,0.978059792,45.37557486
Gm29374,0.977959068,11.70158406
Cyyr1,0.976889751,28.46193153
Chrna5,0.975825263,10.27082269
Runx1,0.975492758,17.8334185
Gm14264,0.972287405,8.737864078
Sstr5,0.971106651,3.883495146
Gm44031,0.970854152,2.299437915
Slc6a19,0.970548132,2.248339295
Npy2r,0.969929187,20.592744
Plscr4,0.969593628,44.30250383
Gm10637,0.969579473,2.350536536
Sytl2,0.9694985,39.34593766
Vtcn1,0.969065675,6.285130301
Gm43782,0.968370498,0.664282064
Plod2,0.968257562,20.64384262
Slc22a18,0.967753475,2.503832397
Prph,0.967745735,70.72049055
Tm4sf4,0.967657826,10.11752683
Tbx3os2,0.964331125,2.759325498
Kif26a,0.963382895,10.67961165
Cndp1,0.963213777,7.051609607
Met,0.962944615,14.40981094
Tnfsf11,0.962883215,1.430761369
Ifi35,0.962798772,25.85590189
Herc6,0.962699396,24.06745018
Fn1,0.961956832,7.256004088
4930579H20Rik,0.961436382,2.248339295
Itgb6,0.959456698,7.869187532
Trpv1,0.959169209,2.759325498
Myo1b,0.959082762,58.66121615
Abcb1a,0.958277147,6.387327542
Lmo4,0.955882645,46.39754727
Wnt9a,0.955791453,4.59887583
Bche,0.955412673,21.00153296
Slc25a43,0.955255012,9.759836484
Chat,0.954894412,55.39090445
Gm12484,0.954174816,1.788451712
Oxtr,0.954075464,3.219213081
Gm10687,0.95405173,5.876341339
Cav1,0.953899082,3.117015841
Gm10663,0.953021355,0.408788963
Adam12,0.952896423,48.33929484
Jph1,0.951430591,18.14001022
Id1,0.950939129,5.569749617
4931429I11Rik,0.950897406,11.39499234
Ifi27,0.950499955,51.7629024
Isl1,0.950494385,8.942258559
Gm26532,0.948841703,14.30761369
Prokr1,0.948585178,1.226366888
Gm15418,0.946231192,10.32192131
Capn9,0.94601307,2.810424119
Fkbp9,0.945288327,6.642820644
Col5a3,0.944095525,15.17629024
Lrmp,0.943476611,1.686254471
Gm2990,0.943014847,9.402146142
Clic1,0.942728794,24.98722534
Chrna3,0.941817695,27.69545222
Trem2,0.941538371,5.314256515
Nr2f1,0.941456467,20.74603986
Npy4r,0.941303101,1.124169647
Rbm46,0.940795763,1.379662749
Lpar1,0.940688253,13.69443025
Kcnj12,0.939573895,10.06642821
Gm13571,0.939248198,1.48185999
Mtap7d3,0.938483,3.985692386
Magix,0.938424822,1.021972407
Gm26797,0.938369535,3.270311702
Gm28376,0.938367323,31.73224323
Acacb,0.938268969,16.35155851
Ano2,0.937607607,7.818088912
Slc5a7,0.937562079,66.0705161
Mab21l3,0.937331563,5.467552376
Pxmp2,0.937212276,9.299948901
Ccdc152,0.936852909,1.430761369
Plscr1,0.936317016,7.56259581
Asb2,0.935960317,4.343382729
Tmem178,0.935006731,37.35309147
Gm37650,0.932952842,0.664282064
Col4a1,0.931940905,23.55646398
Ccdc170,0.931722515,5.518650996
Eif4ebp1,0.931462804,2.708226878
Plp2,0.930836412,3.372508942
5730559C18Rik,0.930132621,3.730199285
Ntsr1,0.93000877,8.584568217
Dennd2d,0.929667299,6.847215125
Neat1,0.929411018,56.77056719
Gm28836,0.927378212,5.416453756
Mvp,0.927162921,6.489524783
Gm26854,0.926359741,9.0444558
Susd5,0.92570044,5.671946857
Ehd2,0.924010164,4.445579969
Apobec1,0.92391326,8.277976495
Vwc2l,0.923610609,77.61880429
Gm6260,0.923450344,1.839550332
Figf,0.923175119,7.256004088
Cckar,0.923021171,5.671946857
Acadl,0.922914366,23.55646398
A830082K12Rik,0.922090257,49.51456311
Lamb3,0.921788041,9.248850281
Gm16064,0.921732335,0.919775166
6530411M01Rik,0.921717489,2.657128258
Tgfb1i1,0.921658865,5.109862034
Klf10,0.921415987,10.83290751
Ecel1,0.921413889,55.54420031
Onecut1,0.921362313,1.021972407
Prima1,0.921200055,15.5850792
Flnc,0.920908112,3.883495146
Dysf,0.92073598,32.14103219
Trim25,0.920112871,7.256004088
Ar,0.919602129,50.12774655
Vill,0.919230737,1.788451712
Prkcd,0.917682134,11.49718958
Otog,0.917068438,2.197240675
Cd40,0.91702357,6.13183444
Wdr72,0.9170223,6.0296372
Exd1,0.916800373,10.93510475
Gm37035,0.916683198,1.53295861
Esyt3,0.916327316,15.48288196
Lama2,0.915874273,35.9223301
Cdh11,0.915809899,54.11343894
Adamts2,0.915553013,50.48543689
Dkkl1,0.915526031,5.416453756
Id3,0.914803474,9.09555442
Kcnj5,0.914627768,2.708226878
Stx1a,0.913869013,45.52887072
Tsga13,0.912036748,1.328564129
E2f2,0.911226633,2.299437915
Id2,0.909471965,15.38068472
Dgkk,0.90930135,18.44660194
Cebpe,0.909046063,0.919775166
Galnt3,0.908688554,4.445579969
Ucp2,0.908636403,6.182933061
Olfml2b,0.908345141,11.19059785
Rasl10a,0.907959146,6.591722024
Slc12a7,0.90765659,5.212059274
Gm20649,0.906748335,10.98620337
S100a11,0.906478556,12.00817578
Fam150b,0.905957613,8.073582013
Pla2g4d,0.905760638,0.664282064
Golim4,0.904982971,35.25804803
Mcam,0.904813203,17.8334185
Cdk15,0.904775258,4.445579969
C1qtnf6,0.904477513,1.941747573
Gabra1,0.903809474,58.61011753
Rnd3,0.903446466,22.22789985
Pcsk1,0.903073059,43.28053143
Slc47a1,0.902877785,5.058763413
Col6a2,0.902809472,7.971384773
Esyt1,0.902758146,12.87685232
Defb42,0.902596842,1.890648952
Klf6,0.902145439,15.38068472
Tuba1c,0.902098481,1.021972407
4632428C04Rik,0.901892897,4.394481349
Ret,0.901755098,24.93612672
Npffr1,0.900631491,8.686765457
Tiam2,0.900527046,11.90597854
Lmo2,0.899107482,7.715891671
Trim16,0.898632392,3.576903424
Dppa2,0.897833478,0.970873786
Lst1,0.897317704,3.781297905
Rasgrf2,0.896917206,65.04854369
Coro2a,0.896888546,32.29432805
Abcc8,0.896340338,40.11241696
Inf2,0.896184637,6.745017885
Adrb3,0.895795218,2.452733776
Gm27169,0.89510103,1.53295861
Gm14168,0.894701008,2.606029637
Sfxn3,0.894437528,36.1778232
Sema5a,0.893886878,73.07102708
Syt17,0.892673984,54.21563618
Igsf21,0.892363292,32.49872253
Chrnb4,0.891708463,9.657639244
Epb41l4a,0.891022263,26.46908533
Gm4577,0.890443862,3.781297905
RP23-191I16.3,0.890172318,0.664282064
Rdh12,0.889468402,3.781297905
Bean1,0.888950497,26.52018396
Slc18a2,0.888930282,17.5779254
Mroh3,0.888775188,2.043944813
Ppp1r18,0.888098416,3.679100664
Birc3,0.887490742,7.051609607
Rab3d,0.886366383,7.153806847
Itpripl2,0.88625748,1.58405723
Fbxl7,0.88498577,73.3776188
P2ry1,0.884915027,4.292284108
Ddah2,0.884896155,6.745017885
Greb1,0.884172949,9.913132345
Sacs,0.88411644,36.58661216
Mvk,0.884090255,12.11037302
Slc9b2,0.883837373,14.92079714
Lepr,0.88326938,21.00153296
Dgkg,0.881615689,58.55901891
Traf3ip3,0.881343141,1.890648952
Tmem54,0.881302238,1.175268268
Palm3,0.881209307,4.241185488
Gm12023,0.881166179,5.978538579
Stbd1,0.880411262,1.941747573
Plac8l1,0.880096906,4.087889627
Tpmt,0.879178389,10.88400613
Slc6a12,0.879077888,1.58405723
Spink4,0.877584219,0.970873786
Bst2,0.877445855,2.503832397
Trim14,0.877406714,10.01532959
Cmya5,0.877034485,4.854368932
Stat6,0.876703112,4.803270312
Syt10,0.876561351,37.35309147
Wdr62,0.876426179,4.138988247
Hspa12b,0.876300659,11.24169647
Cd59a,0.876149977,16.96474195
Gm13054,0.872768451,2.810424119
Scgn,0.872407619,1.58405723
Best3,0.872399665,1.430761369
Rit1,0.871970017,24.8850281
Fchsd1,0.871580636,9.657639244
1700112E06Rik,0.871521647,50.79202862
D930028M14Rik,0.871198607,3.321410322
Rasa4,0.871186572,22.02350537
Peg12,0.871110601,0.357690342
Bik,0.869807729,0.715380685
Gimap6,0.869091701,3.423607563
H2-K1,0.867696394,14.35871231
Slco6d1,0.866722047,3.0148186
2700038G22Rik,0.866256894,7.920286152
Slc35d2,0.864920277,3.168114461
Slc36a1,0.864459876,14.92079714
Wls,0.862279881,43.48492591
Slc9a2,0.861797453,6.08073582
Cmbl,0.861389851,8.993357179
Gm43878,0.860947884,1.941747573
Wbscr27,0.86014142,16.70924885
Tmem100,0.860079203,7.56259581
Nek8,0.859892992,6.591722024
Crip1,0.857999009,3.730199285
Gm8773,0.857908496,1.941747573
Gm11587,0.857189253,0.970873786
Plin5,0.856633225,2.095043434
Cd9,0.856603378,25.14052121
Trim21,0.856424463,1.175268268
Pim1,0.855277402,8.482370976
4930533B01Rik,0.855060513,2.043944813
Pdgfc,0.854928291,38.52835973
Gm19705,0.854598878,8.993357179
Gucy2f,0.854401017,1.737353091
Ttll8,0.853059728,6.13183444
Kctd19,0.852428336,1.277465508
Gm20700,0.85198993,2.299437915
Slc10a4,0.851842917,9.555442003
Gm13963,0.851536624,14.15431783
Ifi30,0.850803275,3.781297905
C230034O21Rik,0.850775671,4.190086868
Trim36,0.850666344,10.21972407
Fstl3,0.849875293,5.927439959
Gm12022,0.849402975,1.226366888
RP23-291B1.2,0.849191557,7.256004088
Cpm,0.848860638,12.92795095
Ano6,0.847265914,65.30403679
Elmo2,0.84627957,19.11088401
Nrp1,0.845660123,62.90240164
H2-Q7,0.845395761,1.328564129
Zc3hav1,0.845277546,16.60705161
Myh3,0.844992465,13.38783853
Gm10822,0.844700603,5.620848237
Acat3,0.843867042,2.861522739
Myo7a,0.843848196,9.197751661
Acvr1c,0.842874911,6.13183444
Col16a1,0.842819995,13.79662749
Aacs,0.841530394,35.76903424
Treml1,0.841260458,0.408788963
Jam3,0.840352519,49.15687276
Gm30382,0.840023374,62.28921819
Cav2,0.839769386,7.256004088
Abcg2,0.839569707,20.54164538
Kntc1,0.839557118,2.503832397
Phactr2,0.838845766,30.60807358
BC035044,0.837522715,1.839550332
Vwa5a,0.837151528,9.555442003
Tcaf2,0.83542032,2.861522739
Lss,0.835223609,14.86969852
Chst3,0.834689812,3.525804803
Yap1,0.834614859,5.927439959
Sync,0.83458496,17.98671436
Il10rb,0.833388323,3.832396525
Pmp22,0.833190045,9.351047522
Ltf,0.832502591,13.08124681
Slc47a2,0.832439112,4.190086868
Gm28055,0.832316851,5.109862034
Dubr,0.832217441,6.949412366
RP23-428N8.3,0.831666872,0.970873786
Stx2,0.831469569,31.47675013
Ptpn3,0.83018841,41.13438937
Akr1b3,0.829103925,17.93561574
C77080,0.828934353,12.77465508
Cdkn3,0.828835379,6.234031681
Il1r1,0.82811649,3.781297905
Myh14,0.826997181,30.9146653
Mturn,0.826683959,14.5631068
Sufu,0.826402797,34.03168114
Gm14532,0.825901541,10.83290751
Tlcd2,0.825761998,14.51200818
Gm5106,0.825587701,7.971384773
Msn,0.824911377,27.43995912
Adrbk2,0.824818587,35.61573838
Gm13523,0.824530254,0.919775166
Slit3,0.823323763,90.29126214
4930578M01Rik,0.822225848,8.175779254
Myo15,0.821745373,21.1037302
Klf11,0.821663957,2.452733776
Pmfbp1,0.821396484,12.72355646
Mms22l,0.821016167,7.818088912
Zfp820,0.820852385,2.861522739
Oasl2,0.820565956,7.358201329
Gm26885,0.820459847,5.518650996
Fam132a,0.81973829,13.18344405
Cenpa,0.819450976,0.817577925
Abcc4,0.818813365,21.51251916
Irf5,0.818382011,1.737353091
Plekhh1,0.818175047,17.47572816
Pir,0.817871417,17.8334185
C130013H08Rik,0.817759373,1.53295861
Npffr2,0.817424593,26.77567706
Atp10a,0.816470757,23.65866122
Pvt1,0.815818734,57.07715892
Idi1,0.815518846,10.57741441
Shroom4,0.815493186,10.98620337
H2-M5,0.815466847,2.197240675
H2-Q6,0.81493741,1.124169647
Gm15991,0.81450289,5.058763413
Vstm2a,0.81443955,44.35360245
RP23-106P7.5,0.81419324,3.832396525
Nlrc5,0.813172853,3.679100664
Gm28285,0.813059031,12.41696474
Ikbke,0.812358381,2.299437915
Flt3l,0.812086564,22.53449157
Gm42649,0.811716411,28.41083291
Gapdh,0.811693815,4.394481349
Cbfb,0.811368794,34.69596321
Arhgap19,0.810954236,2.197240675
Clp1,0.810834987,8.635666837
Rhbdd1,0.810385116,32.60091978
Pigg,0.809474572,11.49718958
Smad6,0.809361327,1.430761369
Il15ra,0.807738068,14.5631068
Gabrb2,0.807358607,63.77107818
Tusc5,0.806780372,1.48185999
Gm10373,0.806686506,6.234031681
Cklf,0.806480794,29.48390393
Gm28876,0.806342347,3.423607563
Arhgap29,0.806168778,8.686765457
Mvd,0.805656388,9.810935105
Btk,0.805614505,5.109862034
Anxa7,0.804741058,44.50689831
9030617O03Rik,0.804656456,9.453244762
Zim1,0.80378776,27.95094532
Dusp1,0.80265323,4.54777721
Fmn1,0.80215494,65.50843127
Slc1a7,0.802097773,2.810424119
4732456N10Rik,0.802080126,1.788451712
Angpt1,0.80103276,18.54879918
Tex40,0.800889864,1.992846193
4930539E08Rik,0.799686728,2.554931017
A230077H06Rik,0.799004401,8.073582013
Bcam,0.797351235,6.540623403
Pkp3,0.796338206,1.48185999
Prkab2,0.795784931,21.66581502
Gcnt2,0.794129468,32.34542667
Irgm1,0.793027524,2.146142054
Vip,0.792979601,4.138988247
Plekha2,0.792963632,4.241185488
Lgals9,0.792439486,2.912621359
Atp2c2,0.79118917,2.912621359
Lactb2,0.79068338,27.6443536
Dhcr7,0.790407446,21.46142054
Pou3f2,0.789988752,9.299948901
Ablim1,0.789664477,84.56821666
Syne3,0.789244243,7.56259581
Twist2,0.788577384,3.219213081
Elavl2,0.788556942,95.09453245
Ralb,0.788473027,16.96474195
B2m,0.78838751,22.02350537
Frmd8os,0.788308762,1.175268268
Prtg,0.787679753,22.17680123
Mocos,0.787651674,2.759325498
Eif5a2,0.787564554,4.701073071
Gm28401,0.787035659,0.817577925
Slc2a7,0.785684549,2.708226878
Kcna5,0.785618636,8.788962698
Gm14635,0.78540752,6.0296372
Cux2,0.785074638,55.33980583
Pard3bos1,0.785071206,2.912621359
Lnx2,0.785043823,4.752171691
Gm26799,0.784970393,1.021972407
Slc38a11,0.78418722,8.175779254
Ptchd1,0.783708912,47.26622381
Ssc5d,0.782963044,4.54777721
Lgals1,0.782859852,24.83392948
Atic,0.782676236,18.54879918
Ehd4,0.782527291,16.70924885
Cul4b,0.782000376,27.54215636
Inpp5d,0.780657253,3.934593766
H2-Q4,0.780561871,1.992846193
Htr2a,0.780183924,15.27848748
Glipr2,0.780048532,4.445579969
Nphs1,0.779620294,1.226366888
Tmc7,0.779461686,11.24169647
Gm10287,0.779055745,0.817577925
Ehbp1l1,0.779004658,13.43893715
Ncaph2,0.778621009,38.37506387
Ptrh1,0.778501979,2.350536536
Zfp367,0.776255105,9.964230966
Zfp948,0.776204231,29.17731221
Mical1,0.775788923,4.394481349
Akap12,0.775617532,53.90904446
Gm16267,0.775212954,1.53295861
Acsl1,0.774651033,44.9667859
Fkbp5,0.774369066,34.69596321
Adgrl4,0.774202087,5.263157895
2010007H06Rik,0.774098963,1.737353091
A230087F16Rik,0.773591877,18.70209504
Mov10l1,0.773237078,2.708226878
Pdia5,0.773088414,19.77516607
Fat4,0.772741796,22.27899847
Gdpd5,0.772397541,14.61420542
Lrrc75b,0.772194653,8.124680634
Gm28875,0.770983908,2.708226878
Gm13235,0.770873551,0.817577925
Col4a2,0.770514034,30.19928462
Zfp54,0.769881671,7.409299949
Mapk15,0.769668121,6.387327542
BC046251,0.769407935,2.401635156
Onecut3,0.769303537,4.138988247
Pdgfa,0.769110804,27.6443536
Bpifc,0.768623485,0.919775166
Gramd2,0.767488035,8.891159939
Pqlc3,0.766866213,1.073071027
Tnfrsf19,0.766481655,7.153806847
Espl1,0.765827761,1.635155851
Gm13251,0.765357609,1.073071027
Gm12057,0.765054061,16.70924885
RP23-306P12.4,0.764667511,0.510986203
Plcxd2,0.764655243,23.6075626
Ppfibp1,0.763876674,13.38783853
Doc2b,0.763475012,12.8257537
Nrip3,0.76347382,31.83444047
Tagln2,0.762989622,5.314256515
Ssc4d,0.762926866,4.803270312
Gm16000,0.762903658,1.890648952
Tax1bp3,0.762806028,4.752171691
Gm15417,0.761719671,8.788962698
Fam83b,0.761424536,2.248339295
Lrsam1,0.761350173,28.35973429
Fkbp1b,0.761164572,11.08840061
Il5ra,0.760959582,2.452733776
Pole,0.76076165,6.540623403
Nln,0.760157353,29.33060807
Gm29543,0.759487113,2.299437915
S100a10,0.759208219,22.99437915
Gm27016,0.758296581,1.124169647
Anxa6,0.758145475,42.10526316
Rgs2,0.75802898,8.686765457
Nme1,0.757356271,0.05109862
Iltifb,0.757325738,0.510986203
Zfp474,0.756747218,2.759325498
Bcl3,0.756113237,2.095043434
Frmd8,0.755519385,11.95707716
Nudt17,0.755414412,7.102708227
C9,0.754913576,2.861522739
Pik3cd,0.754704992,19.77516607
Card11,0.754146861,3.985692386
Acadvl,0.753686536,34.64486459
Msh5,0.753613874,5.620848237
Ghr,0.753184712,77.66990291
Arhgef10,0.752529501,10.16862545
Mettl4,0.752487207,7.256004088
Pisd,0.751410454,19.97956055
Il1f9,0.750787272,0.05109862
Arfgap3,0.749569582,39.90802248
Zdhhc2,0.74911413,57.5370465
Rfx8,0.748626679,1.073071027
Capn1,0.748546698,9.862033725
Jag1,0.748463434,5.007664793
C030007H22Rik,0.748293162,2.350536536
Abcb1b,0.747524303,16.65815023
4933416M07Rik,0.747253291,9.09555442
Parp4,0.747199289,15.68727644
Ttc12,0.745146723,3.934593766
1700057H15Rik,0.745124635,3.270311702
1700066B19Rik,0.744912058,10.83290751
Parp10,0.744850566,4.138988247
Man2a1,0.744391223,43.07613694
Kcnk13,0.742066087,17.62902402
Gpr12,0.741633847,2.401635156
Acad12,0.741076093,9.657639244
Fam222a,0.739916681,9.402146142
1700015E13Rik,0.739145205,0.153295861
Lbh,0.73879636,11.24169647
Dennd2c,0.738780378,1.788451712
Gm9962,0.738493553,14.40981094
Rnf152,0.738284161,34.90035769
Hmgcs1,0.738238262,41.74757282
Dse,0.737938794,17.98671436
Nr1i3,0.737194989,1.58405723
Pdzrn4,0.736736598,95.19672969
Gm28156,0.735943508,2.095043434
Gm28182,0.735582249,0.613183444
Fkbp14,0.734902707,6.234031681
Dnttip1,0.734837371,35.87123148
Cd151,0.734616612,13.69443025
Gm15457,0.734323976,2.810424119
Trim68,0.733817091,9.606540623
Gm2762,0.733574149,15.73837506
Cyp2c65,0.732941182,0.970873786
Tyw5,0.732934887,18.49770056
Cpq,0.732918576,52.88707205
B3glct,0.732645114,22.73888605
Stat1,0.732449204,12.92795095
AI504432,0.732116994,14.8185999
Gm12976,0.731731746,2.708226878
Gm43122,0.731672908,11.8037813
Mapk11,0.731635767,34.38937149
Sqle,0.729786555,27.59325498
Col8a1,0.729777523,19.46857435
Srd5a1,0.727770654,4.087889627
Elovl7,0.727716747,13.43893715
Dram1,0.727479126,17.47572816
Lrrc51,0.727461088,14.20541645
Hlf,0.727185501,16.35155851
Dleu7,0.726956411,9.555442003
Il3ra,0.726645186,3.117015841
Gab2,0.725549029,78.58967808
Hsd17b7,0.72535418,9.964230966
Ptger4,0.725159029,5.467552376
Fam83h,0.724483794,1.58405723
Trpv2,0.724246433,34.64486459
Ly96,0.723856969,3.321410322
Hcrtr1,0.723842733,5.007664793
Gm16083,0.723727948,59.01890649
Rab39,0.723002053,19.57077159
Klf8,0.722530323,36.4333163
Tpx2,0.722101244,4.701073071
Abcb6,0.721380692,7.61369443
L1cam,0.721242158,42.05416454
Ust,0.719912296,35.20694941
Tas1r1,0.719846389,2.657128258
Dpysl3,0.719420889,65.50843127
Gm12718,0.719116178,7.000510986
Bag3,0.718776822,7.204905468
Gulo,0.71874427,2.401635156
Smagp,0.718478461,1.53295861
Fads3,0.718291171,9.09555442
Cyth3,0.718128613,51.2519162
Slc31a2,0.717220894,11.03730199
Cd55,0.717002151,4.905467552
Zfp947,0.716655883,4.701073071
Rhoc,0.716335597,3.423607563
Lpcat2,0.715380876,23.81195708
2900089D17Rik,0.715105777,2.503832397
Ccdc109b,0.715068477,8.993357179
Layn,0.714203158,3.0148186
Sv2c,0.714179396,47.21512519
Gsta2,0.713800503,2.554931017
Lig1,0.713497715,17.5779254
Cfap61,0.713375332,15.43178334
Nefm,0.71323984,49.15687276
Gm42485,0.712832807,3.883495146
Mapk3,0.712721455,17.42462954
Atp2b4,0.711831106,48.2370976
Sertm1,0.71182519,4.854368932
Akap3,0.711553066,1.226366888
Nelfcd,0.70918226,15.12519162
2310039L15Rik,0.709022847,2.350536536
Sdsl,0.70894959,12.41696474
Gm7694,0.708536662,2.96371998
Gm12536,0.707668303,2.554931017
Adgrl2,0.707305658,54.67552376
Mfsd7a,0.706965588,0.817577925
Gm10814,0.706926822,1.737353091
Clmn,0.706433399,24.93612672
Atp8b3,0.706423356,2.197240675
BC089491,0.70633719,4.343382729
1500009L16Rik,0.705884809,16.76034747
Gm14406,0.70562719,2.095043434
Mndal,0.705374736,2.810424119
Gm2694,0.705105205,11.95707716
Plec,0.70497575,35.36024527
Tgfa,0.704811852,7.051609607
Hnf4g,0.704023283,18.44660194
Tmc3,0.703862612,1.941747573
A930003O13Rik,0.703828115,1.635155851
Slc43a3,0.70312184,0.408788963
Tm4sf1,0.702816161,8.073582013
Gm4425,0.702673829,4.701073071
Nts,0.702166961,8.175779254
Sectm1b,0.701400658,0.204394481
Gm15496,0.701144026,2.554931017
Rbm11,0.699899745,3.934593766
9530059O14Rik,0.699571356,77.46550843
Slc2a6,0.699360171,13.59223301
Rap1gap2,0.699352272,62.08482371
A830005F24Rik,0.698876021,1.430761369
Pdgfb,0.697633356,3.0148186
Tpd52,0.696745601,32.34542667
Rgs11,0.696662904,47.06182933
2500002B13Rik,0.696506749,1.890648952
Gm26569,0.696496688,1.737353091
Slc8b1,0.696271161,6.234031681
Pde8a,0.695880935,8.022483393
1700023F02Rik,0.695839813,1.941747573
Man1a,0.695156977,69.18753194
Sh3yl1,0.694997417,11.95707716
Haus8,0.694343066,9.0444558
Zfp286os,0.694289685,2.095043434
Duox1,0.693304372,2.657128258
Gm26973,0.692671393,0.868676546
Adcyap1,0.692631469,27.23556464
Spsb2,0.69247873,6.285130301
Gm28342,0.691969531,0.919775166
Dab2ip,0.691866901,21.66581502
Flot1,0.691863834,37.45528871
Gm15675,0.691331852,1.941747573
Rnf149,0.690662119,21.3592233
Slc9b1,0.690362391,3.321410322
Klrg2,0.690248933,0.715380685
Slc26a7,0.689948957,1.53295861
D830039M14Rik,0.689124119,0.510986203
Zfp40,0.688116652,33.77618804
Myh9,0.687997384,22.43229433
Zfp536,0.687574798,62.95350026
Gm8257,0.686855351,20.13285641
Zfand2b,0.686684692,15.02299438
Eda2r,0.68660538,2.401635156
6720489N17Rik,0.686270681,12.0592744
Tnfrsf1b,0.686248496,4.701073071
Tcta,0.686067684,19.57077159
Cblc,0.68555502,2.197240675
Wfdc8,0.685290021,2.197240675
Inppl1,0.684676046,5.058763413
Pttg1,0.684154993,16.60705161
Map3k6,0.683989585,1.941747573
Prx,0.683863749,2.759325498
Lama5,0.68370114,4.701073071
Ptbp3,0.682553351,28.92181911
Actg2,0.682356876,1.635155851
Lncenc1,0.681068495,31.42565151
Galm,0.68091999,4.445579969
Rgl3,0.680908803,4.445579969
Arhgdia,0.680667937,22.33009709
Slc25a24,0.680580252,3.06591722
Gm13883,0.680525119,3.934593766
Sez6l,0.679852394,59.37659683
Pld2,0.679134355,7.971384773
Sord,0.678380927,8.584568217
Limd1,0.678365619,9.0444558
Gm13844,0.67707792,5.876341339
Pvr,0.676075313,7.51149719
Gm14444,0.675955903,1.021972407
Mboat1,0.675928995,4.241185488
Vasp,0.675066684,15.43178334
9430020K01Rik,0.67414763,2.912621359
Gm16062,0.673619408,5.160960654
Orc2,0.672704757,49.51456311
Lrguk,0.67263348,14.15431783
Hoxc4,0.672499647,37.35309147
Adgrd1,0.671037114,4.956566173
9230111E07Rik,0.671001144,2.452733776
Gipc1,0.669283625,18.39550332
Abca17,0.668590466,7.409299949
Gm12500,0.668454952,0.664282064
Myo1c,0.668450256,21.00153296
Ccdc40,0.66842467,10.83290751
Gm20754,0.667895339,89.93357179
Osbpl5,0.667602822,13.89882473
1700018B08Rik,0.667499165,1.379662749
Keg1,0.666827279,1.737353091
Nxn,0.666457719,30.55697496
4632404H12Rik,0.666228851,2.861522739
AI413582,0.666178517,16.91364333
Gm29114,0.665305668,5.876341339
4930509J09Rik,0.664786197,50.63873275
1110002O04Rik,0.664421826,0.562084824
Plcd1,0.664349192,7.664793051
Bbc3,0.664191624,4.241185488
P2ry10,0.663201674,0.05109862
3300002A11Rik,0.662972405,24.22074604
Hps1,0.6626484,19.36637711
Slc7a1,0.662379972,17.42462954
Acadm,0.662197918,11.85487992
Arl14epl,0.66212736,0.255493102
Sertad3,0.661483988,2.810424119
Gm15486,0.661202276,0.664282064
Pyurf,0.661173287,5.416453756
Tapbpl,0.660329217,3.781297905
Sox4,0.660111186,9.657639244
Nell1,0.659888011,82.01328564
Btg2,0.659386965,4.905467552
Prr5,0.658873707,8.533469596
Lrrk2,0.657846438,24.1185488
Actn3,0.657084878,3.730199285
Fxyd7,0.657007617,24.42514052
Rtn4rl2,0.656979076,0.153295861
Gm26771,0.655864548,6.898313746
Tnfsfm13,0.655835176,0.664282064
Kcp,0.655751242,2.96371998
H2-DMa,0.655366725,4.241185488
Kcng3,0.655278599,11.08840061
Stx4a,0.655130763,27.54215636
Tes,0.654688471,9.759836484
Pip4k2a,0.654638589,31.52784875
Stat2,0.654563424,22.58559019
Pard3b,0.654486984,77.05671947
Inhbb,0.654091557,1.686254471
Snx10,0.653952647,46.65304037
Selenbp1,0.653489472,5.671946857
Got1l1,0.653101951,1.635155851
BC030343,0.652974522,2.657128258
Rph3al,0.652920586,24.73173224
1700061I17Rik,0.652105001,13.33673991
Zbtb7c,0.651523811,27.8998467
Gm17359,0.651367317,26.21359223
Pdyn,0.651299115,3.934593766
Psmb8,0.651164752,2.554931017
Afap1,0.650584462,28.97291773
Nxph1,0.649402941,94.63464486
Zdhhc12,0.649197088,3.474706183
Gm12963,0.648625641,2.657128258
Idh1,0.648060051,16.70924885
A730056A06Rik,0.647867566,5.671946857
Slc22a21,0.647639663,6.489524783
Triobp,0.647620131,5.620848237
Spdl1,0.647580861,1.021972407
Sema6a,0.647522903,43.68932039
Casp9,0.647383594,8.073582013
Odf4,0.64735078,2.554931017
Gm26901,0.647277126,10.67961165
Ass1,0.647033175,15.074093
Serhl,0.646955168,5.212059274
Rgma,0.646945184,23.35206949
Gm13832,0.646098972,15.99386817
Chrdl1,0.645698048,1.686254471
Thap8,0.64530025,2.554931017
Nkx6-1,0.645203754,1.58405723
Ankrd45,0.644761957,35.51354113
Shisa5,0.644574238,15.38068472
Rpain,0.644106599,11.75268268
Ntng1,0.64189781,96.32089934
Trpc7,0.641685617,31.88553909
Ric8,0.641449625,16.09606541
Pafah2,0.640585469,8.840061318
Wipf1,0.640546404,10.37301993
A930016O22Rik,0.640380341,8.329075115
E230001N04Rik,0.640221448,4.701073071
Gm8705,0.640120116,0.357690342
Unc13b,0.640059411,50.68983137
Flna,0.639996237,18.39550332
St8sia4,0.639600915,29.12621359
Antxrl,0.639502733,1.890648952
Mfi2,0.639277096,1.328564129
Hpcal1,0.638985471,44.45579969
Ankrd36,0.638582465,7.204905468
3110083C13Rik,0.638520428,5.671946857
Tmem170,0.638019628,3.832396525
Gm16573,0.637966976,7.818088912
Atp8b5,0.636952675,8.482370976
2310057J18Rik,0.636941763,0.05109862
Nt5c,0.636902289,13.59223301
Gm26722,0.636668081,13.69443025
Rph3a,0.636491029,55.2887072
Cpeb1,0.636317779,57.0260603
Lce1g,0.635998044,0.05109862
Gm13524,0.635855791,3.0148186
Cbln2,0.635653877,12.21257026
Trp53i13,0.635480215,7.153806847
Cast,0.635423725,27.69545222
Sphkap,0.635028076,64.94634645
Islr2,0.634737608,0.255493102
Prr13,0.63434495,22.38119571
BC068281,0.634032453,10.78180889
B230118H07Rik,0.633603693,20.54164538
4930545L23Rik,0.633590333,17.47572816
Pcbp3,0.633554226,66.8369954
Serpini1,0.633445142,64.02657128
Sirt6,0.63228389,17.8334185
Aar2,0.632001873,10.73071027
1700042O10Rik,0.631980072,33.87838528
Gm15234,0.631848905,3.781297905
Sp7,0.631421292,1.175268268
Plin2,0.631331342,5.467552376
Adgrv1,0.630908983,12.77465508
Atp6v1e2,0.630619047,0.05109862
Plpp1,0.630078039,33.26520184
Dgkh,0.630043104,48.59478794
Rad21l,0.630004353,2.095043434
Chst8,0.629625876,28.10424119
Elavl4,0.629598909,83.90393459
Sorcs3,0.628530246,82.88196219
Ppp1r14c,0.628234537,33.11190598
Inpp5a,0.626829003,30.60807358
Irgq,0.626763563,5.212059274
Ctnna1,0.626614823,16.65815023
Galnt18,0.626377224,39.24374042
Abcb10,0.626150498,27.69545222
4930556J24Rik,0.626130062,34.03168114
Dsc2,0.626110057,15.3295861
4930447C04Rik,0.625405386,50.58763413
Clec12a,0.625301237,0.05109862
5730508B09Rik,0.62468501,3.0148186
Wipi1,0.624662843,13.08124681
Osgep,0.624148971,18.0889116
Nup93,0.624147248,41.33878385
Snca,0.624128768,57.63924374
Prune2,0.624116404,87.58303526
Coro1a,0.623939414,11.44609096
Anxa5,0.62267183,17.06693919
Crip2,0.622376399,11.95707716
Creb5,0.622307287,13.49003577
Gan,0.621891297,15.22738886
Spata1,0.621788353,22.22789985
E2f1,0.621778672,1.890648952
Nod2,0.62167521,1.175268268
Plpp2,0.621548209,2.912621359
Zfp874b,0.621130496,4.190086868
Arsj,0.620836491,2.708226878
Pglyrp2,0.620332057,0.102197241
Cfap57,0.620276929,3.934593766
4921534H16Rik,0.619482481,19.62187021
Hsd11b1,0.619362256,3.372508942
Tfr2,0.619330728,5.467552376
Gm7160,0.618984348,2.861522739
Plcg2,0.618916255,4.701073071
Cacna2d4,0.618682941,26.36688809
Pik3r6,0.618646932,0.817577925
Hmgcr,0.61839648,27.33776188
Tmem26,0.617056752,10.32192131
Ppp1r35,0.616625129,10.01532959
Susd1,0.61661507,20.23505365
Arhgap24,0.616179575,53.04036791
Agfg2,0.616171684,33.6739908
Dgkz,0.615971179,36.33111906
Gm42851,0.615131698,17.32243229
Mc4r,0.614933648,2.146142054
P4ha2,0.614874403,14.05212059
Pold4,0.614826234,8.584568217
Tm9sf4,0.614808607,49.71895759
Tmod3,0.614778629,45.7332652
Lrrc39,0.614453017,1.890648952
Gstm4,0.614017328,2.452733776
Nxph3,0.613953125,1.635155851
Tirap,0.613620496,2.759325498
Tubd1,0.613552331,8.891159939
Lmna,0.61345452,21.6147164
Fbxo30,0.613339234,10.47521717
Swap70,0.613278132,3.576903424
Abca8b,0.613045174,34.74706183
Sdr42e1,0.612904656,5.160960654
Slc9a9,0.61288537,45.42667348
D130043K22Rik,0.612880619,51.66070516
Gm4876,0.612857736,41.28768523
Prkag2,0.612207779,48.95247828
2810032G03Rik,0.611750586,12.8257537
1700024P16Rik,0.611710165,11.59938682
Phox2b,0.611318488,21.3592233
Tspan17,0.611020942,39.9591211
Gnb4,0.610915459,19.26417987
Pank3,0.610862515,21.56361778
Agpat4,0.610848913,38.27286663
Rassf3,0.610836115,13.79662749
Zfp57,0.610592937,17.01584057
Cat,0.610489856,8.533469596
Tmem41a,0.610108788,4.343382729
Sepw1,0.609706036,46.19315278
Map2k3os,0.609652565,3.270311702
Plcb3,0.60957515,3.168114461
Crybb3,0.609147328,1.53295861
Sertad2,0.609027681,38.01737353
Dera,0.608703608,7.102708227
Dram2,0.608578931,24.68063362
Megf6,0.608550827,6.796116505
Rhd,0.608438125,20.8482371
Emb,0.608184427,28.51303015
Qk,0.607552474,64.12876852
Aida,0.607310473,22.07460399
Klf3,0.607198692,10.11752683
Tubb2b,0.605605379,17.27133367
Pfkp,0.605195026,51.45631068
Sel1l3,0.605182506,12.3147675
Pwwp2b,0.604997569,2.861522739
Aicda,0.604035528,0.05109862
4930469G21Rik,0.603947031,16.40265713
Vstm2b,0.603844474,10.32192131
Gm26658,0.60356018,6.796116505
Nuak1,0.603201913,14.97189576
Evi5,0.603129678,65.61062851
Ddc,0.602965385,46.09095554
Rnh1,0.602944934,15.48288196
Igsf1,0.60277885,1.788451712
Abhd14b,0.602770147,26.77567706
RP23-4H17.3,0.601697135,2.095043434
Lrrc3,0.601173802,2.095043434
Dgka,0.601005963,26.92897292
Gale,0.600789707,10.42411855
Tbc1d19,0.60071733,43.22943281
Brinp2,0.600652872,35.82013286
Abca7,0.60011025,32.44762391
Agtpbp1,0.599966543,50.28104241
Abcd4,0.599951347,23.65866122
Mmp15,0.599885288,5.620848237
Plscr3,0.599395992,9.248850281
Ociad2,0.5992548,13.08124681
Klf13,0.599125127,30.86356668
Nek7,0.599054644,24.32294328
Gipc2,0.599033269,13.03014819
Hnf1a,0.598879864,0.817577925
A330102I10Rik,0.598800987,67.75677057
Vipr1,0.598478952,3.06591722
Map4k4,0.59819993,40.92999489
1600012H06Rik,0.598074221,4.394481349
Xlr3b,0.597920041,11.13949923
Pdzd2,0.597450395,36.07562596
Gm1976,0.597414491,43.58712315
Slc25a51,0.597326493,29.68829842
Tmtc2,0.597254279,78.6407767
A630095N17Rik,0.597074693,1.992846193
Arhgap33,0.597011372,22.94328053
Racgap1,0.596783395,11.19059785
Mapk7,0.596630466,12.87685232
Slc26a11,0.596551797,12.87685232
Hspbap1,0.596509309,16.50485437
Gab1,0.596237359,13.64333163
Dchs2,0.59556971,15.73837506
St6gal1,0.594952284,24.42514052
0610037L13Rik,0.594275011,15.02299438
Slc12a3,0.594099314,2.299437915
Gm12828,0.593667264,5.263157895
Dnpep,0.593550035,16.50485437
Plxna3,0.593186412,13.69443025
Mapk12,0.592855548,11.29279509
Ddx54,0.592425245,6.182933061
Wsb1,0.592007531,62.90240164
Vim,0.591707183,5.263157895
Micall2,0.591618926,3.117015841
Sdk2,0.591280836,39.75472662
Ddit3,0.590846258,18.5998978
Smad1,0.590828883,38.73275422
Insig1,0.59055705,26.52018396
Gm44148,0.590213363,11.49718958
Oxr1,0.589692608,97.75166071
Rhebl1,0.589555957,8.124680634
Ddr2,0.589482594,6.949412366
Sc5d,0.589479671,20.95043434
Mllt11,0.589437015,38.47726111
Snx7,0.589034736,19.16198263
Acads,0.588352094,12.46806336
Pkp2,0.587828939,10.62851303
Usp35,0.587820839,9.299948901
Msmo1,0.587596008,40.87889627
Mfsd10,0.587498189,25.44711293
Plet1,0.587358494,1.021972407
Mrpl45,0.587131788,18.0889116
Gm27246,0.586917588,1.58405723
Ppp2r5b,0.586229846,21.15482882
Lrrc20,0.586108915,22.22789985
Osbpl3,0.585768279,14.8185999
Rbm15,0.585103244,5.620848237
Atp7a,0.584937065,27.54215636
Agfg1,0.584834874,38.9371487
Gm15155,0.584352005,44.35360245
Pla2g6,0.584292333,12.21257026
Gabrg2,0.584171339,52.42718447
Fam214b,0.583976375,29.73939704
Bnipl,0.583903703,3.934593766
Ldlr,0.583832977,38.78385284
Gbp7,0.583779067,1.48185999
Agtr1b,0.583374611,2.043944813
H2-D1,0.583237408,30.30148186
Rcan3,0.582918516,24.3740419
Leprot,0.582865746,7.766990291
Tmem55b,0.582166466,28.87072049
Plek2,0.582058228,22.33009709
Uap1,0.58194456,12.72355646
Mettl21b,0.581761268,2.197240675
F5,0.581683289,1.635155851
Prdm4,0.581517434,4.445579969
Snrpn,0.580975659,63.3111906
Trpm4,0.580728425,13.59223301
Shc1,0.580382289,8.124680634
Pi4k2b,0.580249261,4.241185488
Hspb8,0.579524424,6.182933061
Fam129b,0.579384027,9.504343383
4930452B06Rik,0.579341546,13.79662749
AA543186,0.579316762,8.431272356
Mpp7,0.579168505,32.34542667
Slc1a4,0.579061333,21.56361778
Rnf213,0.578690367,9.759836484
Lemd1,0.578570767,19.31527849
Abca1,0.578275936,6.745017885
1700037H04Rik,0.578150088,7.818088912
Slitrk5,0.577401503,18.70209504
Tmem205,0.57723264,19.82626469
Egln2,0.577195627,15.22738886
Sema4f,0.577027046,14.20541645
Iqgap1,0.576495937,45.93765968
Smad9,0.576333273,7.204905468
Dnajc17,0.576292082,38.11957077
2810425M01Rik,0.575996959,13.84772611
Vwf,0.575877732,2.095043434
Kcnu1,0.575855658,17.22023505
Dhx32,0.575702292,26.57128258
Mmp17,0.575458656,9.759836484
Gm42487,0.575448914,1.124169647
Sept10,0.575390771,14.30761369
Slc29a1,0.575025213,12.46806336
2900026A02Rik,0.574770228,9.759836484
Hdac10,0.574500625,8.175779254
Epb41l3,0.574455387,88.34951456
Nudt13,0.574340486,16.19826265
Fam149a,0.574158622,4.956566173
Mafg,0.574105944,42.25855902
Psd3,0.573983241,57.84363822
Fcf1,0.573878798,23.6075626
Gys1,0.573809985,32.70311702
Higd1a,0.573730504,29.07511497
BC029214,0.573679302,13.89882473
Ccdc28a,0.573589139,23.14767501
Stard4,0.573490206,8.380173735
Ackr1,0.573154368,13.38783853
Cyp20a1,0.572732185,20.13285641
Pgm2l1,0.572053761,34.49156873
Wbscr22,0.572004529,16.96474195
Cflar,0.57177815,10.01532959
Kctd9,0.57166276,9.913132345
Arrdc1,0.571622264,17.98671436
A830092H15Rik,0.571595911,7.051609607
Ppp2r3d,0.571275592,14.20541645
Gas1,0.571044872,1.941747573
Tigar,0.570918692,3.985692386
Cdh13,0.570785933,79.04956566
Ahnak2,0.57077996,10.21972407
Fam126a,0.570484679,21.56361778
Dusp3,0.57047951,20.64384262
Itga8,0.570432523,9.248850281
Tnip1,0.570396971,11.44609096
Neto1,0.570354227,42.87174246
Prkd1,0.569914724,40.31681145
Ube2l3,0.56989085,33.31630046
Gm7347,0.569760584,0.102197241
Scel,0.569672244,6.642820644
Spats1,0.569520213,9.708737864
Itpr1,0.569247212,33.26520184
AI115009,0.569010308,0.970873786
Pvrl3,0.568919141,15.22738886
Vat1l,0.568784018,69.49412366
Stk32a,0.568663949,33.26520184
Platr19,0.568626663,0.255493102
1700113H08Rik,0.568589188,2.912621359
Chst11,0.568295644,30.71027082
Tmem150a,0.568271137,15.22738886
Fdft1,0.568218947,36.89320388
Hn1,0.568152129,39.03934594
Pros1,0.56800907,12.21257026
Col18a1,0.567940046,10.11752683
Miat,0.567292498,74.34849259
Caml,0.567272706,46.49974451
Gins1,0.567216749,3.219213081
Gm17473,0.567073768,1.124169647
Bcat2,0.566584867,7.153806847
Gm20521,0.566440746,26.57128258
Kif1a,0.566270588,71.74246295
2410018L13Rik,0.566093218,16.30045989
Clic6,0.565888212,1.328564129
A530083I20Rik,0.565875995,3.576903424
Lpin1,0.56585534,26.00919775
Itga3,0.565813893,15.48288196
Zfp78,0.565766163,5.212059274
Syngr3,0.565577871,48.39039346
Acly,0.565467148,33.57179356
Fut1,0.565451341,1.277465508
Nell1os,0.565238034,12.26366888
Gm29536,0.565012716,25.08942259
Ilk,0.564575551,15.68727644
Cyb561,0.564036573,17.01584057
Sncg,0.563911243,44.9667859
Zfp260,0.563772967,25.54931017
Glis1,0.563578218,12.67245784
Map3k19,0.563565725,12.77465508
Prss36,0.563496245,20.13285641
Gsr,0.563493323,16.24936127
Arl8a,0.563371582,22.38119571
Ttll9,0.563149669,8.635666837
Tlk1,0.562996094,42.56515074
a,0.562234967,23.81195708
Gpc4,0.562124631,2.299437915
Gm20655,0.562119421,1.124169647
Nagk,0.561858466,44.86458866
Inpp5k,0.561785934,25.39601431
Tsacc,0.561466359,10.73071027
Susd2,0.56123844,11.03730199
Txn1,0.561209109,19.72406745
Chrna7,0.561189522,22.68778743
Tprgl,0.561007632,14.71640266
Rexo2,0.560736023,17.01584057
Cep170b,0.560727833,18.03781298
Ano10,0.560561115,20.592744
Tmem120a,0.560367154,8.993357179
Gm14399,0.560256882,17.93561574
Ncmap,0.560110207,6.745017885
Dync1h1,0.559913858,69.851814
Zfp871,0.559889484,15.38068472
Dcbld2,0.559644672,17.8334185
Arvcf,0.558987035,30.71027082
Dhrs1,0.558943837,11.49718958
Acpp,0.5588419,4.445579969
Tom1l2,0.558708143,80.37812979
Frmpd1,0.558379436,21.51251916
Adcy7,0.5582942,17.93561574
Stmn4,0.557899721,36.4333163
Ptprf,0.557840083,38.42616249
Rnf220,0.557737968,94.68574348
Plpp4,0.557656605,36.9443025
Taf4b,0.55711848,10.06642821
Krt12,0.556973789,0.664282064
Efcc1,0.556355538,6.336228922
Asb6,0.556126114,8.022483393
Gm14033,0.555606155,3.117015841
Gm11734,0.555328843,1.839550332
Pepd,0.555244958,18.29330608
Platr25,0.55508939,7.715891671
L3mbtl4,0.554547165,29.58610118
Nr4a3,0.554270228,1.737353091
4930503L19Rik,0.554237736,9.09555442
Mettl3,0.554218147,18.90648952
Kcnk4,0.554136129,3.06591722
Zfp442,0.554121564,12.77465508
Fsd1l,0.554092577,31.93663771
Ankrd6,0.553867566,35.46244251
Tcn2,0.553432403,4.036791007
Ampd3,0.553280937,15.99386817
Cntn2,0.553260329,17.11803781
Psen2,0.553124264,14.71640266
Nostrin,0.553052495,1.430761369
Limk2,0.55300311,48.39039346
Irf2bp2,0.552630829,7.358201329
Aplf,0.552365269,3.934593766
Ccdc136,0.551929518,41.84977006
Hcn3,0.55190977,14.05212059
Junos,0.551902208,13.28564129
Map4,0.551593658,73.83750639
Stx3,0.55134848,38.57945835
Ugcg,0.551210385,22.53449157
Hgs,0.550979805,22.94328053
Cyb561d2,0.550622651,6.693919264
Nacad,0.550465274,11.85487992
Smlr1,0.550462704,0.204394481
Ptms,0.55045247,15.074093
Acot9,0.550331393,10.93510475
Plk4,0.550307573,10.01532959
Mfsd7c,0.550205634,1.58405723
Pgd,0.550154107,8.891159939
Pacsin2,0.549755921,24.52733776
Ebf1,0.549546281,75.77925396
Maob,0.549340191,6.796116505
Clstn2,0.549327889,80.68472151
Rab26,0.549256933,15.78947368
Rtbdn,0.549029694,18.5998978
Slc35f4,0.548845615,61.42054165
Rimklb,0.548754002,24.16964742
Cgref1,0.548656168,14.61420542
Itga9,0.548652379,9.09555442
Yae1d1,0.548175815,7.971384773
Bhlhe41,0.54787606,11.39499234
Atf5,0.547699647,3.934593766
Ddx60,0.547011945,2.350536536
Greb1l,0.546665215,51.86509964
Gng4,0.54651761,11.95707716
Spata6,0.545924603,22.48339295
Ptp4a3,0.54581895,10.16862545
Ttl,0.545774055,23.40316811
Tmem263,0.545693928,9.708737864
5031425F14Rik,0.545137888,0.102197241
Arhgdig,0.545126524,25.70260603
Unc5cl,0.544609783,4.394481349
Pnrc1,0.544571269,15.78947368
Plekhh3,0.544054446,9.197751661
Fam13c,0.543999621,33.52069494
Actn2,0.54393104,9.402146142
Abhd10,0.543396566,9.708737864
Acsl4,0.543346763,32.08993357
Prmt6,0.543154735,3.883495146
Slc41a2,0.543141475,31.52784875
Gm13157,0.543012828,1.328564129
Lrriq1,0.54288893,16.76034747
Ankrd13b,0.542805415,16.50485437
Cyp4f16,0.542774978,6.847215125
Ism2,0.542596702,4.803270312
Pdlim5,0.542535511,13.89882473
Flnb,0.542126341,58.45682167
Wbp1l,0.541912286,16.04496679
Kcnn3,0.541895169,34.84925907
Csf1,0.541594642,5.416453756
Fam43a,0.541548349,2.759325498
Myl6,0.541507282,57.89473684
Gcnt4,0.541496862,0.562084824
Arid3b,0.541496307,8.584568217
Slc41a3,0.541283159,4.241185488
D730003I15Rik,0.54126579,10.06642821
Arhgef28,0.541165903,38.06847215
Vezt,0.54115033,60.50076648
A330069E16Rik,0.54109941,19.97956055
Hcfc1r1,0.54098393,17.93561574
Tle4,0.540942788,56.31067961
Nek6,0.540937282,5.927439959
Gm5148,0.540932029,2.759325498
Armcx2,0.540869343,10.16862545
Tarsl2,0.540775886,13.33673991
Rock2,0.540729274,59.32549821
Hip1r,0.54064557,16.04496679
1810013L24Rik,0.540288926,15.78947368
Gm10479,0.53970285,6.438426162
Rps6ka3,0.539677935,48.33929484
Necap2,0.539673157,9.708737864
Abcd1,0.539234794,8.482370976
Rnf17,0.538787927,7.204905468
Fpgs,0.538207491,10.83290751
Mob3a,0.537874464,7.102708227
Ak2,0.537651747,19.92846193
Cd27,0.537558768,23.76085846
Arhgap21,0.537543077,56.25958099
9630028H03Rik,0.536759211,21.15482882
L3mbtl1,0.536602499,14.5631068
Gm10600,0.536463489,8.686765457
Rec114,0.536373429,6.847215125
Rell1,0.535870818,7.460398569
Atp11b,0.535651639,47.01073071
Fahd2a,0.535508735,9.351047522
Crhr1,0.535496205,4.59887583
Etnk2,0.534732234,15.73837506
Hscb,0.534517556,13.43893715
Jun,0.534248701,7.56259581
L3mbtl3,0.533597789,29.84159428
Grb14,0.533489266,26.41798671
Josd2,0.533481713,38.83495146
Crls1,0.53268901,10.37301993
Ikzf1,0.532388613,1.839550332
Tfe3,0.532312808,13.64333163
Dennd3,0.532309191,15.12519162
Bmyc,0.532292325,23.30097087
Them4,0.532106206,20.03065917
Clint1,0.532000583,35.05365355
Nedd1,0.531409488,12.46806336
Dlgap2,0.531380262,80.27593255
A530013C23Rik,0.531370576,1.839550332
Mmp11,0.531205436,4.292284108
Hsf2,0.530778432,26.92897292
Sqrdl,0.530516266,2.452733776
Egfl6,0.530398267,6.489524783
Srl,0.530381763,6.796116505
Tpcn2,0.530360218,10.88400613
Zdhhc15,0.530281839,11.65048544
Dhx57,0.530239966,39.24374042
Syt4,0.529762816,56.41287685
Lrrc16b,0.529623892,33.1630046
Rbbp8,0.529335384,14.00102197
6330408A02Rik,0.528964006,5.518650996
Celf3,0.528962564,57.74144098
Wash1,0.528819839,13.08124681
Eva1c,0.528798885,10.21972407
Tns3,0.528783891,8.635666837
Efcab9,0.528548211,1.124169647
Ccdc122,0.528359124,4.59887583
Sdk1,0.528158405,66.88809402
Gt(ROSA)26Sor,0.528126456,15.68727644
Me1,0.528025506,28.87072049
Jazf1,0.527983996,65.71282575
Mrps23,0.527860898,5.671946857
Erp44,0.527604005,29.73939704
Hk1,0.527569022,44.40470107
Gpd2,0.527496341,24.8850281
Trp73,0.527392223,5.774144098
Lztr1,0.527289954,36.22892182
Gm3604,0.527272245,8.022483393
Nmrk1,0.526868977,12.36586612
0610009L18Rik,0.526861889,3.525804803
Krcc1,0.525935788,19.87736331
Hipk2,0.525656978,69.28972918
Ppp1r13l,0.525640215,2.043944813
Ehd1,0.52554666,4.803270312
A430105J06Rik,0.525533688,6.438426162
Aldh1a3,0.525477384,0.868676546
Micu1,0.525270993,45.222279
Ccng1,0.525066023,6.693919264
Slc16a3,0.52474935,3.168114461
Hip1,0.524730593,36.6888094
Synpr,0.524202345,47.06182933
Grk5,0.524187826,42.41185488
Gm15834,0.524147519,23.30097087
Tmem86b,0.524009539,9.299948901
Asl,0.523991474,16.50485437
Gm28153,0.523928497,54.31783342
Ccdc84,0.523715004,18.19110884
Zfp941,0.523608408,23.70975984
Arhgap23,0.5235933,40.06131834
Cabp1,0.523482243,38.83495146
Tmem80,0.523476662,24.27184466
Gclm,0.523461805,25.80480327
Add3,0.523452189,24.52733776
Eps8,0.523305006,12.11037302
Ptges,0.523132012,5.927439959
Kctd10,0.523064013,6.182933061
Pygl,0.5230366,4.343382729
Tmie,0.522927971,8.431272356
Atp2c1,0.522632183,64.48645887
Crebzf,0.522501498,24.1185488
Pml,0.522415415,9.197751661
Tjap1,0.522319328,16.14716403
4930593A02Rik,0.522060506,9.453244762
Tfg,0.521952481,23.40316811
Tmem106a,0.521856298,6.745017885
Ctxn1,0.52183302,10.42411855
Tgfbr1,0.521705234,12.36586612
Zfp90,0.521635554,8.380173735
Scpep1,0.521539867,17.98671436
Plcxd3,0.521448318,81.6555953
Hmgn3,0.521293352,48.59478794
Ubl3,0.521042256,36.12672458
Jup,0.521012885,5.978538579
Dhx37,0.52089556,9.14665304
Mfap3l,0.52066305,14.30761369
Klhl28,0.520451701,7.56259581
Ruvbl2,0.520349892,6.234031681
Sctr,0.520243384,7.307102708
Acap3,0.520150942,14.86969852
Nyap1,0.519995732,20.03065917
Nfe2l1,0.519910384,18.80429228
Neo1,0.519890827,60.19417476
Dpysl5,0.519347847,42.56515074
Idh3b,0.519164485,27.49105774
Map4k1,0.519142102,4.649974451
Sh3bp5l,0.519131461,19.67296883
Galnt9,0.519124055,17.93561574
Tcf7l1,0.519061621,2.043944813
Ier2,0.518965429,1.53295861
Atrnl1,0.518779963,80.07153807
Mina,0.518173086,8.226877874
Ccdc159,0.518027561,12.5702606
Gm15918,0.518011012,3.525804803
Cpne4,0.51796555,52.32498723
Mtmr14,0.51793078,16.86254471
Trmt1,0.517760492,28.25753705
Dlg1,0.517734159,69.23863056
Rsu1,0.517627949,27.69545222
Meis1,0.517348465,67.65457333
Mapkapk3,0.517273598,3.372508942
Flot2,0.517223145,47.31732243
Gm27008,0.517018566,6.0296372
Cyfip1,0.51679401,36.6888094
Gm10827,0.516670831,12.46806336
Bbs9,0.516362217,54.57332652
Rab5a,0.516253314,17.42462954
Ccser2,0.515997409,42.61624936
Kif16b,0.515898514,37.35309147
2210406O10Rik,0.515562471,1.788451712
1700112D23Rik,0.515405811,8.584568217
Ube2l6,0.515326154,3.628002044
Rdh11,0.515250608,6.796116505
Tlcd1,0.515159956,4.087889627
Dync1i2,0.515098085,64.333163
AI987944,0.515018814,6.08073582
Lin54,0.514965104,14.20541645
Tbc1d2,0.514859762,10.42411855
Pcbp4,0.514593338,41.13438937
Prmt2,0.5139895,47.36842105
Pcp4l1,0.513309871,10.83290751
Ccs,0.513189897,15.38068472
Slit2,0.513125546,78.18088912
Ghdc,0.512915683,7.102708227
Gm5424,0.512672181,4.752171691
Csrp2,0.512631317,3.628002044
Pcbd1,0.512450987,8.431272356
5330439K02Rik,0.512221154,21.30812468
D430041D05Rik,0.511993484,60.19417476
Pet100,0.511309837,34.44047011
Drp2,0.511206001,12.3147675
Pea15a,0.510980387,25.34491569
2810474O19Rik,0.510877416,21.71691364
Cdc37,0.510536102,13.08124681
Zfp7,0.510306787,7.715891671
Gm12239,0.510006247,57.48594788
Uhmk1,0.509995271,15.8405723
Hspb1,0.509707298,7.664793051
Ydjc,0.509358522,9.248850281
Tom1,0.509123557,23.6075626
1810041L15Rik,0.509099868,10.98620337
E2f3,0.509019202,14.66530404
Npm3,0.508794629,5.263157895
Gm5141,0.508690749,16.76034747
Zfp809,0.508601876,8.431272356
9430037G07Rik,0.508337206,1.737353091
Decr1,0.508290007,4.241185488
Cdr2,0.508152244,8.329075115
Shf,0.508055606,6.336228922
Nrbp2,0.507967523,31.73224323
Ftl1,0.507935546,37.40419009
Tpm4,0.507849399,15.5850792
Ect2l,0.507803014,2.708226878
Dedd,0.507791263,9.09555442
Tradd,0.507700415,5.212059274
Fam102b,0.507643913,7.56259581
Apc2,0.507404827,22.84108329
Ahsa2,0.506881381,20.33725089
Ctdspl,0.506830699,38.83495146
Scn9a,0.506725005,76.90342361
Fgd3,0.506392671,3.321410322
Mrps17,0.506259311,17.62902402
Atp13a2,0.506196266,37.55748595
A230108P19Rik,0.506057577,1.328564129
Slitrk3,0.505947767,9.964230966
Gm9774,0.505899541,14.05212059
mt-Nd2,0.505483908,11.70158406
Pus7l,0.505394379,1.379662749
Ccdc138,0.505309776,20.33725089
Fam181a,0.505213682,0.817577925
4930430F08Rik,0.50497836,11.90597854
4933431E20Rik,0.504939708,8.226877874
Fbxw17,0.504614769,13.64333163
Lynx1,0.504593231,27.69545222
Clasrp,0.504593179,38.52835973
Trp53inp1,0.504397166,8.380173735
Catsper3,0.504252116,7.56259581
Nsdhl,0.504214855,15.17629024
Maoa,0.503964265,24.1185488
Wdsub1,0.503734054,9.09555442
Gm15886,0.503614842,12.0592744
Dennd1c,0.503369458,1.277465508
Tmem120b,0.503010993,28.20643843
Nudt10,0.502499343,5.314256515
Card19,0.502461002,7.102708227
Asb1,0.502358384,7.000510986
Lgals8,0.501687301,22.84108329
Coasy,0.501662474,6.642820644
Slc25a1,0.501536168,9.964230966
Mcu,0.501498553,43.84261625
Zbtb7b,0.50136146,1.992846193
4921504E06Rik,0.501279631,2.452733776
Inpp5f,0.501256179,31.93663771
2610206C17Rik,0.501058809,3.270311702
Gtpbp6,0.500947224,13.64333163
Pygb,0.500828441,37.35309147
Trim46,0.500727387,41.54317833
Tmem186,0.500633242,20.79713848
Dctn2,0.500610718,29.02401635
Iffo1,0.500481761,19.57077159
Vat1,0.500173164,13.59223301
Igsf9b,0.499647521,4.905467552
Egfem1,0.499418581,89.47368421
Zc2hc1a,0.499292515,41.79867144
Slc39a1,0.499241694,7.000510986
Actl6a,0.499060393,16.09606541
Dpagt1,0.498757486,9.351047522
Cap1,0.498687732,16.30045989
Mus81,0.49855573,9.197751661
Tial1,0.498361968,49.36126725
Grin2a,0.498174854,64.48645887
Nras,0.497889697,20.49054676
Reep2,0.49782668,33.82728666
Gm16008,0.497395501,5.058763413
Cyth2,0.497268588,10.06642821
Cdkn1a,0.497247534,3.06591722
Rtl1,0.497040389,16.96474195
AW551984,0.496959283,21.56361778
Psph,0.496938627,7.358201329
Snx21,0.496827508,31.98773633
H2-T23,0.496748438,2.912621359
Ppp3cc,0.496699972,37.71078181
Ntrk3,0.496190653,85.64128769
B4galnt2,0.496084997,14.25651507
Txndc17,0.495946046,9.351047522
Kcnt2,0.495825518,63.41338784
Arhgap10,0.495730286,12.92795095
Dntt,0.495587804,0.970873786
D930015E06Rik,0.495379278,27.59325498
Camk1g,0.495196799,6.540623403
Nmi,0.495132229,4.803270312
Usp9y,0.495040081,10.52631579
Suv420h2,0.494440531,19.00868677
Otub2,0.49412696,5.825242718
Ube2f,0.494043443,21.05263158
Srgap1,0.493863303,42.66734798
Taco1os,0.493624724,4.241185488
1700019A02Rik,0.493554352,2.503832397
2310069G16Rik,0.493487402,23.8630557
Tnfrsf9,0.493400077,5.007664793
Cdk16,0.493388246,23.91415432
Mpp3,0.492937718,10.93510475
Gstm6,0.492920737,3.117015841
Fancd2,0.492778593,4.190086868
Gucy2c,0.492608435,0.766479305
Dcbld1,0.492605798,13.23454267
Als2cl,0.492572794,4.649974451
Brip1os,0.492268751,37.35309147
BC005537,0.492224049,32.08993357
Gm13582,0.491688228,0.306591722
Ggt5,0.49155782,1.021972407
Diaph2,0.491451069,65.09964231
Map6,0.491249877,58.91670925
Kras,0.4912146,34.28717425
Ccdc184,0.491116464,5.416453756
Tnfrsf22,0.490971894,3.628002044
Gm15545,0.490806654,4.649974451
Gm12682,0.490266372,22.58559019
Lrrc27,0.489786295,3.576903424
Fam186a,0.489692954,4.394481349
Gnpda2,0.489447232,8.635666837
Gm7173,0.489174129,13.69443025
Bak1,0.488726298,5.058763413
Traf7,0.488579868,13.74552887
Fam53c,0.488451083,10.73071027
2310016G11Rik,0.488243356,0.510986203
Pdlim7,0.488179152,49.97445069
Gm44051,0.488029125,14.8185999
Cops5,0.487875015,18.19110884
1700030J22Rik,0.48778888,4.649974451
Trp53inp2,0.487786611,14.97189576
Gm16587,0.487709363,0.102197241
Sh3bgrl3,0.487599837,15.3295861
Map2k3,0.487497124,12.46806336
Trim80,0.487295516,0.306591722
Stard3nl,0.487171159,24.52733776
RP23-362F15.1,0.487067445,10.47521717
Amn1,0.486796407,44.45579969
Ttll12,0.486659023,7.051609607
Irf9,0.486441277,5.825242718
Ercc6,0.486365072,14.05212059
Eno1,0.486121191,31.68114461
Pgm3,0.485819124,14.30761369
Chkb,0.485721335,25.80480327
Adgrg4,0.485482637,4.49667859
Stmn2,0.485440531,64.02657128
Prkx,0.485418914,11.59938682
Zfp691,0.485293051,3.730199285
C130026L21Rik,0.485173138,7.715891671
Gm16386,0.485127249,4.445579969
Cxcl17,0.484913239,14.05212059
Enpp4,0.484875295,5.876341339
Ino80b,0.484838336,9.606540623
Cp,0.484830775,7.818088912
Fads2,0.48480522,11.70158406
Utrn,0.484802894,48.08380174
Gm7221,0.48454942,8.380173735
Natd1,0.484336309,10.32192131
Fam219b,0.484102924,7.766990291
A430105I19Rik,0.483831983,2.503832397
Gm12756,0.483761681,1.226366888
Myo10,0.483759211,58.09913132
Cpt1a,0.483735309,6.591722024
Rpusd4,0.483725635,3.423607563
Rimkla,0.483716283,11.13949923
Fam134b,0.483314702,33.21410322
Spats2l,0.483271915,33.11190598
Gng12,0.483203508,31.27235565
Polr1e,0.483184091,3.321410322
Zfp600,0.483183402,1.226366888
Epha10,0.483091913,50.89422586
Larp7,0.483039687,10.98620337
D1Ertd622e,0.48302804,11.44609096
Pih1d1,0.482699228,3.781297905
Hoga1,0.482667651,10.27082269
Agpat9,0.482666684,10.52631579
Gm26668,0.482487758,15.78947368
9930111H07Rik,0.482081647,1.124169647
Mettl6,0.481930123,7.460398569
Arpc3,0.481652679,16.65815023
Gm14296,0.481593265,11.90597854
Nmur2,0.48127889,16.76034747
Mpnd,0.481213101,15.94276955
Kif5a,0.480976025,59.22330097
Dhcr24,0.480841872,22.48339295
Bnip2,0.480758663,8.022483393
Armcx3,0.480573826,12.72355646
Miip,0.480514106,13.59223301
Gpatch4,0.480333648,6.387327542
Gm13652,0.480133381,0.766479305
Vash1,0.479989337,9.0444558
Faap20,0.479950183,10.16862545
Sec24d,0.479858821,26.31578947
Nufip2,0.479845811,39.90802248
Lamc1,0.479746806,18.54879918
Kpna2,0.479642674,2.095043434
Becn1,0.47956399,14.86969852
Tmem79,0.479241877,2.401635156
Car7,0.478544326,6.847215125
Gm12905,0.478492862,15.78947368
Pcgf6,0.478298895,21.8702095
Pacrg,0.47818697,64.58865611
Gm20711,0.478133278,1.124169647
Hps3,0.478085188,11.24169647
Brip1,0.477892596,4.190086868
Sh2d3c,0.477792829,14.30761369
Coro1b,0.477745685,10.16862545
Rcc1,0.477504456,24.57843638
Dnmbp,0.477422997,16.91364333
Mknk2,0.477398825,5.723045478
Zpr1,0.477161115,10.62851303
Ankrd27,0.477143249,13.84772611
Hells,0.47697375,12.87685232
Hpcal4,0.476960304,8.891159939
Mbd6,0.476790022,27.28666326
Zfp583,0.476757664,5.212059274
Tarbp2,0.476619669,15.94276955
Pnpla3,0.476549234,20.03065917
Msi1,0.476424895,12.00817578
Gm20449,0.476284713,3.628002044
Tep1,0.476241546,6.182933061
Stk38l,0.476098222,8.737864078
Otoa,0.47587831,1.890648952
2210404O09Rik,0.47585261,9.759836484
Ppp1r14b,0.475839464,6.642820644
Cd44,0.475706383,3.781297905
Sh3pxd2b,0.47566536,16.24936127
Banf2,0.475433735,21.30812468
Caps2,0.475250645,1.430761369
Pmvk,0.474821829,22.27899847
Slc18a1,0.473975758,3.985692386
5430403G16Rik,0.473946249,8.891159939
1700027F09Rik,0.473296201,0.05109862
Bicd2,0.473171302,13.08124681
Nfs1,0.472937148,27.33776188
Gm11437,0.472858767,16.55595299
4921524J17Rik,0.472579869,8.380173735
Hacl1,0.472545847,8.584568217
Far1,0.472478216,44.50689831
3830406C13Rik,0.472208547,23.24987225
Klc1,0.472081546,65.35513541
Mkln1os,0.472038003,12.36586612
Ttll7,0.471994659,40.82779765
Pnpla2,0.471737156,3.576903424
Hcrt,0.471591234,2.197240675
Snw1,0.471518864,22.99437915
Midn,0.470784752,5.671946857
Rangap1,0.47072969,33.77618804
Gm6712,0.4706873,11.49718958
Slc28a1,0.470382441,1.073071027
Siah2,0.470318073,5.927439959
Gm14306,0.470282873,30.35258048
Syndig1,0.470129936,34.08277976
Rspo1,0.470088855,3.321410322
Cacnb1,0.470074425,11.44609096
Rubcn,0.469955413,28.15533981
Nespas,0.469887086,5.365355135
Plekhg3,0.469884679,5.160960654
Vamp2,0.469705291,26.6223812
Gm21972,0.469633809,5.927439959
Dync1i1,0.469540509,78.6407767
Rtn4r,0.469319939,3.730199285
Mat2a,0.469190047,56.31067961
Ankle1,0.469027591,0.664282064
Vav2,0.468862975,16.65815023
Ppp1r1a,0.468833654,11.90597854
Blvrb,0.468788853,6.540623403
March11,0.468763853,40.26571283
Chrna9,0.46844329,3.730199285
Zfp811,0.468322444,9.913132345
Sh3bp2,0.468094991,2.708226878
Slc18b1,0.46800819,9.0444558
Abcc5,0.467927309,64.84414921
Spdef,0.467889136,1.941747573
Plekha5,0.467683974,70.92488503
Ostf1,0.467660889,4.956566173
Uhrf1bp1l,0.467634999,39.90802248
Gm16075,0.467567567,0.919775166
Zfp180,0.46751536,6.591722024
Numbl,0.467490735,12.97904957
3300002I08Rik,0.467435311,15.99386817
Cnot8,0.467235806,18.0889116
Vbp1,0.467218831,17.52682678
Atf4,0.467218658,12.21257026
Fhl1,0.467131146,28.30863567
Lmf2,0.466963649,4.54777721
Ttll1,0.466895175,8.533469596
Nr2c2ap,0.466891527,6.745017885
Dcaf15,0.466651498,10.47521717
Sh3glb1,0.466608642,45.37557486
Capns1,0.466517644,37.19979561
Aprt,0.46645554,11.70158406
Tomm40l,0.466268553,7.460398569
Cnppd1,0.465952044,14.15431783
Baz1a,0.465854139,3.985692386
Mocs2,0.46584086,14.8185999
Rragd,0.465819351,12.0592744
Psma5,0.465768197,18.5998978
Ddx17,0.46572447,53.39805825
Vangl1,0.465643487,6.540623403
Rgp1,0.465499448,13.08124681
Tmed5,0.465323235,19.31527849
Armc6,0.465043203,17.5779254
Fn3krp,0.465034223,4.956566173
Spink10,0.465026788,36.73990802
Armcx1,0.464997993,17.11803781
Gnl2,0.464784168,27.08226878
Gm26944,0.464576171,11.75268268
Sugt1,0.464464477,20.79713848
RP23-449M8.6,0.464309546,0.510986203
A930012L18Rik,0.463881152,3.525804803
Gm26606,0.463641357,19.67296883
Cfap99,0.463616905,6.438426162
Aen,0.463485262,2.401635156
2610001J05Rik,0.463412021,7.869187532
Fbxo46,0.463369516,7.409299949
Ankrd50,0.46332593,5.671946857
Pycr2,0.463290223,13.08124681
Ifrd1,0.463116442,19.31527849
Rdm1,0.463000529,5.671946857
Rgs7bp,0.46283627,60.96065406
Pola2,0.462825436,4.752171691
Uox,0.462809262,0.562084824
Ube2g2,0.462751712,5.825242718
Foxn2,0.46264052,10.93510475
Gpr61,0.462572601,11.65048544
Zranb3,0.462499857,10.62851303
Dynlt3,0.462451321,15.22738886
Fbxw9,0.462264895,13.38783853
Wasf2,0.462187315,22.43229433
Ngdn,0.462119595,11.44609096
Slc22a14,0.462114062,34.38937149
Faap100,0.462005994,12.5702606
Tmem38a,0.461986185,26.11139499
Brca1,0.461945664,6.847215125
Tbc1d9,0.461848231,29.02401635
Tmem64,0.461778685,8.124680634
B230354K17Rik,0.461729594,7.61369443
Scn3b,0.461594274,19.05978539
6720427I07Rik,0.46154567,7.869187532
Myl6b,0.461478948,5.927439959
Cinp,0.461246649,8.022483393
Tex2,0.461135144,33.26520184
Adrm1,0.46083779,6.13183444
Crmp1,0.460820047,32.14103219
Zfp945,0.46075722,10.73071027
Fam20c,0.460655698,22.12570261
Ssbp2,0.460505215,70.41389882
Eif4ebp2,0.460423231,14.05212059
Dcst2,0.460259324,1.226366888
Eps8l2,0.460032472,3.0148186
Tmem132e,0.459923268,13.38783853
Scarb1,0.459860255,20.54164538
RP23-353F16.3,0.459798648,7.715891671
Abhd16a,0.459761857,40.26571283
1110038F14Rik,0.459649879,11.8037813
Msrb1,0.459586869,5.774144098
Chpt1,0.459194617,46.60194175
Tmprss6,0.459178309,0.255493102
Ces4a,0.459114274,3.730199285
Sumf2,0.459063629,16.55595299
Rap1b,0.459063242,11.95707716
Sept11,0.458919316,29.48390393
Rbm43,0.458475703,5.160960654
Mfsd6,0.458314387,34.54266735
Slc25a27,0.45823642,41.08329075
Htr2b,0.458094794,4.59887583
Mid1,0.458025949,33.26520184
Aspscr1,0.457968341,24.93612672
Kptn,0.457777924,13.54113439
Snx15,0.457745798,13.79662749
Ift43,0.457599054,25.70260603
Znrf2,0.457503187,9.504343383
Tfpt,0.457406628,10.11752683
Gm26624,0.457343164,21.46142054
Nans,0.457095184,4.190086868
Atpaf2,0.457003698,8.788962698
Aifm2,0.456671565,7.256004088
Ttc39d,0.456578593,2.912621359
BC002059,0.456539978,23.55646398
Cobl,0.456442881,41.49207971
Fam98a,0.456437933,21.6147164
Map1a,0.456401652,20.95043434
Kctd6,0.456306636,4.59887583
Gm7535,0.455987786,2.299437915
Stat3,0.455913097,43.02503832
Cited2,0.455823304,6.13183444
Trim3,0.455560304,24.22074604
Parp16,0.455376149,11.75268268
Slc44a2,0.455177083,19.57077159
Dhps,0.455165364,16.60705161
Gm14326,0.45515154,24.27184466
Tmem184b,0.455067928,30.04598876
Bend4,0.454981946,12.51916198
Dhx35,0.45490821,8.737864078
Socs3,0.454619774,1.277465508
Rin2,0.454573576,11.49718958
Avil,0.454462522,1.992846193
Tapbp,0.454459138,12.8257537
4930408O17Rik,0.454405599,1.890648952
Cx3cr1,0.453916684,13.13234543
Lysmd4,0.453510849,20.13285641
Tbrg1,0.453303064,8.584568217
Pgpep1,0.453218449,4.54777721
Elk4,0.452943526,8.482370976
Socs4,0.452769442,8.942258559
Tvp23bos,0.452582953,0.510986203
Zfp874a,0.452550638,3.168114461
Ddah1,0.452481997,26.67347982
Tbc1d25,0.452393316,7.766990291
Zdhhc9,0.452330733,15.12519162
Erap1,0.4520961,8.737864078
Zc3h7a,0.452072308,42.05416454
Pfn1,0.451774576,20.23505365
Ikzf2,0.451748722,26.16249361
Fgfr4,0.451497492,1.788451712
2900076A07Rik,0.451485204,17.93561574
Anapc15,0.451243396,6.387327542
Pcbd2,0.451151867,25.39601431
Ppp1r15a,0.451040338,3.321410322
Pnkp,0.451011205,20.28615227
G0s2,0.450968489,5.109862034
Irak2,0.4509639,8.942258559
Men1,0.450943484,8.380173735
Hoxc5,0.45056393,3.781297905
Pla2g15,0.450417797,10.47521717
Slco4c1,0.450405895,6.847215125
1810043G02Rik,0.450385939,13.49003577
Lrrc16a,0.450314861,57.94583546
Gng3,0.450123882,30.96576392
Ccdc64,0.450122616,40.72560041
Acat2,0.450094627,12.16147164
Plekha4,0.449930814,3.168114461
Clip3,0.449547997,20.18395503
Th,0.449531822,6.0296372
Ahrr,0.449498705,2.248339295
Setd6,0.449274384,6.234031681
Coro7,0.449173588,27.43995912
Cnnm4,0.449025172,5.620848237
Cdk5,0.449008082,26.26469085
Ech1,0.448558997,10.62851303
Lrrc59,0.448554753,10.37301993
Scyl2,0.448037135,15.94276955
Ticam1,0.447943499,3.525804803
Gm1661,0.447703663,3.0148186
Sec23b,0.447536447,19.46857435
Gm14308,0.447358908,4.803270312
Tmem50b,0.446810349,9.14665304
Actr2,0.446726999,46.70413899
Plekha1,0.44649161,35.46244251
Nynrin,0.4464351,11.75268268
Epn2,0.446347967,36.22892182
Flii,0.446278881,19.57077159
Drap1,0.446190288,13.64333163
Ceacam2,0.445909344,10.93510475
Wdr44,0.445728294,22.02350537
Parm1,0.445728098,40.98109351
Bckdha,0.445599932,20.08175779
Nxpe2,0.445528741,8.277976495
RP23-414I24.8,0.445432396,4.292284108
Chuk,0.445261242,36.63771078
Dync2li1,0.445117535,6.387327542
Gm2087,0.445066261,19.46857435
Ap1s3,0.444941055,8.635666837
Wdr1,0.444728691,11.70158406
Clcn6,0.444658744,24.98722534
Mapk4,0.444450198,27.54215636
Gtpbp2,0.44430703,26.36688809
9130008F23Rik,0.443957838,1.124169647
Gm29570,0.443826889,3.525804803
Hmcn2,0.443707068,3.168114461
Klf1,0.443610518,0.664282064
Col13a1,0.44344235,0.970873786
Tstd2,0.443437516,11.70158406
Mettl2,0.443388844,19.36637711
Rrp7a,0.443313068,8.942258559
Cdh2,0.443123618,73.22432294
Cpped1,0.442997864,11.8037813
Ube2o,0.44289503,31.47675013
Ifngr2,0.442706817,10.21972407
4930590L20Rik,0.442577735,33.26520184
Txnrd1,0.442549279,13.43893715
Gsn,0.442152257,6.08073582
Elp5,0.442016133,21.76801226
Gnpda1,0.441896905,5.058763413
mt-Nd4,0.441870191,24.42514052
Gm17259,0.441804814,3.423607563
Adam5,0.441773515,3.628002044
Katnbl1,0.441666523,11.24169647
Dpp3,0.44151189,16.55595299
AU022252,0.441510624,6.540623403
Kif3a,0.441405622,37.76188043
Esrra,0.441350479,14.51200818
Cys1,0.440990922,8.431272356
Ppil3,0.44095744,15.53398058
Slc35b4,0.440814341,5.978538579
Nek1,0.440663423,59.12110373
RP23-11L1.4,0.440647382,3.168114461
Gba,0.440577085,4.701073071
Rbm45,0.440506094,8.482370976
Ciapin1,0.440444105,22.22789985
Rnf5,0.440121622,9.504343383
Dock11,0.440062639,47.52171691
Gm28501,0.44004719,2.299437915
Gpi1,0.439811197,49.31016863
Fam220a,0.439808159,29.73939704
Slc5a11,0.439676541,3.474706183
Dbx2,0.439502615,2.197240675
Ddx4,0.439201818,5.263157895
Zfp935,0.439177459,13.03014819
Gm21992,0.439006763,46.55084313
Gadd45g,0.438930479,12.87685232
Akap13,0.438626388,48.64588656
Pusl1,0.438552617,9.351047522
Prkaa1,0.438451815,14.15431783
Cic,0.438432662,15.48288196
Rpp21,0.43841123,28.00204394
Chpf2,0.438256455,27.95094532
Pcgf3,0.438123023,24.32294328
BC067074,0.437784306,3.934593766
Fblim1,0.437423556,2.350536536
Fam131c,0.437378421,5.978538579
Calhm2,0.437318169,2.810424119
Piezo2,0.436983914,7.102708227
Lmbr1l,0.436568243,12.67245784
Mapk8ip2,0.436393234,27.79764946
Traf6,0.436384716,10.98620337
B4galt6,0.436188474,24.1185488
Elovl1,0.436091338,8.124680634
3110045C21Rik,0.435881902,2.401635156
Gm14410,0.435785031,31.52784875
Klhdc8b,0.435705423,9.248850281
RP23-449M8.5,0.435512317,0.459887583
Sgtb,0.43550583,15.89167092
Phf14,0.435498138,67.65457333
Txlnb,0.435430229,1.839550332
Cyp2j6,0.435028417,4.445579969
Rpl31,0.434843712,5.365355135
Zranb2,0.434840178,62.74910577
RP23-458C8.2,0.434540928,2.452733776
Celf6,0.434462699,38.73275422
Ptpro,0.434387522,30.86356668
Chmp7,0.433903037,15.22738886
Smim17,0.433349209,3.679100664
Mrps18b,0.433290369,5.978538579
Ap2m1,0.433271258,23.30097087
Creb3,0.432702639,11.08840061
Ick,0.43262986,22.38119571
Kansl3,0.432389583,33.06080736
Gstt2,0.432044626,3.985692386
Fam78b,0.431912551,18.8553909
Alkbh6,0.431783297,14.35871231
Ift20,0.431707723,32.6520184
Bloc1s2,0.431661143,20.49054676
Rab6b,0.431611676,33.6739908
Exoc5,0.431595189,37.45528871
Eogt,0.431576588,13.49003577
Cttn,0.431520734,19.36637711
Ptpn23,0.431369411,14.5631068
Hk1os,0.4313086,3.372508942
Mapre1,0.43110251,20.43944813
Lgr4,0.431000073,21.81911088
Mthfr,0.430962343,16.19826265
Socs6,0.430728809,23.65866122
Fbrs,0.430724057,12.72355646
Cbln1,0.430697712,3.576903424
Ttc5,0.430690305,17.73122126
AI606181,0.43065776,1.788451712
Reep1,0.430633697,71.33367399
Dcaf6,0.430507326,61.16504854
1700016C15Rik,0.430497695,0.562084824
Rhoa,0.430044669,24.32294328
Scrn1,0.430029356,29.6371998
Alas1,0.429966828,10.11752683
Abcc6,0.429965856,1.686254471
9230110C19Rik,0.429879009,16.50485437
Wdr7,0.429855611,57.17935616
Ppm1a,0.429653317,27.49105774
Clk3,0.429623884,17.01584057
Arhgef10l,0.429587576,33.6739908
Manbal,0.42933309,21.71691364
Tdrp,0.429061008,3.0148186
Slc2a9,0.429030287,6.08073582
Fam26e,0.428849128,1.48185999
Prss56,0.428631227,0.562084824
F420014N23Rik,0.428584541,3.168114461
R3hcc1l,0.428479961,24.32294328
Tpd52l2,0.428273699,16.65815023
Sult4a1,0.428168078,22.12570261
Dph3,0.428044966,9.14665304
Gm16586,0.428006094,24.01635156
Ubash3a,0.427931619,1.328564129
Zmat5,0.427927314,19.92846193
4931428F04Rik,0.427802127,9.248850281
Psme3,0.427796204,8.022483393
Smc2os,0.427282565,1.788451712
Prkaa2,0.426929056,23.35206949
E130309D02Rik,0.426882957,4.905467552
Phkg2,0.426762053,30.76136944
Ezh1,0.426753031,26.6223812
Tnnc1,0.426723111,2.759325498
Rgs9,0.426638265,39.55033214
Gmeb1,0.426629467,23.45426673
Scnn1a,0.426586515,1.941747573
Parp9,0.426438007,5.569749617
Fam219a,0.426346149,60.75625958
Kifc3,0.426326516,10.06642821
Tmem29,0.426162974,27.23556464
Zfhx4,0.426081379,66.88809402
Tnpo2,0.425540898,13.33673991
Nudt12,0.425415313,4.138988247
Ern1,0.42527542,17.88451712
Zfp808,0.425172224,24.52733776
Mars2,0.42510367,3.0148186
Cenpj,0.424998652,2.503832397
Pcnxl4,0.424851503,18.54879918
Plgrkt,0.424760318,15.63617782
Fabp3-ps1,0.424607386,5.671946857
Ptk2b,0.424583335,1.737353091
Gm11690,0.424443587,0.153295861
Zbtb5,0.424268152,4.752171691
Fbxo2,0.424193217,15.074093
Nefl,0.42413038,53.60245273
Trim67,0.423996684,13.84772611
Vps36,0.423973854,10.93510475
Rac3,0.423794733,16.35155851
Ubr4,0.423758218,36.6888094
Sfn,0.423667768,1.124169647
Serac1,0.423332978,14.76750128
Gm26577,0.423288176,1.124169647
Txn2,0.423111375,16.45375575
Grn,0.422976975,11.49718958
Lima1,0.422974827,30.45477772
Tmem129,0.422800619,6.13183444
Pdcl3,0.422709443,9.14665304
1700010I14Rik,0.422590015,6.336228922
Gm29276,0.422568922,0.05109862
Dusp11,0.422543413,25.54931017
Pcyox1l,0.42197779,6.387327542
Fscn1,0.421974506,14.15431783
Tbc1d8,0.421955205,21.76801226
Kdsr,0.421922395,13.49003577
Izumo4,0.421478327,43.89371487
Pou2f2,0.421402161,33.77618804
Arl4a,0.421295118,7.307102708
Zdhhc19,0.421262355,1.839550332
A930033H14Rik,0.421216202,5.263157895
Rbm34,0.420953872,9.810935105
Tktl1,0.420907845,2.503832397
4732471J01Rik,0.420763999,51.35411344
Fgf11,0.420643695,5.774144098
Prr16,0.420631404,63.71997956
Stk19,0.420137921,21.97240675
Ablim2,0.420043141,52.27388861
Vps52,0.420026654,6.693919264
Pkn1,0.420022443,17.37353091
Nde1,0.419859562,1.686254471
Vcl,0.419849452,24.42514052
Pnma2,0.419634545,7.460398569
Sept8,0.419382292,25.60040879
Cacng3,0.41933147,19.46857435
Wnt5b,0.419226675,13.13234543
Tmem208,0.419218086,27.79764946
Mgat4a,0.419156468,35.25804803
Lrfn1,0.419135692,16.91364333
Zfp449,0.419081137,11.34389371
Gm37640,0.418752245,2.759325498
Gm10501,0.418383171,8.737864078
Nuak2,0.41836726,1.890648952
Gm28557,0.418281253,2.248339295
Ccdc112,0.418264102,17.8334185
Stx12,0.418180787,33.1630046
Dbn1,0.417820186,41.13438937
Herpud2,0.417790343,20.43944813
Bcl2,0.417581582,41.18548799
Zfp64,0.417419899,32.85641288
Mybl2,0.417294262,1.992846193
Gmpr2,0.417261402,19.46857435
Pemt,0.41710642,4.036791007
Mblac2,0.416963622,51.5074093
Rims3,0.416784182,28.81962187
Pcyt1b,0.416753317,19.26417987
Hook2,0.416734322,35.05365355
Gm12781,0.416696339,1.635155851
Dynlt1a,0.416669114,6.745017885
Htra1,0.416432225,10.06642821
Rabif,0.416284444,12.8257537
Anapc5,0.416014991,49.56566173
Hspa4l,0.415911934,44.7112928
Akap17b,0.415757903,31.47675013
Rab11fip1,0.415696154,3.219213081
Aimp2,0.41568351,7.307102708
Gm14546,0.415635716,1.175268268
Htatip2,0.41558495,4.905467552
Lurap1,0.415365709,9.810935105
Gm43832,0.415065763,1.328564129
Tmem53,0.414900242,10.78180889
Tmem41b,0.414772392,16.96474195
Rgs6,0.41455335,51.71180378
Manba,0.414390254,30.30148186
Clgn,0.414183856,16.86254471
Ankra2,0.413893603,13.79662749
Cbl,0.413665438,37.19979561
Abhd11,0.413620411,11.59938682
Reep4,0.413402092,2.606029637
Sphk2,0.413028832,6.438426162
Epb41l5,0.412709607,31.88553909
Ccdc74a,0.412555703,4.701073071
Napg,0.412535359,31.17015841
Kng1,0.412332023,0.919775166
Rdx,0.412267641,29.43280531
Tmsb10,0.41150348,33.82728666
Wdr54,0.411489989,5.825242718
Zfp13,0.411370735,5.876341339
Cpne3,0.411262211,17.32243229
Mtmr6,0.411002383,20.89933572
Tjp2,0.410435945,9.14665304
Zfyve28,0.410263395,37.86407767
Klhl21,0.410250293,3.219213081
Mtmr4,0.409903557,11.5482882
Cda,0.40988609,7.920286152
Tead4,0.409833805,1.58405723
Cc2d1b,0.409829553,12.8257537
Wrap73,0.409826331,12.67245784
Pls3,0.409729244,28.25753705
Lars,0.409592185,37.76188043
Dsel,0.409503638,7.256004088
Asah1,0.409502792,29.17731221
Ctso,0.409085368,6.489524783
Slc22a5,0.408989079,11.39499234
Ap1m1,0.408879977,25.08942259
Mrps18c,0.408857311,14.25651507
Pomgnt1,0.408737666,17.11803781
Mecr,0.408506953,27.95094532
Gm21739,0.408476924,0.715380685
AU040320,0.408470933,39.65252938
Hhla1,0.408467233,2.554931017
Pnn,0.408386933,53.75574859
Sav1,0.408375016,5.160960654
Slc9a3,0.408369456,1.277465508
Ttf2,0.408298618,3.321410322
Cdc42bpb,0.408221111,32.03883495
Cdhr3,0.407708112,2.146142054
Rnps1,0.407522609,39.55033214
Zscan21,0.407498727,14.05212059
Gap43,0.407359136,70.77158917
9030624G23Rik,0.407297256,13.84772611
Ptprg,0.407268586,78.43638222
Map2k1,0.407222018,46.14205416
Gm26782,0.40713563,30.19928462
Dmtn,0.407061126,40.72560041
Myo1d,0.406904739,27.8998467
Fam107b,0.406846737,11.59938682
Med11,0.406652476,1.737353091
Fam19a3,0.406622517,0.766479305
Fam45a,0.406593115,26.57128258
Cyb5r1,0.406319452,5.774144098
Taf13,0.406204628,15.3295861
Cd47,0.406053815,49.56566173
Fbxw7,0.406030346,33.21410322
Jmjd6,0.405779924,15.8405723
Arhgef25,0.405652864,21.25702606
Tm7sf2,0.405557271,7.971384773
Ubr5,0.405553399,57.94583546
Morf4l2,0.40553091,34.18497701
Aldh9a1,0.405381805,9.402146142
Zfp688,0.405341367,3.883495146
Bap1,0.405314602,6.591722024
Mob1a,0.405232854,4.087889627
Crtac1,0.40520938,24.83392948
Mctp1,0.405199015,59.83648441
Cope,0.405106915,25.95809913
Zfhx3,0.404908297,71.02708227
Commd7,0.404662293,14.05212059
Irf3,0.404642169,23.24987225
Pcdh19,0.404562946,40.82779765
Klf7,0.404541496,41.74757282
Maged2,0.40434591,17.16913643
9430038I01Rik,0.404178398,5.314256515
Tmcc3,0.404160988,57.7925396
Tnfaip1,0.403959796,8.737864078
Tbc1d4,0.403944211,36.38221768
Cyb5b,0.40392596,28.30863567
Med8,0.403318539,7.409299949
Rcor3,0.40329964,23.65866122
Tmem114,0.403280362,3.168114461
Esyt2,0.403178451,47.9816045
Stac,0.403110905,17.47572816
Lix1l,0.40308924,12.67245784
Cachd1,0.402963082,32.49872253
Lins1,0.402919534,5.518650996
Uchl1,0.402675066,61.88042923
Mrm1,0.402507535,5.876341339
Wdr45,0.401946722,1.021972407
Srsf2,0.401804979,60.24527338
Snhg6,0.401685695,4.343382729
Erf,0.40158999,2.043944813
Gm12002,0.401423822,9.964230966
Trafd1,0.401373504,20.592744
C2cd4c,0.401270815,2.146142054
Plaa,0.401207786,38.98824732
Cdyl2,0.401184234,35.46244251
Vmn1r4,0.40104926,0.664282064
Taf1d,0.400891379,23.30097087
Rcc2,0.400872137,12.00817578
Gm29480,0.400802367,4.036791007
Zfyve27,0.400797929,32.24322943
Gm9017,0.400719664,1.124169647
Xdh,0.400271318,1.277465508
Vopp1,0.400195132,25.34491569
Eif4e2,0.400165178,12.41696474
Sspn,0.400074259,3.06591722
Sept1,0.399967691,14.00102197
Caprin1,0.399905627,45.78436382
Nabp1,0.399692389,4.138988247
Psd,0.399662829,29.79049566
Plekhm3,0.399521567,43.58712315
Esr2,0.399363854,1.839550332
Syt9,0.399189382,22.27899847
Sh3rf1,0.399168083,50.07664793
Kpna4,0.398848673,32.39652529
Ccdc148,0.398608223,43.94481349
Zfyve1,0.398590684,30.35258048
Snx1,0.39854914,33.82728666
Csrnp2,0.398523695,6.489524783
Ift57,0.398449769,11.90597854
Kdm6b,0.398382735,33.4184977
Lnp,0.398365703,45.32447624
Zwilch,0.398113871,4.138988247
Trak2,0.397981774,15.73837506
Acvr2a,0.397922736,27.74655084
Ist1,0.397676089,23.24987225
Rnf115,0.397394639,31.32345427
Spaca6,0.397186627,17.27133367
Vps26a,0.397164348,11.13949923
Mfn1,0.3970708,35.82013286
9230113P08Rik,0.397040494,1.073071027
Cyp4f13,0.396997195,4.54777721
Arpc2,0.396955893,38.32396525
Gm2415,0.396934979,6.540623403
Abtb1,0.396855898,9.504343383
H13,0.396652404,36.28002044
Gbe1,0.396549006,13.84772611
Itgb1,0.396456192,33.26520184
Palm,0.396409341,30.09708738
Rpl10a,0.396378901,19.31527849
Ino80,0.396326799,48.03270312
Brd2,0.396291269,12.5702606
Tbk1,0.395985828,21.56361778
Rnf19a,0.39589953,22.27899847
Loxl1,0.395793746,5.365355135
Scml4,0.395717835,28.51303015
Gm14280,0.395710385,2.299437915
Nfkbia,0.39546861,4.343382729
Tppp3,0.395462632,23.65866122
Mlf2,0.39533171,36.6888094
Slc39a11,0.395324404,17.93561574
Gramd1a,0.395277219,42.15636178
Akr1a1,0.395026871,32.44762391
Rnf181,0.394626767,10.83290751
Gm12158,0.394446816,2.452733776
Gm10069,0.394336579,20.38834951
Ormdl2,0.394260912,36.1778232
1700034P13Rik,0.394247903,7.307102708
Rundc3a,0.39422719,33.87838528
Il17rd,0.394219783,3.628002044
Tab1,0.394159647,9.0444558
Cox19,0.39406662,17.01584057
Slc6a6,0.394001306,37.96627491
Adnp2,0.393932315,4.854368932
Parp6,0.393907065,28.76852325
Tln1,0.393846685,13.13234543
Ogg1,0.393729696,7.204905468
Zfp697,0.39368612,20.74603986
Fer,0.393594859,45.78436382
Tmem123,0.393533428,2.912621359
Gm15489,0.393382257,10.57741441
Ap2b1,0.393368257,54.16453756
Gm26549,0.39320975,15.43178334
Polr3b,0.393105166,16.24936127
Exoc1,0.393004071,21.8702095
9330160F10Rik,0.392881191,7.818088912
Fbxo28,0.392776156,16.91364333
Pim3,0.392686775,6.234031681
Usp22,0.392639605,29.94379152
Hykk,0.392583064,7.000510986
Zxdc,0.392507499,13.18344405
Mum1,0.392434604,14.86969852
Atp1a1,0.392293767,38.22176801
Lims1,0.392287387,55.39090445
Ubfd1,0.392167341,9.197751661
Gabrg3,0.39201659,96.7296883
Gm11099,0.39186249,21.76801226
Eri3,0.391854498,49.82115483
Akt1s1,0.391808718,8.686765457
Mapk8,0.391674023,46.55084313
Dusp16,0.391436464,11.85487992
Pkn2,0.391381051,38.47726111
Gm6588,0.391373001,1.124169647
Cyp51,0.391244625,19.77516607
Tcp11l1,0.391199682,48.79918242
Samhd1,0.391152475,18.19110884
Eif3g,0.391132183,9.504343383
Ier5l,0.391035543,2.095043434
Cables1,0.390819862,8.482370976
Mitf,0.39053008,21.56361778
Gm14064,0.390528413,2.554931017
Pcgf1,0.390421958,5.927439959
Sqstm1,0.390402596,23.6075626
D930048N14Rik,0.390347856,3.372508942
Plk3,0.390320328,5.978538579
Gm27032,0.39024855,19.77516607
Ap1s1,0.390075966,16.55595299
Reep5,0.389983563,34.64486459
Lin37,0.389978417,10.52631579
Map1lc3a,0.389673503,22.99437915
Dnajc13,0.389621983,29.94379152
Stk31,0.389601711,2.606029637
Zfp128,0.388943713,4.752171691
Ddx39,0.388737121,7.971384773
Snx8,0.388665782,17.62902402
Ptprk,0.388635447,42.4629535
Capn11,0.388514957,3.423607563
Epb41l1,0.388455296,66.42820644
Kbtbd2,0.388445613,9.810935105
Gm37240,0.388281911,54.67552376
Zbtb46,0.388273433,17.5779254
Gm17231,0.388205794,40.01021972
Tmem50a,0.388074324,27.33776188
Taldo1,0.387951317,13.94992335
Fam189b,0.3878425,21.20592744
Chd4,0.387666802,44.35360245
Ubxn4,0.387628947,54.36893204
Dda1,0.387561716,15.43178334
Ube2m,0.387421133,8.840061318
Actr1a,0.387157115,31.73224323
Lrrn2,0.387152258,30.86356668
Srrm4,0.386817758,67.96116505
Zfp318,0.386724152,23.55646398
Tusc3,0.386710299,59.58099131
Pitpnc1,0.38670877,60.09197752
Ids,0.386678569,12.87685232
Syt14,0.386667667,34.64486459
Tmem136,0.386628925,6.642820644
Heatr5a,0.386538357,30.148186
Panct2,0.386414455,2.606029637
Myo9b,0.38636121,30.76136944
Prrg4,0.386332481,6.796116505
Psmd7,0.386300154,36.33111906
Rala,0.38615295,34.28717425
Tbrg4,0.386052607,5.774144098
Arpc5,0.385981745,10.27082269
Sept2,0.385901261,42.15636178
Ovol2,0.385724437,1.124169647
Zfand2a,0.385699057,10.21972407
Dctn4,0.385471611,43.02503832
Rnf38,0.385299947,38.52835973
Sars,0.385264336,35.05365355
Baz2a,0.385225041,39.55033214
Slfn5os,0.385219059,0.715380685
Cltb,0.385133139,37.30199285
Ncald,0.385030093,53.70464997
Usp20,0.384966514,38.11957077
Cript,0.384911313,12.26366888
Nfic,0.384877222,18.70209504
Frmd5,0.384860887,83.59734287
Btbd7,0.384607186,49.15687276
Mtmr1,0.384535332,33.62289218
Zfp462,0.384479408,50.07664793
Nmt2,0.384470683,47.06182933
Slc29a3,0.38439009,3.576903424
Gpatch1,0.384005346,33.31630046
Mospd2,0.383972127,18.80429228
Usp5,0.383861084,19.26417987
Rhoq,0.383810889,25.39601431
Gna13,0.383791831,11.08840061
Man1b1,0.383477931,28.81962187
Cmc2,0.383452042,10.57741441
Tmcc2,0.383367654,13.49003577
Ammecr1l,0.38318577,27.3888605
Zfp141,0.383160773,28.05314257
Srsf3,0.383004842,20.8482371
Clvs2,0.382982103,41.84977006
Wdr47,0.382899194,43.48492591
Larp4,0.382824372,27.84874808
Pbdc1,0.382801241,16.30045989
Brd9,0.382699469,27.69545222
Soga3,0.382557764,57.94583546
Ints9,0.382527811,32.29432805
Nipsnap3b,0.38250923,3.679100664
Garnl3,0.382483311,79.66274911
Gm26573,0.382472327,29.48390393
Ptpn11,0.382345627,32.34542667
Mettl22,0.382336256,7.460398569
Rap1gds1,0.382212727,45.78436382
Nudt7,0.38216188,8.073582013
Eps15,0.382001136,38.83495146
2010109A12Rik,0.381979238,3.883495146
Cep120,0.381933329,27.1333674
Pappa,0.381665802,12.0592744
Rab2b,0.381503386,21.30812468
Atp13a3,0.381480571,30.50587634
Syap1,0.381413346,14.20541645
Gpr143,0.381343507,1.226366888
Rmnd5b,0.381264516,9.299948901
Tada3,0.38107814,13.18344405
Gm9885,0.381003857,2.452733776
Slc25a44,0.380953651,8.022483393
Tbcd,0.380905702,46.39754727
Herc4,0.380690693,37.96627491
Zfand6,0.380641056,42.56515074
Lrrc2,0.380619524,4.394481349
Umps,0.380523307,4.343382729
Nhsl2,0.380477219,25.60040879
Acot7,0.380319766,43.99591211
Rab6a,0.380251243,40.67450179
Skap1,0.380201689,30.45477772
Dpp7,0.379934056,8.533469596
Tiprl,0.37974118,19.97956055
Ube4a,0.379737963,33.98058252
Clip2,0.379670155,23.45426673
Fam63b,0.379616299,38.47726111
Azin2,0.379517829,23.04547777
Cyp2c55,0.379428117,1.53295861
Alkbh4,0.379145153,2.810424119
P2rx3,0.379135613,1.277465508
Marf1,0.378665282,50.68983137
Zbtb7a,0.378660418,31.83444047
Enah,0.378616369,72.15125192
Camk1,0.378583892,27.95094532
Vapb,0.378404963,17.5779254
Actg1,0.378304053,26.77567706
Tcfl5,0.378123524,0.255493102
Nme7,0.378070707,20.33725089
Entpd5,0.378059587,13.49003577
Vcp,0.377946615,34.38937149
Rmi1,0.377846314,3.576903424
Lyrm9,0.377760129,9.964230966
Psmd4,0.377755435,28.71742463
Atxn7l1,0.377707065,44.04701073
Scara5,0.37767537,2.043944813
Psmd12,0.377520616,24.73173224
Fastk,0.377478396,23.19877363
Srebf2,0.377301691,37.91517629
Unc45a,0.377280374,26.00919775
Basp1,0.377205293,38.17066939
Nipal3,0.377077507,19.00868677
Arl4c,0.377076426,7.51149719
Alg5,0.377048107,10.57741441
Cstad,0.376824255,0.817577925
Arhgef15,0.376820717,9.453244762
Fam50a,0.376611715,11.49718958
Tysnd1,0.376514546,4.905467552
Eif2b1,0.376498627,9.504343383
Anapc2,0.37644115,15.48288196
Sgms2,0.376426615,11.8037813
Parp8,0.376216781,59.12110373
Gss,0.376108188,8.329075115
Polr3g,0.376033034,5.620848237
Pcmtd2,0.375949248,26.16249361
Ap5z1,0.375692479,8.584568217
Dlgap4,0.375665458,35.20694941
Commd4,0.375586411,25.65150741
Tmem237,0.375552864,18.19110884
Tbc1d16,0.375475742,13.28564129
Nfu1,0.37531421,18.24220746
Fam3a,0.375243678,6.949412366
H2-M3,0.375190375,2.095043434
Kidins220,0.375165858,63.87327542
Rufy2,0.374928358,28.10424119
Sugp2,0.374900307,36.12672458
Rnf165,0.374783041,24.01635156
Slx4ip,0.374688633,44.9667859
4931406P16Rik,0.374482528,38.57945835
Peg3,0.374479299,63.92437404
6030443J06Rik,0.374467686,28.20643843
Gm9833,0.374299144,6.08073582
Nup35,0.37425685,16.19826265
Tmem62,0.374249962,15.89167092
Csrp1,0.374223939,9.0444558
Lrrc3b,0.374188657,31.93663771
Sirt7,0.374150353,35.97342872
Abhd4,0.374146325,9.248850281
Ncoa3,0.374146124,33.06080736
Srsf5,0.374134712,54.62442514
Ctdsp1,0.374072056,4.956566173
Vps13d,0.37403382,55.2887072
1110002L01Rik,0.374014388,12.3147675
Nup43,0.374008902,10.32192131
Snhg20,0.373964758,53.39805825
Acox3,0.373945789,7.818088912
Cpne8,0.3739001,29.99489014
Grk4,0.373719295,14.30761369
Tbc1d9b,0.373679609,37.76188043
Jak2,0.373654513,25.19161983
2700069I18Rik,0.373582033,21.8702095
Tmtc3,0.373553428,21.56361778
Lipe,0.373531231,28.10424119
Atat1,0.373317578,34.28717425
Dhrs7,0.373311308,9.402146142
Ttc28,0.373090532,55.69749617
Gm26826,0.373015339,2.197240675
Gm26735,0.373001057,1.53295861
Uchl1os,0.372885479,9.913132345
Nelfb,0.372827355,25.29381707
Trabd,0.372793393,19.41747573
Kcnmb4,0.372739402,5.620848237
Akt1,0.372720874,13.08124681
Mettl1,0.372643184,8.840061318
Gars,0.372582295,21.81911088
Slc38a2,0.37247734,32.19213081
BC037034,0.372446188,12.51916198
Pdcd10,0.372441997,26.8778743
Alg14,0.372438822,7.971384773
Traf5,0.372387685,28.92181911
Tubb5,0.372338676,25.65150741
Zfos1,0.372293461,14.51200818
Dpm2,0.372272699,22.12570261
Tln2,0.372249844,50.58763413
Vps13c,0.372101377,38.06847215
Ppfia3,0.37210084,41.79867144
Me2,0.371987605,18.80429228
Mid2,0.371702203,25.60040879
Sycp3,0.371555641,47.82830864
RP23-343H23.2,0.371457994,1.788451712
Gpr149,0.371308337,14.61420542
Ube2z,0.371241532,12.97904957
Apbb1,0.37119558,26.92897292
Lrrc58,0.371114739,25.14052121
Eif5a,0.371090275,18.90648952
Tmem55a,0.370917901,31.17015841
Myrf,0.370900195,2.96371998
Rnf112,0.370848392,31.52784875
Hsph1,0.370631402,21.6147164
Map7d1,0.370617287,25.54931017
RP24-236C17.2,0.370455793,42.66734798
Nkiras2,0.37035523,4.138988247
Wwp2,0.370277385,34.64486459
Chp1,0.370149964,33.6739908
Ddx58,0.370143842,4.803270312
Adgra1,0.3701398,25.54931017
Akr1b10,0.370113653,8.380173735
Ebpl,0.369813338,12.87685232
Ppan,0.369765935,8.737864078
Rabl3,0.369755908,7.766990291
Cwc27,0.369736507,48.33929484
Atl1,0.369722475,38.73275422
Fbxo25,0.369621031,21.56361778
Slc20a1,0.369602855,21.3592233
Rttn,0.369539385,26.92897292
Olfm1,0.369463938,23.50536536
Sike1,0.369357791,13.84772611
Ppp1r9b,0.369349958,10.83290751
Actn4,0.369301808,24.68063362
Gsto1,0.36923231,4.701073071
Rtn4,0.369158309,67.75677057
Ccdc17,0.369149679,2.96371998
Lnpep,0.36911568,46.60194175
Sfrp4,0.369021677,1.839550332
Ddx19a,0.369006523,5.825242718
Slc16a6,0.36892219,6.336228922
Lca5,0.368910318,12.67245784
Gm38392,0.368866136,2.912621359
Gnai3,0.368733584,20.33725089
Bdp1,0.368659495,32.08993357
Cyb5a,0.368482246,16.96474195
Tma7,0.368380914,29.07511497
Tcea2,0.368303289,21.30812468
Arhgap28,0.368202656,7.102708227
Eef2k,0.367883984,25.80480327
BC017643,0.367706559,6.08073582
Ywhag,0.367701374,37.76188043
Oas1c,0.367650629,1.941747573
Fibp,0.367457671,18.39550332
Cdh6,0.367434017,32.03883495
Nars,0.367412536,25.60040879
Mef2a,0.367247359,48.59478794
Fxyd6,0.366904837,35.9223301
Unc13a,0.366787494,44.14920797
Pard3,0.366783272,60.50076648
Tmem184c,0.366689444,12.0592744
Ubac1,0.366633343,16.70924885
Rtn2,0.366499689,6.898313746
Clnk,0.366418506,5.876341339
Gm26734,0.366393444,2.810424119
Zfp821,0.366384358,21.00153296
Wsb2,0.366187253,11.5482882
Tardbp,0.366083124,33.77618804
Casc5,0.366036168,4.036791007
Ubap2,0.365966585,34.84925907
Crb1,0.365939677,5.876341339
Wdr53,0.365875762,6.438426162
Hic2,0.365800047,8.175779254
Lrrc1,0.365739939,14.25651507
Zfp182,0.365535496,33.98058252
Trappc8,0.365446476,38.83495146
Nucb2,0.365441693,15.48288196
Abca3,0.365417158,32.29432805
Clca4b,0.365289139,3.219213081
Sf3b1,0.364997496,49.46346449
Tecpr1,0.364836079,32.70311702
Notumos,0.364764353,0.05109862
Synj1,0.364696435,48.59478794
Psmd5,0.364682391,19.97956055
Supt20,0.36459104,36.28002044
Senp8,0.364556961,38.27286663
Tmlhe,0.364464877,33.31630046
Parvb,0.364393288,16.70924885
Erc1,0.364385487,64.53755749
Gm13152,0.36435298,2.861522739
Gm16175,0.364341429,0.613183444
Svopl,0.364294612,5.007664793
Snapc3,0.364174159,34.95145631
Vkorc1l1,0.364060132,27.33776188
Ankfy1,0.363897916,35.56463975
Gmfb,0.363868326,14.15431783
Mgea5,0.363831736,39.85692386
Jund,0.363672508,11.34389371
Plod1,0.363582839,6.234031681
Emc9,0.36346565,22.07460399
Ctr9,0.363286074,20.95043434
AI839979,0.363227931,0.408788963
Zfp335,0.363226439,5.518650996
4933408N05Rik,0.363088458,3.525804803
Kcnq5,0.363001492,85.89678079
Ttyh3,0.36299027,14.20541645
Fam102a,0.362962204,7.000510986
Pxylp1,0.362806149,13.54113439
Kctd20,0.362675856,18.0889116
Zbtb37,0.362643331,11.44609096
Rad52,0.362607849,17.22023505
Ywhab,0.36254727,21.1037302
Rc3h1,0.362531367,45.17118038
Fads1,0.362437739,16.50485437
Smim20,0.362358026,15.68727644
Cdkl2,0.362332086,21.97240675
Syn1,0.36223373,67.55237609
Laptm4a,0.362162859,34.95145631
Srsf12,0.362149143,12.92795095
Trappc4,0.362099363,19.05978539
Rab27b,0.362091917,46.14205416
Syngap1,0.362072823,7.920286152
Cnrip1,0.361923309,42.15636178
Gm6483,0.36186251,22.02350537
Hook3,0.361739961,54.57332652
Nudt6,0.36162147,2.657128258
Zbed4,0.36148421,14.51200818
Scaf1,0.361433217,19.41747573
Hexdc,0.361425845,21.05263158
Anapc4,0.361382955,26.00919775
Ninl,0.361376412,8.380173735
Nploc4,0.361308505,34.13387839
Xylt1,0.361304462,41.03219213
AW549877,0.361289273,13.43893715
Tor1aip2,0.361252837,25.24271845
Leng8,0.361120932,48.39039346
Dctn1,0.361109495,18.65099642
Mnat1,0.360985957,45.27337762
1110065P20Rik,0.360932876,8.022483393
Exosc8,0.360911319,7.153806847
Rab40b,0.360887744,17.32243229
Cfl1,0.360830923,25.85590189
Tpp2,0.360806736,34.74706183
Tagln3,0.360801337,26.16249361
Rbx1,0.36079684,28.35973429
Fam188a,0.360783711,25.54931017
Epdr1,0.360603325,23.50536536
Tbca,0.360465654,25.90700051
Rpl9,0.360208272,5.263157895
Bscl2,0.360172599,28.81962187
Mcc,0.360143833,48.28819622
Farp1,0.360113264,57.5370465
Slk,0.360079431,17.5779254
Ssbp3,0.360065685,35.41134389
Gpt,0.360008299,3.934593766
Tmem256,0.359950213,17.98671436
Tesc,0.359938133,9.964230966
Psma4,0.35969714,10.67961165
Cchcr1,0.359675586,3.0148186
Lamp2,0.35955096,22.07460399
Zfp236,0.359524976,27.74655084
Camk2d,0.359472208,73.47981604
Gm4944,0.359463142,9.453244762
Arhgap12,0.359189389,35.71793562
Gpcpd1,0.359099835,56.66836995
Ddx46,0.359026893,23.76085846
4930578G10Rik,0.359009277,36.4333163
Arl13b,0.358994157,18.75319366
Gtf2ird1,0.358983198,36.48441492
Rab7,0.358900732,24.3740419
Gnb1,0.358887079,62.59580991
Gm29387,0.358775007,0.05109862
Mrgpre,0.358614399,2.708226878
Fbxo17,0.358477101,4.803270312
Tcf4,0.358346198,72.40674502
Nsun4,0.358309881,5.365355135
Gm15473,0.358293886,0.510986203
Glb1l,0.358135687,5.314256515
Tspan2,0.35812469,13.59223301
Ggt7,0.358104926,40.57230455
Hvcn1,0.358080067,3.423607563
Wdr77,0.35807918,7.869187532
Blzf1,0.357972725,18.19110884
Zbtb10,0.357954444,5.620848237
Actl6b,0.357877953,26.72457844
Agk,0.357877506,32.08993357
Tram1,0.357725889,20.79713848
Sh3gl3,0.3576972,17.93561574
Cpeb4,0.357670508,38.32396525
Fgd4,0.35765226,54.42003066
Cog2,0.357592532,11.5482882
Rgs3,0.357555929,12.46806336
Cept1,0.357535077,27.23556464
Bfar,0.357526713,22.02350537
Pus7,0.357422403,23.35206949
Sh2b1,0.35719415,7.204905468
Iars2,0.357190401,19.77516607
Alad,0.357046045,7.460398569
Ap2a2,0.356914078,36.02452734
Snrpa,0.35669744,13.49003577
Mgmt,0.356642059,5.007664793
Prr14,0.356634957,34.69596321
Plxna4os3,0.356611843,12.87685232
Ndrg2,0.356570389,27.18446602
Acd,0.356449844,11.13949923
Sptan1,0.356417986,65.86612161
Bcl2l1,0.356384427,25.08942259
Psmc1,0.356382267,21.81911088
Pakap,0.356374799,16.65815023
Il17d,0.356338907,7.61369443
Tgm4,0.356282323,1.941747573
Ccdc79,0.356249624,9.09555442
Trrap,0.356218973,29.84159428
Spryd3,0.356195405,17.68012264
Wdr59,0.35618947,17.37353091
Hdac3,0.35617096,42.56515074
Magt1,0.356053684,16.35155851
Abcd2,0.356010416,7.409299949
Tmem165,0.35600144,16.60705161
Sptlc2,0.355951809,25.70260603
Atl3,0.355869985,32.6520184
Rnf13,0.355818459,32.85641288
Gm20721,0.355760222,5.263157895
Stambp,0.355756081,12.41696474
Bend7,0.355731679,23.04547777
Wnk1,0.355681789,64.28206438
Rbm18,0.355420358,15.12519162
Eif4a1,0.355408857,27.18446602
Tvp23a,0.355377557,16.40265713
Mfn2,0.355375851,17.06693919
Mrps10,0.355373843,20.28615227
Clvs1,0.355360588,75.16607052
Stk40,0.355307061,16.65815023
Drosha,0.35523431,16.86254471
Cend1,0.355154022,18.44660194
Tmem245,0.355063829,32.44762391
Atp12a,0.355044801,1.941747573
Ncoa6,0.354927952,26.67347982
Zfp94,0.354791372,8.124680634
Cox6a1,0.354698027,39.4481349
Gtf3c5,0.354660259,7.51149719
RP23-430B14.2,0.354469255,26.6223812
Tsc22d4,0.354463408,23.30097087
Ip6k2,0.354444168,27.69545222
RP23-178C20.4,0.354428218,0.102197241
Litaf,0.354407589,9.913132345
Ccnl1,0.354374295,24.73173224
Glb1,0.354232941,26.31578947
Pcgf2,0.354180059,15.68727644
Grm3,0.354158769,61.72713337
Pts,0.353957029,7.715891671
Skap2,0.353745657,38.22176801
Sptlc1,0.353728019,18.44660194
Trim35,0.353693862,38.9371487
Fsd1,0.353645751,36.9443025
Cwf19l2,0.353638558,39.1926418
Trappc11,0.353592972,13.94992335
Map4k3,0.353550705,41.08329075
Ctbs,0.35346345,5.416453756
Riok3,0.353400531,34.84925907
Gm3294,0.3533198,11.95707716
Gpr108,0.353256465,18.03781298
Tuba1a,0.353194346,51.91619826
Zfp960,0.353181962,2.146142054
Ccdc25,0.353057218,11.19059785
1700025G04Rik,0.353052089,49.51456311
Sft2d1,0.352954954,15.89167092
Srgap2,0.352856333,70.51609607
4930512B01Rik,0.35283335,3.270311702
Rragc,0.352533909,13.03014819
Ikbkg,0.352526472,17.32243229
Ddx39b,0.352408956,37.71078181
Prmt7,0.352368124,22.99437915
Nlrc4,0.352296988,17.5779254
Cuedc1,0.352295024,35.51354113
Rab10os,0.352118139,26.31578947
Dbnl,0.352059146,18.90648952
Cartpt,0.351984339,25.85590189
Ssbp1,0.351816622,17.68012264
Ppm1l,0.351815288,37.65968319
Rhbg,0.351759566,0.102197241
Tsc22d1,0.351713591,50.94532448
Adk,0.351703606,40.36791007
Als2,0.351693617,25.65150741
Fam13b,0.35165334,44.14920797
Bmpr1a,0.351577979,33.1630046
Rce1,0.351575049,9.299948901
Nipsnap1,0.35156485,32.03883495
Srcin1,0.351478794,32.95861012
Phkb,0.351283131,50.53653551
Ranbp3l,0.351098508,1.328564129
Stk32c,0.350982674,12.36586612
Coq10a,0.350957501,7.051609607
Sgk1,0.350948881,31.93663771
Btc,0.350824142,1.021972407
Marcks,0.350698341,15.89167092
Clcn5,0.350638818,20.08175779
Zbed3,0.350618591,2.401635156
Oraov1,0.350529224,7.051609607
Tfcp2,0.350397385,28.61522739
Fgf1,0.350305122,28.61522739
P2rx4,0.350275172,21.71691364
Snrnp48,0.350268627,57.07715892
Mta3,0.350193712,33.57179356
Mettl23,0.350157034,58.35462443
Myb,0.350156436,5.774144098
Tor1aip1,0.350155934,19.21308125
Map1s,0.35015566,13.49003577
Golt1b,0.350119425,9.402146142
9330159F19Rik,0.349920896,57.23045478
Slc30a6,0.349917818,17.47572816
Snap23,0.349738516,21.8702095
Mrpl57,0.349611763,9.0444558
Rad23b,0.349380086,26.57128258
Fam193b,0.349372184,42.66734798
Mapk1ip1l,0.349356882,20.64384262
Usf2,0.349345907,17.01584057
Abhd2,0.349172187,23.65866122
Exoc3,0.349113915,26.16249361
Alkbh2,0.349023789,6.796116505
Kif1c,0.349013905,7.56259581
Slco4a1,0.349013302,2.401635156
Eea1,0.348765383,39.29483904
Map3k9,0.348692651,9.402146142
Hnrnpll,0.348685254,26.82677568
Nme6,0.34864756,10.83290751
Rnasel,0.348625503,6.234031681
Ireb2,0.348528071,30.96576392
C130026I21Rik,0.348479544,13.79662749
Srrm4os,0.348415778,3.934593766
Bcl2l13,0.348408287,18.29330608
Slc16a1,0.348376291,8.380173735
Slc25a39,0.348300691,6.234031681
Eif1b,0.348284463,17.93561574
Bdh1,0.3482827,16.60705161
Atxn1l,0.348227299,10.21972407
Ppp1ca,0.348162703,14.35871231
Mboat2,0.348116315,26.67347982
Grin2c,0.348095005,4.087889627
Dpf1,0.348055611,15.27848748
Rex2,0.348040694,0.408788963
Hsbp1,0.348017934,21.56361778
St6galnac3,0.347931534,42.82064384
Soga1,0.34776211,28.05314257
Pef1,0.347738245,10.11752683
Add1,0.347585335,50.94532448
Stx16,0.347583538,58.91670925
Edf1,0.347440723,23.09657639
Lhfpl3,0.347088521,90.34236076
Rmnd5a,0.347058642,24.27184466
Kcnk3,0.347048692,11.44609096
Ndc80,0.34704497,0.766479305
Samd4b,0.347019435,22.22789985
Slc7a7,0.346882242,1.430761369
Ttll11,0.346874404,44.20030659
Osbpl11,0.346819987,21.1037302
Pld5,0.346781432,75.21716914
Slc39a10,0.346705783,16.24936127
Erlin1,0.34650715,26.8778743
Ptpn9,0.346486393,59.47879407
Itsn2,0.346411574,50.28104241
Csnk1e,0.346284316,19.77516607
Cenpt,0.34628153,24.1185488
Gk5,0.346278106,12.72355646
Tmprss7,0.346262128,2.708226878
Coro1c,0.346121472,28.97291773
Sgsm2,0.345952338,46.29535003
Tbce,0.345943702,39.39703628
Picalm,0.345784356,34.79816045
Mthfd1l,0.345713306,16.76034747
Epm2aip1,0.345640209,11.8037813
Slco2a1,0.345583861,9.657639244
4833422C13Rik,0.34557656,4.343382729
Cacna1e,0.345563791,74.65508431
Ap3b1,0.345512613,38.78385284
Gbas,0.345464323,34.84925907
Cetn3,0.345445335,18.03781298
Add2,0.345437082,47.47061829
Nmd3,0.345403543,15.94276955
Acaca,0.345288627,71.28257537
Wdr26,0.345272158,34.95145631
Fdxr,0.345266505,11.08840061
Ccdc28b,0.345193012,14.97189576
BC004004,0.34516271,18.65099642
Dym,0.345154454,41.08329075
Fam120a,0.345007334,32.6520184
Ccnc,0.344966058,29.99489014
Nos1,0.344883765,13.59223301
Stim2,0.344775424,30.96576392
Samd10,0.344650257,10.52631579
Map9,0.344640166,14.76750128
Gypa,0.34461119,3.525804803
Hypk,0.344495841,14.30761369
Ephx1,0.344479955,2.861522739
Xpo1,0.344361242,37.96627491
Mrpl41,0.344188228,29.94379152
Dpysl2,0.344167471,65.86612161
Faah,0.344110077,13.94992335
Zcchc6,0.34405109,21.00153296
Slc6a15,0.34374923,38.6816556
Zdhhc8,0.343515598,19.57077159
Tmem181a,0.343347283,54.0112417
C1rl,0.343322097,0.562084824
Nos1ap,0.343263823,26.06029637
Swt1,0.343190628,33.36739908
Ccl27a,0.343174429,15.68727644
Phf1,0.343164638,30.45477772
Tmem19,0.343145299,14.76750128
Usp31,0.34309099,27.59325498
Herc2,0.34296736,51.60960654
Creg2,0.342828522,9.299948901
Trps1,0.342782483,67.39908022
Calr3,0.34246585,3.628002044
Ampd2,0.342265498,22.07460399
Tmem175,0.342254,42.15636178
Nrbp1,0.342107413,22.02350537
Nsl1,0.34205038,0.408788963
B4galt2,0.341983788,6.182933061
Cdc42bpa,0.341889914,76.49463464
Tbccd1,0.341779102,5.825242718
Mycbp2,0.341767622,87.53193664
Zfp560,0.341766718,16.14716403
Gdi1,0.341758166,43.28053143
Pmm1,0.341647002,14.76750128
Nova2,0.341635575,9.606540623
Adck5,0.341611755,16.91364333
Oma1,0.341576651,10.67961165
Agrn,0.34153749,30.96576392
Gm16282,0.341514656,1.48185999
Acsl3,0.341480109,18.54879918
Ube2d1,0.341379848,21.20592744
Tmem106b,0.341358466,12.51916198
Ddx5,0.341283289,53.60245273
Kcmf1,0.341179605,44.45579969
Trim43c,0.341130913,3.730199285
Tsc22d2,0.341117191,31.06796117
Ipo8,0.341061892,37.45528871
Gm16998,0.340919117,0.919775166
Klc4,0.340839377,10.83290751
Itgb3,0.340827843,1.941747573
Erich6,0.340793243,3.832396525
Frem1,0.340684897,3.270311702
Creb1,0.340595099,28.10424119
A430106G13Rik,0.340585348,3.934593766
Baiap2l1,0.340557407,4.241185488
Arhgef37,0.340485774,6.08073582
Wdr73,0.340450676,19.05978539
Apool,0.340441799,5.314256515
Cct3,0.340186215,22.27899847
Mettl20,0.340183213,7.56259581
Prpf38b,0.340163012,16.70924885
Pdp1,0.340127171,7.869187532
Zfp248,0.340106992,17.68012264
Spag4,0.340005176,7.358201329
Vmac,0.339984478,4.49667859
Ppm1b,0.339931287,23.35206949
F630040K05Rik,0.339901276,1.226366888
Osbp,0.339856468,17.88451712
Ube2a,0.339735069,15.5850792
Ptbp2,0.339705236,47.77721002
Gak,0.339659279,33.52069494
Atp6v0a1,0.339653269,77.31221257
Ywhah,0.339611168,33.87838528
Smap1,0.339511083,30.35258048
Aars2,0.339486193,7.102708227
N6amt2,0.339424211,19.82626469
Rps6kb2,0.339276653,24.8850281
Eif5,0.339232588,24.93612672
Zfp641,0.339218377,20.64384262
Gm43016,0.339148286,5.620848237
Larp4b,0.339140874,35.00255493
Numb,0.339034594,49.25907001
BC005561,0.338969483,36.4333163
Eif4b,0.338879544,15.5850792
Srp14,0.338869565,18.0889116
Abhd5,0.338840144,3.372508942
D930016D06Rik,0.338804919,26.16249361
Nxpe4,0.338620804,8.022483393
Trmt13,0.338466269,22.38119571
Zfp451,0.338434889,29.17731221
Cebpg,0.338427286,11.34389371
Zfp53,0.338357638,18.65099642
Pak2,0.338342805,24.8850281
4930522L14Rik,0.338325615,11.19059785
Afg3l2,0.338312143,26.31578947
Prmt10,0.338164659,15.43178334
Crat,0.338141977,13.69443025
Nckap1,0.338125389,55.90189065
Tmem159,0.338013986,6.745017885
Rel,0.337970188,5.007664793
Ap3m1,0.337917741,24.52733776
Myocd,0.337872407,2.043944813
Rbbp7,0.337857493,23.09657639
Scn3a,0.337803288,67.24578436
Msl2,0.337789503,15.99386817
Sfi1,0.337785743,36.38221768
Rab5b,0.33777099,28.35973429
Ift80,0.337749756,13.59223301
Slc17a5,0.337732322,24.78283086
Btbd3,0.337492045,21.46142054
Klhdc8a,0.337263497,2.708226878
Aph1b,0.33723728,6.591722024
Zfp329,0.337172825,28.20643843
Otub1,0.337111307,15.074093
Sec31a,0.337076328,16.35155851
Mtch2,0.337045315,29.33060807
Rfwd3,0.337034423,15.3295861
Letm2,0.337000452,44.20030659
Psmd14,0.336999105,48.4925907
Ipo13,0.336990812,14.46090956
Cdc42se2,0.336959349,28.41083291
Hes6,0.336929429,4.752171691
Surf2,0.336889553,10.16862545
Shtn1,0.336849476,52.63157895
Nbeal1,0.336829246,62.59580991
Ripk1,0.336808645,4.803270312
Inpp1,0.336787556,13.13234543
Cntfr,0.336733097,20.08175779
Myom3,0.33673295,0.919775166
Fam109a,0.336613959,4.343382729
Snx32,0.336541755,40.87889627
1700021F05Rik,0.336406719,11.85487992
Gm12089,0.336378784,2.248339295
Etnk1,0.336231439,54.5222279
Gga2,0.336117575,18.80429228
Sema4d,0.33607073,25.90700051
Mcph1,0.336049422,28.97291773
Chm,0.336038731,47.62391415
Dpyd,0.335999804,63.51558508
B430203G13Rik,0.335952133,1.53295861
Fryl,0.33592165,39.75472662
Orc4,0.335886569,25.08942259
Ap3s1,0.335845928,29.68829842
Arhgap44,0.335842609,41.79867144
Ywhaz,0.335813636,19.57077159
Napa,0.335755101,25.44711293
Ythdf2,0.335730098,16.86254471
Agps,0.335720307,30.76136944
Gls,0.335682825,68.21665815
Dapk1,0.335635881,56.25958099
Babam1,0.335610591,17.78231988
Prkacb,0.335603142,40.01021972
Mkl1,0.335535433,42.10526316
Sec23a,0.335515555,32.70311702
Mark4,0.335510239,16.91364333
Bin1,0.335490025,48.4925907
Stx5a,0.335480939,42.66734798
Cdv3,0.335427952,14.35871231
Nsmce2,0.335410801,45.42667348
Pja2,0.335192566,65.40623403
Aldh7a1,0.335187688,19.21308125
Tgfb1,0.335151618,0.766479305
Gm26671,0.335114391,2.606029637
Gm11659,0.335059012,27.33776188
Sra1,0.335051902,18.90648952
Kif3b,0.335030505,25.03832397
Ggnbp2,0.334919646,51.7629024
Phax,0.334905328,16.45375575
Uevld,0.334877455,19.26417987
Psmc2,0.33480749,15.17629024
Atp9a,0.334746277,54.42003066
Rsrp1,0.334743947,85.02810424
Gm16141,0.334689234,9.248850281
4833420G17Rik,0.334594469,22.53449157
Cd24a,0.334564813,6.591722024
G3bp1,0.334526667,22.22789985
Gatad2a,0.334506256,19.21308125
Prrc2b,0.334357536,42.87174246
Crip3,0.334348822,3.117015841
Nadk,0.334301862,21.97240675
Klhl24,0.334270297,21.6147164
Sept3,0.334236221,26.06029637
Ndel1,0.334142343,28.41083291
Ecd,0.334065724,21.15482882
Oscar,0.334021275,3.832396525
C2cd5,0.33400073,56.10628513
5031425E22Rik,0.33397842,37.30199285
Kcnb2,0.333872958,91.97751661
Chka,0.333863327,53.29586101
Sec24b,0.333764142,53.29586101
Ptp4a2,0.333761516,22.78998467
Mcf2l,0.333744714,42.25855902
Apba1,0.333682857,68.31885539
Hectd3,0.333680855,9.759836484
Senp5,0.333655601,41.59427695
Lrch3,0.333645893,51.86509964
Eif4g1,0.333588795,57.7925396
Neurl1a,0.333571687,20.03065917
Rrm2b,0.333540569,15.43178334
9930012K11Rik,0.33347741,3.423607563
Cdk8,0.333436546,37.50638733
Gm38393,0.333393834,38.27286663
Exoc6,0.333391307,23.81195708
9830147E19Rik,0.333323052,19.62187021
Glud1,0.333264974,36.33111906
mt-Cytb,0.333197628,32.60091978
Smc4,0.333176961,3.270311702
B230219D22Rik,0.33308664,15.68727644
Slc4a3,0.333054373,31.83444047
Gabarap,0.332984938,16.19826265
Pura,0.332895399,53.75574859
Dnase1l1,0.332745407,3.06591722
Stx7,0.332662121,22.17680123
Snapin,0.332661483,9.708737864
Prox2os,0.332457428,2.350536536
Tap2,0.33236123,9.555442003
Cog1,0.332301256,16.09606541
Eral1,0.332229035,8.482370976
Mtmr12,0.332204774,18.70209504
Wiz,0.332164574,15.43178334
Xpnpep1,0.33208794,19.21308125
Ubap1,0.332056582,18.29330608
Bach1,0.332023849,7.256004088
Ctps2,0.33198735,31.06796117
Cars2,0.331776558,14.51200818
Mob1b,0.331525235,26.77567706
Slc35f1,0.331443337,78.18088912
Fggy,0.331439904,32.60091978
Rrp9,0.331387401,6.898313746
Clk1,0.331315364,43.12723556
Ube2d3,0.331311133,34.79816045
Sorbs1,0.331301428,45.37557486
Tmem169,0.331199796,18.0889116
Lmntd1,0.330873146,3.525804803
Slbp,0.330805308,18.54879918
Polr2c,0.33074146,15.63617782
Sec61a2,0.33070003,53.65355135
Uspl1,0.330592415,6.438426162
Cers4,0.330564245,50.68983137
Tmeff2,0.330494206,87.07204905
Ubxn6,0.330409552,12.67245784
Uba3,0.330366483,15.53398058
Lrrc14,0.330275359,6.949412366
Tmem63b,0.330217495,36.02452734
Smarca1,0.330209932,24.3740419
Eml2,0.329998989,44.25140521
Cs,0.329997814,33.36739908
Man1c1,0.3299113,21.00153296
Glcci1,0.329868575,1.839550332
Nphp1,0.329752215,10.32192131
Eef1g,0.329737931,24.78283086
Polh,0.329666912,12.16147164
Ints2,0.329657897,19.36637711
Tacc3,0.329653784,4.087889627
Pfkl,0.329567431,18.19110884
Cd99l2,0.329563483,25.95809913
Plcb1,0.329553436,90.59785386
Gm1992,0.329420782,39.60143076
Rab3il1,0.329416648,1.58405723
Invs,0.3294081,30.81246806
Ppp2r5c,0.329308835,48.7480838
Ntmt1,0.329307741,24.16964742
Zfp646,0.329256113,4.241185488
Phtf2,0.329253885,33.26520184
5031439G07Rik,0.329235006,39.4481349
Pdpk1,0.329165312,36.79100664
Opn3,0.329136727,2.350536536
Mtx1,0.329128424,11.70158406
1700088E04Rik,0.329087783,15.89167092
Tmod2,0.329078448,40.21461421
Ldha,0.328988778,17.37353091
Vps33b,0.328920808,11.8037813
2310033P09Rik,0.328903982,17.32243229
Rfc5,0.328892392,2.146142054
Adgb,0.328887248,10.42411855
Sh3d19,0.328864519,31.42565151
Ap3d1,0.328601306,21.6147164
Msrb3,0.328442766,12.3147675
Otud4,0.328352943,24.98722534
Cyp4x1,0.328315707,15.63617782
Emc2,0.32825573,17.88451712
Bcl7c,0.328222911,20.18395503
Hif1a,0.328214818,21.46142054
Uso1,0.328099093,26.98007154
Cacnb3,0.328008347,12.8257537
Lrp8,0.328003955,25.54931017
Tcp1,0.327981285,15.53398058
Ccdc59,0.327936412,14.25651507
Chn1,0.327835363,50.12774655
Gsk3b,0.327758846,66.42820644
Snph,0.327714328,49.10577414
Gm26936,0.327483296,2.912621359
Kansl2,0.327474849,22.53449157
Usp48,0.327399136,26.92897292
Fbxl3,0.32727063,11.13949923
Jarid2,0.327244749,42.76954522
Kif21b,0.327197433,17.32243229
Cep192,0.327189614,23.8630557
Ece2,0.327151143,50.53653551
Alkbh8,0.327038281,32.6520184
Dnajc8,0.326975243,29.8926929
Hipk3,0.32695563,19.92846193
Psmc4,0.32688001,22.43229433
Frmd4b,0.326859528,61.93152785
Gm26761,0.326853751,0.153295861
Lcor,0.326848377,60.70516096
Hdx,0.326784881,35.82013286
Mthfs,0.326767613,31.63004599
Edil3,0.326719255,86.56106285
Shoc2,0.326693071,38.63055697
E4f1,0.326671949,16.81144609
Faf2,0.326656739,33.00970874
Caprin2,0.32665035,25.08942259
Pgbd5,0.326576785,17.16913643
Pigq,0.326499372,13.69443025
Dnah8,0.326468362,3.117015841
Sh2d6,0.326431161,3.168114461
Flt4,0.326352834,1.839550332
Zfp317,0.326336536,10.57741441
Skida1,0.326249066,16.40265713
Mbnl2,0.326090962,67.70567195
Cadm3,0.32608285,29.6371998
Slirp,0.326053255,15.94276955
4931406C07Rik,0.326024655,12.41696474
Etv6,0.32601262,26.11139499
Atad2,0.325993901,8.788962698
Mrgbp,0.325960807,9.504343383
Use1,0.325947592,11.90597854
Ndrg4,0.325937819,55.0332141
Hnrnpl,0.325825946,36.79100664
Acvr1,0.325758052,29.02401635
Fbxl2,0.32575608,44.66019417
Cabin1,0.325732605,33.77618804
Mpzl3,0.325705268,3.117015841
Golga7b,0.325582326,11.08840061
Amz2,0.325577296,19.51967297
Cisd3,0.325535385,12.36586612
Gpx4,0.325459506,29.38170669
Snx3,0.325386305,24.01635156
Yes1,0.325352139,28.20643843
Cltc,0.325333176,46.70413899
Pop5,0.325153872,12.26366888
Bcorl1,0.325125161,12.77465508
Hmbox1,0.324879244,41.28768523
2510039O18Rik,0.324838923,7.409299949
Kpnb1,0.324785979,11.90597854
Mapk6,0.324683371,13.38783853
Anp32a,0.324676363,18.5998978
RP23-174K7.1,0.324638451,0.153295861
Tnfrsf26,0.324597894,1.175268268
Chmp3,0.324560545,21.25702606
Slc3a2,0.324477642,28.35973429
Sgta,0.324461989,19.26417987
Nip7,0.32442733,5.263157895
Ogdh,0.324381885,47.11292795
Dync1li1,0.324352653,32.34542667
B4galt5,0.324262273,23.40316811
S100pbp,0.324127564,20.95043434
Fkbp8,0.3240363,28.30863567
Psmd2,0.324016506,14.20541645
Cage1,0.324011201,14.46090956
Vta1,0.323691352,22.22789985
Sacm1l,0.323679493,35.05365355
Evl,0.323663316,54.82881962
Hs3st3b1,0.323637261,2.912621359
Uba1,0.323580022,16.65815023
Mff,0.323561241,29.48390393
Qtrt1,0.323554227,30.25038324
Eri1,0.323502829,5.723045478
Cd4,0.323495533,0.306591722
Ethe1,0.323491677,7.000510986
Zfp568,0.323490271,7.715891671
Pex16,0.323473357,8.431272356
Impact,0.323449116,44.45579969
Cers2,0.323389465,12.00817578
Clk4,0.32335415,30.09708738
Lmbrd2,0.32325046,19.97956055
Npdc1,0.323214506,40.47010731
Atp6v0e,0.323178251,14.8185999
Armc10,0.323154432,6.540623403
Phka1,0.322994015,38.11957077
Ptp4a1,0.322988743,6.438426162
Radil,0.322959655,24.47623914
Acap2,0.322816689,40.57230455
Zfand5,0.322620906,15.27848748
Psmd1,0.322608701,47.72611139
Cacul1,0.322551323,31.78334185
Ddx31,0.3223836,12.46806336
Sfswap,0.322256114,45.42667348
Acsl5,0.322204775,11.5482882
Zbtb1,0.322135779,6.08073582
Bax,0.322134792,19.57077159
Ankib1,0.322094432,44.04701073
Kcnj3,0.322006317,69.80071538
Letmd1,0.321955242,14.05212059
Gabrr3,0.321907973,0.715380685
Lysmd3,0.32188829,5.876341339
Rassf5,0.32181147,6.234031681
Zfp523,0.321755861,22.22789985
Gins3,0.321750487,4.190086868
Sppl3,0.321705965,42.4629535
Pik3r3,0.321693376,39.65252938
Psmc5,0.32169336,19.62187021
March2,0.321680327,25.54931017
Nol4l,0.32161946,41.54317833
Fis1,0.32157304,16.76034747
Pdcd6,0.321562965,12.16147164
Znfx1,0.321501281,14.10321921
2010111I01Rik,0.321459857,65.71282575
Mfsd11,0.321443024,27.79764946
Kat2a,0.321406283,11.19059785
Edem1,0.321370711,11.08840061
Chl1,0.321347008,77.21001533
Mios,0.321231788,22.07460399
Fam117b,0.321094132,43.33163005
Fam65a,0.321051846,11.08840061
Parp12,0.320932511,8.073582013
Kmt2d,0.32083092,24.16964742
Mast1,0.320777693,34.54266735
Ppp2r2d,0.320546572,13.18344405
Kat5,0.320503854,9.453244762
Micall1,0.320479134,15.89167092
Mapk14,0.32044147,35.61573838
Pmpca,0.320440549,10.93510475
Rps6kc1,0.320326269,20.69494124
Pinx1,0.320313131,11.70158406
Tnip2,0.320240121,18.90648952
Chmp4b,0.320204513,20.23505365
BC025920,0.320093551,3.934593766
Efna5,0.319989988,89.06489525
Plet1os,0.319897298,1.328564129
Mrps26,0.319887444,18.5998978
Smyd5,0.319873862,16.40265713
Ercc1,0.319868466,13.49003577
Lypla2,0.319630621,14.46090956
Ina,0.31947308,19.51967297
Tbc1d15,0.319471345,11.85487992
Atp6v1a,0.319345046,39.29483904
Trim43a,0.319328913,2.146142054
Ap3b2,0.319269601,39.39703628
Rheb,0.319204761,33.46959632
Pikfyve,0.319125985,26.31578947
Armcx4,0.319059429,7.256004088
Rras2,0.318951519,9.504343383
Dgkb,0.318944998,87.53193664
Dtx2,0.318866581,5.825242718
Fam73a,0.318863861,24.47623914
Tmem161a,0.318796863,12.97904957
Zgrf1,0.318690262,5.723045478
Actb,0.318609487,54.31783342
Gm16503,0.318551681,5.620848237
Ptpn2,0.318449589,26.67347982
Optn,0.318448233,19.11088401
Ndufb3,0.318434118,23.19877363
Katnb1,0.318420153,7.358201329
Gm26869,0.318365881,4.803270312
Calm3,0.318355798,26.67347982
Dnm2,0.318221828,47.93050588
Tgfbr3,0.318220558,31.27235565
Tmeff1,0.318197262,21.76801226
Ipo11,0.318163639,33.4184977
Mrpl52,0.318148424,12.5702606
Ccnb1,0.318117758,0.562084824
Gin1,0.318087011,14.51200818
Cacna1b,0.318068609,71.48696985
Pacs2,0.318068498,26.06029637
Wdr4,0.317978198,11.5482882
Eif2ak3,0.317954557,17.62902402
Mtm1,0.317938109,25.65150741
Zfp516,0.317934682,15.17629024
Ndst2,0.317906723,4.036791007
Dennd6a,0.317846219,44.86458866
Rae1,0.31781581,21.46142054
Dnm1l,0.317676345,28.97291773
Tmem179,0.31762158,26.31578947
Arf5,0.317534985,25.65150741
Larp1b,0.317526653,23.91415432
Cdk14,0.317466397,73.78640777
Irs2,0.31731214,8.175779254
A830080D01Rik,0.317311258,25.54931017
G2e3,0.317166363,9.299948901
Snx4,0.317136354,21.05263158
Tenm3,0.317074248,76.80122637
Dus2,0.316940595,23.45426673
Prss47,0.316832482,0.102197241
Sncaip,0.316794027,35.41134389
Med1,0.316788177,22.99437915
Grb10,0.316760323,66.12161472
Ldlrad3,0.316704994,16.65815023
Zfp934,0.316667072,5.109862034
Gm10516,0.316656078,21.76801226
Mroh1,0.316616522,34.08277976
Arhgef11,0.316585416,48.28819622
Lzts2,0.316497262,10.73071027
Tnfrsf21,0.316369674,20.43944813
Wdr61,0.316358336,12.00817578
Tmc2,0.316353347,2.248339295
Bbip1,0.316289111,31.52784875
B3gat3,0.316258165,17.01584057
Vcpkmt,0.316193917,3.934593766
Vdac1,0.316162762,21.05263158
Tnpo3,0.316071954,40.11241696
Mpv17,0.316010162,20.28615227
Rassf8,0.315965034,42.15636178
Dock9,0.315951643,48.85028104
Sdc3,0.315647405,13.38783853
Cirh1a,0.315580867,13.59223301
Gm37494,0.315519182,16.70924885
Ltk,0.315411127,5.569749617
Gpr173,0.315397959,10.42411855
Myo18b,0.3153965,1.737353091
B830012L14Rik,0.315307789,35.51354113
Taf1,0.315137835,35.10475217
Zfp408,0.314992773,14.05212059
Serf2,0.31496985,22.99437915
Zfp386,0.314923705,9.504343383
Cdh4,0.314888574,40.36791007
Ino80d,0.314882007,37.09759836
Cdk7,0.314847289,27.28666326
Med25,0.314841079,20.08175779
Uba6,0.31479352,35.666837
Rad50,0.314733349,16.86254471
Rbbp5,0.314700583,8.942258559
Por,0.314680485,33.31630046
Bsdc1,0.314659254,19.21308125
Eif1a,0.314658276,7.664793051
Arhgef40,0.314528058,17.8334185
Ube2d2a,0.31450838,39.65252938
Lclat1,0.314450101,28.25753705
Cmss1,0.314305323,24.27184466
Pcnx,0.31422773,37.45528871
Mief1,0.314158113,14.97189576
Lman2l,0.314064248,36.89320388
Kat7,0.314029167,19.72406745
Lrrc42,0.313984285,10.42411855
Mtmr9,0.313967995,6.898313746
Gtf2h3,0.313945669,8.329075115
Capn2,0.313878275,23.24987225
Slc6a3,0.313858201,0.613183444
Crk,0.313857601,26.67347982
Ccdc50,0.313790523,32.49872253
Pabpn1,0.31375624,9.248850281
Pck2,0.313751297,10.88400613
Kif1b,0.313736051,84.4149208
Man2c1,0.31372523,21.00153296
Atcay,0.313702671,36.22892182
Tprkb,0.313702652,15.8405723
Arid1a,0.313645656,33.46959632
A930024E05Rik,0.313630057,2.095043434
Bmpr2,0.313600885,51.20081758
Aup1,0.31350069,16.19826265
Tsta3,0.313393856,11.65048544
Gpr63,0.313345603,6.13183444
Fasn,0.313260407,9.14665304
Ccm2,0.313240639,24.32294328
Tpm3,0.313237496,30.09708738
Gas2l1,0.313211033,8.073582013
Luc7l,0.313190201,35.76903424
Ndufa10,0.313067545,30.148186
Tdrd7,0.313014835,13.43893715
Trove2,0.313003068,30.71027082
Bub1b,0.312989661,3.117015841
Dennd2a,0.312846141,16.81144609
Map2k4,0.312835651,63.66888094
Trim9,0.312806872,55.18650996
Ndfip1,0.312796169,49.56566173
Fhit,0.31270913,63.66888094
Fbxl19,0.312682576,20.89933572
D030047H15Rik,0.312640096,10.06642821
Slc35e2,0.312579604,10.32192131
Rab3gap2,0.312577107,34.03168114
Slc25a30,0.312570009,1.686254471
Spink13,0.312526068,2.606029637
Ppfia4,0.312486549,23.8630557
Pcnp,0.312472166,30.96576392
Btaf1,0.312405008,55.33980583
Pfdn6,0.312378988,11.85487992
Ccdc9,0.312332697,6.285130301
Actr3,0.312243757,24.3740419
Stat5a,0.312076062,2.299437915
Ypel2,0.312067963,27.8998467
AI846148,0.312063106,29.27950945
Gdap1l1,0.312022715,11.08840061
Dscr3,0.311997631,14.25651507
Map2k5,0.311955656,36.22892182
Myl4,0.311945083,1.737353091
Ybx1,0.311911674,25.24271845
Chst12,0.31187443,7.664793051
Atxn3,0.311869585,18.65099642
Maz,0.311806899,11.03730199
Ptov1,0.311727867,19.41747573
Fmnl1,0.311702947,8.788962698
Chfr,0.311621773,38.47726111
Dock6,0.311363855,12.97904957
Ccdc106,0.311285261,12.0592744
Trpc4,0.311271333,22.27899847
Ssbp4,0.31124184,25.85590189
Mcrs1,0.311197316,11.29279509
Selm,0.311169095,28.87072049
Qars,0.311074599,7.358201329
Pcnt,0.310846142,9.14665304
Tubb2a,0.310837551,29.99489014
Ddb1,0.310835652,15.3295861
Fam172a,0.310744949,61.72713337
Vps37a,0.310722353,18.29330608
1810062G17Rik,0.310702615,0.562084824
Borcs5,0.310654733,20.08175779
Stub1,0.310633606,28.97291773
Nup107,0.310547899,12.87685232
Gm38250,0.310446554,12.36586612
Ncdn,0.310419316,21.3592233
Rgs19,0.310328376,5.007664793
Gpc3,0.310316168,14.8185999
Phf6,0.310170148,28.56412877
Xpnpep3,0.310159617,19.92846193
Rnf4,0.310137582,15.8405723
Rasa2,0.310121503,35.41134389
Golga3,0.30999632,20.18395503
Eml6,0.309990326,86.10117527
As3mt,0.309972028,12.46806336
Atxn7,0.309965482,26.92897292
Zdhhc18,0.309930229,17.5779254
Chordc1,0.309886795,23.40316811
Pdik1l,0.309883902,7.256004088
Ufd1l,0.309871602,27.08226878
Ldhd,0.309866822,10.27082269
Psmc3,0.309821771,13.13234543
Zfp950,0.309813705,50.07664793
Abcc1,0.309813329,21.20592744
Rpl36,0.309778707,18.49770056
Ascc3,0.309643483,53.19366377
Lmtk3,0.309635643,26.00919775
Stk35,0.309446381,6.234031681
Gsta3,0.309289178,2.96371998
Adipor1,0.309260028,14.5631068
Rab2a,0.309242239,35.56463975
Ilkap,0.30923332,15.02299438
Fam76a,0.309102851,24.68063362
Clybl,0.309043327,26.57128258
Prkg1,0.309040113,85.23249872
E430025E21Rik,0.309036119,13.59223301
Cdhr1,0.309003873,2.810424119
Pip4k2b,0.308992424,21.3592233
BC016579,0.308961008,0.715380685
Crebrf,0.308950353,39.39703628
Med15,0.308936056,39.85692386
Tmem183a,0.308759152,11.8037813
Kif5c,0.308751182,51.66070516
Unkl,0.308721661,15.5850792
Sptbn1,0.308641664,74.34849259
Tbcb,0.308585339,17.11803781
9030624J02Rik,0.308562244,33.1630046
Rnpepl1,0.308437306,11.85487992
Daam1,0.308381324,40.82779765
Npr2,0.308359717,10.52631579
Rpl22,0.308282833,11.8037813
Armc8,0.308201653,32.80531426
Fzr1,0.308186077,10.98620337
Aste1,0.308178434,12.67245784
Reps1,0.308130076,34.28717425
Rit2,0.308083967,90.49565662
Gorasp2,0.308073406,13.43893715
Spg11,0.308029261,18.70209504
Sec11a,0.307923878,27.59325498
Tex14,0.307798334,12.72355646
Med31,0.307788917,8.942258559
Cr1l,0.307641244,18.8553909
Ppp4r2,0.307551142,17.16913643
Adam23,0.307548202,62.90240164
Dhrs13,0.3075312,7.61369443
Vps35,0.307482711,22.33009709
Jade3,0.307459961,20.23505365
Hace1,0.30728849,35.46244251
Lbr,0.307284959,6.847215125
Zbtb21,0.307054048,16.04496679
Pradc1,0.307023935,4.445579969
Ndufaf4,0.307019697,17.01584057
Ppox,0.307017897,14.30761369
Hid1,0.307002253,17.16913643
Cdc42,0.306981232,46.49974451
Fam117a,0.306972205,6.234031681
Hint3,0.306961159,17.47572816
4933406J08Rik,0.306842722,0.766479305
Wdr13,0.306824924,15.074093
Dcun1d3,0.306719452,22.73888605
Gm12371,0.306567379,12.0592744
Map4k2,0.30639484,32.80531426
Med4,0.306345363,11.90597854
Ilvbl,0.306323515,14.92079714
Qsox2,0.306284761,13.74552887
Sdr39u1,0.306228702,7.000510986
Gpr19,0.306117947,13.23454267
Psma1,0.306099089,39.49923352
Raph1,0.306055125,60.0408789
Xiap,0.306046567,32.85641288
Taok1,0.3060232,53.80684722
Rtca,0.306022636,17.73122126
Zfp322a,0.305955192,17.22023505
Camk4,0.305862504,45.222279
2700049A03Rik,0.305828061,37.76188043
Fem1c,0.305808266,19.41747573
Nr6a1,0.305804065,71.74246295
Mapt,0.305747688,85.94787941
Ccnl2,0.305726358,40.72560041
Map3k3,0.305722583,39.9591211
Cenpc1,0.30571494,45.78436382
Kif21a,0.305709466,69.13643332
Wdr83,0.305678771,14.8185999
Alpk1,0.305655015,2.810424119
Vrk3,0.305634789,7.818088912
Szrd1,0.30560419,11.29279509
Azin1,0.305555578,17.98671436
Crot,0.305551636,12.11037302
Rb1,0.305535272,39.703628
Zfp407,0.305492652,42.87174246
Unc5c,0.305402655,85.33469596
Prdx3,0.305393847,11.08840061
Tsfm,0.305245518,11.70158406
Ube4b,0.305195998,43.84261625
Luc7l3,0.305147807,64.02657128
Derl2,0.30513914,12.97904957
Papd5,0.305120458,36.12672458
Fuz,0.305109733,9.299948901
Gm26612,0.305023406,1.941747573
Myo6,0.305016952,28.66632601
Ankrd24,0.30495905,38.88605008
Abca6,0.304940836,5.569749617
Arhgap17,0.304919823,16.30045989
Zfp112,0.304787015,23.65866122
Ints3,0.304645029,24.01635156
Aldh1b1,0.304374671,2.401635156
Snx29,0.304252535,52.27388861
RP24-274B19.1,0.304239773,74.04190087
Lancl1,0.30422321,36.53551354
Mapk1,0.304220064,38.17066939
Tsn,0.304214655,21.76801226
Zfand3,0.304201816,50.38323965
Wtap,0.304177608,18.8553909
Pum3,0.304132455,11.34389371
Ctif,0.304082128,44.30250383
Ppp1r21,0.30403004,15.89167092
2210016L21Rik,0.304029239,27.23556464
Speer2,0.304000011,0.05109862
Fem1b,0.303944428,11.70158406
Gm20517,0.303942924,7.307102708
Arf4,0.303706784,36.84210526
Ascc2,0.303701557,19.97956055
Gm11817,0.303674945,25.44711293
Alg8,0.303621815,9.0444558
Lama3,0.30351423,5.620848237
Rnf19b,0.303461721,9.606540623
Zfp444,0.30330725,25.39601431
Tex10,0.30320122,13.84772611
Kcnip4,0.3030867,99.4890138
Hnrnpdl,0.303079661,33.46959632
Rbms1,0.302909276,69.3408278
Galnt1,0.302846131,31.68114461
Sgpl1,0.302827596,18.19110884
Parn,0.30282122,25.19161983
Syt11,0.302821059,61.82933061
Rusc2,0.302813216,27.03117016
Spag5,0.302638614,79.76494635
Dctn5,0.302599185,10.27082269
Fabp5,0.302588574,12.5702606
Sympk,0.302417199,25.95809913
Rassf1,0.302333377,12.72355646
Ulk4,0.302327013,34.54266735
Mdm4,0.302034856,40.52120593
Asap2,0.302001578,25.49821155
Hecw2,0.301919947,67.96116505
Stam,0.301895819,19.31527849
Urb1,0.301833775,6.438426162
Sycp2,0.301826326,42.51405212
Map2k2,0.301785675,34.28717425
Brox,0.301771181,14.40981094
2410131K14Rik,0.301770725,8.277976495
Dhx15,0.301719476,15.38068472
Chmp1a,0.301689649,8.840061318
Ciz1,0.301660581,16.24936127
Kif2a,0.301640999,47.87940726
Krit1,0.301628598,66.37710782
Bri3,0.301616162,21.56361778
Camsap1,0.301596472,23.6075626
Gmppa,0.301506105,10.21972407
mt-Nd1,0.301323844,32.80531426
Gm29585,0.30129906,1.788451712
Fam135a,0.301203164,43.58712315
Casp3,0.301178381,4.854368932
Trmt10a,0.301157629,8.022483393
Mb21d2,0.301114833,10.52631579
Slc38a9,0.301108744,40.67450179
Mpp5,0.30086855,26.16249361
Snx6,0.300624593,31.83444047
Pomt1,0.30038155,11.13949923
Ssna1,0.300352293,15.12519162
Sult6b1,0.300326162,0.970873786
Psmb2,0.30029467,37.19979561
Napb,0.300290713,34.18497701
Dpy19l2,0.300208624,4.854368932
Pabpc4,0.300163107,27.69545222
Ephb2,0.300122562,38.73275422
Ginm1,0.300102937,14.86969852
Ckmt1,0.300027954,27.03117016
Ptk2,0.300004686,66.8369954
Trim17,0.299977601,7.971384773
Igf1r,0.299938946,49.71895759
Tbc1d22a,0.299931734,20.74603986
Gpaa1,0.299908343,13.38783853
Ocln,0.299878142,2.248339295
Gpc6,0.299859735,69.18753194
Brsk1,0.299811959,24.629535
Stk16,0.299793425,15.27848748
Mprip,0.299790929,42.61624936
Zfp846,0.299782644,29.27950945
Gmip,0.299771479,10.06642821
Sdad1,0.299644958,11.13949923
Rasl10b,0.299639191,6.336228922
Chrm1,0.299604262,2.043944813
Rabep2,0.299541732,13.38783853
Ncoa5,0.299373412,31.22125703
Ocrl,0.299262186,47.87940726
Rai14,0.29920549,4.445579969
Top3a,0.299203945,4.445579969
Cnep1r1,0.299179706,20.49054676
Eif2d,0.299171252,17.68012264
Ept1,0.299020002,18.5998978
Prkar1b,0.298973533,45.17118038
Brk1,0.298967221,22.38119571
Diaph1,0.298961378,21.71691364
Fam199x,0.298954629,14.10321921
Hspbp1,0.298927829,14.97189576
Wdyhv1,0.298891592,15.02299438
Hspd1,0.298887995,16.30045989
Tatdn3,0.298878823,14.10321921
Sesn1,0.298831276,49.20797138
Slc35c2,0.298692045,9.453244762
Ddx11,0.298654749,2.657128258
Ano1,0.298488824,5.467552376
Paqr7,0.298412927,11.24169647
2810403A07Rik,0.298403598,34.64486459
Parg,0.298385159,26.92897292
Rhot1,0.298354143,40.36791007
Kifap3,0.298199571,47.21512519
Ptprn,0.298188698,66.22381196
Morn4,0.298179307,11.08840061
Fkbp1a,0.298168801,26.41798671
Rab3c,0.298128003,72.30454778
Lrba,0.297997796,75.1149719
A630072M18Rik,0.297909113,4.394481349
Cfl2,0.297810811,16.81144609
Glrx,0.297692285,5.723045478
Gtf2a2,0.297646167,20.8482371
Srsf7,0.297623611,41.38988247
Rab40c,0.297615432,41.33878385
Kank3,0.297473772,8.993357179
Pprc1,0.297441046,11.85487992
1520401A03Rik,0.297341427,1.226366888
Srpk3,0.297306484,2.810424119
Meis3,0.297222903,20.23505365
Nat10,0.297148888,11.85487992
Isca2,0.297131633,21.1037302
Slc7a8,0.297113373,14.61420542
Disp2,0.297077506,28.71742463
Timm22,0.297059594,12.97904957
Phf24,0.297042839,20.33725089
Skil,0.297038828,14.76750128
Ints8,0.296832372,24.98722534
Rock1,0.296798671,58.09913132
Zfp395,0.296780651,11.8037813
Cmpk1,0.296771489,17.47572816
Dynlt1c,0.29673029,7.664793051
Helb,0.29659778,2.095043434
Ppp1r12c,0.296582923,17.47572816
Myo5a,0.296547429,59.68318855
Fbxl8,0.296402773,1.430761369
Nck2,0.296396425,18.70209504
Ssh1,0.296323585,18.95758815
Hs3st6,0.296267253,0.459887583
Stoml1,0.296216387,11.29279509
Cops8,0.296040143,13.54113439
Map1b,0.296019593,90.80224834
Nae1,0.295942139,25.34491569
Ppdpf,0.295879173,8.124680634
Gnl3l,0.295832704,28.41083291
Nf2,0.29573163,26.36688809
Bco1,0.29568243,1.788451712
Bet1l,0.295659948,10.42411855
Vapa,0.295655285,26.21359223
Cluh,0.295638011,15.27848748
E130102H24Rik,0.295606417,10.16862545
Rtcb,0.295541073,15.89167092
Strn,0.295492432,19.05978539
Cox7b,0.295388584,37.81297905
Zfp942,0.295334614,16.60705161
Dnm3os,0.295290436,0.817577925
Ufsp2,0.295232015,19.67296883
Sipa1l2,0.295055126,10.67961165
Nudcd2,0.295005942,12.46806336
Ube2g1,0.294959927,42.4629535
G6pc3,0.294958016,15.5850792
Pskh1,0.294925283,11.65048544
Gna12,0.294764682,15.43178334
Socs2,0.294758571,15.5850792
Ugdh,0.294719184,17.42462954
Zfyve26,0.294712352,18.44660194
Tsg101,0.294703633,24.16964742
Nubp1,0.294666791,6.285130301
Jak1,0.294661553,26.41798671
Hdgfrp2,0.294628093,17.22023505
Pcid2,0.294615053,12.41696474
Adcy10,0.294586913,22.89218191
Lrp12,0.294544549,11.13949923
Gart,0.294480079,16.40265713
Gm2163,0.294436048,63.66888094
Capn5,0.294396892,8.891159939
Gm26745,0.294368761,21.66581502
Mxra7,0.294361613,7.051609607
Cacng4,0.294350054,21.92130812
Trpc1,0.294329023,33.4184977
Cables2,0.294251871,5.876341339
Slc44a5,0.294228488,26.98007154
Jakmip3,0.294183523,25.60040879
Mad1l1,0.294163229,72.04905468
Ift140,0.294118234,17.93561574
Ctsa,0.294090262,15.27848748
Rabl2,0.293997738,18.44660194
Psmd3,0.293915097,17.01584057
Git1,0.293865301,7.000510986
Cnih4,0.293826424,10.73071027
P3h1,0.293795317,7.664793051
Colgalt1,0.293726346,15.43178334
4930595D18Rik,0.293716416,3.985692386
Rdh13,0.293655845,11.03730199
Pcyt1a,0.293581753,18.24220746
Vti1a,0.293563255,53.65355135
Capn13,0.29345472,0.408788963
Eme1,0.293398941,2.248339295
Rad23a,0.293356044,13.79662749
Mapkap1,0.293330708,40.77669903
Ptpn12,0.293242948,47.06182933
Arrb1,0.29322621,29.43280531
Ewsr1,0.293159228,47.47061829
Rnf123,0.293146978,16.14716403
Xylb,0.293096923,1.992846193
Ccdc39,0.293062802,11.90597854
Pigp,0.292959216,14.61420542
Slc4a8,0.292880899,19.21308125
Eif2a,0.292866877,26.46908533
Samd8,0.292857785,15.38068472
Jakmip1,0.29285682,46.49974451
Mfsd9,0.292737895,1.48185999
Flcn,0.292632539,10.37301993
Oxsm,0.29260837,2.96371998
Acss2,0.292433365,29.84159428
Edaradd,0.292396112,0.919775166
Slc38a7,0.292381099,10.27082269
Rgmb,0.292335226,3.985692386
Scd2,0.292299561,35.20694941
Lin7a,0.292245437,47.9816045
Smim1,0.292205293,4.343382729
Osbpl10,0.292201637,34.84925907
Pgm2,0.292179589,14.8185999
Gba2,0.292085527,13.84772611
Tssc4,0.292068712,14.5631068
Kcna6,0.292042004,16.30045989
Clta,0.292001641,26.46908533
A930018M24Rik,0.291979903,2.248339295
Rnf138,0.291819375,36.48441492
Smu1,0.291808834,11.59938682
Sec13,0.291716929,9.606540623
Rnf25,0.291663073,17.37353091
Gm15800,0.291635765,54.87991824
Obfc1,0.291602727,9.299948901
Mvb12a,0.291547881,11.95707716
Itsn1,0.291513823,43.38272867
Setd1b,0.291502198,11.29279509
Fyn,0.291480644,46.14205416
Nicn1,0.291455884,11.29279509
Ccdc58,0.29145572,24.78283086
4930458D05Rik,0.291428452,2.401635156
Ccdc92,0.291416059,18.90648952
Tmem214,0.291315349,22.33009709
Skiv2l,0.29130365,13.94992335
Srebf1,0.291251847,6.898313746
Slc48a1,0.291220023,14.5631068
Gm12648,0.291187579,6.847215125
Rnf214,0.291161319,31.06796117
Usp14,0.2911437,41.03219213
Rrnad1,0.291094778,35.36024527
Ap3s2,0.291031738,27.69545222
Mrps15,0.291030108,16.35155851
Cep97,0.290924987,14.86969852
Cox6c,0.290866736,37.50638733
Rgs7,0.290803542,84.6704139
Pggt1b,0.290696668,10.98620337
Nsfl1c,0.290695321,11.85487992
Appbp2,0.290687604,25.95809913
Wdr75,0.2906723,9.453244762
Cpne6,0.290582832,13.69443025
Pcyox1,0.290540388,14.20541645
Usp24,0.290422244,28.61522739
Fdx1l,0.290410801,9.197751661
Trmt2a,0.290402988,17.22023505
Bcl9,0.290398233,29.43280531
Tbc1d31,0.290382816,13.23454267
Myef2,0.290340512,41.84977006
Calb2,0.290320038,7.409299949
Elavl3,0.290309684,75.26826776
Arglu1,0.290129026,67.65457333
Dync1li2,0.289975693,35.51354113
Whsc1,0.289930109,48.64588656
Sgcz,0.289871047,99.79560552
Fah,0.289858436,37.19979561
Rabac1,0.289856726,39.4481349
Pde4b,0.289835165,84.1594277
Rnf24,0.289773721,29.07511497
Ski,0.289766337,16.91364333
Aff4,0.289745685,65.96831886
Serinc3,0.289685502,23.35206949
Brms1l,0.289671202,20.54164538
Rbbp4,0.2896454,26.92897292
Ralgps2,0.289609527,34.28717425
Hnf1b,0.289601223,2.248339295
Slc39a6,0.28958163,13.64333163
Jtb,0.28948676,11.8037813
Ing4,0.2894767,20.64384262
Tmem65,0.28943344,17.11803781
Pitpna,0.289375106,45.4777721
Brd1,0.289326615,15.22738886
Plpp7,0.289321394,12.16147164
Itpkc,0.289298559,3.06591722
Sec24a,0.289257303,38.11957077
Dpy19l4,0.289247222,26.72457844
Zbtb34,0.289052253,8.891159939
Capza1,0.289035909,34.08277976
Frs2,0.289032667,25.49821155
Dedd2,0.289021173,6.0296372
Smurf2,0.28902045,43.53602453
Plppr2,0.288935193,27.23556464
Lipa,0.288853329,7.715891671
Mettl13,0.288735873,5.825242718
Sbds,0.288701031,22.68778743
Msrb2,0.288680872,9.504343383
Tnik,0.288680647,77.41440981
Tmem144,0.288647637,1.58405723
Taf15,0.288627845,39.9591211
Psmd11,0.288230838,43.33163005
Sharpin,0.288159949,8.993357179
Fam175b,0.288089191,18.80429228
Thap1,0.288079458,2.708226878
Rab24,0.288052603,27.8998467
Tmem233,0.288004198,3.06591722
Gucy1a2,0.287936354,67.75677057
Gm43477,0.287846983,1.635155851
Ahcyl1,0.287825187,27.6443536
Olfr920,0.28781447,0.562084824
Tmem87b,0.287811787,26.6223812
Relb,0.287645326,3.321410322
Slc16a7,0.287557478,19.16198263
Abcd3,0.287549213,24.52733776
Slc22a20,0.287534834,0.970873786
Ecm1,0.287483498,2.606029637
Dlc1,0.287479454,58.61011753
Celsr3,0.287470708,20.28615227
Heatr6,0.287415671,18.14001022
Kat6b,0.287401574,47.77721002
Ktn1,0.287336115,51.45631068
B4galt3,0.287298134,12.16147164
Fam167a,0.287246554,2.912621359
Nutf2,0.287232043,12.5702606
Eef2,0.28720499,27.49105774
Birc2,0.287175665,15.78947368
Btbd10,0.287091875,38.88605008
Stxbp3,0.287006691,8.329075115
Micu2,0.286959776,33.77618804
Adap1,0.286875332,23.55646398
Mrpl3,0.286776591,17.11803781
Caap1,0.286695845,21.92130812
Smyd4,0.286595579,18.70209504
Mphosph8,0.28656933,32.39652529
4732440D04Rik,0.286561302,7.869187532
Adcyap1r1,0.286522917,14.92079714
Smg5,0.286425723,28.76852325
Atp6v1b2,0.286323762,47.57281553
Mtx2,0.28627492,28.41083291
Scimp,0.286221681,0.613183444
Nup160,0.286089134,18.03781298
Vdac3,0.286057844,24.16964742
AW209491,0.286049652,13.59223301
Nsun6,0.285993183,16.65815023
Gm15965,0.285988692,20.89933572
Vps4b,0.285952893,13.08124681
Gpsm1,0.285932494,24.68063362
Ppip5k2,0.285837535,23.70975984
Tbxas1,0.285831667,5.058763413
Memo1,0.285774414,32.14103219
Atpif1,0.28563073,52.17169136
Commd10,0.285629451,20.33725089
Dnajc1,0.285598361,56.87276444
Prpf18,0.285485841,18.19110884
Snx25,0.285233881,21.46142054
Shisa4,0.285177319,17.22023505
Glis2,0.285145298,11.70158406
Arhgap1,0.285133427,10.11752683
Timm9,0.285100897,32.44762391
Gtf2f1,0.285092058,7.818088912
1810022K09Rik,0.285071314,37.19979561
Aldh3a2,0.285012931,11.70158406
Dcaf17,0.284974278,22.99437915
Rprd1a,0.284952072,31.68114461
Tshz3,0.284938503,44.81349004
Gm20045,0.28490475,9.248850281
Erc2,0.284884388,89.37148697
Iars,0.284854232,23.55646398
Gpatch11,0.284828316,9.402146142
D830026I12Rik,0.2846893,0.664282064
Ift46,0.284636789,13.89882473
Smc5,0.284615046,34.79816045
Pafah1b1,0.28458791,75.8814512
Wars,0.284539937,10.37301993
Dok2,0.284510785,2.299437915
Sp2,0.284488543,6.13183444
Gga1,0.284285015,18.29330608
Akt2,0.284246704,11.03730199
Zfp382,0.284167029,3.372508942
mt-Co2,0.284118137,26.06029637
Nrp2,0.284088646,51.40521206
Prkar2a,0.284077033,29.17731221
Trip12,0.28396267,58.71231477
Slu7,0.283890846,7.409299949
Tmco3,0.283883247,23.04547777
Fbxw8,0.283868682,24.32294328
Kmt2a,0.283823467,51.66070516
Ak5,0.28380566,44.45579969
Rufy3,0.283736965,59.27439959
Tdrkh,0.283698983,12.51916198
Exoc6b,0.283697316,76.75012775
Nradd,0.283681236,3.321410322
Naa35,0.283649088,23.76085846
Gemin2,0.283602582,9.913132345
Mtfr1l,0.283581992,9.759836484
Dynll1,0.283502519,29.8926929
Snap25,0.283495625,94.63464486
Ogfod2,0.283493807,8.124680634
Cct7,0.283441004,21.20592744
Myo9a,0.283403809,77.46550843
Soat1,0.283361108,9.299948901
Fam21,0.283221774,20.33725089
Lypd3,0.283208316,0.05109862
Slc2a12,0.283193436,7.204905468
Nup98,0.283060286,39.34593766
Gmeb2,0.283056763,18.44660194
Rplp2,0.28292841,4.087889627
Kcnq3,0.282754297,74.85947879
Fkbp2,0.282682787,35.10475217
Eya3,0.282668401,34.64486459
Zzef1,0.282612027,47.21512519
Metap1,0.282610104,8.840061318
Gssos1,0.28257111,1.890648952
Otud7b,0.28254601,27.03117016
Wbp2,0.282538986,17.98671436
Ptges3,0.282471009,21.30812468
Rgs10,0.28242307,11.34389371
Gm14391,0.282332772,5.467552376
Garem,0.282237401,29.8926929
Acaa1a,0.282224349,17.37353091
Poldip2,0.282198535,13.38783853
Tmem176b,0.282195198,5.109862034
Map4k5,0.282098291,35.05365355
Cln3,0.281965815,12.5702606
Ap1g1,0.281957913,25.29381707
Morc3,0.281891545,19.16198263
Dcakd,0.281885886,24.1185488
Stip1,0.281819706,26.36688809
Pdcd6ip,0.281794431,21.20592744
Acbd3,0.281785518,10.83290751
Impdh1,0.281767545,19.82626469
Anapc10,0.28175523,24.98722534
Crcp,0.281692991,14.20541645
Ropn1,0.281692374,1.277465508
Pcdh1,0.281608547,9.299948901
Plekhj1,0.281592102,16.35155851
Asap1,0.281585929,63.46448646
Ptdss1,0.28153186,22.94328053
Gtf2h4,0.281488561,6.285130301
Sorcs2,0.281485629,11.49718958
Mrpl38,0.281383757,22.73888605
Mrps6,0.28137664,10.32192131
Gm16638,0.281360058,8.124680634
Fyco1,0.281341045,24.1185488
Armcx6,0.28120467,5.058763413
Lrrc49,0.28116472,43.43382729
Spdye4a,0.281128301,2.197240675
Mri1,0.280983773,12.92795095
Gm4890,0.280939516,2.657128258
Immt,0.280913019,31.17015841
Dip2a,0.280911305,24.01635156
Ankrd16,0.28087047,13.03014819
Aldh2,0.280768136,12.41696474
Gm28652,0.280705943,1.073071027
Ubap2l,0.2806465,51.45631068
Golga1,0.280643162,32.60091978
Sat2,0.280588828,11.5482882
Mrpl24,0.280581989,8.226877874
Serpinb6a,0.280569967,36.12672458
March7,0.280557923,44.55799693
Fastkd2,0.280531889,8.073582013
Zfp872,0.280485432,0.817577925
Ptprs,0.280413428,64.28206438
Tbc1d32,0.280395239,24.42514052
Slc25a46,0.280311421,14.00102197
Mnt,0.28030548,5.109862034
Mpp1,0.280259802,11.70158406
Fam173a,0.280207487,34.44047011
Epha6,0.28018665,85.64128769
Ivns1abp,0.280062869,9.453244762
Fgf13,0.279980176,52.98926929
Cnot1,0.27977289,31.73224323
Smg1,0.279763374,55.39090445
Scyl1,0.279685106,10.57741441
Tyk2,0.279676655,12.26366888
Tnfsf4,0.279672407,0.817577925
Ei24,0.27962667,25.75370465
Nlrp12,0.279535687,1.48185999
Ckap5,0.279510868,51.55850792
Mapk8ip3,0.2794802,42.25855902
Irf2bpl,0.279475851,8.277976495
2810029C07Rik,0.279451569,5.876341339
Mast2,0.279414118,64.38426162
Kdm1a,0.279390079,19.67296883
Blmh,0.279261314,23.70975984
Agl,0.279240096,24.16964742
Atxn2,0.279204235,55.08431272
Mtss1,0.279174377,47.57281553
Ubl4a,0.279133725,5.212059274
Mark2,0.279122759,43.17833418
Chd2,0.279074832,47.77721002
Rab22a,0.279049983,10.32192131
Dhx34,0.279040748,3.117015841
Clcn4,0.278912496,15.78947368
Anks3,0.278893811,36.22892182
Slc50a1,0.278893265,29.43280531
Cxadr,0.278815648,13.89882473
2310001H17Rik,0.278736627,1.53295861
Pnpla6,0.27859103,21.41032192
Sept6,0.278503267,25.44711293
Fnip1,0.278453735,47.11292795
Ache,0.278410209,40.06131834
Mysm1,0.278347798,33.46959632
Nlk,0.278338195,66.8369954
Slc25a25,0.278269191,15.68727644
Thra,0.278213452,32.44762391
4930568G15Rik,0.278176271,2.606029637
Irf7,0.278097369,0.868676546
Synrg,0.278066877,31.73224323
Atg7,0.27800662,16.40265713
Hsf4,0.277943937,11.95707716
Zmynd8,0.277939302,74.50178845
Dtna,0.27791358,66.37710782
Zmiz1,0.277843332,34.08277976
Adprhl2,0.277771915,13.84772611
Rab11a,0.277701873,21.15482882
Usp32,0.277700551,60.70516096
Gemin8,0.277644306,5.569749617
Rasa1,0.277617534,29.79049566
Fam96b,0.277363928,9.14665304
Vipas39,0.277271683,20.23505365
Msto1,0.277192359,8.635666837
Nhlrc3,0.277159408,7.766990291
Ap4e1,0.277158199,18.3444047
Rgs14,0.276986725,0.919775166
Nono,0.276835284,16.09606541
Dolpp1,0.276726284,5.007664793
Sf3a2,0.276725435,6.540623403
Srrm2,0.276711232,86.45886561
Nacc2,0.276665265,10.37301993
A630012P03Rik,0.276661179,6.540623403
Lacc1,0.276618784,1.48185999
Dst,0.276606561,83.29075115
Ube2w,0.276602046,43.58712315
Vps29,0.276477217,20.8482371
Hotairm1,0.276360842,10.06642821
Npat,0.276353572,19.31527849
Thoc3,0.276314404,5.825242718
Psme4,0.27626359,64.63975473
Dstn,0.276241079,20.54164538
Echdc3,0.276235702,0.613183444
Grik5,0.276214205,38.01737353
Ankrd13a,0.276194327,27.79764946
Hbs1l,0.276172202,22.53449157
Frmpd4,0.276095802,85.99897803
Osbpl1a,0.276055848,28.25753705
Lrif1,0.276038759,27.59325498
RP24-236C17.3,0.275978135,13.08124681
Map3k14,0.275908457,20.08175779
Ccdc160,0.275878569,5.007664793
Ttc1,0.275802076,18.03781298
Scaper,0.27569654,68.82984159
Gm28307,0.275433518,2.350536536
Gm16168,0.275415857,8.175779254
AW554918,0.275331258,40.41900869
E2f6,0.275124735,4.701073071
Tgm5,0.274986056,1.379662749
Rbms3,0.274964488,95.29892693
Ikbkb,0.274910496,20.03065917
Phrf1,0.274890627,25.80480327
Mirg,0.27487258,69.54522228
Nudt3,0.274741886,15.12519162
Acbd4,0.274651069,18.19110884
Mmd,0.274548636,11.70158406
Prkag1,0.274482286,20.13285641
Kri1,0.274450268,14.5631068
Gna11,0.274441543,11.59938682
Klhl18,0.274441099,17.42462954
Gdap1,0.274312609,32.14103219
Nvl,0.274255335,38.22176801
Clk2,0.274254777,13.94992335
Kalrn,0.274173073,73.63311191
Cep126,0.274138969,32.03883495
Chchd3,0.274100769,60.296372
Acbd5,0.273974593,33.98058252
Cpsf7,0.273953821,34.74706183
Smad4,0.273949041,16.14716403
Comt,0.273946101,53.60245273
Npepps,0.273922453,61.16504854
Zdhhc16,0.273787707,8.686765457
A430046D13Rik,0.273768184,3.883495146
Psma7,0.273754271,22.68778743
Anxa13,0.273600239,1.788451712
Dars,0.273588459,25.44711293
Adam19,0.273561477,16.50485437
Yod1,0.27341879,6.847215125
Nup54,0.273399607,10.73071027
Dmxl2,0.273393252,50.33214103
Vezf1,0.273341066,10.62851303
Bptf,0.273309443,44.66019417
Ttbk1,0.273156827,18.80429228
Slc6a17,0.27302267,32.49872253
Ccdc107,0.272876088,21.30812468
Cox7a2l,0.272863582,15.43178334
Slc7a4,0.272722484,9.453244762
2010107G23Rik,0.27269479,10.57741441
Dnaja3,0.272694263,19.31527849
Pigl,0.272611532,15.5850792
Rnf141,0.272597044,11.75268268
Tubgcp2,0.27254975,11.5482882
Tmf1,0.27246676,19.82626469
Rab5c,0.27243249,13.43893715
Nucks1,0.272418926,24.83392948
Eif3b,0.272215682,8.942258559
Irf1,0.272185025,4.343382729
Kantr,0.272180187,36.48441492
Arid1b,0.272150703,51.66070516
Fgfr1op2,0.272104274,14.20541645
Sestd1,0.272099784,17.68012264
Fbxo16,0.272032423,11.90597854
Ntrk2,0.272016009,69.18753194
Gpbp1,0.272011306,27.74655084
Rab11fip3,0.27198686,46.03985692
Pak1,0.271963746,36.02452734
Zfc3h1,0.271941714,33.36739908
Fam168b,0.27186535,14.15431783
Ksr1,0.271757715,13.28564129
Paip2,0.271755305,36.53551354
Syn2,0.271702355,66.12161472
Pot1a,0.271618783,15.3295861
Ubr1,0.271611162,41.90086868
Hrk,0.271588956,3.883495146
Wrnip1,0.271554018,9.09555442
Ppara,0.271538287,5.160960654
Tulp3,0.271313516,36.6888094
Nell2,0.271301382,47.41951967
Hexa,0.271298571,18.49770056
Galk2,0.27128788,27.1333674
Oaz1,0.271267478,46.39754727
Vit,0.271260184,5.314256515
Dus1l,0.271172581,8.175779254
Nebl,0.271153827,61.77823199
Prkrip1,0.271105408,8.073582013
Fbxo44,0.271061805,16.30045989
Sdhc,0.27102314,18.8553909
Gm1043,0.270976125,34.13387839
Spop,0.270964716,55.2887072
Taf11,0.27091801,10.78180889
Tomm70a,0.270808412,24.32294328
Arfrp1,0.270791134,13.64333163
Asxl1,0.270783698,47.52171691
Ube2n,0.270683589,17.27133367
St13,0.270663017,41.54317833
Dgcr14,0.270578286,3.883495146
Slc4a10,0.270572206,58.55901891
Polr1d,0.270553644,10.27082269
Taok3,0.270506546,32.34542667
Spin1,0.270405999,18.90648952
Mlst8,0.270364535,6.438426162
Stk25,0.270290459,29.68829842
Pik3ip1,0.27024935,13.54113439
Wdfy1,0.270171846,23.19877363
Bad,0.270128848,8.942258559
Mob4,0.269933557,29.53500255
Epn1,0.269847132,17.8334185
Ankrd44,0.269824122,33.21410322
Pip5k1a,0.269780153,33.06080736
Mpdz,0.269734649,30.09708738
Dcun1d5,0.269699034,25.90700051
Arid5b,0.269695099,53.39805825
Rela,0.269595698,7.818088912
Rffl,0.269520627,19.62187021
BC030336,0.269473147,19.05978539
Mapk9,0.269465501,21.81911088
Gal,0.269418678,56.77056719
Ap2a1,0.269398599,20.95043434
Dgcr8,0.269390777,22.17680123
Usp9x,0.269242248,56.10628513
Nmb,0.26922126,4.49667859
Zfp513,0.269198328,8.277976495
Ppp1r10,0.269119666,25.29381707
Zmat3,0.269015976,18.19110884
Pitpnb,0.269015615,14.51200818
Gm20708,0.268938026,6.0296372
Slc45a1,0.268904658,22.78998467
Mdm2,0.268800702,21.15482882
Ptges2,0.268766166,5.671946857
Srrm3,0.268752261,54.62442514
Cep44,0.268683254,10.37301993
Sh3glb2,0.268591639,25.08942259
Nacc1,0.268458385,8.891159939
Ppa1,0.268436783,16.24936127
Pgls,0.268427063,8.431272356
Cask,0.268255259,59.07000511
Elf2,0.268179697,17.68012264
Rsph10b,0.268104333,11.03730199
Pld3,0.268059753,35.9223301
Pcyt2,0.268022357,56.31067961
Micu3,0.267961022,40.52120593
March8,0.267952291,28.56412877
Cdc42se1,0.267941481,3.679100664
Dirc2,0.26789248,16.60705161
Ddx19b,0.267887802,14.20541645
Ralgapa1,0.267859788,76.90342361
Klc2,0.267816875,37.60858457
Srrt,0.267812092,19.36637711
Med26,0.267797429,11.34389371
Stx8,0.267796282,33.57179356
Tctn1,0.267758581,10.16862545
Atp6v0b,0.267735421,68.98313746
Bcas3,0.267733982,64.58865611
Itga2b,0.267703593,4.445579969
Ttc9c,0.267675136,14.20541645
Hars,0.267584137,15.78947368
Cxcr5,0.267569286,1.941747573
RP24-127M20.8,0.267511506,47.82830864
Fam193a,0.267499727,51.86509964
Rnf215,0.2673765,11.44609096
Nedd4l,0.267323843,59.58099131
Hcrtr2,0.267304122,14.71640266
Hmbs,0.267257351,10.83290751
Elovl6,0.267014405,36.48441492
Bcar1,0.266812957,11.65048544
Ccnyl1,0.266732471,9.810935105
Rpl22l1,0.266718812,16.60705161
Trap1,0.26664966,12.51916198
Dmpk,0.266647342,4.649974451
Pxmp4,0.266632664,11.39499234
Arid3a,0.266539402,6.949412366
Zfyve19,0.266532308,12.72355646
Itpkb,0.266492736,7.51149719
A230006K03Rik,0.266418241,82.93306081
Zfp369,0.266368921,14.5631068
Cramp1l,0.26628207,28.61522739
Psmg1,0.266227644,7.307102708
Cdk2ap2,0.266191043,7.664793051
Nav2,0.266063407,83.54624425
Rpl19,0.265888744,26.00919775
Tsen34,0.265859959,15.17629024
Gpx3,0.265813471,17.42462954
Pla2g4e,0.265806734,25.75370465
Papola,0.265635899,48.08380174
Sun1,0.265625716,21.76801226
Ranbp9,0.265611157,28.46193153
Tmem57,0.265606491,44.04701073
Atp2b2,0.265604966,48.59478794
Wipi2,0.265548382,19.82626469
Lncpint,0.265444827,76.54573327
Rhbdd3,0.265427523,15.074093
Slx1b,0.265338138,13.33673991
Nme5,0.265330945,12.77465508
Zfp639,0.265258102,10.62851303
Ptprt,0.265229465,85.28359734
Dnajc5,0.265206782,36.28002044
Uck1,0.265206751,8.073582013
Trim2,0.265169121,69.23863056
Cradd,0.265017295,14.61420542
Ncs1,0.2650129,26.41798671
Nktr,0.264993592,67.55237609
Slc8a1,0.264975705,86.81655595
Ints4,0.26487072,14.35871231
Snap91,0.264858888,70.05620848
Tbc1d20,0.264836545,10.67961165
Zswim3,0.264718924,9.810935105
Inafm1,0.264672973,10.06642821
2900093K20Rik,0.264639972,10.37301993
Samd14,0.264541512,14.25651507
4933406C10Rik,0.264516952,6.489524783
Ddx10,0.264501962,29.17731221
Pde3a,0.264458176,11.49718958
Zfp933,0.264390274,22.27899847
2700046G09Rik,0.264389824,3.934593766
Hsp90ab1,0.264361424,46.95963209
A230046K03Rik,0.264350616,23.65866122
Dock7,0.264253164,57.2815534
Fbrsl1,0.26425116,21.51251916
Zfp672,0.264187399,16.30045989
Mxd4,0.264110426,14.00102197
2610507B11Rik,0.264083009,24.78283086
Papss2,0.264061083,2.503832397
Rabepk,0.26396349,11.49718958
Ralgapb,0.263900031,47.47061829
Gemin7,0.26387491,10.01532959
Grb2,0.263796159,28.66632601
Prpsap2,0.263749024,14.76750128
RP23-54G8.4,0.263727562,51.30301482
Pfkm,0.263712347,22.84108329
Gm28198,0.263677201,43.48492591
Gm19583,0.263625388,3.168114461
Aptx,0.26356366,5.978538579
Dnajc14,0.263473404,7.153806847
Fndc3a,0.263375603,51.60960654
Bpifb9a,0.263312602,0.306591722
Yeats2,0.263231451,36.38221768
Fam174b,0.263138574,3.525804803
Zfp229,0.263048608,7.869187532
Rb1cc1,0.263025802,44.76239142
Gpr176,0.262991356,33.62289218
Mtpn,0.262973623,15.78947368
Ppp1cb,0.262962938,31.93663771
Acyp2,0.262888766,52.88707205
Mrap2,0.262803231,28.87072049
Brd3,0.262716365,22.33009709
Ppp6c,0.262695503,22.53449157
Mrpl33,0.262675169,14.61420542
Xpo6,0.262659723,35.71793562
Zmym5,0.26263912,21.00153296
Psmb7,0.262581295,18.3444047
Styxl1,0.262525709,2.452733776
Kcnk10,0.262509015,36.07562596
Creb3l2,0.262487688,21.25702606
Asphd2,0.262478686,10.32192131
Adam17,0.262402344,14.00102197
Sspnos,0.262375679,2.350536536
Snapc5,0.262319245,7.102708227
Hunk,0.262285081,10.62851303
Mtmr2,0.262263591,9.299948901
Akirin1,0.26216972,17.68012264
Uckl1,0.262068643,12.92795095
Ube2j1,0.262067644,9.759836484
Zcrb1,0.262064334,23.14767501
Rad17,0.262041408,26.21359223
Prpf39,0.262021804,27.59325498
Esd,0.26194922,13.03014819
Tenm1,0.261948911,92.74399591
Phlpp2,0.26193872,31.27235565
Arf3,0.261924327,26.6223812
Pgr,0.26183629,19.51967297
Med13l,0.261827759,37.65968319
Scap,0.261815786,22.27899847
Abi1,0.261796915,36.28002044
Akt3,0.261788933,77.41440981
Arhgap22,0.261787682,13.49003577
Ube2h,0.261693336,54.87991824
Patl1,0.261692134,13.43893715
Pik3c2a,0.26158776,43.53602453
Spata5,0.261462576,27.69545222
Kdelr1,0.261392602,14.15431783
Tmem217,0.26138526,0.664282064
Stx17,0.261308796,13.69443025
Evi5l,0.261262053,31.52784875
Cdc73,0.261205219,29.27950945
Chst10,0.261185782,14.00102197
Hs6st3,0.261136546,80.78691875
Sptbn2,0.261099643,20.89933572
Nudt5,0.261038492,14.5631068
Mex3c,0.261003229,7.715891671
Fam234a,0.260993805,21.00153296
Sf3b6,0.260954418,21.05263158
Grina,0.260750489,42.4629535
Ipo5,0.260729779,10.98620337
Herc1,0.260716964,71.12927951
Clasp2,0.260702938,79.1517629
Usp37,0.260661734,39.55033214
Tmem234,0.260621262,29.73939704
Jakmip2,0.260595383,60.90955544
Edem3,0.260511282,23.04547777
Casc4,0.260482346,50.63873275
Slc39a13,0.26037648,14.61420542
Hps5,0.260342036,12.51916198
Gm14966,0.260327197,11.5482882
Mynn,0.260311196,16.19826265
Idnk,0.260307411,8.993357179
Slc8a2,0.260270182,9.504343383
Tceb1,0.260228734,14.71640266
Stk38,0.260221744,40.67450179
Rab1a,0.260170387,25.49821155
C920021L13Rik,0.260101584,13.08124681
Rac1,0.260093398,13.94992335
Got2,0.260066435,22.63668881
Cfap100,0.260031446,1.686254471
Ddx49,0.260012286,9.606540623
Wdr70,0.259959256,35.05365355
Prkd2,0.259916608,9.759836484
Zmiz2,0.259915086,16.09606541
Il13ra1,0.259909505,9.862033725
Adprm,0.259835052,12.3147675
Fez2,0.259715453,9.708737864
Gm11149,0.259648903,6.540623403
Pcmt1,0.259630418,46.95963209
Mrpl10,0.259617702,7.715891671
Nob1,0.259388594,19.72406745
Anapc7,0.25937851,8.380173735
Flad1,0.259346409,9.248850281
Rnaseh1,0.259332648,8.124680634
l7Rn6,0.259293181,14.97189576
Gtpbp3,0.259281945,14.00102197
Cttnbp2nl,0.259243809,12.00817578
Ubc,0.259096899,35.56463975
Cars,0.259093564,21.8702095
Itfg1,0.258996826,56.71946857
Zfp286,0.258977642,12.0592744
Dennd4c,0.258971191,35.9223301
Zfp282,0.258911557,21.46142054
Abhd6,0.258854011,27.18446602
Tmem151a,0.258853731,14.40981094
Rpp30,0.258824949,10.98620337
Gm12681,0.258652538,0.102197241
Znrf1,0.258649364,50.38323965
5730409E04Rik,0.258500213,6.0296372
Stxbp1,0.258410351,53.50025549
Zeb1,0.25826495,60.50076648
1110008L16Rik,0.258260158,17.42462954
Stmn3,0.258238064,63.5666837
Cry2,0.258224365,14.92079714
Fam71e1,0.258214281,7.000510986
Rfc2,0.258201081,24.27184466
U2af2,0.258192258,13.38783853
Shq1,0.25818488,10.88400613
Snapc1,0.258180392,14.10321921
Aaas,0.258126154,6.489524783
Rbfox2,0.258109654,62.49361267
Rapgef1,0.257989053,36.53551354
Srpk1,0.257982307,35.76903424
Tbc1d14,0.257913679,15.8405723
Pnpla7,0.25790415,17.47572816
Inpp4a,0.257889514,43.63822177
Sdf2,0.257852987,22.27899847
RP23-407N2.2,0.257712629,39.90802248
Scn2a1,0.257679289,72.1001533
Wdr11,0.257667377,13.13234543
Rab10,0.257604725,39.29483904
Gm13943,0.25759595,0.562084824
Spred2,0.257589707,36.89320388
Pgam5,0.257559295,16.35155851
Nucb1,0.257534837,17.37353091
Zfp949,0.257515424,27.59325498
Stard9,0.257502209,30.35258048
Cep57l1,0.257482322,17.01584057
Atl2,0.257439786,13.33673991
Rfwd2,0.25735303,34.95145631
Klhl20,0.25727577,12.87685232
Dpy30,0.257264802,19.57077159
Usp16,0.257217411,18.24220746
Rbm5,0.257179492,58.66121615
Zcchc7,0.257066106,71.48696985
Gm826,0.257019869,0.306591722
Ppp2r3c,0.256995114,10.98620337
Hdac5,0.256980281,15.99386817
Zfp787,0.256928028,6.745017885
Mtif2,0.256907558,42.25855902
Rsl1d1,0.25685106,12.97904957
Sntg1,0.25675849,93.9703628
Dhx29,0.25667742,12.62135922
Ccdc47,0.256645409,12.62135922
Tmem232,0.256634261,5.671946857
Dnm3,0.256586733,80.78691875
Mcur1,0.25656561,4.292284108
Lman1,0.256487234,12.0592744
2810459M11Rik,0.256466101,8.380173735
Tex264,0.2564599,16.91364333
Hipk1,0.256297774,19.31527849
Pde5a,0.256258218,12.11037302
Pde6d,0.256246877,17.11803781
Git2,0.256176033,34.74706183
Eif2s3y,0.256173786,38.52835973
D5Ertd579e,0.256141232,35.61573838
Fbxw11,0.256067316,35.36024527
Ppm1k,0.256008397,13.13234543
3110002H16Rik,0.25600039,8.635666837
Cog4,0.255996541,26.06029637
Pkp1,0.255994412,0.510986203
Srsf11,0.255985409,58.20132856
Hivep1,0.255972067,12.0592744
Fbxl20,0.255879204,42.25855902
Ctnnbip1,0.255730089,17.8334185
Hn1l,0.255712898,6.642820644
Auh,0.255693954,28.25753705
Tnks,0.255682717,34.08277976
Nek3,0.255662404,6.234031681
Polr3c,0.255603833,12.72355646
Pde4a,0.25552571,31.37455289
Tmem47,0.255416978,17.52682678
Tcf20,0.255392372,62.69800715
Polr3d,0.255388911,6.847215125
1700024B18Rik,0.25525251,14.20541645
Sel1l,0.255248478,31.73224323
Irak4,0.255227648,3.730199285
Trim63,0.255205751,0.357690342
Cab39,0.255135262,26.6223812
March1,0.255111556,93.35717936
Atp5sl,0.25500054,9.299948901
Nisch,0.254890954,45.12008176
Gnai2,0.254799838,15.78947368
Sh3kbp1,0.254764526,47.47061829
Rnaseh2a,0.254678889,10.32192131
Flywch1,0.25463475,23.24987225
Cep295,0.254559481,19.87736331
Ccdc88a,0.254554479,72.6111395
Dcp1b,0.254502201,19.87736331
Zfp335os,0.254466676,15.73837506
Cep85,0.254453461,16.65815023
Vps18,0.254391898,5.876341339
Trip4,0.254335316,36.99540112
Atg16l2,0.254325149,28.10424119
Bbx,0.254308159,33.82728666
Atxn10,0.254302956,54.98211548
Arl16,0.254287458,10.32192131
Gnptg,0.254250413,17.8334185
Slc35b3,0.254249603,15.78947368
Vps37c,0.254097076,5.620848237
Cnot3,0.254073725,28.35973429
Coro2b,0.253962937,21.30812468
BC003965,0.253753134,10.27082269
Dnajb2,0.253741451,13.94992335
Csnk1d,0.253716913,26.92897292
Sema4a,0.253671757,14.40981094
Rpusd1,0.25361537,8.124680634
Dnajc2,0.253611237,11.70158406
Coq10b,0.253596124,8.226877874
3632451O06Rik,0.253542369,23.6075626
Gm29530,0.253539161,0.817577925
Usp15,0.25351531,33.36739908
Lrig2,0.253485376,49.10577414
Cdk12,0.253469372,51.66070516
Pstk,0.253459547,17.8334185
Dmd,0.253399071,93.25498212
Tonsl,0.253326557,24.8850281
Crbn,0.253181951,17.11803781
Mgat5,0.253163901,43.58712315
Trub2,0.25315435,17.32243229
Nbr1,0.253003463,24.42514052
Snrnp27,0.252995,16.50485437
Haus2,0.25290516,7.307102708
Eif2s2,0.25288261,27.28666326
Vamp7,0.252827826,9.402146142
Wdr81,0.252817006,3.730199285
Eri2,0.252761292,7.971384773
Car12,0.252753451,2.759325498
Dpf2,0.252746282,21.05263158
Prepl,0.252695921,15.89167092
Txlna,0.252652571,8.840061318
Cpd,0.252641523,21.56361778
Rps6kl1,0.252632258,19.82626469
Gnao1,0.252571678,55.90189065
Zscan26,0.252533632,42.00306592
Dctn6,0.252521378,13.89882473
Cnot7,0.252512474,14.20541645
Arpc1a,0.252479846,25.75370465
Syt5,0.252433975,19.97956055
Glyr1,0.252292094,33.26520184
Kcnd1,0.252202565,3.117015841
Wdr91,0.252176067,6.796116505
Idua,0.252121727,6.336228922
Zw10,0.252100444,8.277976495
Pign,0.25199148,29.99489014
Ubn1,0.251990842,21.20592744
Psmd13,0.251939855,20.08175779
Arl6ip4,0.251913049,10.88400613
Mterf2,0.251883645,13.28564129
Kdm4a,0.251852077,9.14665304
Chd5,0.251788883,29.68829842
0610007P14Rik,0.25172665,20.43944813
Tulp4,0.251671734,60.5518651
Arhgap5,0.251474797,51.71180378
2210408I21Rik,0.251425074,56.82166582
Abcg4,0.251425043,15.89167092
Gm4792,0.25140858,0.357690342
Rnf146,0.251345638,13.23454267
Kif13b,0.25134035,26.98007154
Olfm2,0.251321467,28.46193153
Pate2,0.25130031,9.555442003
Acat1,0.251298908,45.68216658
1700020I14Rik,0.251279735,18.39550332
Khdrbs1,0.251149627,30.71027082
Mbd2,0.251124349,21.66581502
Snx14,0.251068505,18.5998978
Mtbp,0.251046722,4.905467552
Ccdc186,0.251015447,13.49003577
Wdr45b,0.250950888,20.89933572
Cmas,0.250863115,14.46090956
6330562C20Rik,0.25079279,8.635666837
Phb,0.250783978,9.197751661
Trappc3,0.250714568,17.98671436
Ero1l,0.250712586,15.38068472
Cuta,0.250712133,11.59938682
Edem2,0.250666722,11.34389371
Tmem126a,0.250664959,60.296372
Flywch2,0.250596128,9.09555442
Tbc1d10b,0.250577787,11.44609096
Dbndd2,0.250563759,9.197751661
Atp4a,0.250557828,2.043944813
Gm14325,0.250557274,5.365355135
Prkdc,0.250547412,29.17731221
Epg5,0.2505438,15.074093
Fbxo18,0.250527799,18.90648952
Pus10,0.250498937,20.23505365
Spred3,0.250445781,12.62135922
Kbtbd3,0.250376546,14.76750128
Acr,0.250328154,5.723045478
Slc39a3,0.250264402,7.920286152
Txnl1,0.250196338,12.72355646
Dclre1c,0.250176195,11.44609096
Cadps,0.250125079,92.74399591
Mta1,0.250109022,11.39499234
Zfp790,0.250070079,7.818088912
Nab1,0.250045261,9.862033725
Gpr156,0.250028181,11.34389371
Rplp1,0.249970186,18.19110884
Ap1g2,0.249886692,2.810424119
Ide,0.249799526,29.48390393
Zfr,0.249769243,65.45733265
Thnsl1,0.249765336,6.693919264
Setd8,0.249746151,10.73071027
Polrmt,0.249745648,11.85487992
Sybu,0.24971943,73.32652018
Prpf31,0.249702301,10.37301993
Maea,0.249654107,14.25651507
Malat1,0.249522331,100
Nop14,0.249328039,8.584568217
Twsg1,0.249269227,7.204905468
Dnajc18,0.249198482,26.67347982
Mypn,0.249193941,2.708226878
Luc7l2,0.249171716,85.23249872
RP24-158L15.3,0.24908735,0.408788963
Rabgef1,0.249086249,20.18395503
Gm17484,0.249068886,8.993357179
Fry,0.249040785,72.71333674
St5,0.248875922,15.78947368
Pick1,0.248733754,18.49770056
Cd2bp2,0.248648691,6.285130301
Zbtb8os,0.248625025,8.686765457
Zyg11b,0.248590166,41.84977006
Mrps12,0.248577012,14.5631068
Dpp9,0.248568016,10.67961165
Arhgef18,0.248550036,13.94992335
Arhgap31,0.248347777,8.737864078
Sgcb,0.248345457,11.34389371
Gm12258,0.248244923,9.862033725
Arl15,0.248229674,54.72662238
Thoc1,0.248110346,57.74144098
Zwint,0.248096502,63.66888094
Larp1,0.248083977,22.58559019
Ank2,0.247910198,99.64230966
Zfp760,0.247881272,5.927439959
Panx2,0.247796837,10.37301993
Klrk1,0.247756075,0.817577925
Uxs1,0.247708914,26.21359223
Zbtb41,0.247701902,5.365355135
Vmp1,0.247680874,53.39805825
Chd9,0.247635568,83.23965253
Rp2,0.247625539,11.24169647
Pafah1b2,0.247489227,22.99437915
Snf8,0.247477084,18.75319366
Vmn2r30,0.247166568,8.686765457
Kmt2c,0.247147097,58.71231477
Znhit6,0.247083215,12.21257026
Prr14l,0.247062736,32.19213081
Dnajb14,0.246991865,22.33009709
Ago4,0.246677225,18.90648952
Dvl1,0.246669307,17.47572816
Usp7,0.246657356,24.57843638
Col4a3bp,0.246566539,30.30148186
Cfap20,0.246523185,19.51967297
Cotl1,0.246464096,10.57741441
Ccnt2,0.246461172,68.16555953
Slc6a8,0.246292349,11.49718958
Yme1l1,0.246285803,33.21410322
Arhgef1,0.246284363,29.79049566
Meg3,0.246178648,99.84670414
Snrnp70,0.246008777,83.18855391
4833439L19Rik,0.245954875,17.47572816
Lingo2,0.245939814,99.38681656
Slc7a14,0.245932507,46.39754727
Adcy2,0.245760666,52.12059274
Jmjd1c,0.245735586,66.68369954
Ncam2,0.245726784,92.02861523
Zfp521,0.245545467,25.60040879
Plekhb2,0.245496181,19.97956055
Zbtb20,0.245441548,88.55390904
Pias4,0.245285312,18.8553909
Gm13248,0.245242669,0.868676546
Adat1,0.245205734,19.41747573
Taf8,0.245046739,9.810935105
Tango2,0.244959457,52.63157895
Cntnap2,0.244894913,99.94890138
Rp9,0.244886783,29.68829842
Pitpnm1,0.24487293,21.66581502
1110004F10Rik,0.244837587,19.62187021
Nle1,0.244814284,8.380173735
Naaladl2,0.244806419,72.96882984
Uty,0.244704797,56.56617271
Gm12394,0.244662335,24.78283086
Rabggta,0.244606897,6.285130301
Ikbkap,0.244599559,16.04496679
Wrn,0.244524931,25.29381707
Elovl5,0.244428348,16.60705161
Gyg,0.244404328,9.14665304
Pbrm1,0.244398697,49.92335207
Cpeb2,0.244344372,29.12621359
Polr2g,0.244314053,13.74552887
Capn10,0.244294637,22.33009709
Slc2a3,0.244284574,31.47675013
Poglut1,0.244238522,18.70209504
Ralgds,0.244218375,14.51200818
Immp2l,0.24416958,58.66121615
Rap1gap,0.244143766,46.55084313
Parl,0.24411883,12.8257537
Pfn2,0.244069917,18.90648952
Dnajb5,0.244069631,6.182933061
Kcnb1,0.244047981,25.14052121
Tpcn1,0.244045182,12.87685232
Copa,0.244028115,32.9075115
Max,0.244009666,13.69443025
Mdp1,0.243969463,8.124680634
Pum2,0.243906808,29.94379152
Arhgap42,0.243896995,12.0592744
Gm17102,0.243882882,1.379662749
Fam222b,0.243882181,44.81349004
Ogt,0.243789576,79.1517629
Rabggtb,0.243772173,10.27082269
Kdm5c,0.243762677,56.10628513
Pan2,0.243743138,14.66530404
Slc30a9,0.243654031,25.95809913
Rap1a,0.243643602,28.41083291
Tinf2,0.243622156,1.58405723
Slmap,0.243558724,35.666837
U2af1,0.243521843,22.68778743
Vgll4,0.243499006,22.33009709
Gnal,0.243496947,36.63771078
Mdga2,0.24349176,99.43791518
Sub1,0.24346986,18.44660194
Sdccag3,0.243443701,23.09657639
Rsrc2,0.243404959,44.86458866
Cplx1,0.243354231,25.54931017
Supt5,0.243342177,21.41032192
Odf2l,0.243320324,17.27133367
Gatad1,0.243258803,9.862033725
Rhpn2,0.243235377,2.452733776
Rpl6,0.243228875,23.81195708
Ahcyl2,0.243119914,61.0628513
Morc2a,0.243087961,17.27133367
Celf1,0.243044285,51.81400102
Rmdn2,0.242977253,6.13183444
Sdhaf2,0.242786355,12.11037302
Trim32,0.24278384,15.89167092
1110059E24Rik,0.242688794,15.68727644
Whsc1l1,0.242612033,64.94634645
Trappc6a,0.242594186,10.06642821
Snx2,0.242534219,19.16198263
Rab37,0.242515422,10.67961165
Ube2e1,0.242475863,23.55646398
Xrcc4,0.242472544,30.50587634
Vcpip1,0.242347635,21.56361778
Gria4,0.242345157,97.03628002
Srek1,0.242341982,40.26571283
Phb2,0.242227579,14.30761369
Prrg1,0.242213276,12.26366888
Stam2,0.242190443,17.98671436
Rxrb,0.242162733,7.307102708
Anks1b,0.242161984,95.96320899
Rgs20,0.242155204,27.23556464
Fam163a,0.242112292,10.93510475
Cntn1,0.242078351,81.24680634
Ranbp1,0.24207705,17.93561574
Gpc1,0.242036126,7.51149719
Poc1b,0.241933933,10.01532959
C330013J21Rik,0.241880644,6.898313746
Gm19412,0.241797643,4.649974451
Cct4,0.241776433,14.35871231
Ttc26,0.24175126,15.63617782
Ryr3,0.241719464,53.44915687
Kctd5,0.241671489,8.635666837
Ncam1,0.241598617,91.72202351
Sorl1,0.241590672,31.42565151
Tmem63c,0.241539322,24.68063362
Snhg11,0.241521376,99.7445069
Fam13a,0.241494015,45.7332652
Pvrl2,0.241397311,5.876341339
Gid4,0.241369907,24.1185488
Arl6,0.241349837,9.862033725
Gabrb1,0.241245401,92.38630557
Zfp62,0.241207398,8.993357179
Mon2,0.241084588,31.22125703
Guk1,0.241081962,12.41696474
8030462N17Rik,0.241027662,24.01635156
Prickle2,0.240991268,64.84414921
Wdr92,0.240963975,7.256004088
Helz,0.240954387,40.01021972
Kdelr2,0.240935834,10.32192131
Pik3c3,0.240928555,12.26366888
Nlgn1,0.240924289,99.33571794
Trmt1l,0.240914729,38.17066939
Sema6d,0.240910076,81.9110884
Supt6,0.240899616,29.38170669
Rpl5,0.240849794,20.79713848
RP23-89C10.5,0.240815286,3.730199285
Dopey2,0.240694956,32.75421564
Gm5113,0.240649168,2.657128258
Ldb1,0.240563695,5.569749617
Aph1a,0.240549528,11.65048544
Nol8,0.24051886,10.16862545
Pmepa1,0.240418964,14.20541645
Slc24a5,0.240416649,40.26571283
1600002H07Rik,0.240403299,3.423607563
Rpa1,0.240358709,8.993357179
Kcnq1,0.240344986,45.88656106
Rai1,0.240332569,36.4333163
Mthfsd,0.240222672,17.98671436
Kif5b,0.240148688,54.2667348
Gpr137b-ps,0.240141368,9.657639244
Psmd6,0.24005693,9.810935105
Ablim3,0.24000444,36.02452734
Slc35f5,0.239956399,12.46806336
Gm26945,0.239890754,3.270311702
Comtd1,0.239858019,9.09555442
Zfp839,0.239807346,6.387327542
Swi5,0.239803716,17.88451712
Rsg1,0.2397811,2.96371998
Fnta,0.239725396,18.03781298
Capza2,0.239695806,14.51200818
Tax1bp1,0.239686203,31.57894737
9930021J03Rik,0.239643229,49.15687276
Ppil2,0.239631352,34.23607563
Zdhhc13,0.239587814,16.91364333
Nrg1,0.239550991,95.09453245
Mmab,0.239511463,10.78180889
Tsr2,0.239437177,6.796116505
Mettl25,0.239415792,18.24220746
0610040B10Rik,0.239386017,7.818088912
Ccdc90b,0.239347808,16.86254471
Sccpdh,0.239296911,12.00817578
Nalcn,0.239224116,79.20286152
Tceal5,0.239183247,13.54113439
Galnt13,0.239169896,89.01379663
Zfp866,0.239165255,7.000510986
Exoc4,0.239148132,81.09351048
Tpm1,0.239145577,19.21308125
Ptpn21,0.239139992,5.978538579
Hjurp,0.239128584,21.56361778
Mtmr11,0.239029698,5.569749617
Klhl29,0.23902547,62.49361267
Ell,0.238935333,15.12519162
Ttc39aos1,0.238904882,4.59887583
Ehhadh,0.238867347,12.16147164
Xpr1,0.238737796,45.63106796
Tbc1d23,0.23868015,34.44047011
Abl2,0.238663695,37.35309147
Gm16178,0.238531376,1.686254471
Jchain,0.238525145,1.58405723
Fam171a1,0.238516849,32.39652529
Plppr3,0.238490672,23.55646398
Lrp11,0.238474849,22.17680123
Sbno1,0.23840203,51.81400102
Ppp1r18os,0.238400468,1.48185999
Atp5d,0.238348504,20.592744
C230037L18Rik,0.23827799,8.584568217
Dnajc12,0.238199035,9.759836484
Mrpl13,0.238179884,8.584568217
Sp1,0.238161467,23.40316811
Efcab14,0.238102658,21.25702606
Gm11368,0.23805389,0.357690342
4930505A04Rik,0.238050891,2.606029637
Tcof1,0.238006965,9.197751661
Setd5,0.237985065,65.91722024
BC003331,0.237813545,14.40981094
Mrps18a,0.237751868,20.8482371
Fam210a,0.237729644,9.606540623
Park2,0.237676102,87.78742974
Pigs,0.237666971,11.75268268
Pik3ca,0.23765251,30.35258048
Trpm7,0.237615478,55.44200307
Coq6,0.237608331,6.489524783
Zc3h11a,0.237600056,4.905467552
Sirt2,0.237542083,25.44711293
Cyb5r3,0.237536665,7.256004088
Snd1,0.237518081,37.25089423
Ttc4,0.237416554,29.94379152
Tenm2,0.237282064,96.67858968
Tsr3,0.237277428,13.38783853
0610010F05Rik,0.237193727,32.9075115
Qser1,0.23718095,21.1037302
Lmbr1,0.237113074,41.74757282
Ctc1,0.237069253,10.78180889
Mrpl47,0.237061702,11.24169647
Tk2,0.237055319,13.59223301
Tmed8,0.237023936,14.76750128
Zfp9,0.237020688,7.256004088
Rbm25,0.236994301,71.84466019
Fuca2,0.236992994,9.913132345
Riok1,0.23688061,23.30097087
Ppp3cb,0.236851483,35.05365355
Pex13,0.236683597,32.14103219
Fam216a,0.236632231,11.85487992
Ccdc73,0.23660625,12.72355646
Fam149b,0.236604996,20.69494124
Eif3a,0.236572803,19.67296883
Zfp825,0.236548768,5.314256515
Ppfia2,0.236515381,87.9407256
Lsm7,0.236469393,21.97240675
Enox2,0.236308253,20.43944813
Mtss1l,0.236256267,13.33673991
Nrxn3,0.236207308,99.38681656
Dnajc7,0.236197298,37.45528871
Cdadc1,0.236139103,18.19110884
Gm11520,0.236124076,9.09555442
Scamp3,0.236059874,11.39499234
Zfp626,0.236032438,2.912621359
Gigyf2,0.235947862,52.73377619
Ncln,0.235900262,13.08124681
Zfp207,0.235882936,48.28819622
Nipa2,0.235786155,16.50485437
Tcf3,0.235752424,10.52631579
Srsf10,0.23573662,32.39652529
Fam155a,0.235729639,99.18242207
Vps41,0.235679078,41.64537557
Zmym2,0.235664605,50.94532448
Slc25a3,0.235645534,39.29483904
Gm13485,0.23564262,0.102197241
Papd4,0.235615215,21.6147164
Zfp944,0.235545515,10.98620337
Fbxl17,0.235362299,76.59683189
Sigmar1,0.235349845,13.08124681
Prrc2a,0.235328722,20.38834951
Tbpl1,0.235283665,14.10321921
Mms19,0.235264967,20.54164538
Vwc2,0.235264344,21.25702606
Vti1b,0.235262914,42.9739397
Cd46,0.23518755,26.16249361
Dars2,0.235158937,10.42411855
Gen1,0.235101717,1.226366888
Rc3h2,0.235070481,41.49207971
Fut2,0.235036715,0.664282064
Atp5g1,0.235002673,32.49872253
Sap130,0.234963376,30.45477772
Atp9b,0.234808541,48.44149208
Trappc10,0.23466356,15.12519162
Mrpl11,0.234654376,6.847215125
Setd3,0.234620768,26.82677568
Brpf1,0.234473326,5.774144098
Traf3,0.23446189,47.93050588
Pak1ip1,0.234344507,8.584568217
Nsmf,0.234303157,20.89933572
Eme2,0.234269684,5.160960654
Rnf14,0.234252987,32.6520184
Ddr1,0.234210718,22.99437915
Ubtd2,0.234119522,11.29279509
Recql5,0.234108739,18.75319366
Ddx55,0.234046697,22.22789985
Cpsf4,0.233967643,11.34389371
Tmem107,0.233923039,10.11752683
Dazap2,0.233904067,9.402146142
Ppp2r2a,0.233886827,33.52069494
Fiz1,0.233855774,6.847215125
Suco,0.233840685,22.43229433
Zfp142,0.233631775,7.051609607
Rad18,0.233587902,10.52631579
Eno2,0.233525336,32.29432805
9430016H08Rik,0.233497251,7.153806847
Dennd1a,0.233490381,80.53142565
Zfp397,0.233481977,13.43893715
Btbd9,0.233478775,65.09964231
Gm20186,0.233445727,2.606029637
Lix1,0.23336219,8.124680634
Zfp74,0.233271921,18.95758815
Arih1,0.233197225,64.0776699
Birc6,0.233182478,66.22381196
Ppp1r2,0.233094419,26.31578947
Zfp410,0.233057628,11.95707716
Golga5,0.233030297,18.70209504
Tob2,0.233025249,7.409299949
Eef1a1,0.232937147,29.99489014
Fam134c,0.232927519,21.71691364
Ppp1r12a,0.232922863,46.55084313
Tmem30c,0.232912297,2.146142054
Lrrcc1,0.232895243,25.29381707
Pex2,0.232828683,12.21257026
Dcc,0.232803917,94.37915176
Txlng,0.232773496,38.78385284
Ddx27,0.232585084,11.8037813
Onecut2,0.232527641,12.87685232
Ythdf3,0.232385833,28.41083291
Mavs,0.232380856,4.138988247
Rbm6,0.232359511,72.50894226
Cpsf6,0.232328917,36.89320388
Slc7a6,0.232309042,30.04598876
Wdpcp,0.23224798,25.70260603
Pcsk7,0.23215041,22.38119571
Ppp2r4,0.232134773,35.51354113
Zfp458,0.232021595,4.701073071
2700097O09Rik,0.232018225,23.6075626
Rnmtl1,0.231973735,9.14665304
Csnk2a1,0.231882347,19.11088401
Unc79,0.231875549,75.47266224
Ddx52,0.231828297,11.59938682
Tma16,0.231781622,8.380173735
Sars2,0.231611146,7.61369443
Tbc1d12,0.231575819,40.41900869
Mthfd2,0.231561408,13.94992335
Nppb,0.231459288,2.043944813
Zfp746,0.231448731,10.42411855
Efcab6,0.231428757,4.59887583
Scaf4,0.231416192,23.35206949
Npc2,0.23139064,11.75268268
Pbx1,0.231388979,77.21001533
Mycbp,0.231347938,21.71691364
Lmf1,0.231271322,12.77465508
Cdc5l,0.231234271,16.19826265
Mir124a-1hg,0.231215764,32.9075115
Cyhr1,0.231210534,18.65099642
2310035C23Rik,0.231187808,51.60960654
Wdfy2,0.231176818,21.76801226
Pif1,0.231134349,0.868676546
Dlk1,0.231121498,7.56259581
Fuom,0.231106573,8.840061318
Rasal2,0.231072894,64.84414921
Hspe1,0.231033738,15.12519162
Papd7,0.231029602,10.78180889
Pan3,0.231026764,63.15789474
Cryl1,0.230882041,12.5702606
Cops3,0.230875215,21.46142054
Slc22a15,0.23084868,13.43893715
Ddx3x,0.23080525,16.45375575
Ltbr,0.230700516,1.226366888
Exosc1,0.230642671,17.37353091
Ulk2,0.230625437,60.24527338
Slc38a10,0.230623603,12.87685232
Kpna3,0.230616971,35.56463975
Slc12a2,0.23057514,14.76750128
Cops2,0.230492952,17.98671436
Gm17135,0.230429813,7.256004088
Vps13b,0.230414034,71.69136433
Api5,0.230396458,12.46806336
Hnrnpa3,0.230287938,29.6371998
Pank2,0.230233078,21.1037302
Smad2,0.230225789,16.81144609
Bcas2,0.230218149,20.33725089
Abcf1,0.230217607,16.55595299
Fam131a,0.230201325,10.32192131
Taco1,0.230146625,6.949412366
Pnpla8,0.230132636,20.64384262
Dnajc16,0.230109688,9.351047522
Fermt2,0.230009631,31.37455289
Zfp81,0.229978948,12.41696474
Ttc14,0.22997242,64.74195197
5330434G04Rik,0.229828912,78.02759325
Tgfbrap1,0.229816008,12.0592744
Ube2r2,0.229772421,40.16351559
Cers5,0.229722781,36.9443025
Gm5577,0.229705328,29.94379152
Atf2,0.229687718,49.82115483
Frg1,0.229620437,20.89933572
Arap2,0.229605314,8.073582013
Nck1,0.22955695,19.51967297
Katnal1,0.229556494,12.92795095
Zswim6,0.229527922,39.80582524
Gns,0.229501649,23.24987225
Tra2b,0.229481074,49.15687276
Helq,0.229447059,13.84772611
Gm26763,0.229426195,14.40981094
Pitpnm2,0.229399314,18.54879918
Arcn1,0.229392667,24.78283086
Atrn,0.229389357,51.60960654
Recql,0.229299575,8.380173735
Ncoa2,0.229280461,50.94532448
Prr22,0.229214065,2.197240675
Cystm1,0.229188084,17.78231988
Wbp4,0.229100407,18.44660194
Cbx1,0.22906409,26.31578947
Dcaf12,0.228982972,17.52682678
Arntl2,0.228907527,15.22738886
Gpr89,0.228875599,14.71640266
Ube2i,0.22881679,15.12519162
Usp13,0.228801069,29.79049566
Smarce1,0.228757433,8.584568217
Usp46,0.22875223,16.14716403
Sri,0.228738827,14.97189576
Rabgap1,0.228653616,63.5666837
Haghl,0.228579869,43.17833418
Pkd2,0.228568793,22.53449157
Ubxn2b,0.228544773,13.59223301
Mfhas1,0.228534982,24.32294328
Trim52,0.228370885,0.255493102
Plekhm1,0.228322658,7.409299949
Heatr5b,0.228197323,23.19877363
Mkrn2,0.228145967,6.234031681
Cep164,0.228063251,27.84874808
Kdm5d,0.228044455,25.08942259
Gm15494,0.228034272,7.460398569
Epc1,0.227937187,35.20694941
Camkmt,0.227929013,50.02554931
Cwc25,0.227745801,7.000510986
Rnf111,0.22773225,30.71027082
Tsc2,0.227625764,11.59938682
Ppp1r8,0.227620904,8.840061318
Os9,0.227559768,22.22789985
Tm6sf1,0.22754673,13.69443025
Tmsb4x,0.227475343,33.06080736
Zgpat,0.227461028,13.89882473
Ccdc130,0.227396903,7.715891671
Cnst,0.22738684,14.20541645
D2hgdh,0.227284947,5.569749617
Slc11a2,0.227272909,13.69443025
Zfp771,0.227251779,15.73837506
Hmgcll1,0.227251715,49.31016863
Erbb2ip,0.227240555,33.26520184
Nqo1,0.227191781,3.168114461
Crybg3,0.227116429,4.394481349
Sucla2,0.227050991,27.1333674
Atf6,0.226951359,28.76852325
Rnf114,0.226949822,18.0889116
Nyap2,0.226924137,69.18753194
Cipc,0.226786161,18.03781298
Slc25a22,0.226748118,10.73071027
Zfp287,0.226745692,14.76750128
Klkb1,0.226691627,3.117015841
Cdan1,0.226669887,10.32192131
Smc6,0.226639697,41.28768523
Gpr161,0.226608904,3.525804803
Rps6ka5,0.226574225,28.10424119
Gm44071,0.226557529,0.766479305
Srsf6,0.226510726,14.97189576
Ndufs3,0.226477561,30.35258048
Ankrd12,0.226466698,61.21614716
Abcb9,0.226454888,17.27133367
Alg13,0.226430152,13.08124681
RP24-445D7.2,0.226389589,5.876341339
Arap1,0.226376635,3.781297905
Gfod2,0.226323972,31.83444047
Cacna2d1,0.226112138,77.92539601
Camk2g,0.225884528,38.42616249
Cntrl,0.225841249,11.08840061
Cacna1a,0.225835091,83.13745529
Elp4,0.225770686,41.33878385
Lrpprc,0.225658002,27.3888605
Kin,0.225584875,8.329075115
Dtx3,0.225547951,50.53653551
Tmem39a,0.225504216,8.942258559
Sephs1,0.225485333,8.584568217
Rbm41,0.22540549,15.8405723
Dnaic1,0.225352152,5.416453756
Gatad2b,0.225318017,47.21512519
Dtx1,0.225288764,12.0592744
Rnaseh2b,0.225243441,9.504343383
BC031181,0.225238871,24.93612672
Epb41l4b,0.225233669,40.57230455
Golga2,0.225179242,15.38068472
Mis18bp1,0.225102357,1.073071027
Tkt,0.224925757,22.43229433
Sprtn,0.224902431,2.96371998
Glrx3,0.224823512,18.49770056
Commd2,0.224786174,4.343382729
Gm26785,0.224767208,6.0296372
App,0.224722389,82.72866633
Sbno2,0.224711278,8.226877874
Kif9,0.224701931,13.43893715
Lasp1,0.224674949,11.49718958
Ror1,0.224656242,6.847215125
Xkr4,0.224564127,92.28410833
Senp3,0.224526848,10.06642821
Gm28873,0.224428641,3.628002044
Lamtor4,0.224427497,24.3740419
Reep3,0.224342073,23.35206949
Thyn1,0.224251327,13.94992335
Zswim8,0.224215645,26.26469085
Abcc3,0.224158492,2.095043434
Ppp2ca,0.224145402,17.93561574
Cntn5,0.223967041,77.46550843
Abcb8,0.223906389,15.73837506
Styx,0.223871767,14.10321921
B3galnt1,0.223870593,12.72355646
Phykpl,0.223825002,10.78180889
Smc2,0.223804684,12.8257537
Gdi2,0.223746069,30.60807358
Fgf14,0.223668498,99.23352069
Rogdi,0.223660553,30.30148186
Senp6,0.223510122,47.31732243
Slc22a27,0.22346288,10.57741441
Ankrd40,0.223313975,12.36586612
Timmdc1,0.223054652,24.01635156
Ebna1bp2,0.223039797,10.57741441
Ipo9,0.223000158,26.06029637
Mpp6,0.222946925,21.97240675
Gm2237,0.222895725,4.036791007
Gosr1,0.222890356,19.00868677
Rapgef6,0.222867458,68.01226367
Gm26790,0.222841989,34.95145631
Ppp1r7,0.22269036,11.8037813
Arih2,0.222669875,30.60807358
Atad3a,0.222654665,16.50485437
Taf6,0.222544608,22.43229433
Ugp2,0.222523115,22.07460399
Tfb2m,0.222507995,9.810935105
Zbtb4,0.222487143,18.5998978
Acin1,0.222396788,40.36791007
Tmem108,0.222380343,60.34747062
Tyms,0.222376074,7.102708227
Mbtd1,0.22234401,54.72662238
Mycbpap,0.222300722,8.533469596
Specc1l,0.222288339,35.666837
Shc2,0.222267724,12.8257537
Rps2,0.222267176,7.000510986
4933427D14Rik,0.222196422,16.14716403
Echs1,0.222149025,10.67961165
Gm37168,0.222083093,1.686254471
Gm26699,0.222082339,58.71231477
Fnbp1,0.221938732,55.49310169
Atxn2l,0.221935126,41.44098109
Tars2,0.221913427,12.5702606
Gm15440,0.221819099,12.3147675
Rps21,0.221734027,8.073582013
Ipo7,0.221731703,18.19110884
Fbxo21,0.221704912,23.96525294
Ccdc127,0.221661636,7.971384773
Ttc27,0.221638814,19.46857435
Hmces,0.221599061,13.18344405
Ldlrad4,0.221591091,55.33980583
Grik2,0.221578696,92.69289729
Prdm10,0.221474713,28.61522739
Tlk2,0.221401703,36.73990802
Gpd1l,0.221165263,6.796116505
Mgat5b,0.221146491,22.68778743
Cab39l,0.221060448,41.33878385
Prpf3,0.220984806,17.27133367
Dpp8,0.220977437,25.08942259
Zfp26,0.220859354,7.920286152
Usp12,0.220817003,11.85487992
Fbxw2,0.220767828,22.89218191
Rtn3,0.220692685,80.22483393
Rab8b,0.220689227,15.78947368
Mtmr3,0.22067873,47.16402657
Sbf1,0.220634009,11.34389371
Atp6v1g2,0.220533305,19.87736331
Nr6a1os,0.220531588,11.19059785
Pgr15l,0.220530465,2.248339295
Zfp644,0.220480706,26.92897292
Ccbl1,0.220450846,14.71640266
Mgst3,0.220380335,11.85487992
Syncrip,0.22027262,20.28615227
Cldnd1,0.220253007,13.23454267
Tmem110,0.220232965,20.74603986
Gm26652,0.220221634,3.474706183
Mab21l2,0.220113529,8.073582013
Hars2,0.220105174,11.5482882
Rbm4b,0.22007401,64.94634645
Prkra,0.220046723,10.27082269
Tex30,0.219980983,2.657128258
Fstl4,0.219936148,47.87940726
Tmem242,0.219930989,7.56259581
Pced1b,0.219924276,38.52835973
Klhdc4,0.219922628,6.693919264
Cbwd1,0.219868596,16.91364333
Smim14,0.219855658,31.17015841
Polr3k,0.219851498,6.0296372
Prkci,0.219832713,12.3147675
Smpd2,0.219792057,6.693919264
D3Ertd254e,0.219789542,7.61369443
Pdcd4,0.219745231,27.03117016
Vps11,0.219615277,13.18344405
Zfp788,0.219613474,10.78180889
6030458C11Rik,0.219555124,15.78947368
Wdr76,0.219509531,11.39499234
Mfap3,0.219509275,24.83392948
Rpl11,0.219216926,19.51967297
Nrcam,0.219166784,72.15125192
Aifm1,0.219094634,18.14001022
Ak3,0.219044713,8.226877874
Pcbp2,0.219014883,35.15585079
Cox8a,0.218913816,41.23658661
Trappc1,0.218888341,11.85487992
Fig4,0.218824684,16.81144609
Zfp637,0.218805968,8.635666837
Acer3,0.218765534,42.51405212
Exosc2,0.218698965,9.197751661
Reck,0.218633595,15.53398058
Cog3,0.21861768,15.53398058
Scfd2,0.218595034,29.48390393
AI314180,0.218565824,56.71946857
Nrg4,0.218553468,8.788962698
Mmp24,0.218524079,23.6075626
Csk,0.218478652,8.635666837
Ccdc85a,0.218422408,78.33418498
Gm17586,0.218409764,1.737353091
Gm1305,0.218370849,1.430761369
Xkr6,0.218344171,65.71282575
Ndufa4,0.218312591,37.40419009
Rtp3,0.218300526,2.043944813
Twf2,0.218281725,10.16862545
Cox10,0.218140285,17.42462954
Ctsf,0.218128768,12.26366888
Ank,0.218092821,36.02452734
Kdm6a,0.218045874,30.86356668
Dhdds,0.218043181,32.60091978
Clrn1,0.21795594,1.430761369
Nrxn1,0.217846907,99.38681656
Sdhaf3,0.217799384,14.71640266
Phf20,0.217727286,38.42616249
Decr2,0.217707837,10.83290751
Prr11,0.217706242,1.277465508
Map2,0.217697636,90.24016352
Rnf130,0.217682956,43.63822177
Eml3,0.217559009,5.058763413
Fam214a,0.217550312,28.46193153
4930402H24Rik,0.217526332,83.08635667
Prcp,0.21749554,18.8553909
Csnk1g3,0.217357431,34.33827287
Cdh22,0.217353104,16.14716403
Zfp661,0.217342238,1.277465508
Gripap1,0.21733432,33.26520184
PISD,0.217259711,81.29790496
Lats1,0.217219289,12.0592744
Ddx50,0.217120665,35.36024527
Ankzf1,0.21701544,13.94992335
Ifnlr1,0.21686099,1.737353091
Ttc13,0.216814106,17.47572816
Ttyh2,0.216768139,5.416453756
Casc3,0.216741992,24.16964742
Zc3h4,0.216739283,12.77465508
Cep350,0.216604959,35.15585079
Rps15,0.216571225,22.63668881
Prrc1,0.216561329,14.76750128
Cdc123,0.216559449,23.91415432
Slc30a7,0.216551886,14.10321921
Aimp1,0.216437323,12.26366888
Rnf103,0.216355585,14.30761369
Sirt3,0.216245166,19.97956055
Ankhd1,0.216229455,58.25242718
Ddx56,0.216077083,5.620848237
Cul2,0.216063347,26.41798671
Bin3,0.216019538,8.277976495
Pde7a,0.215964529,30.71027082
Rab31,0.215942306,17.32243229
Nav1,0.21588946,61.3183444
Taf1a,0.215868648,10.73071027
Higd2a,0.215853729,16.86254471
Slc35f6,0.215827366,4.905467552
Rltpr,0.215747789,8.329075115
Gm10399,0.215740484,0.613183444
Taf1c,0.21570005,14.97189576
Pglyrp1,0.21565246,6.489524783
Sf1,0.215627213,16.04496679
Sstr2,0.215419213,8.737864078
Aes,0.215332448,15.17629024
Ring1,0.215277701,33.98058252
Syne1,0.215260452,63.00459888
RP23-218K15.3,0.215173629,4.54777721
Atxn7l3,0.215114102,7.256004088
3110082I17Rik,0.215104761,14.61420542
Gpr158,0.215079175,76.29024016
Tmcc1,0.215072697,70.97598365
Asxl2,0.214909563,45.4777721
Ubtd1,0.214846409,9.351047522
Arpp19,0.21484075,17.73122126
Kif3c,0.214834562,32.60091978
Gm36831,0.214814763,0.102197241
Vdac2,0.214699128,19.57077159
Nf1,0.214683601,69.69851814
Myo1f,0.214664401,4.854368932
Sos1,0.214632417,36.1778232
Ckap2,0.214624891,1.328564129
Itch,0.21461768,53.19366377
Cox11,0.214564055,13.33673991
Ppa2,0.214552008,14.76750128
Csde1,0.214526036,30.76136944
Zdhhc14,0.214522261,38.63055697
Akap10,0.214472177,37.55748595
Gm21092,0.214427776,78.99846704
Ythdf1,0.214412173,10.78180889
Kcnq1ot1,0.214375532,77.77210015
Tcaf1,0.214249535,50.94532448
Chd8,0.21421761,43.94481349
G6pdx,0.214162903,6.387327542
Safb2,0.214125523,33.72508942
Dkk3,0.214064896,11.65048544
Gm42413,0.214049785,9.862033725
Armc3,0.213992971,4.59887583
Slc25a26,0.213981996,20.13285641
Tmem176a,0.213938627,2.861522739
Rnf135,0.213918293,1.226366888
Rab11fip5,0.213861666,10.67961165
Ankrd17,0.213835899,64.89524783
Phf7,0.213744493,5.876341339
Gtf2i,0.213683561,45.42667348
Abl1,0.213679949,24.42514052
Phf8,0.213672127,27.6443536
Coa3,0.213597924,10.98620337
Bag6,0.213591094,12.5702606
Gpatch2,0.213590219,40.36791007
Eif3i,0.213536597,11.65048544
Timm23,0.213505045,20.13285641
Fbxw5,0.213417192,19.31527849
Dlst,0.213398941,25.44711293
Keap1,0.213327888,14.46090956
Insig2,0.213319265,21.8702095
Arfgef2,0.213302466,39.60143076
Prdx1,0.213269539,25.03832397
Ppp5c,0.213209913,15.17629024
Fbxo38,0.213208391,22.02350537
Qdpr,0.213147141,9.402146142
Pole4,0.21309687,7.766990291
Mras,0.213080699,16.81144609
Atp2b3,0.212922354,27.95094532
Fam196b,0.212912095,15.73837506
Morf4l1,0.212901499,40.62340317
Glra1,0.212859151,44.45579969
Uba5,0.212719023,12.3147675
Ptbp1,0.212663176,7.869187532
Kansl1l,0.21262714,31.78334185
Zfp277,0.212531804,13.49003577
Lsg1,0.212494843,10.57741441
Ppp4r1,0.212475341,21.66581502
Palm2,0.212385078,45.9887583
Tmem127,0.212315449,13.33673991
Atr,0.212315107,29.43280531
Nfasc,0.21222457,53.34695963
Tom1l1,0.212182894,4.905467552
Rngtt,0.212069535,39.9591211
Hmgxb3,0.212064302,15.5850792
Nt5c3,0.211916908,10.93510475
Mybbp1a,0.211915376,6.489524783
Adipor2,0.211818179,13.38783853
Rbm28,0.211812345,24.83392948
Snx11,0.211716021,7.051609607
Dalrd3,0.211664245,27.03117016
Nol10,0.21161838,20.03065917
Kifc2,0.211504276,31.83444047
Mrps11,0.211486447,7.307102708
Gnptab,0.211462898,16.50485437
A730017C20Rik,0.211412272,21.20592744
Zdhhc5,0.211371705,7.715891671
Gm15261,0.211364426,7.766990291
Mrpl15,0.211271269,10.93510475
Klhl17,0.211254994,10.47521717
C330007P06Rik,0.211235664,15.02299438
Rlim,0.21120617,18.80429228
Cbarp,0.211114188,28.97291773
Tbck,0.211051157,35.05365355
R3hdm4,0.211048082,11.90597854
Pald1,0.210970378,4.854368932
Cndp2,0.210962821,6.13183444
Ppme1,0.210952777,25.03832397
Zfp426,0.210725173,16.24936127
Hspa4,0.210719607,24.3740419
Kctd21,0.210717613,9.351047522
Ppp2r3a,0.210708472,49.51456311
Itga10,0.21067831,6.387327542
Lnx1,0.210645867,22.33009709
Wasl,0.210601894,20.28615227
Rundc3b,0.21054283,39.9591211
Mier2,0.210425995,10.06642821
Pin1,0.210413763,11.44609096
Prrc2c,0.210403993,45.4777721
Sdhb,0.210291939,29.73939704
Spcs2,0.210291039,33.26520184
Bcdin3d,0.210197038,3.628002044
Oaz2,0.210168654,28.87072049
Sec61a1,0.210145891,16.04496679
Xpa,0.210132402,15.68727644
Ssh3,0.210113251,14.86969852
Crlf2,0.210110187,12.00817578
Ifnar2,0.210085452,7.307102708
Ubxn7,0.210031254,30.81246806
5730507C01Rik,0.20997747,2.197240675
Ccdc6,0.209960382,15.27848748
Snx16,0.209855348,14.30761369
Usp45,0.209803126,38.42616249
Rab26os,0.209676038,9.913132345
Zfp804a,0.209591464,65.91722024
Fus,0.209504512,77.41440981
Tead1,0.209435607,31.63004599
Phf10,0.209428028,8.891159939
Inip,0.209424706,6.796116505
Fam195b,0.209423631,12.97904957
Cep78,0.209392343,19.00868677
Adam8,0.209328998,3.628002044
Clasp1,0.209269983,52.68267757
Aspg,0.209260013,0.357690342
Trmt10b,0.209248098,9.0444558
Mospd3,0.209191271,12.92795095
Desi2,0.209190217,45.9887583
Ctbp1,0.209120409,13.54113439
Paxbp1,0.208985176,21.76801226
K230010J24Rik,0.208955395,9.14665304
Lamtor3,0.208909176,8.788962698
Amdhd2,0.208758382,11.19059785
Stim1,0.208718576,51.81400102
Ssr4,0.208698683,24.27184466
Cdc16,0.2086405,15.78947368
Il18bp,0.208615023,2.912621359
Tsc1,0.208580809,40.72560041
Appl1,0.208478478,45.68216658
Mettl8,0.208437985,12.26366888
Camta2,0.208212286,14.61420542
Qrich1,0.208186771,46.34644865
Etfdh,0.208099883,16.14716403
Faf1,0.207914134,59.78538579
Zfr2,0.207832186,20.74603986
Prkcsh,0.207807094,14.92079714
Begain,0.207791721,19.00868677
Zfp239,0.207787853,18.8553909
Hira,0.20775448,8.942258559
Gm16701,0.207748267,2.912621359
Trak1,0.20769874,15.63617782
Mier3,0.207649994,10.11752683
D15Ertd621e,0.207624812,9.248850281
Gm10684,0.20757348,19.36637711
Gm10330,0.207520515,0.459887583
Vps53,0.207421694,21.92130812
Fancl,0.207338861,12.51916198
Ehbp1,0.207338633,73.53091467
Ttc37,0.20729095,28.51303015
Slc25a40,0.207245163,11.29279509
Sobp,0.207237285,57.7925396
Snhg7os,0.207156261,0.204394481
Thbs3,0.207149128,13.49003577
Hccs,0.207080685,5.620848237
Yars,0.207066499,21.92130812
Mief2,0.207062339,4.49667859
Mov10,0.207055959,7.51149719
Myh10,0.20697011,30.148186
Gmds,0.206947467,61.93152785
Parp3,0.206927538,1.328564129
Slain1,0.206867945,16.65815023
Cyb561d1,0.206847528,3.679100664
Tyw1,0.206827483,20.23505365
Gpbp1l1,0.206818305,16.55595299
Taf6l,0.206776576,8.942258559
E230025N22Rik,0.206724863,1.430761369
Ubr3,0.206721487,55.23760858
Urm1,0.206692052,12.26366888
Golph3l,0.206686748,13.69443025
Slc25a20,0.206278141,13.84772611
Pabpc1,0.206209353,20.43944813
Rnmt,0.206198376,12.46806336
Exd2,0.206170783,25.19161983
Ube3b,0.206129677,12.67245784
Mga,0.206128706,36.07562596
Camsap2,0.206120607,29.6371998
Cbx5,0.206102538,38.47726111
Ptpn4,0.206096251,45.222279
Rmnd1,0.206088506,26.57128258
Endov,0.206064834,8.226877874
Med17,0.205928698,11.39499234
Dnajb4,0.205916934,30.30148186
Elf1,0.205911155,6.898313746
Ints6,0.205882229,36.73990802
Cspp1,0.205874148,59.98978028
Brd4,0.205856517,44.04701073
Utp11l,0.205834823,13.38783853
Fxr1,0.205817928,29.17731221
Trio,0.205783235,56.41287685
Cul9,0.205778548,35.30914665
Psmc6,0.20569202,13.69443025
Ercc8,0.205667106,7.766990291
C1qtnf7,0.205622972,2.657128258
Wwp1,0.20560014,35.51354113
Tnks2,0.205586654,36.22892182
Apip,0.205492834,6.285130301
Cdc27,0.205483509,32.44762391
Fbxl18,0.205462086,10.62851303
Nipal2,0.205408246,34.08277976
Lrrfip2,0.205380364,27.3888605
Scn2b,0.20536848,15.3295861
Gm26954,0.205275142,13.79662749
Tmem229b,0.205256163,9.708737864
Ddx1,0.205235943,22.17680123
Aak1,0.205121408,60.85845682
Gng2,0.205090099,36.07562596
Gps2,0.205035059,26.92897292
Tank,0.205019221,14.66530404
Dlgap1,0.204979699,95.40112417
Xpo7,0.204940029,53.85794584
Stard3,0.204916166,8.635666837
Junb,0.204885313,3.985692386
Ralbp1,0.204857641,24.06745018
Snrpc,0.204831817,9.402146142
Ccdc61,0.204758887,8.533469596
Fbxo4,0.204724987,8.788962698
C230088H06Rik,0.204683363,16.96474195
Ppp2r2c,0.204673303,27.18446602
Canx,0.204672144,45.93765968
Sec16a,0.204626264,19.97956055
Osbpl8,0.204545442,44.91568728
Zkscan5,0.204339038,6.438426162
Etaa1os,0.204279242,3.985692386
Crnkl1,0.20426314,5.978538579
Nsg1,0.20421902,35.56463975
Tjp1,0.204109514,73.73530915
Eci2,0.203915237,8.431272356
Ap1ar,0.203816235,13.59223301
Fcho2,0.203646755,40.11241696
Tbc1d17,0.203470486,16.14716403
Atp2a2,0.20342141,44.50689831
Bub3,0.203412664,14.66530404
Mtmr10,0.203144419,8.635666837
Sema4b,0.203141013,15.17629024
Zfp503,0.203107347,1.226366888
Wdfy3,0.203059389,54.93101686
Ntng2,0.20302486,11.75268268
Dlat,0.203001286,32.29432805
Pclo,0.20297946,83.34184977
Srp54b,0.202976452,19.51967297
Pcsk2,0.202883055,62.64690853
Tanc2,0.202800334,82.77976495
Tmem87a,0.202743649,23.6075626
Atp5b,0.202741772,41.33878385
Lig3,0.20273878,9.810935105
Setx,0.202596368,41.49207971
Ptpra,0.20256885,36.73990802
Bzw1,0.202552547,9.708737864
Cmc4,0.20248591,4.036791007
Papolg,0.202411375,12.00817578
Sat1,0.202356424,8.124680634
Adam9,0.202350402,9.248850281
Ahsa1,0.202336747,20.54164538
C1galt1,0.20227367,5.723045478
Pdzd11,0.2022344,7.460398569
Cdh19,0.202204009,12.51916198
2610002M06Rik,0.202128651,7.460398569
Stk24,0.202121014,10.62851303
Adcy6,0.201750438,8.482370976
Gm26863,0.201704718,0.664282064
Hdlbp,0.201604963,29.68829842
Osgepl1,0.201562858,6.898313746
Ppp1r3b,0.201529623,0.459887583
Clcn3,0.201522784,44.09810935
Pianp,0.20143581,20.49054676
Ccndbp1,0.201389754,7.409299949
Rab18,0.201378524,13.64333163
Hormad1,0.201254919,1.686254471
6530403H02Rik,0.201251904,8.533469596
Gm16485,0.20121811,1.328564129
Crebl2,0.20118618,13.94992335
Polk,0.201093107,12.3147675
Scfd1,0.201045932,57.94583546
Ddhd1,0.201005359,25.39601431
3110056K07Rik,0.200979009,23.24987225
Donson,0.200935015,5.569749617
Vwde,0.200915322,1.021972407
Zfp937,0.200903721,4.343382729
Akap6,0.200889658,85.07920286
Ttc9,0.200754366,10.32192131
Fgfr2,0.200748742,66.63260092
Dennd5a,0.200728398,28.92181911
Adgra2,0.200723029,2.810424119
Panx1,0.200604284,10.62851303
Pidd1,0.200595652,0.715380685
Eif2ak4,0.200584878,25.65150741
Cacybp,0.200563283,12.77465508
Asf1a,0.200556102,3.985692386
Kansl1,0.200546332,79.45835462
Zcchc4,0.200479933,16.14716403
Mrpl4,0.200443335,18.95758815
Tra2a,0.200442016,66.99029126
Nomo1,0.200429476,11.34389371
Pcmtd1,0.200409271,41.9519673
4933424G06Rik,0.200323274,8.942258559
Cdk4,0.200268694,9.197751661
Gpr45,0.20016378,36.02452734
Sap30bp,0.200153419,13.18344405
Ahctf1,0.199924397,24.3740419
Yipf1,0.199821431,18.80429228
Ing1,0.19981701,3.679100664
Slc35a2,0.199776999,11.29279509
Sfxn5,0.199666421,38.06847215
Lpxn,0.199597998,1.328564129
mt-Co1,0.199532448,47.93050588
Dusp22,0.19950247,16.86254471
Fbxo42,0.199475957,28.35973429
Rcan1,0.19942064,12.26366888
Cnga3,0.19937872,1.58405723
Fndc3b,0.199298442,21.6147164
Dock3,0.199285258,80.07153807
Psma3,0.199279215,43.63822177
Polr1a,0.199194755,15.12519162
Lrrc29,0.19911356,18.14001022
Fank1,0.198982348,6.438426162
Pced1a,0.198980194,9.299948901
Rsf1,0.198958463,49.15687276
Rpap1,0.198928042,9.555442003
Utp14a,0.198717903,17.68012264
AI429214,0.198690975,0.153295861
Cerk,0.198576728,21.66581502
Ndst1,0.198571488,5.569749617
Cisd2,0.198452,20.38834951
Sepn1,0.198428516,7.204905468
Src,0.198397679,11.59938682
Creld1,0.198379523,21.25702606
Luzp1,0.198265878,44.30250383
Scn8a,0.198224162,56.97496168
Zfp414,0.198211095,18.5998978
Rmdn3,0.19820821,11.29279509
Dcx,0.198201032,32.9075115
Ywhae,0.19816984,47.87940726
Prr3,0.19811649,11.19059785
Pibf1,0.198047631,35.87123148
Cep170,0.197976948,32.85641288
Il4ra,0.19789633,2.095043434
Dusp18,0.197882462,2.912621359
Fam184a,0.197865716,32.08993357
Ppm1f,0.197636041,15.99386817
Dnaja1,0.197477958,23.65866122
Ccar1,0.197474651,49.51456311
AI854703,0.197445371,4.854368932
Gm26904,0.197409374,62.18702095
Tbc1d5,0.19740901,51.66070516
Gm26533,0.197350882,7.61369443
Nosip,0.197344959,5.774144098
Zfp160,0.197336509,18.49770056
Pknox1,0.197251353,16.30045989
Eci1,0.197241987,5.927439959
Usp34,0.197145545,72.56004088
Snx13,0.197094441,24.42514052
Ppp1r16b,0.197063779,22.27899847
Sgip1,0.197038452,83.59734287
Arl2bp,0.197032027,16.76034747
Efcab11,0.196942895,2.146142054
Spire1,0.196913796,35.00255493
Pdcd5,0.196880052,11.08840061
Ice2,0.19686459,13.84772611
Ccdc22,0.196785358,5.467552376
Them6,0.196752446,6.489524783
Lsp1,0.19669429,0.664282064
Dhrs7b,0.196679529,12.72355646
Eif5b,0.196609314,31.11905979
Iglon5,0.196559843,13.08124681
Slc52a2,0.19637153,4.54777721
Inpp5j,0.196208467,8.788962698
Prep,0.19614997,6.949412366
Pi4k2a,0.196083703,17.47572816
Asap3,0.19607867,15.074093
Tvp23b,0.196073542,16.19826265
Rbks,0.196058521,11.90597854
Rxra,0.196042236,3.985692386
Sgsm3,0.19603794,22.78998467
Smoc1,0.196022099,8.788962698
Aatk,0.195967269,32.6520184
Ostc,0.195936046,14.10321921
Camkk2,0.195925263,19.26417987
Mrps24,0.195819055,9.708737864
Mob2,0.195772758,19.87736331
Metap2,0.195765747,26.16249361
Rnf6,0.195724906,10.78180889
Chchd7,0.195719879,16.76034747
Prpf40a,0.195645264,43.58712315
Mrps5,0.19563967,18.44660194
Wdr18,0.195596505,18.5998978
Wdr41,0.195448583,15.5850792
Gm9888,0.195288099,0.102197241
Dph5,0.195274133,17.16913643
Mxi1,0.195219373,19.31527849
Frmd4a,0.195127776,93.30608074
Aagab,0.19512548,10.27082269
Whamm,0.195065957,13.79662749
Cycs,0.194977386,14.20541645
Prrg3,0.194842399,5.109862034
Zc3h15,0.19482858,34.49156873
Phactr3,0.19480125,43.48492591
Cetn4,0.194751579,7.256004088
Rbm39,0.194709816,83.03525805
Upp2,0.194705856,72.81553398
Supt7l,0.194654644,7.000510986
Thrap3,0.194543517,25.39601431
Ywhaq,0.194530931,30.55697496
Prkar1a,0.194391638,26.36688809
Smc3,0.194367544,32.34542667
Zfp113,0.194326604,6.387327542
Fxr2,0.194313318,26.41798671
Atp6v0d1,0.194262602,29.58610118
Snn,0.194076348,4.956566173
Cmip,0.194029183,59.42769545
B4galt1,0.193982384,8.175779254
Supt3,0.193951122,44.25140521
Grsf1,0.193946058,7.971384773
Gtpbp4,0.193835199,24.52733776
Dido1,0.193831146,19.46857435
Etv3,0.193817281,6.847215125
Sbf2,0.193739633,63.26009198
Dmxl1,0.193714447,50.94532448
Lrrc8c,0.193673779,16.91364333
Cdk5rap1,0.193649493,10.67961165
Thoc6,0.193631125,6.0296372
Fam104a,0.193597514,10.01532959
Trmt10c,0.193550389,4.854368932
Spata7,0.193537658,45.68216658
Rnf41,0.193536379,19.00868677
Copg2,0.193520935,50.33214103
Ints7,0.193442224,12.72355646
Kiss1r,0.193391717,2.554931017
Asb8,0.193181443,9.402146142
Cd52,0.193176762,5.007664793
Tbc1d10a,0.193103117,6.642820644
Ranbp10,0.192916283,29.27950945
Phf12,0.192893982,30.35258048
Ibtk,0.192851341,11.90597854
Cep95,0.192825725,21.46142054
Calm1,0.192767742,47.52171691
Rbm17,0.192738846,9.453244762
Tmem180,0.192683631,9.708737864
Lin28b,0.192580874,31.47675013
Cstf3,0.192545722,47.62391415
Mlx,0.192525906,7.358201329
Tmem164,0.192496702,30.81246806
Ccdc12,0.192482673,25.34491569
Wwc1,0.192476552,16.91364333
Mink1,0.192470888,18.5998978
Dscam,0.192411034,86.96985181
Uri1,0.192175602,49.82115483
Brsk2,0.192131691,10.57741441
Aim2,0.192119277,7.102708227
Ccdc43,0.192084116,6.182933061
Atp6v1h,0.192069308,38.01737353
Atg4b,0.192007158,23.55646398
Platr31,0.19198427,2.657128258
Morc4,0.191865353,5.058763413
Zmpste24,0.191790883,11.49718958
Far1os,0.19162443,7.000510986
Stpg1,0.191600604,6.693919264
Parp2,0.191444047,8.380173735
Kat2b,0.191355587,28.61522739
Zfp365,0.191152515,4.036791007
Fbxo45,0.191027347,8.533469596
Zranb1,0.190943199,28.10424119
Prrg2,0.190861341,2.401635156
Ttf1,0.19083303,12.97904957
Sdccag8,0.190794115,39.9591211
Mlec,0.190679265,15.73837506
Kdm3a,0.190675219,17.16913643
Kdm5b,0.19066193,40.57230455
Map3k12,0.190649328,22.33009709
Zfp704,0.190647722,40.06131834
Aars,0.19060877,17.8334185
Nufip1,0.190592932,9.299948901
Cactin,0.190535014,4.190086868
Slc35a3,0.190492407,13.54113439
P4ha1,0.190473349,20.64384262
Dcun1d4,0.190415073,15.074093
Dock8,0.190343299,7.153806847
Faim,0.1903175,11.29279509
Snap47,0.190278761,29.38170669
Mitd1,0.190186483,8.175779254
Gm16894,0.190169178,7.051609607
Timm44,0.190141533,21.46142054
Guf1,0.190123005,18.95758815
Slc4a2,0.190105469,10.42411855
Fam114a2,0.189993427,16.50485437
Gtf2h1,0.189964198,14.20541645
5730455P16Rik,0.189918071,16.35155851
Lin52,0.189883372,26.41798671
E130308A19Rik,0.189863146,37.45528871
Letm1,0.189808448,12.0592744
Il22ra1,0.189726666,0.357690342
Aebp2,0.189668894,14.20541645
Hnrnpc,0.189631862,35.51354113
Rhobtb1,0.189616554,13.79662749
Phc3,0.189561542,36.02452734
Atg2a,0.189540934,13.84772611
Gria2,0.189515166,87.88962698
Gpatch8,0.189389274,80.07153807
Thumpd3,0.189387702,12.16147164
Scrn3,0.189361355,8.584568217
Myt1,0.189317025,14.35871231
Sik1,0.189303385,2.452733776
Cyfip2,0.18926777,39.14154318
Zcchc10,0.189247503,4.803270312
Rfc1,0.189225933,13.69443025
Eif4a2,0.189059862,31.78334185
Haus6,0.188993654,5.467552376
Arhgap39,0.188976605,44.9667859
Exosc9,0.18896506,7.204905468
Klhdc2,0.18881778,19.11088401
Rap2a,0.188810932,6.285130301
Prpf6,0.188747207,38.11957077
Acaa2,0.188739888,4.087889627
Pex19,0.188724888,15.99386817
Osbp2,0.18870178,19.36637711
Dnajc19,0.188666178,28.81962187
Pla2g2c,0.18861998,1.277465508
Usp19,0.188613928,18.49770056
Iqsec1,0.188609628,41.64537557
Purg,0.188490476,36.33111906
Dcaf10,0.188431023,19.72406745
Pnisr,0.188429797,75.26826776
Dhrs4,0.18841475,2.350536536
Lonp2,0.188309014,40.77669903
Homer2,0.188272577,15.94276955
Etaa1,0.18820872,4.803270312
Lrrc45,0.188096342,29.38170669
Slc35b1,0.188085364,21.46142054
Pak3,0.188039802,72.15125192
Scly,0.188039315,11.44609096
Gm12942,0.187996227,4.190086868
Lmtk2,0.187949138,30.30148186
Top2b,0.187873684,23.6075626
Slc25a37,0.187872225,3.06591722
Csnk1g2,0.187870615,9.759836484
Trip11,0.187748707,39.703628
Slc10a7,0.187647442,20.49054676
Bbs5,0.187616778,20.64384262
C730034F03Rik,0.187604623,7.51149719
Fbxl6,0.187547432,8.840061318
Alg12,0.187531243,6.0296372
Cped1,0.187463447,7.409299949
Tmem11,0.18745868,9.606540623
Exosc10,0.187441066,21.00153296
Lhx2,0.187423275,0.102197241
Macrod2,0.18739551,96.11650485
Csnk2a2,0.187268952,18.03781298
Chek1,0.187110179,1.890648952
Josd1,0.187075609,7.664793051
Clcnka,0.187052531,0.970873786
F830045P16Rik,0.187017916,1.175268268
Gm12979,0.187008621,2.350536536
Pi4ka,0.186985636,66.17271334
Acot8,0.186980292,10.83290751
Hspa9,0.186903328,21.56361778
Rab11fip4,0.186844523,24.27184466
Ppp1r13b,0.186843361,30.71027082
Ccdc191,0.186826447,20.43944813
Syngr1,0.186820968,30.76136944
Apex2,0.186666491,45.222279
Mllt10,0.186594294,70.51609607
Fbxl4,0.18656836,14.00102197
Gopc,0.18655272,19.77516607
Lyst,0.186516584,36.53551354
Det1,0.186475463,6.642820644
Orc1,0.186469798,7.715891671
Vmn2r84,0.18645253,0.715380685
Myadml2os,0.186411152,2.146142054
Arfgef1,0.186364348,39.39703628
Prpf19,0.186329627,22.84108329
Mapre3,0.186316865,33.52069494
Dph1,0.18621499,5.518650996
Cog5,0.186097558,58.0480327
Fktn,0.186094661,23.76085846
Dusp8,0.186034931,7.460398569
Smurf1,0.185946021,28.05314257
Suv420h1,0.185910317,24.22074604
Atad1,0.185851151,29.33060807
Fam208b,0.185804118,24.01635156
Tesk2,0.185797369,12.8257537
Srp68,0.185795298,13.94992335
Gnaz,0.185696742,15.12519162
Fbxo36,0.185677597,22.48339295
Zfp932,0.185648723,12.51916198
Kank4,0.185546472,5.416453756
Kcnq2,0.185457119,38.22176801
Eps8l1,0.185454046,3.219213081
Pacs1,0.185326921,59.52989269
Dnlz,0.185261603,12.77465508
Stk4,0.185247577,12.97904957
5830454E08Rik,0.185229487,2.299437915
Brca2,0.185160705,8.380173735
Gm28048,0.185082733,3.474706183
Catsper2,0.184986264,11.8037813
Fbxo31,0.184933215,13.64333163
2610008E11Rik,0.184927005,15.99386817
Ap5m1,0.18490047,9.657639244
Tmem259,0.184859382,14.05212059
Golph3,0.184850198,6.642820644
Cul4a,0.184847877,19.31527849
Sae1,0.184749778,24.3740419
Nrd1,0.184691786,38.52835973
Nedd4,0.184649083,56.51507409
Galnt7,0.184620017,21.1037302
Flrt3,0.184613176,15.48288196
3110062M04Rik,0.184592213,5.365355135
Hcn2,0.184528735,12.87685232
Sycp2l,0.184508493,1.635155851
Tbl1xr1,0.184411755,21.46142054
Iws1,0.184375965,19.87736331
Mib1,0.184329037,38.52835973
Zkscan1,0.184296375,12.00817578
Hacd3,0.184038769,36.53551354
Aamdc,0.184021751,11.5482882
Zfp148,0.183899843,47.62391415
Slc39a9,0.183895504,17.98671436
Nap1l1,0.1838947,21.81911088
Ice1,0.183817634,19.82626469
Fchsd2,0.183794643,67.50127747
Iqgap2,0.183748113,7.766990291
Ppp1r16a,0.183742901,13.74552887
Supv3l1,0.183727877,6.949412366
Rsbn1l,0.183618013,29.12621359
Upf1,0.183463688,6.540623403
Tox4,0.183446164,20.28615227
Pmm2,0.183375838,12.8257537
Fnip2,0.183345186,20.38834951
Slc22a4,0.183328263,8.175779254
Jph4,0.183308403,19.26417987
Brwd1,0.183141432,41.44098109
Trim6,0.183119916,0.613183444
Rlf,0.183094853,43.17833418
Mkrn1,0.183086381,14.97189576
Gstz1,0.18307434,25.95809913
Fbl,0.183042411,18.03781298
Slc2a13,0.183037847,52.06949412
Uqcrc1,0.182942607,31.47675013
Slc24a2,0.182900453,69.49412366
Gm15690,0.182813216,2.350536536
Syt1,0.182797946,92.89729177
Cdc37l1,0.182776786,24.01635156
Gpr137b,0.182653757,9.913132345
Spns1,0.182647919,17.16913643
Reps2,0.182596495,32.24322943
Yipf2,0.182595395,7.307102708
Faxc,0.182583267,19.16198263
Mtch1,0.18241053,28.76852325
Klhl12,0.182143188,22.07460399
Gm16541,0.182064224,12.00817578
Mxd1,0.182059093,5.671946857
Gm27003,0.182054692,11.29279509
Arhgap35,0.182048155,42.30965764
Gdap2,0.182018372,14.71640266
Mau2,0.181997516,25.70260603
Galnt10,0.181971699,15.53398058
Tecpr2,0.181894378,32.44762391
Gtf2e1,0.181877991,8.635666837
Rbm22,0.181872324,6.0296372
9330162B11Rik,0.181850946,0.05109862
Ctns,0.181732051,11.19059785
Cpox,0.181698958,10.01532959
Xaf1,0.181671791,3.934593766
Ppp2cb,0.181596355,11.44609096
Gja5,0.181574582,2.861522739
Rnft1,0.181503649,13.13234543
Proser1,0.181326323,14.15431783
Ssh2,0.181224479,74.50178845
Tmem35,0.181221646,7.204905468
Gm26518,0.180986251,32.39652529
Fbxo11,0.180911719,54.98211548
Gclc,0.180909987,17.98671436
Gnas,0.180857416,81.70669392
Ubqln1,0.180821589,17.16913643
Asxl3,0.180718466,39.34593766
Cntn6,0.180648436,67.14358712
Prdm15,0.180487798,16.86254471
Smn1,0.180482753,8.380173735
Ppp2r2b,0.180409601,90.24016352
Cwc15,0.180139883,14.25651507
Terf2,0.18009861,14.61420542
Nhej1,0.180072188,5.978538579
Rnf167,0.179834689,16.24936127
Lrp1,0.179794421,36.07562596
Zfp946,0.179750597,4.138988247
Strada,0.179733803,25.60040879
BC051142,0.179692867,5.212059274
Slc25a12,0.179599562,42.87174246
Stat5b,0.179540387,33.4184977
Mto1,0.179467537,17.27133367
A930007I19Rik,0.179457288,3.934593766
Med14,0.17941107,21.46142054
Rbpj,0.179269704,14.30761369
Ggps1,0.179211807,31.88553909
Gigyf1,0.179169897,19.05978539
Gapvd1,0.179126482,46.90853347
Eif3j1,0.179125829,18.24220746
Hnrnpk,0.179058123,24.78283086
Gnaq,0.179039714,65.20183955
Urgcp,0.178730912,46.34644865
Fbxo47,0.178696798,5.774144098
Slc43a2,0.17868243,24.01635156
Hnrnph1,0.178677213,24.83392948
Efhc2,0.178661098,9.0444558
Tap1,0.178617823,1.226366888
Tbc1d8b,0.178508313,1.890648952
Opa3,0.178484949,10.83290751
Copz1,0.178458069,21.81911088
Zkscan2,0.178424427,12.51916198
Ypel5,0.17840572,8.686765457
Prr36,0.178351127,3.219213081
Gm14661,0.178334509,7.664793051
Ufsp1,0.178283063,4.752171691
Brap,0.178164105,13.18344405
Nmnat2,0.17811126,58.09913132
Snx9,0.178105207,12.77465508
H2-T22,0.178057453,7.766990291
Hadha,0.178051524,18.14001022
Nfkbid,0.178042155,2.912621359
Ddx47,0.177898384,14.00102197
Huwe1,0.177893915,58.86561063
Ccz1,0.177822406,20.74603986
Zfp715,0.177775811,7.51149719
Gm15818,0.177647324,16.04496679
Dld,0.177567922,20.08175779
Sytl5,0.177566289,7.715891671
Hnrnpa2b1,0.177506429,39.65252938
4932438A13Rik,0.177358606,55.44200307
Commd3,0.1773494,10.47521717
Rbms2,0.177298962,13.33673991
Itga11,0.177268827,6.949412366
Ppt2,0.177247793,12.0592744
Btbd1,0.17721678,26.92897292
Setdb1,0.177187021,30.6591722
Ccni,0.177177122,22.68778743
Bet1,0.177098691,6.387327542
Cds2,0.177071919,30.45477772
Ngfrap1,0.177052219,24.1185488
Nipa1,0.177046105,20.64384262
Sf3b3,0.176998989,23.76085846
Mre11a,0.176942418,15.074093
Gm44206,0.17691183,4.445579969
Rad54l2,0.176899259,20.38834951
Smpdl3b,0.176895909,1.58405723
Ndufs5,0.176851415,12.67245784
Dhx8,0.17680213,8.073582013
Zfp780b,0.176775249,13.54113439
Zkscan8,0.176685582,4.292284108
Mbd5,0.176638876,79.45835462
Txndc9,0.176550891,13.03014819
Gm26534,0.176482272,4.649974451
6330403K07Rik,0.17646261,44.09810935
Itfg2,0.176425011,22.12570261
Capzb,0.176395428,25.54931017
1110034G24Rik,0.176268894,14.66530404
Klhdc3,0.176262237,10.93510475
Hsdl2,0.176182111,8.277976495
Vps50,0.176153086,24.3740419
Nt5dc3,0.176116387,13.28564129
Kctd18,0.176080862,8.737864078
Rab3gap1,0.175988531,31.83444047
Ubxn2a,0.175972243,14.15431783
Teddm2,0.175870901,12.00817578
Plod3,0.175869271,7.358201329
Polr1c,0.175865138,9.351047522
Lrrfip1,0.175820562,36.22892182
Nr2c1,0.175651933,11.49718958
Rnf26,0.175553112,12.41696474
Grip1,0.175550452,79.50945324
Brix1,0.175540787,9.453244762
Ctsd,0.175514542,20.8482371
Ebf4,0.175343864,14.66530404
Ube4bos1,0.175315812,23.30097087
Rnf31,0.175314265,6.08073582
Srcap,0.175246473,9.402146142
Prss12,0.175240891,5.263157895
C030039L03Rik,0.175239276,6.234031681
Ube3c,0.1752269,54.0112417
Cald1,0.175103947,16.91364333
Ngly1,0.175011417,12.5702606
Gm29502,0.174894061,5.467552376
Qrsl1,0.174876353,10.83290751
Arid4a,0.174853081,32.44762391
Kdm2a,0.174776028,52.52938171
Senp1,0.17468824,16.35155851
Gm38165,0.174584984,1.635155851
Gfpt1,0.174568921,28.61522739
Sgf29,0.174486986,10.98620337
Iqsec2,0.174370102,26.6223812
Ttpal,0.174263971,7.920286152
Lhfpl5,0.174232406,6.898313746
Gm13919,0.174197346,10.88400613
Mbd4,0.174181071,8.891159939
Gm15396,0.174148064,7.715891671
Tcerg1,0.17408442,30.45477772
Gm26787,0.174080083,8.329075115
Cyb5r4,0.174039181,18.80429228
Ndufa7,0.174033692,18.39550332
Smarcc1,0.174028761,37.60858457
Cryz,0.173803791,2.759325498
D230025D16Rik,0.173718787,20.89933572
Tpra1,0.173684337,13.38783853
Bsn,0.173607922,32.6520184
St8sia1,0.173564754,19.51967297
Utp18,0.173522926,10.37301993
Cpn1,0.173417187,0.817577925
Pip5k1c,0.173327436,12.97904957
Snrpb2,0.173262146,7.102708227
Hdac8,0.173193928,48.03270312
Lsm1,0.173083571,17.98671436
Hrh1,0.17300343,2.299437915
Pnldc1,0.173003353,6.182933061
Rpap3,0.172945441,8.891159939
Tceanc2,0.17290893,7.818088912
B4galnt1,0.172905426,9.555442003
Pnma3,0.172895634,19.21308125
Mapre2,0.172834231,37.55748595
Hhipl1,0.172704002,7.664793051
Sf3b2,0.172689539,29.27950945
St7,0.172667698,43.99591211
Alkbh5,0.17257128,14.97189576
Cnot2,0.172530387,42.92284108
Rnf217,0.172508521,25.49821155
Cthrc1,0.172408606,9.0444558
Cnot4,0.172342274,59.58099131
Zkscan3,0.172239293,22.27899847
Sumf1,0.172148919,21.51251916
Zc3h3,0.172117709,12.51916198
Ddx6,0.172100367,30.25038324
Chd1,0.172059184,30.35258048
Map7,0.171887162,30.76136944
C530044C16Rik,0.171880009,0.919775166
Zfp622,0.171784442,4.087889627
Mlxip,0.171749672,32.19213081
Kmt2e,0.171731341,61.21614716
Gne,0.171722853,8.635666837
Usp29,0.171721997,86.81655595
Incenp,0.171624288,4.343382729
Ddi2,0.171620624,20.64384262
Vps72,0.171611082,12.62135922
Fbxl5,0.171598505,24.629535
Pomgnt2,0.171587339,8.891159939
Kif22,0.171573754,4.445579969
Gtf2a1,0.171489061,14.46090956
Wbp5,0.171394998,14.05212059
Tpp1,0.171384563,7.869187532
1700111N16Rik,0.171378855,4.701073071
Srbd1,0.171312721,13.03014819
Tyro3,0.171252732,6.387327542
Iqcg,0.171200309,7.204905468
Dcp1a,0.171045925,16.96474195
Gm26779,0.171019295,1.635155851
Zfp777,0.171002396,11.8037813
Cyld,0.170903316,28.76852325
Rad9a,0.170588652,3.781297905
Aco2,0.17049822,35.36024527
Tmem39b,0.170485975,15.38068472
Gm14443,0.170172503,4.49667859
Arel1,0.169973509,17.37353091
Tmem178b,0.169960592,81.45120082
Msl1,0.169909109,4.956566173
Crkl,0.169865947,9.810935105
Lrrc73,0.169780338,6.13183444
Rbm26,0.169769321,61.21614716
Usp4,0.169700601,26.36688809
Nup37,0.169674414,7.409299949
Gm37336,0.169666284,0.613183444
Mpc1,0.169564914,38.06847215
Etf1,0.169562649,14.71640266
Gm15614,0.169548897,21.00153296
Zfp512,0.169529485,36.6888094
Bicd1,0.169446412,72.96882984
1110017D15Rik,0.169418407,9.606540623
Ankrd11,0.169378503,31.63004599
Mtnr1a,0.169169099,1.124169647
Tatdn1,0.169155657,13.28564129
Mzf1,0.169133797,6.13183444
Atp5o,0.169092817,36.53551354
Gm28523,0.169079195,0.306591722
Lyrm1,0.169039482,17.68012264
Fam49b,0.169027191,67.04138988
Atp6v0a2,0.16900972,18.70209504
Cd276,0.168910428,4.54777721
Carf,0.168756046,19.92846193
Hmg20a,0.168720453,40.77669903
Rbck1,0.168720161,9.913132345
Zfp93,0.168665373,4.138988247
Gm17227,0.168662874,7.869187532
Slc9a7,0.168579004,38.11957077
Pecr,0.168529696,5.723045478
Satb1,0.168510734,12.36586612
Gm19265,0.16848528,7.256004088
Amy1,0.168482161,48.7480838
Carnmt1,0.168476568,13.74552887
Srsf1,0.168360128,33.06080736
Mical3,0.168317249,57.5370465
Pgs1,0.168247614,8.686765457
Braf,0.168235958,60.14307614
Lpgat1,0.168203577,36.1778232
1700084C06Rik,0.168176043,17.8334185
Fkbp15,0.168171999,17.47572816
Dnajc11,0.168151234,24.3740419
Gm16272,0.168069292,3.06591722
Uprt,0.167984411,7.358201329
Maged1,0.16796367,55.13541134
Sfpq,0.167954402,39.90802248
Gfm2,0.167950883,22.43229433
Npc1,0.167942334,14.46090956
Gm26542,0.167903397,12.51916198
Catsperd,0.167844496,11.59938682
Gm16120,0.167836494,0.05109862
Zfp598,0.16774279,11.19059785
Pigu,0.167737949,22.89218191
Ephx2,0.167698537,3.679100664
Pten,0.167671414,35.25804803
Fam101b,0.167568608,9.0444558
Adamts10,0.167442635,16.35155851
Ik,0.167337515,17.5779254
Amt,0.167329872,13.08124681
Cops7b,0.167267198,14.25651507
Bud31,0.167243533,7.664793051
Atg4a,0.167181217,6.898313746
Ipmk,0.167140406,16.40265713
Arfgap1,0.167119733,25.75370465
Htt,0.166955542,40.82779765
Gm16189,0.166854807,12.5702606
Rbm27,0.166848794,25.60040879
Borcs7,0.166800402,11.49718958
Elk3,0.1667896,4.854368932
Dhrs11,0.166778229,5.774144098
Aktip,0.166734502,27.49105774
Tcp11l2,0.166596991,7.409299949
Arfgap2,0.166539902,14.15431783
Gon4l,0.166476169,47.87940726
Rpap2,0.16636257,12.77465508
Adgrl1,0.166281741,27.74655084
Coq4,0.166268865,6.693919264
Phf20l1,0.166225466,54.31783342
Pwp2,0.16621491,5.467552376
Angel2,0.166158453,19.67296883
St3gal6,0.166066816,10.11752683
Wdr74,0.166063207,5.978538579
Pla2g10,0.166056221,2.554931017
Ubqln4,0.166037498,10.01532959
Ppig,0.165997957,45.57996934
Avl9,0.165921862,17.42462954
Polg2,0.165882827,5.671946857
G3bp2,0.165881135,27.59325498
Nup155,0.165820067,13.08124681
Nckap5l,0.165799835,12.51916198
Ago2,0.165790404,25.95809913
Atf7ip,0.165785458,25.70260603
Rnf207,0.165654096,8.022483393
Odc1,0.165642393,25.54931017
Itpk1,0.16549437,12.87685232
Ppia,0.165384047,32.08993357
Snx12,0.165359854,21.15482882
Zbtb25,0.165315425,13.23454267
Neurl3,0.165248826,0.204394481
Arid4b,0.165248191,61.36944303
Ints1,0.165190874,9.248850281
Rrbp1,0.165158055,16.35155851
Icosl,0.165125714,0.510986203
Uchl5,0.165125149,16.35155851
Dip2c,0.16509434,79.1517629
Usp42,0.165070825,6.182933061
1110037F02Rik,0.165005738,23.35206949
Rnf121,0.164992246,17.78231988
Wasf3,0.164965008,25.65150741
Vps33a,0.164741629,13.43893715
Sppl2a,0.164740107,20.23505365
Gm973,0.164710594,5.314256515
Ppp2r5a,0.164694143,8.073582013
Ank3,0.164676379,95.45222279
Trim39,0.164636678,6.489524783
Sirt1,0.164374289,9.14665304
Nsun2,0.164152725,15.38068472
Ncor1,0.164110941,66.01941748
Gm20671,0.163998014,2.350536536
Cblb,0.163982065,29.99489014
Zc3h12b,0.163930998,44.60909555
Mllt6,0.163900676,19.97956055
Ubac2,0.163874341,35.87123148
Gm12709,0.163817603,45.27337762
BC028471,0.163793905,0.664282064
Ercc4,0.163781517,8.891159939
Dlg5,0.163753922,19.36637711
Fbxo34,0.163710853,22.99437915
Trim11,0.163655807,8.840061318
Mgat4b,0.163651042,7.971384773
2310022A10Rik,0.16360437,9.708737864
Wapl,0.163601609,41.84977006
Slc22a30,0.163513946,0.510986203
Proser3,0.163510844,3.985692386
Stmn1,0.163456643,27.08226878
Map3k4,0.163311233,17.11803781
Zmym3,0.163285243,18.75319366
Nadsyn1,0.163269944,6.0296372
Aggf1,0.163111412,7.51149719
Rnf145,0.163060619,20.74603986
Ufc1,0.163020055,11.29279509
Pop1,0.162951529,6.0296372
Gm15446,0.162876011,20.33725089
Tdrd12,0.162867172,1.124169647
Ankrd13c,0.162843013,27.84874808
Farsa,0.162842107,17.8334185
Tmem248,0.162779335,12.0592744
Mbtps2,0.162686542,20.74603986
Oca2,0.162685623,3.730199285
Usp3,0.162611005,15.89167092
Mapk1ip1,0.162476751,16.60705161
Lmln,0.162465869,15.63617782
Mark3,0.162421382,55.74859479
Ptdss2,0.162412543,16.50485437
Asun,0.162411547,8.942258559
Zfp354c,0.162360292,10.88400613
Rint1,0.162316326,16.40265713
Gm26733,0.16225062,63.77107818
Elp2,0.162221459,17.37353091
Ift52,0.16220429,24.42514052
Zyx,0.162157781,5.671946857
Brat1,0.16206759,6.847215125
Pcf11,0.162010051,17.22023505
Hspa14,0.161994225,15.27848748
Vamp1,0.161950256,12.0592744
Sec24c,0.161890002,12.62135922
Ctnnal1,0.16186681,20.43944813
Atg12,0.161863827,9.964230966
Arnt2,0.161845952,31.17015841
Mgat1,0.161793504,6.285130301
Gk,0.161783359,20.08175779
Opa1,0.161744699,27.69545222
Nup88,0.161730927,10.57741441
Gucy1b3,0.161672938,24.1185488
Pdhx,0.16163544,21.05263158
Zfp592,0.161591643,17.93561574
Efcab7,0.161543705,7.153806847
Lipo1,0.161525,11.59938682
Gstcd,0.161454773,13.18344405
Thoc7,0.161431585,25.39601431
Trmt6,0.161384183,13.59223301
Gm37768,0.161349286,6.438426162
Zfp654,0.16130417,32.24322943
Tbc1d2b,0.161238236,8.482370976
Lrrc57,0.161229246,8.584568217
Trmu,0.161207494,16.81144609
Wasf1,0.161189505,16.14716403
Ube2k,0.161183058,57.07715892
Rhno1,0.16103546,6.540623403
Stard13,0.161001732,3.117015841
Copb2,0.160977551,10.06642821
Arl3,0.160942507,42.66734798
Pfdn1,0.160933505,28.20643843
Bnip3,0.160853188,8.584568217
Ric3,0.160790258,24.27184466
Galnt11,0.160716241,14.51200818
Sept7,0.160701059,31.17015841
Zc3h7b,0.160527055,24.73173224
Gpatch3,0.160506891,3.679100664
Sergef,0.160413306,34.59376597
Tmem241,0.160347208,22.33009709
Naa15,0.160263855,33.06080736
D930032P07Rik,0.160233988,1.175268268
Gm15559,0.160131735,6.847215125
1700123I01Rik,0.160112756,4.087889627
Itk,0.159879668,1.175268268
Prr12,0.159872313,9.504343383
Atg13,0.159855779,21.51251916
Cacnb4,0.159711025,58.50792029
H2afy2,0.159695887,11.90597854
Tmx1,0.159665493,14.30761369
Gm42949,0.159641473,0.05109862
Vmn2r85,0.15960057,8.533469596
Gjc1,0.159574208,1.58405723
Atm,0.159481248,16.19826265
Ankrd28,0.159203764,44.04701073
Wbp11,0.159190613,11.29279509
Hsdl1,0.159139713,8.584568217
Rab3ip,0.159063371,11.03730199
Cdk17,0.15905035,34.23607563
Tubb4a,0.159017969,18.75319366
Gm14582,0.159016964,6.489524783
Thoc2,0.15901367,48.08380174
Ell2,0.158952768,11.65048544
Dnajc6,0.158938863,67.85896781
Snrnp35,0.158796834,5.314256515
Pigz,0.158649901,5.876341339
Stard7,0.158646949,21.41032192
Ncoa4,0.158518159,4.649974451
Thumpd2,0.15847725,5.467552376
Gm12320,0.158458539,1.073071027
Cit,0.158405889,63.15789474
Nadk2,0.158404145,8.022483393
Arrb2,0.15833042,22.02350537
Fxyd4,0.158326641,16.30045989
Uvrag,0.15829851,33.9294839
Palb2,0.158296861,3.474706183
March6,0.158205979,35.46244251
Ednra,0.158185262,2.043944813
Plekha6,0.158177838,42.87174246
Snx27,0.158107694,37.76188043
Pik3r1,0.158099324,24.1185488
Aftph,0.158029371,38.17066939
Neil2,0.15789068,3.985692386
Dclk2,0.15781869,49.20797138
Cdk13,0.157817694,38.11957077
1810032O08Rik,0.157797609,2.554931017
Zdhhc20,0.15778236,49.0035769
Nr1d2,0.157751859,15.94276955
Gnpat,0.157681086,13.69443025
Setd2,0.157657901,37.96627491
Scamp1,0.157649537,34.54266735
Fam169a,0.157618687,24.98722534
3110043O21Rik,0.157575775,8.124680634
Def6,0.157571004,3.06591722
Cdip1,0.157529315,45.06898314
Calm2,0.157481848,72.66223812
Abo,0.157354515,2.708226878
1700008O03Rik,0.157291568,3.781297905
Trim44,0.157237873,36.79100664
Mks1,0.157202862,4.956566173
Apc,0.157165676,60.65406234
Phkg1,0.157124548,8.226877874
Mtf1,0.157113669,13.08124681
Nkain1,0.157073472,11.08840061
Lrp6,0.15695632,29.38170669
Gcm1,0.156938579,1.226366888
Usf3,0.156773496,16.40265713
Atg16l1,0.156718839,36.63771078
Cul3,0.156689064,22.63668881
Ranbp2,0.156643113,21.30812468
Eif4enif1,0.156610917,16.86254471
Hsd17b4,0.156603459,25.03832397
Dcaf13,0.156592472,7.971384773
Oplah,0.156572239,5.058763413
Pde4dip,0.156507267,70.00510986
Bcas3os1,0.156448969,20.64384262
Rab14,0.156431532,31.37455289
Fam76b,0.156337993,9.555442003
Chac2,0.15630176,13.84772611
Tmem246,0.15624116,23.96525294
Hdac7,0.15622057,23.14767501
Rnpep,0.156173898,22.53449157
Tpr,0.156130653,32.03883495
Wac,0.156095858,43.22943281
Mgat3,0.155924449,18.54879918
Slc29a4,0.155919759,5.671946857
Rtfdc1,0.155908433,8.482370976
Herpud1,0.155783632,16.14716403
Terf1,0.155700457,24.68063362
Apba3,0.155644869,7.51149719
Rrn3,0.155606037,22.63668881
Zfp653,0.155569064,8.175779254
Esco1,0.155538861,19.31527849
Coq9,0.155460264,12.26366888
Gtf2h2,0.155376818,15.17629024
Glod5,0.155291558,4.036791007
Scaf11,0.155187085,17.93561574
Slc25a53,0.15510228,7.766990291
Gltscr1l,0.155029551,30.19928462
2610037D02Rik,0.154974881,38.06847215
Ccdc53,0.154904811,10.52631579
Vmn2r87,0.1548915,8.380173735
Gosr2,0.15488746,17.5779254
Tmem40,0.15486877,0.919775166
A330017A19Rik,0.154862019,22.53449157
Blm,0.154748075,8.686765457
Itpa,0.154703113,10.78180889
Taf2,0.154597099,15.27848748
Calcoco1,0.154570391,12.11037302
Dzip3,0.154427706,47.57281553
Ppcdc,0.154426516,13.89882473
Bms1,0.154331011,9.14665304
Rsph1,0.15431464,4.343382729
Cfap43,0.154257447,5.007664793
Prmt1,0.154240737,17.06693919
Ppwd1,0.154232283,15.53398058
Rnls,0.154138224,13.94992335
Polr2a,0.154100285,22.78998467
Hdgf,0.15409353,13.94992335
Dstyk,0.154067368,19.31527849
Setdb2,0.154048559,5.569749617
Kpna6,0.153990749,13.33673991
Gm15341,0.153986869,2.299437915
Usp39,0.153973835,7.000510986
Eif4h,0.153866212,22.53449157
Dcun1d2,0.153852184,16.04496679
Rab9b,0.15384435,9.862033725
Lockd,0.153833484,1.277465508
Akap11,0.153781605,35.56463975
Uhrf2,0.153774052,36.73990802
Gm26848,0.153678393,77.10781809
Npl,0.153649928,3.0148186
Gm43458,0.15364026,1.175268268
2700081O15Rik,0.15361693,3.423607563
Pex1,0.153566951,21.71691364
Nsun5,0.153526067,5.876341339
Zcchc12,0.153512097,21.81911088
Rbpms,0.153502453,1.839550332
Tubgcp3,0.153374872,14.51200818
Jag2,0.15331353,4.394481349
Clpx,0.153312655,29.27950945
Mkln1,0.153257363,47.36842105
Golgb1,0.15325646,39.14154318
Tuft1,0.153184044,6.693919264
Ptgr2,0.1531711,11.19059785
Btbd16,0.153069657,2.452733776
Malsu1,0.153021567,17.42462954
Dazap1,0.152945053,29.02401635
Mia3,0.152917892,25.65150741
Nsd1,0.152818821,72.25344916
Nfatc3,0.152808013,33.6739908
Hnrnpul1,0.15279433,15.12519162
Gpt2,0.152779761,9.248850281
Gm26665,0.152639174,1.226366888
Trpc4ap,0.152602808,30.09708738
Fubp1,0.152455253,48.7480838
Rev3l,0.152394022,60.50076648
Wdr17,0.152385371,29.6371998
Ccnd3,0.152303794,7.409299949
Pot1b,0.15226927,14.35871231
Erp29,0.152157052,20.89933572
Cul1,0.152121188,44.30250383
Ypel4,0.152099597,23.81195708
Prr7,0.152031866,5.365355135
Itgbl1,0.152015683,8.635666837
Eny2,0.151934037,13.18344405
Vps51,0.15189932,6.796116505
Sdcbp,0.151761294,11.29279509
Hr,0.151744766,2.146142054
Tert,0.151732876,7.409299949
Mier1,0.151705197,26.52018396
Nfrkb,0.151673269,21.30812468
Extl3,0.151623361,16.76034747
Rfesd,0.151583422,8.073582013
Dgat1,0.151580297,28.87072049
Kdm5a,0.151577872,34.79816045
Ppp1r12b,0.151540741,47.93050588
Dguok,0.151523366,15.22738886
Ttc25,0.151279391,4.701073071
Gm37982,0.15125521,7.358201329
Lmo7,0.151219324,3.985692386
Pkm,0.151211623,45.06898314
Hexb,0.151208994,14.71640266
Zfp235,0.151148102,3.117015841
Zfp266,0.151069446,26.72457844
Ptcd1,0.150996405,5.007664793
Enthd2,0.150929053,5.007664793
Naa20,0.150894992,23.96525294
Aire,0.150872303,0.102197241
Bcl7b,0.150867458,7.102708227
Sec22b,0.150853701,9.708737864
Fxyd5,0.150806132,4.036791007
Gm43713,0.150757968,57.74144098
Lrrc75a,0.150689411,4.54777721
Fopnl,0.150677549,13.18344405
Tmbim4,0.150593389,15.89167092
Snapc4,0.150535381,11.5482882
Thnsl2,0.150532672,2.401635156
Trit1,0.150417403,12.46806336
Atg4d,0.15037793,12.51916198
Mtor,0.150232083,22.73888605
Golga7,0.150192684,10.27082269
Mcoln1,0.150160308,7.869187532
Caskin1,0.150026878,19.26417987
Erich1,0.150015894,5.825242718
Hcfc2,0.150004651,7.715891671
Atg14,0.149972461,7.51149719
Lonrf1,0.149966614,7.920286152
Polr3f,0.14994171,9.862033725
Tdg,0.149927052,8.329075115
Tdrd5,0.149747199,4.190086868
Usp6nl,0.14967536,10.88400613
Ppp2r5e,0.149470272,48.4925907
Aldh18a1,0.149450101,7.307102708
Ankrd10,0.14937809,26.57128258
Chst1,0.149341933,16.24936127
Slc33a1,0.149317743,14.61420542
Tomm40,0.149316224,25.49821155
Atg5,0.149236366,15.17629024
Copb1,0.149184303,18.49770056
Mbnl1,0.149133508,36.6888094
Foxj3,0.149109586,33.87838528
9530027J09Rik,0.149071471,1.379662749
Cpne9,0.149001393,6.0296372
Zbtb48,0.148998955,5.416453756
Tex15,0.148737996,4.445579969
Poldip3,0.148665171,12.92795095
Eif2ak2,0.148532612,2.657128258
Nfe2l2,0.148485589,5.620848237
2700062C07Rik,0.148374995,15.48288196
Disc1,0.148337226,11.24169647
Rbbp6,0.148305495,29.68829842
Edc3,0.148294422,13.43893715
Fam207a,0.148280384,5.569749617
Cox18,0.148248107,10.01532959
Rimbp2,0.147992935,46.95963209
Slc9a5,0.147992011,11.29279509
Syvn1,0.147952261,8.737864078
Ddx42,0.147931686,28.20643843
Arhgef12,0.14790859,54.21563618
Cc2d1a,0.147892287,12.46806336
Tmem8,0.147866834,7.715891671
Zfp292,0.147866226,33.36739908
Zbtb8a,0.147779157,2.810424119
Cacna1c,0.147750242,69.851814
Hdac9,0.147740054,20.43944813
Mphosph10,0.147724755,6.796116505
Snrnp200,0.147673682,9.657639244
Tgds,0.147662251,3.474706183
Ulk3,0.147636631,7.153806847
Pdcd2l,0.147527203,13.79662749
Rpl3,0.14751147,20.23505365
Irak1,0.147384138,16.70924885
Zfp729b,0.147088282,7.409299949
Suclg1,0.146955033,23.40316811
Eif2b3,0.146888757,18.54879918
Vwa9,0.146887127,9.248850281
Gm27241,0.146817187,31.63004599
Ankrd13d,0.146810345,18.8553909
Pycrl,0.146693254,7.102708227
Hist3h2ba,0.146620056,8.175779254
Lrrc40,0.146582833,12.0592744
Gpr162,0.146569535,23.04547777
Zbtb24,0.146532121,15.02299438
Ccdc91,0.146526095,13.28564129
Med6,0.14648069,21.05263158
Hprt,0.146456586,20.13285641
Elmod2,0.146447134,7.358201329
Top3b,0.146416303,17.93561574
Cenpu,0.146415116,1.941747573
Padi1,0.146371621,0.05109862
Hat1,0.146368638,10.93510475
Polr3gl,0.146346255,21.92130812
Trim26,0.146248867,19.72406745
Armc7,0.146165492,4.292284108
Cbll1,0.146107321,11.5482882
Klhl4,0.14610093,5.927439959
Cpt1c,0.146071457,29.99489014
Gm17276,0.146034509,38.9371487
Stra6l,0.14601142,0.715380685
Adam10,0.145902588,36.4333163
Pum1,0.145796127,56.56617271
Kdm3b,0.145781457,30.6591722
Pds5a,0.145770853,39.60143076
Uba2,0.145687395,22.43229433
Ehmt2,0.145648991,19.36637711
Fam229b,0.145623002,15.53398058
Rqcd1,0.145616348,12.72355646
Hcfc1,0.145536308,6.08073582
Atf6b,0.145513835,12.16147164
Mbip,0.145426697,11.90597854
Rnf183,0.145313427,0.153295861
Pdcd11,0.145278511,18.19110884
Rpf2,0.145247655,6.489524783
Fhdc1,0.145222942,2.503832397
Gga3,0.145179505,14.00102197
Fam57a,0.145154055,13.74552887
Bnip3l,0.144977536,14.86969852
4930444A19Rik,0.144954147,7.460398569
Rnf10,0.144918912,17.47572816
Ddx41,0.144872687,11.8037813
Vsig10,0.144781436,3.832396525
Hacd1,0.144708591,28.51303015
Gm26772,0.144679517,0.970873786
Dhx9,0.144652375,12.72355646
Pms2,0.144605792,10.57741441
Gm6277,0.144601474,7.256004088
Exog,0.144565145,6.693919264
Gm42556,0.144538982,9.657639244
Klhl7,0.144536757,44.45579969
Spopl,0.144520821,16.19826265
Fbp1,0.144437175,2.248339295
Tecr,0.144435156,80.58252427
Murc,0.144322347,3.423607563
Socs5,0.144197191,16.35155851
Arid2,0.14417346,27.43995912
Rabep1,0.144160708,59.07000511
Rps6kb1,0.144073564,38.6816556
Gm26804,0.144067181,45.52887072
Chek2,0.143886762,2.095043434
Cgn,0.143877691,11.44609096
Fars2,0.143828976,42.15636178
Ankrd34c,0.143765889,0.970873786
Dcun1d1,0.14376494,26.92897292
Serp2,0.143724376,16.60705161
Pik3r2,0.143640203,6.438426162
Tmem211,0.14348158,0.408788963
Fbxl12,0.14341954,19.77516607
Serinc5,0.143416205,10.06642821
St7l,0.143375663,24.3740419
Lrrc41,0.143363156,12.77465508
Capn15,0.143236654,38.52835973
Rnf185,0.143016779,17.93561574
Fam118a,0.143007059,10.73071027
Pkia,0.142756023,55.95298927
Zc3h14,0.142711764,23.65866122
Ptpn18,0.142570294,3.321410322
Tacc1,0.142565291,33.98058252
Cenpk,0.142505186,2.708226878
Cmc1,0.142451427,9.708737864
Zbtb44,0.142438397,20.49054676
Gm2464,0.142346547,1.175268268
Dusp12,0.14228049,16.91364333
Cfdp1,0.142243723,31.68114461
Fbxo22,0.142200182,8.380173735
Cdk11b,0.142166022,19.11088401
Ppm1g,0.142140939,25.70260603
Ptpn1,0.142125462,15.02299438
Snrk,0.142108924,22.89218191
Kcnc2,0.14210652,79.1517629
Crem,0.142091293,17.78231988
Bcs1l,0.142085267,15.074093
Nat9,0.142053515,5.007664793
Kdm4b,0.142017019,18.29330608
Elac2,0.141918001,5.109862034
Stxbp4,0.14186065,25.65150741
Ccdc141,0.141791658,5.058763413
Llgl1,0.141748139,7.818088912
Slc25a36,0.141697719,42.76954522
Lemd3,0.141682421,21.46142054
Cwc22,0.141623245,13.69443025
Glt1d1,0.141546642,25.19161983
Hemk1,0.14139798,7.818088912
Pdhb,0.141279118,24.47623914
Agrp,0.141205374,16.55595299
Pnma1,0.141088699,0.919775166
Trim37,0.141013227,40.72560041
Gtf2h5,0.141008173,14.25651507
A330074K22Rik,0.140964734,6.08073582
Rtel1,0.140922657,12.67245784
Cir1,0.140914471,12.41696474
Med10,0.140885329,5.825242718
Rnf216,0.140845341,37.96627491
Ccnt1,0.140836703,30.35258048
Gm26889,0.140678229,0.613183444
Ncbp1,0.140663133,9.810935105
Slc25a42,0.140656843,10.78180889
Cfap54,0.140638417,17.98671436
Zbtb43,0.140597039,6.387327542
Gbf1,0.140588891,59.58099131
Madd,0.140574671,31.47675013
Tifa,0.140519169,8.073582013
Ndor1,0.140457121,7.256004088
Snrpa1,0.140443274,9.299948901
Mrpl37,0.140366295,5.518650996
Vrk1,0.140330243,9.197751661
Ttc7b,0.140296992,36.4333163
Vps37d,0.140290767,8.788962698
Xrn2,0.140269378,26.92897292
Tmco1,0.140185477,20.43944813
Lamtor1,0.140174138,10.37301993
Nup214,0.140168573,21.25702606
Wnk2,0.140160406,47.52171691
Adgre1,0.140144532,1.839550332
Cfp,0.140092844,6.387327542
Cep152,0.140077105,5.416453756
Fbxl12os,0.140069018,14.8185999
Gm29650,0.140044819,2.861522739
Dusp26,0.140010305,16.24936127
Nrbf2,0.139995721,5.774144098
Gabarapl2,0.139883171,44.14920797
Lars2,0.139853301,17.11803781
Tnrc6a,0.139565033,61.3183444
Mmaa,0.139503592,13.54113439
Tmem131,0.139495416,26.46908533
Gm26694,0.139438869,58.96780787
Lace1,0.139345966,27.79764946
Psip1,0.139333832,41.08329075
Arnt,0.139323936,33.36739908
Tubgcp6,0.139240112,9.504343383
Zfp251,0.139223476,9.810935105
Hsf1,0.13919372,17.93561574
Zfp518a,0.139176804,9.402146142
Tspan31,0.139118534,8.737864078
Xbp1,0.139085533,12.41696474
Grik4,0.139042128,48.2370976
BC005624,0.138996158,15.8405723
Mllt4,0.138979177,40.52120593
Ep400,0.138963709,37.96627491
Rsbn1,0.138945356,22.68778743
Kcnab2,0.138908303,12.5702606
Yipf5,0.138890141,19.57077159
Otud7a,0.138857344,67.70567195
Tpk1,0.138838711,24.1185488
Gm17399,0.138785634,5.058763413
Mtg2,0.138720816,18.5998978
Vmn2r56,0.138677185,4.241185488
Fam160b2,0.138559395,7.766990291
Prps2,0.138489297,3.117015841
1700049G17Rik,0.138482061,8.124680634
Fam179b,0.138415801,21.71691364
Gsk3a,0.138343583,9.862033725
Spast,0.138343416,26.16249361
Il6st,0.138260584,10.83290751
Smyd2,0.138221019,9.555442003
Pask,0.1381658,6.08073582
Tnrc18,0.138160515,30.30148186
Sp3,0.138010516,16.14716403
Ccdc66,0.137914574,26.00919775
Cdk2ap1,0.137879135,11.19059785
Gm10101,0.137769641,0.510986203
Rnf168,0.137685259,11.34389371
Ptprq,0.137445617,12.41696474
Rexo1,0.137433659,11.44609096
Zfyve16,0.137236729,15.5850792
Trim24,0.137037198,23.55646398
Dcps,0.13703485,11.85487992
Htra2,0.136978923,15.99386817
Adam15,0.136838919,23.19877363
Alg1,0.136823978,7.61369443
Gm5595,0.136769496,16.70924885
Carm1,0.136681458,16.14716403
Fkbp4,0.136600081,18.44660194
Gm42469,0.136567607,5.467552376
Stag2,0.136538135,34.23607563
Clcn7,0.136530929,15.73837506
Rps4x,0.13652112,12.3147675
Fntb,0.136367093,20.08175779
Snrnp40,0.136327977,19.57077159
Mbtps1,0.136074479,14.92079714
Sh3bgrl2,0.136045069,5.109862034
Pde8b,0.135995909,49.51456311
Ddit4,0.135955232,3.372508942
St6galnac6,0.135945348,11.49718958
Gm43738,0.135882394,5.518650996
Fam175a,0.135874125,8.840061318
Cog6,0.135806327,10.93510475
Camkk1,0.135767751,9.555442003
Mrpl40,0.135689246,8.840061318
Mtpap,0.135677645,9.964230966
Ola1,0.135670199,27.28666326
Spink2,0.135616676,8.686765457
Cog7,0.135560931,13.64333163
Lca5l,0.135495283,11.39499234
Fubp3,0.135474521,20.38834951
Slc19a1,0.135463173,3.576903424
Dus4l,0.135316241,5.927439959
Sgce,0.135299183,38.57945835
Pcsk2os1,0.135284235,9.299948901
Zmynd11,0.13522698,46.34644865
2810004N23Rik,0.135217962,11.44609096
4931440J10Rik,0.135193054,12.26366888
Mcm10,0.135191951,1.328564129
Kdm4c,0.135166824,57.99693408
Arv1,0.135143775,9.964230966
Ccdc77,0.13508668,14.00102197
Zbtb17,0.134999179,6.438426162
Rictor,0.134789675,27.84874808
Hspa12a,0.134752797,9.504343383
Heca,0.134711696,7.56259581
Map3k13,0.134677891,12.87685232
Ogfrl1,0.13452817,12.26366888
Stau2,0.134503558,57.48594788
Ptchd4,0.134346279,51.55850792
Tubg2,0.134345533,9.14665304
Pdia6,0.134291052,25.75370465
Ubn2,0.134284691,79.10066428
Sec23ip,0.134260556,10.47521717
Smarca4,0.134168765,34.95145631
RP24-362L9.2,0.134153901,3.321410322
Zfp213,0.134113615,3.270311702
Mark1,0.13407335,21.66581502
Ehmt1,0.134059876,51.30301482
Tsga10,0.133945118,20.18395503
Pcsk2os2,0.133935475,2.095043434
Atp13a5,0.13393027,10.57741441
Jkamp,0.133927314,23.65866122
Ppard,0.133856092,11.49718958
Rnf34,0.133832355,19.26417987
Aatf,0.133811318,27.69545222
Coil,0.133698721,11.13949923
Uqcc1,0.133640735,28.05314257
Prune,0.133610055,9.09555442
Nr1h2,0.133477422,10.73071027
Mfsd8,0.133477148,7.307102708
Nkiras1,0.133343086,19.72406745
Nub1,0.133074668,23.76085846
Slc25a16,0.133036083,12.8257537
Gm10681,0.132997584,2.606029637
Slc25a32,0.132963332,8.124680634
Sod2,0.13293348,12.77465508
Nelfa,0.132862526,7.971384773
Wdtc1,0.132803816,12.8257537
Acox1,0.132786194,18.65099642
9330111N05Rik,0.132708847,7.460398569
Pogz,0.132621096,22.33009709
Ep300,0.132552857,38.9371487
Ncor2,0.132526411,19.62187021
Gm14051,0.132512099,4.956566173
Srrm1,0.132510598,50.02554931
Ccnk,0.132507603,8.022483393
Rnf166,0.132350334,11.49718958
Pms1,0.132143868,11.49718958
Cep19,0.13208722,11.95707716
Ncoa1,0.131891486,61.93152785
Batf3,0.131786389,0.306591722
Gm17178,0.131716829,12.5702606
Trim33,0.131657949,43.33163005
Gabpa,0.131625549,5.007664793
Sugct,0.131580325,13.94992335
Vps8,0.131542843,32.44762391
Cog8,0.131528882,4.241185488
Wdr37,0.131528004,29.12621359
Usp8,0.131443828,17.93561574
1300017J02Rik,0.131351014,3.985692386
St3gal2,0.131340951,11.85487992
Osbpl6,0.131306989,63.00459888
Rnf157,0.13124161,45.83546244
Rims1,0.131149988,87.83852836
Ylpm1,0.131117428,52.22278998
Farsb,0.131026863,26.6223812
Cbx7,0.130971913,16.24936127
Fam49a,0.130969485,14.8185999
Cep135,0.130966427,13.33673991
Lrp5,0.1309469,2.810424119
Zc3hc1,0.130890705,7.358201329
Sap30l,0.13086948,5.365355135
Nhsl1,0.130869126,8.942258559
BC034090,0.130860752,2.197240675
DHRSX,0.130829647,6.949412366
Pdk2,0.130822635,6.182933061
Vps9d1,0.130808795,16.40265713
Gm12930,0.130808613,2.554931017
Ndfip2,0.13078524,26.41798671
Lpcat1,0.130776241,16.35155851
4932443L11Rik,0.13076427,5.109862034
Pyroxd1,0.13075492,7.766990291
Tab2,0.130749989,21.3592233
Ube2v2,0.130605214,22.02350537
Gm13008,0.130602591,7.409299949
Sema4g,0.130556557,13.03014819
Slc36a3,0.130556119,1.635155851
Dennd1b,0.130526542,38.88605008
Rcan2,0.130521328,42.56515074
Fat3,0.130468184,36.1778232
Lyrm7,0.130448376,5.263157895
Gpr180,0.130446576,7.409299949
Supt16,0.130427709,23.30097087
Med13,0.130394804,34.90035769
Abhd17b,0.130388048,19.87736331
Gm37679,0.130353063,17.16913643
Malt1,0.130301897,11.70158406
Ncbp3,0.130252895,20.13285641
Ccdc173,0.13020433,11.59938682
Taf7l,0.130204142,6.847215125
Sfxn1,0.130193726,19.51967297
Smim8,0.130163051,7.102708227
Efr3a,0.130060646,29.33060807
Clip1,0.130050226,50.58763413
Ufl1,0.129992022,11.5482882
Mtdh,0.12992496,40.52120593
Gcnt7,0.129872876,11.34389371
Smim4,0.129808409,24.01635156
Zfp609,0.129750783,48.13490036
Nsrp1,0.129735654,12.72355646
Eftud2,0.129621821,21.3592233
Pphln1,0.129574511,12.77465508
1700022A22Rik,0.129561734,4.752171691
A530017D24Rik,0.129536197,4.54777721
Phka2,0.129515348,17.98671436
0610030E20Rik,0.129452034,9.657639244
Rnf20,0.129439808,12.72355646
Fam174a,0.129325966,14.5631068
Casp8ap2,0.129310495,9.299948901
Snx17,0.129262836,8.840061318
Brms1,0.129091893,7.102708227
Ankmy2,0.129089381,13.59223301
Srek1ip1,0.128952428,11.65048544
Esf1,0.128919347,25.14052121
Pde4d,0.128851206,96.26980072
Zscan18,0.128825898,5.723045478
Uggt1,0.128691478,15.27848748
Siglecf,0.128611139,0.05109862
2700029M09Rik,0.128588512,15.73837506
Cyth1,0.128495361,20.592744
Simc1,0.128480799,35.97342872
Smarcb1,0.128405164,16.40265713
Ndufa9,0.128203192,12.36586612
Gm28448,0.128157747,0.357690342
Gm20732,0.128132783,14.05212059
Ambra1,0.128104038,68.82984159
Daglb,0.128091599,11.8037813
Gm26749,0.128053738,8.942258559
Nipbl,0.12802373,51.71180378
Tnk2,0.128002499,31.37455289
Rgs17,0.12787239,50.02554931
Fbxo9,0.127824892,15.89167092
Svip,0.127782981,8.635666837
Mrps21,0.127751244,16.40265713
Mroh7,0.12770222,3.730199285
Ankrd37,0.127698177,3.423607563
Rexo4,0.127672378,12.3147675
Tchp,0.127545583,4.649974451
Puf60,0.127440111,18.70209504
Rassf9,0.127420897,0.715380685
Pdss1,0.127396148,24.8850281
Elmod3,0.127387676,5.314256515
Gm10563,0.127288683,15.68727644
Stt3a,0.127259639,17.62902402
Strn4,0.127257389,17.5779254
Phtf1,0.127249934,29.22841083
Dcaf5,0.127208843,33.98058252
Rnf44,0.127177081,6.387327542
Pdzd8,0.127150293,13.84772611
2310040G24Rik,0.127104684,1.941747573
Crh,0.127103334,0.919775166
Pkd1,0.127021359,41.84977006
Rcor1,0.127016493,18.44660194
Zfp958,0.126982845,4.956566173
Elp6,0.126915231,12.67245784
Prpsap1,0.126762548,18.70209504
Dap3,0.126719469,11.39499234
Atp6v1e1,0.126697356,21.46142054
Mllt3,0.126683436,57.33265202
Vps54,0.126654829,32.75421564
Fam185a,0.126627203,8.840061318
Peak1,0.126612296,32.44762391
Bre,0.126556726,36.84210526
Amz1,0.126438718,3.883495146
Mrpl42,0.126418953,19.62187021
Ica1,0.126349195,55.79969341
Myo1h,0.126327132,2.861522739
Slc12a8,0.126307525,2.401635156
Tsen54,0.126280099,4.803270312
Bcas3os2,0.126155182,0.919775166
Zkscan14,0.126099352,3.06591722
Copg1,0.12606763,21.1037302
Snx30,0.126053151,20.592744
Matk,0.125987069,43.74041901
Zufsp,0.125972483,10.83290751
Sptb,0.125966917,23.09657639
Kcnc4,0.125958629,9.862033725
Adpgk,0.125885071,7.409299949
A430073D23Rik,0.125821316,3.832396525
Fbxo41,0.125713961,20.03065917
Spats2,0.125657763,22.63668881
Nfkb1,0.125648776,28.56412877
Zfp131,0.125645346,13.64333163
Psmd9,0.125607497,21.8702095
Narf,0.12554041,17.01584057
Trp53,0.125438967,6.745017885
Gm26981,0.125410373,11.70158406
Syce3,0.125361626,2.299437915
Ehd3,0.125199232,5.978538579
Ncapd2,0.125090158,8.073582013
Dnm1,0.125067432,42.87174246
Rnf40,0.124986384,6.285130301
Gm26917,0.124976337,37.45528871
Glmn,0.124961578,19.26417987
Tha1,0.124952659,2.554931017
Zdhhc24,0.124931798,3.423607563
Irx4,0.124902771,0.05109862
B230217O12Rik,0.124800614,12.97904957
Cep290,0.12470836,25.14052121
4930516K23Rik,0.12468973,5.774144098
Fancg,0.124653401,5.160960654
Tbc1d22b,0.124564658,15.99386817
1700028J19Rik,0.12447094,0.817577925
Rrp15,0.124458089,5.671946857
Zdhhc17,0.124449567,31.27235565
Atp8b1,0.124393798,4.752171691
Snupn,0.124379864,15.63617782
Fam161b,0.124367715,5.774144098
Ppcs,0.124197043,6.0296372
Ptpdc1,0.12413617,7.971384773
Orc5,0.124085463,21.30812468
4933434E20Rik,0.124023872,24.32294328
2310061I04Rik,0.124006508,16.45375575
Gm4793,0.124000828,2.810424119
Frem2,0.123937162,1.788451712
Cidea,0.123897326,2.96371998
Gskip,0.123895538,11.29279509
Trub1,0.123876924,10.88400613
Mgll,0.123746812,14.05212059
Zfp280d,0.123731452,47.36842105
Cphx3,0.123628015,3.525804803
Sumo2,0.123583164,33.77618804
Cenpo,0.123509402,2.299437915
Osbpl2,0.123468687,23.19877363
Gm26582,0.123425694,16.96474195
Gm9268,0.123381361,1.021972407
Mtfr1,0.123355547,3.576903424
Fip1l1,0.123354216,25.70260603
Usp47,0.123329404,37.71078181
Ash1l,0.123328692,54.21563618
Btbd8,0.123292255,16.55595299
9430060I03Rik,0.123269313,7.766990291
Chst5,0.123074756,0.817577925
Tmod1,0.123042359,13.18344405
Mrpl21,0.12300468,15.5850792
D17Wsu92e,0.122919977,20.33725089
Slc25a28,0.122782654,9.351047522
Gm29642,0.122767272,5.109862034
Psg16,0.122622765,3.168114461
Gm13180,0.12261278,0.153295861
Adss,0.122605245,17.01584057
N4bp2l2,0.122585299,51.09862034
Prosc,0.122494639,15.63617782
Zdhhc6,0.122487624,15.074093
Actr10,0.122402832,20.33725089
Herc3,0.122325868,32.49872253
Scaf8,0.122310674,45.222279
U2surp,0.12219629,42.9739397
Ltn1,0.122115523,14.15431783
Ip6k1,0.122084328,23.35206949
2300009A05Rik,0.122039535,9.299948901
Adal,0.121939451,9.0444558
Mypop,0.121932797,8.533469596
Tubgcp4,0.121879295,14.15431783
Cdkl1,0.121871652,12.8257537
Ndufs7,0.121844051,18.65099642
Fyttd1,0.121777516,30.55697496
Phyh,0.121683983,13.84772611
Appl2,0.121683894,10.52631579
Chchd10,0.121649454,16.09606541
Mrpl1,0.121573827,14.25651507
March5,0.121522927,7.358201329
Mtrf1l,0.121467261,5.007664793
Rbm42,0.121453325,7.920286152
Heatr3,0.121445426,21.00153296
Dhx36,0.121303348,20.43944813
Bex1,0.121192104,12.67245784
Asphd1,0.1211734,9.402146142
Abcc10,0.120969458,11.24169647
Fuca1,0.120926028,12.87685232
P4htm,0.120901848,27.95094532
Ddx59,0.120887797,4.036791007
Fam3c,0.120853548,12.00817578
Zfp711,0.120744382,10.62851303
Tomm5,0.120709125,7.715891671
Samd11,0.120677196,2.197240675
Fam73b,0.120673621,22.38119571
Ucma,0.120587458,3.730199285
Dhx33,0.120490347,6.796116505
Hdhd2,0.120487743,10.78180889
Zcchc2,0.120458243,6.642820644
Nup153,0.120457174,17.42462954
Asb7,0.120422641,15.43178334
Xrcc3,0.120375238,2.299437915
Gm14320,0.12031823,4.394481349
Rspry1,0.120145782,34.08277976
Fam151b,0.120035512,2.452733776
Zscan20,0.119931473,3.730199285
Slc9a8,0.11988293,19.77516607
Ttc39b,0.119878973,17.88451712
Kif24,0.119878246,8.277976495
Megf8,0.11963726,20.23505365
Hectd1,0.119580976,29.79049566
Limk1,0.119568836,25.29381707
Kcnf1,0.119518181,0.715380685
N6amt1,0.119363973,6.182933061
Iqce,0.119317498,22.63668881
Rrp12,0.119314783,4.54777721
Gm9828,0.119311643,10.27082269
Tfrc,0.119259941,10.37301993
Stk10,0.119220825,10.37301993
Amelx,0.119204833,1.328564129
Arl6ip1,0.119197459,35.20694941
Dnaja2,0.1191907,12.51916198
Map3k1,0.11908243,8.329075115
B230307C23Rik,0.11907316,3.628002044
Foxk2,0.118975433,20.43944813
Zbtb49,0.118932345,5.569749617
Tmem216,0.118787218,15.48288196
Sepsecs,0.118777591,8.124680634
Dhx30,0.11872861,53.80684722
Lias,0.118664926,16.76034747
Cep104,0.118535705,11.24169647
Ganc,0.118531292,6.438426162
Lactb,0.118521667,7.204905468
Nhlh2,0.118509342,2.96371998
Nt5dc1,0.118432659,16.19826265
Gm26521,0.11837986,5.825242718
Casp2,0.11832348,4.752171691
Dag1,0.118249314,32.24322943
Mib2,0.118215046,22.22789985
Mamld1,0.118150573,21.51251916
Shmt2,0.118022419,4.803270312
Zfp280b,0.117917927,6.642820644
Spata24,0.11791253,4.49667859
Myl12b,0.117864345,15.78947368
Hsd17b12,0.117838543,27.6443536
Atp5s,0.117834938,14.15431783
9530052E02Rik,0.11782972,12.21257026
Sdf4,0.117804368,20.08175779
Fam19a2,0.117790632,58.45682167
Thoc5,0.117758685,10.52631579
Acad10,0.117742767,12.97904957
Zfp951,0.117647534,8.533469596
Orc3,0.117641339,21.56361778
Xrn1,0.117526431,46.24425141
Mrps9,0.117420753,13.49003577
Tcirg1,0.11729495,6.08073582
Wnk3,0.117281204,31.37455289
Tnfrsf1a,0.117264451,0.613183444
Adamts18,0.117242884,6.642820644
Gm28402,0.117218953,0.102197241
Pip5k1b,0.117162875,50.89422586
Klhdc1,0.11714847,16.45375575
Pex14,0.117009369,29.6371998
Ranbp17,0.116932759,42.05416454
Kank2,0.116898566,4.59887583
Pkdcc,0.116851447,3.168114461
Mfsd1,0.116770516,5.569749617
Gdpgp1,0.116666021,2.452733776
Zcchc9,0.116649848,12.72355646
Paip1,0.11644492,21.46142054
Fam178a,0.116386839,38.37506387
Sncb,0.116364621,26.36688809
Myo5c,0.116264065,0.919775166
Mkl2,0.11626005,38.06847215
Lmbrd1,0.116183696,25.29381707
Ttc39a,0.11617281,10.78180889
Crtc2,0.116153558,5.978538579
Kpna1,0.116143409,23.45426673
Timm17a,0.11606769,16.65815023
Cnot10,0.116053134,30.50587634
Tmx3,0.116033077,25.03832397
Smarcad1,0.115964289,32.49872253
Mrpl19,0.115950692,5.927439959
Efcab1,0.115935945,7.766990291
Etfa,0.11593057,32.75421564
Ago3,0.115910886,55.64639755
Bex2,0.115725815,34.23607563
Ndufaf6,0.11571726,12.87685232
Slc5a4b,0.115477156,3.219213081
Hmox2,0.115475193,16.91364333
Mest,0.115434721,10.16862545
Cenpv,0.115421426,26.77567706
Usp33,0.115385371,39.80582524
Apaf1,0.115294625,13.59223301
Slc25a4,0.115261818,41.64537557
6430550D23Rik,0.115192552,4.649974451
Sh3gl1,0.115175032,20.69494124
Psme1,0.115150108,5.365355135
Clptm1,0.115121169,22.02350537
Xpot,0.115117835,12.92795095
Akirin2,0.115061991,12.36586612
Ctage5,0.114964076,22.84108329
Cenpi,0.114799139,2.095043434
Manea,0.114796985,6.234031681
Grid2,0.114730117,97.34287174
Srsf4,0.114724785,14.66530404
Zfp553,0.114614712,7.51149719
2610044O15Rik8,0.114510313,6.949412366
Kmt2b,0.114406546,10.06642821
Spag9,0.114385441,62.03372509
Il11ra1,0.114380741,13.13234543
6330416G13Rik,0.114307263,1.992846193
Vps13a,0.114196783,63.71997956
Alkbh1,0.114057296,22.53449157
Inha,0.113913865,13.89882473
Phox2a,0.113863941,0.562084824
Prpf4b,0.113731238,25.29381707
C330018D20Rik,0.113710719,5.314256515
Cep89,0.113693106,14.40981094
Actr1b,0.113688705,27.95094532
Zhx3,0.113678547,32.44762391
Exph5,0.113669537,1.686254471
Arfgef3,0.113633049,39.49923352
Abce1,0.113533399,11.34389371
Pomt2,0.113513431,8.533469596
BC052040,0.113432969,32.95861012
Fcgr3,0.113405337,1.737353091
Ssu72,0.11318423,15.22738886
Cdr2l,0.113157248,5.007664793
Msh3,0.113149074,18.49770056
Gc,0.113139013,1.53295861
Ssx2ip,0.113021912,6.13183444
Hp1bp3,0.113017968,19.72406745
Adam2,0.112945475,3.321410322
Exoc2,0.112886414,21.76801226
Safb,0.112874545,29.17731221
Gle1,0.112864742,20.23505365
Mapkbp1,0.112850802,22.38119571
9130011E15Rik,0.112821589,43.58712315
Usp50,0.112820591,26.72457844
Ercc5,0.112766266,9.606540623
Rbsn,0.112737672,9.453244762
Slc7a6os,0.112593806,23.24987225
Gm42950,0.112550987,5.109862034
Tmem192,0.112485077,9.351047522
Spink11,0.112386112,0.613183444
Csnk1a1,0.112289969,49.0035769
Gpank1,0.112255408,3.117015841
Zfp738,0.112049134,8.022483393
Ctnnbl1,0.112014077,29.43280531
Pttg1ip,0.111998776,6.540623403
Psmb1,0.111801941,19.57077159
Eif4g3,0.111797916,59.07000511
Ccdc51,0.111776932,5.314256515
Mob3c,0.111583238,3.270311702
Abca9,0.111461481,1.737353091
Slc27a4,0.111384785,10.83290751
Ralgps1,0.111370242,51.2519162
Gm13830,0.111310333,17.8334185
Tbc1d13,0.111252689,10.47521717
Pigx,0.111250443,10.62851303
Cd200,0.111246045,25.90700051
Sptssa,0.11119217,7.460398569
Paxip1,0.111163666,7.61369443
Odf2,0.111040673,44.30250383
Pparg,0.111008011,8.686765457
mt-Atp6,0.110957052,34.79816045
Actr8,0.110876544,9.862033725
Zfp60,0.110849294,9.248850281
Rnf208,0.110714233,9.913132345
Ccl25,0.110462729,22.27899847
Ash2l,0.110433315,11.13949923
Brd7,0.110343037,18.03781298
Vprbp,0.110342597,29.48390393
Agbl3,0.110293391,7.766990291
Nr2f2,0.110289886,4.087889627
Ublcp1,0.110222085,9.862033725
Zfp433,0.110094039,9.504343383
Tmem150c,0.110036407,18.75319366
Map3k7,0.110011404,17.88451712
Ift74,0.109920762,20.08175779
Fam69a,0.109844066,30.4036791
Gm38293,0.109786312,1.890648952
Ankrd42,0.109746044,19.36637711
Megf9,0.10964084,27.33776188
Acp1,0.109593551,57.17935616
Eps15l1,0.109486721,45.06898314
Slc38a6,0.109390852,22.27899847
Rab30,0.109370354,31.47675013
Adsl,0.109344081,8.022483393
Zfp606,0.109297948,5.927439959
E430024P14Rik,0.109285544,11.13949923
Zfp799,0.109202823,19.62187021
Neu1,0.109192384,10.62851303
Tmem167,0.109189333,20.64384262
Zfp3,0.109174038,8.584568217
E130309D14Rik,0.109103268,9.453244762
Scarb2,0.108904998,19.87736331
Sh3bgrl,0.108826847,12.36586612
Strn3,0.108792163,63.10679612
Rnf170,0.108486674,16.76034747
Dgke,0.108306562,19.36637711
Ssb,0.108137057,23.50536536
Lrch1,0.108046252,50.12774655
Gtpbp8,0.107978605,8.686765457
Egln1,0.107974118,13.38783853
Irf2,0.10788555,27.8998467
RP23-205F19.4,0.107817462,3.679100664
Gdpd3,0.107816026,8.533469596
Hadhb,0.107760998,17.88451712
Gzf1,0.107663065,6.336228922
Agpat3,0.10760049,17.32243229
Tmem106c,0.107586816,10.01532959
Zc3h12c,0.1075656,20.08175779
Aamp,0.107522075,13.08124681
Apitd1,0.107388441,2.912621359
Ppp6r3,0.107366522,38.6816556
Mrpl48,0.107361477,22.58559019
Slain2,0.107294301,17.01584057
Tmem147,0.107285311,17.42462954
Klhl8,0.107259583,7.971384773
Kif1bp,0.107254199,21.00153296
Slc23a2,0.107184425,30.19928462
Rars2,0.107128406,38.42616249
Fam124a,0.106867613,9.351047522
Ccdc155,0.106792609,0.868676546
Med27,0.106725815,18.75319366
Hoxb4,0.106640018,12.16147164
Ypel1,0.106620232,6.182933061
Smndc1,0.10642807,6.13183444
Med23,0.106423484,9.453244762
Crebbp,0.106266773,49.36126725
1700108J01Rik,0.106139506,4.803270312
Brd8,0.106130889,29.79049566
Hspb11,0.106121523,11.49718958
2010315B03Rik,0.105970005,9.09555442
4930451G09Rik,0.105921354,4.854368932
Ska2,0.105889161,5.058763413
Abca2,0.105835764,24.01635156
Rnf180,0.105764091,21.00153296
Rnf11,0.105726054,21.8702095
Gm13307,0.105713734,1.992846193
Nlgn2,0.105605824,16.50485437
Tmem74,0.105373181,0.562084824
Wdr43,0.105367439,17.62902402
Sass6,0.105299539,5.109862034
Cuedc2,0.105291362,13.38783853
Tctex1d2,0.105178235,6.438426162
Preb,0.105143447,20.95043434
Ptpre,0.105129594,16.86254471
Msantd2,0.105023765,26.77567706
Aldh16a1,0.104984446,2.606029637
Sdha,0.104948234,41.33878385
Tmx4,0.104758679,45.42667348
Deaf1,0.104652196,16.81144609
Clpb,0.104640414,15.94276955
Sec11c,0.104502743,16.91364333
Atg9a,0.104266334,15.27848748
Nckipsd,0.104106177,7.256004088
Cep68,0.104077679,16.45375575
Mfsd7b,0.103992165,19.51967297
Pcdh18,0.103953752,1.328564129
Rap2c,0.103940895,4.087889627
Tsen15,0.103898186,7.460398569
Tbcel,0.10386582,14.97189576
Atp6v1d,0.103766641,22.48339295
Qtrtd1,0.103766358,5.723045478
Mtg1,0.103649548,5.825242718
Wdr20,0.103642278,20.64384262
Trim41,0.103627432,11.65048544
Uros,0.103526987,9.402146142
Tmem143,0.103510709,5.416453756
Tsnax,0.1034957,14.20541645
Trim7,0.10347564,4.54777721
Ino80dos,0.103378088,27.3888605
Map3k10,0.10316991,12.77465508
Fam171a2,0.102974145,10.98620337
Fam171b,0.102946102,32.08993357
Ppfia1,0.102878837,23.04547777
Rbak,0.102875222,3.270311702
Ubr2,0.102825061,23.91415432
Plekha8,0.102824149,6.591722024
Hmgxb4,0.102807969,13.28564129
Fam92a,0.102777128,17.62902402
2010300F17Rik,0.102760122,8.584568217
Rnpc3,0.10274692,24.32294328
Uchl3,0.102641621,24.06745018
Zfp418,0.102611748,1.890648952
Cobll1,0.102367076,4.701073071
Rell2,0.102354585,18.03781298
Rcl1,0.10231645,10.62851303
Smchd1,0.102234188,38.6816556
Ccny,0.102193005,38.88605008
Inpp5b,0.102187781,23.40316811
Tubgcp5,0.102184092,21.3592233
Zfp445,0.102125178,3.883495146
Apoo-ps,0.102043976,2.861522739
Slc30a10,0.102025633,3.423607563
Pola1,0.102015666,19.16198263
Gnb3,0.101992453,2.606029637
Sugp1,0.101930778,18.75319366
Stk36,0.10192798,5.825242718
Scai,0.101902647,48.85028104
Ext2,0.101778813,21.6147164
Plekha3,0.101735097,8.993357179
Utp15,0.101610012,3.423607563
Zfp668,0.101593471,8.277976495
Tbl1x,0.101529916,42.05416454
Wdr48,0.10151488,11.65048544
Bex4,0.101411282,4.241185488
Magi2,0.101355386,98.41594277
mt-Co3,0.101265823,44.7112928
Fzd3,0.101145392,17.11803781
Ears2,0.101081988,6.234031681
Pfas,0.101079026,12.0592744
Hist1h1c,0.100970753,5.007664793
Mon1a,0.100907546,12.97904957
Brpf3,0.100771129,7.409299949
Pramel7,0.100707639,3.985692386
Cep83os,0.100630133,10.16862545
Sp100,0.100598741,1.53295861
1700007F19Rik,0.100406341,0.306591722
Rnf169,0.100370446,26.52018396
Trib2,0.100285182,4.087889627
Plxdc1,0.100176838,9.197751661
Ikzf4,0.100124856,12.11037302
Sarnp,0.100085127,38.98824732
Atg3,0.100036828,18.80429228
3110052M02Rik,0.100030969,1.992846193
Sec22a,0.100022892,19.82626469
Tmem138,0.099984131,11.39499234
R3hcc1,0.099887544,2.96371998
Ccnh,0.09988657,21.30812468
Tdp1,0.09977209,11.5482882
Kcnma1,0.099504418,83.23965253
Gm26641,0.099411583,1.53295861
Slc35e4,0.099359967,3.883495146
Trmt11,0.099357825,18.80429228
Ddx18,0.099168264,16.14716403
Insr,0.099049848,36.84210526
Zfp61,0.098948035,5.723045478
Gm13842,0.098947042,0.613183444
Macf1,0.098877478,87.27644354
Pgm1,0.098662263,4.394481349
Accs,0.098628541,4.59887583
Dhx40,0.098619104,12.11037302
Emsy,0.098595466,30.09708738
Spen,0.098559935,12.5702606
Btrc,0.098309969,45.9887583
Galnt14,0.098288919,25.19161983
Fam63a,0.098155815,4.59887583
Sms,0.098071754,23.45426673
Gm14525,0.097863116,0.766479305
Aqr,0.097815019,17.73122126
Hoxaas3,0.097770677,6.182933061
Nap1l4,0.097759542,22.99437915
Ostm1,0.097656838,8.737864078
Eif2b5,0.097631209,7.153806847
Gm20468,0.097630845,1.890648952
Snrpg,0.097616191,6.796116505
Nin,0.097536983,24.01635156
Wdhd1,0.097525013,7.818088912
Erich3,0.097493365,13.18344405
Plbd2,0.09747574,10.32192131
Rhbdf2,0.09734696,1.124169647
Gm4349,0.097340577,2.043944813
Zswim5,0.097312178,23.6075626
Maml1,0.097160918,9.657639244
Atp5a1,0.097128195,24.93612672
Cd320,0.097088078,7.460398569
Hsp90b1,0.09701058,30.55697496
Slc25a38,0.096811478,9.351047522
Man1a2,0.096750345,33.4184977
Wwc2,0.096706992,13.49003577
Agap3,0.096665454,22.89218191
Rgl2,0.096631464,21.25702606
Mtfr2,0.096546919,1.992846193
Scp2,0.096494588,4.752171691
Gcn1l1,0.096393077,21.6147164
Dopey1,0.096110458,35.82013286
Hs3st4,0.096100478,41.9519673
Map3k5,0.096095344,22.22789985
Frrs1,0.096079142,1.686254471
Alg6,0.096027626,13.13234543
Stradb,0.096023126,9.810935105
Coa7,0.095984097,3.679100664
Tspan12,0.095945527,9.657639244
Ndufs1,0.095922696,29.17731221
Gm38304,0.09588106,20.8482371
Nif3l1,0.095593568,12.00817578
Bag2,0.095565776,4.905467552
Kank1,0.095541321,6.591722024
Csnk1g1,0.09547543,51.71180378
Mtf2,0.095447638,35.87123148
Ighmbp2,0.095424329,5.467552376
Plekhg5,0.095355005,9.504343383
Ankrd52,0.095329465,14.15431783
Pitrm1,0.095322898,8.584568217
Fbxo10,0.095242427,24.629535
Osbpl9,0.095205398,72.66223812
Eif1,0.095171035,33.21410322
Rpgrip1,0.0951534,14.30761369
Secisbp2l,0.095003047,11.65048544
Athl1,0.094971222,0.715380685
Dact3,0.094916892,5.314256515
Xpc,0.094851618,10.27082269
Rundc1,0.094841001,8.482370976
Gm11713,0.094815285,5.467552376
A430033K04Rik,0.094736333,9.913132345
Phactr4,0.094699107,9.14665304
Sirt5,0.094649023,14.76750128
Pank4,0.094615572,12.97904957
Mocs1,0.094592726,7.358201329
Arhgap32,0.094574133,43.22943281
RP23-32A8.5,0.094550286,10.88400613
Mdc1,0.094373582,3.832396525
Alox8,0.094262295,0.408788963
Secisbp2,0.094203998,13.79662749
Rchy1,0.094185571,31.01686254
Stxbp2,0.093935121,4.752171691
Emc3,0.093893765,16.96474195
Anxa9,0.093630639,1.328564129
Pdxdc1,0.093582099,28.25753705
Usp54,0.093567885,14.5631068
Dhtkd1,0.093463036,14.51200818
Ggnbp1,0.093445414,15.94276955
Zfp638,0.093358381,51.91619826
Nek9,0.093334272,25.90700051
Lonrf2,0.093273478,19.36637711
Gabrb3,0.093235013,81.85998978
Mvb12b,0.093224569,29.53500255
Snx31,0.093166099,0.868676546
Polr3e,0.093127082,14.15431783
Tex261,0.09312564,9.14665304
Rars,0.093121504,6.949412366
1110008P14Rik,0.093015397,10.47521717
Fbxo3,0.09297197,22.02350537
Utp20,0.092964321,11.5482882
Zfp92,0.092908021,2.248339295
Coq5,0.092845184,28.05314257
Slc30a5,0.092819278,14.92079714
Pnpt1,0.092600861,23.8630557
Zfp647,0.092598328,2.401635156
Wars2,0.092328388,11.65048544
Imp4,0.092253029,5.876341339
Aaed1,0.092189003,4.190086868
Ncapd3,0.092171029,18.44660194
Gm26632,0.092159595,0.153295861
Gabbr1,0.092035885,42.15636178
Zmat1,0.091943709,27.8998467
Otud5,0.091921041,14.86969852
Lgmn,0.091867364,25.39601431
Prcc,0.091766463,11.65048544
Ilf2,0.091746057,24.22074604
Ranbp3,0.091450926,14.15431783
Gm28062,0.091436977,1.328564129
Foxo3,0.09137791,16.14716403
Bbs12,0.091324488,6.847215125
Jade1,0.091315766,7.920286152
Psmf1,0.091289059,8.226877874
Casp7,0.091255605,4.087889627
Tada2a,0.091186829,22.53449157
Zfp423,0.091147628,30.4036791
Gfm1,0.091131784,6.745017885
Anapc1,0.091091781,26.92897292
Naa25,0.091079995,15.074093
Ptk7,0.091065695,12.92795095
Fan1,0.09094196,7.051609607
Pacsin1,0.090924538,59.58099131
Rfc3,0.090921543,4.59887583
Axin1,0.090758708,23.24987225
Apoo,0.090745305,18.3444047
Ubap1l,0.090659073,17.78231988
Fam162a,0.09061626,12.16147164
Atp6ap1,0.09061609,27.6443536
Rad51d,0.090600702,8.482370976
Srpk2,0.09047178,70.26060296
Foxp4,0.090444327,5.978538579
4930556N13Rik,0.090429219,9.555442003
Nsg2,0.090358015,35.71793562
Metap1d,0.090305768,24.629535
Rita1,0.090233547,6.234031681
Cnot6l,0.090226813,25.49821155
Evpl,0.090198204,2.554931017
Ube2j2,0.090165215,19.57077159
RP23-51L15.5,0.090136886,8.022483393
Thsd4,0.090136809,33.62289218
A230050P20Rik,0.090046343,29.53500255
Pithd1,0.089893371,8.124680634
Cul5,0.089839342,30.25038324
Fgfr1op,0.089788432,9.197751661
Krba1,0.089558954,12.26366888
4930444P10Rik,0.089482421,5.007664793
Prdm2,0.089418768,21.76801226
Asrgl1,0.089378925,8.788962698
H2afy,0.089287122,18.54879918
Cand1,0.089254297,12.87685232
Nme8,0.089251617,0.664282064
Klhl13,0.089232985,15.99386817
Gm15563,0.089203754,3.883495146
Samd15,0.089201682,3.832396525
Elfn1,0.089085597,6.796116505
Sec62,0.089081929,49.97445069
Tet1,0.088981746,22.68778743
Wdr60,0.08897815,21.8702095
Twistnb,0.088846759,5.620848237
Tmbim6,0.088729601,22.99437915
Rpl13-ps3,0.088702169,14.66530404
Ythdc2,0.088692017,25.44711293
Eif4e,0.088691117,27.23556464
D430042O09Rik,0.08868671,22.17680123
Cd300lf,0.088675545,1.48185999
Ndufs2,0.088621149,13.59223301
Arhgef7,0.088591936,31.83444047
Fam20b,0.088516577,22.07460399
Ulk1,0.088426916,8.482370976
Rfx1,0.08840848,8.891159939
Gm20498,0.088406683,10.37301993
Camk2b,0.088307156,39.85692386
Krr1,0.088200125,4.701073071
Gm26843,0.088194375,8.482370976
Zfp868,0.0881861,9.453244762
Tmem104,0.088172971,5.263157895
Fut9,0.088123713,40.67450179
Lcmt2,0.088107773,4.905467552
Nprl2,0.0880826,10.16862545
Nabp2,0.088053467,13.64333163
Zdhhc21,0.088032976,27.18446602
Fam118b,0.087810586,12.00817578
Orai2,0.087678579,11.08840061
Lrrtm2,0.087669041,4.905467552
Foxp1,0.087626079,38.06847215
Prkaca,0.087550175,20.95043434
Gm26693,0.087430308,13.49003577
Ly75,0.087307732,3.270311702
Mgrn1,0.0872868,27.74655084
Rfx7,0.087256415,62.69800715
Cand2,0.087230309,4.49667859
Arsk,0.087191464,6.234031681
1700109G14Rik,0.08706211,0.408788963
Ddx3y,0.086991579,26.16249361
Cpsf1,0.086930869,5.569749617
Tctex1d1,0.086894807,1.53295861
Gm14412,0.086869,0.919775166
Sesn3,0.086868929,31.27235565
Lrrc19,0.086840144,14.30761369
Hif1an,0.086809384,7.051609607
Cpsf2,0.086765143,5.058763413
Ncbp2,0.086741761,6.591722024
Hs6st1,0.086644286,6.387327542
Sgsm1,0.086635223,35.61573838
B930041F14Rik,0.086635025,6.0296372
Rpgrip1l,0.086602209,14.00102197
Aldoa,0.086576235,43.84261625
Cdk5rap3,0.086455092,9.299948901
Xpo5,0.086433506,5.058763413
Polg,0.086427937,10.78180889
Gfod1,0.086427312,17.27133367
Ubp1,0.086370121,19.67296883
1810044D09Rik,0.086301228,0.919775166
Dgkq,0.086259423,13.38783853
Cnot6,0.086221842,24.27184466
Rilpl1,0.086138927,10.67961165
Cdk18,0.086090002,5.569749617
Sft2d2,0.086068958,2.299437915
Pycard,0.086011056,11.70158406
Nars2,0.085962593,20.03065917
Gm20499,0.085836688,5.160960654
Gm43989,0.0857831,7.307102708
Gm5627,0.085740692,0.868676546
Poc5,0.08567222,3.117015841
Gm20757,0.085630226,1.992846193
Smad5,0.08558095,6.13183444
Heatr1,0.085518184,7.818088912
Armc1,0.08549184,9.913132345
Gm19710,0.085489155,33.31630046
Slf1,0.085367941,37.19979561
Xrcc6,0.085350307,16.81144609
Tmed9,0.085342041,30.04598876
Shroom3,0.08528232,6.0296372
Sf3a3,0.085269284,9.913132345
E2f7,0.085132246,0.408788963
Sik2,0.084974263,44.40470107
Sumo1,0.084786231,32.39652529
Noc3l,0.084719942,5.825242718
Grk6,0.084422842,10.06642821
Hmgcl,0.084371411,17.52682678
Taf4a,0.084325543,7.920286152
Ica1l,0.084260265,17.11803781
Tmprss9,0.084218712,2.606029637
Xpo4,0.084207124,21.20592744
Rpe,0.08418499,6.0296372
Itgb1bp1,0.084159182,3.525804803
Gpr1,0.084055415,5.058763413
Zfp651,0.084054065,7.204905468
Idh3g,0.083998684,21.41032192
Itgb3bp,0.083984568,27.54215636
Dctd,0.08398385,1.53295861
Pkd1l3,0.08395272,2.861522739
Tipin,0.083939958,12.26366888
Ccp110,0.08393483,7.61369443
Sntb1,0.083834751,18.39550332
Cdc23,0.083754539,15.38068472
Ergic2,0.083631442,29.02401635
Podxl,0.083617219,1.175268268
Gpatch2l,0.083446109,15.68727644
Fam69b,0.083408877,14.20541645
Gnl3,0.083391791,15.38068472
Abhd18,0.083373641,44.04701073
Psen1,0.08331356,17.73122126
Ythdc1,0.08328901,14.10321921
Scrib,0.083250162,10.98620337
Btf3l4,0.083180379,9.708737864
Mapk10,0.083144256,72.56004088
Lsm12,0.083137935,9.555442003
Lrp3,0.083090187,8.686765457
Mboat7,0.083083,20.28615227
4933405D12Rik,0.083075255,1.788451712
Zfp740,0.083017359,20.13285641
Stx18,0.082943982,22.27899847
Mrrf,0.082908001,7.920286152
Zfp273,0.082859625,5.774144098
Gm28960,0.082711077,15.17629024
Dffb,0.082707838,10.88400613
Ddost,0.082672677,10.98620337
Nom1,0.082608654,11.49718958
Vars2,0.082580775,5.109862034
Man2b1,0.08256702,11.70158406
Klhl2,0.082514875,26.36688809
Abhd17a,0.082203819,6.745017885
Adcy3,0.082194475,18.3444047
Tmem194,0.082155892,7.460398569
Hagh,0.082149066,20.38834951
Wdr19,0.082074694,10.88400613
Dip2b,0.081984428,49.87225345
Slc25a17,0.081906715,8.175779254
Gm13889,0.081889087,1.737353091
Arl5b,0.081747911,7.102708227
Sarm1,0.08159909,8.993357179
1110051M20Rik,0.081564314,61.77823199
Uimc1,0.081511065,22.53449157
Rpia,0.081385702,7.766990291
Mospd1,0.081324555,6.08073582
Zswim7,0.081300907,6.285130301
9330198N18Rik,0.081184994,7.56259581
Pym1,0.08116764,6.745017885
Arfip2,0.08103114,10.98620337
Haus1,0.080984825,4.036791007
Ly6e,0.080756158,11.34389371
Slc12a9,0.080740961,10.16862545
St6galnac4,0.080731065,3.730199285
Acbd6,0.080699161,37.14869699
Phldb1,0.080680442,8.635666837
Sec63,0.080630096,26.57128258
Hmgb1,0.080540712,25.19161983
Fcho1,0.080346297,17.11803781
Hspa8,0.080296043,55.69749617
Zfp707,0.080247281,4.343382729
Topbp1,0.080142793,5.212059274
Ergic3,0.080140284,22.12570261
Apba2,0.080126893,38.06847215
Brdt,0.080098737,16.96474195
Ptpru,0.080066812,11.03730199
Mapk8ip1,0.079953965,21.76801226
Vps39,0.079929412,13.69443025
Lrrc17,0.079720244,2.96371998
Gm28043,0.079499216,6.438426162
Ogfod1,0.079457235,29.68829842
Tgfb3,0.079384742,2.810424119
Mettl16,0.079351843,22.48339295
Anks1,0.07931291,23.04547777
Magi3,0.079305005,50.38323965
Abhd15,0.079267304,4.54777721
Gpr150,0.079255704,1.175268268
Srgap3,0.079250785,59.27439959
Dnah7b,0.079232244,16.96474195
Gm11973,0.079229896,1.890648952
Atp6v1c1,0.079206704,19.00868677
Dzip1,0.079060049,30.76136944
Scamp2,0.079023529,10.47521717
Pus1,0.078963907,4.649974451
Gpr137,0.078847725,8.226877874
Plekho1,0.078812392,7.56259581
Sbk1,0.078783881,7.358201329
Harbi1,0.078739548,4.190086868
Ncapg2,0.078732805,5.058763413
Ipo4,0.078724989,16.60705161
Ccdc93,0.078717525,13.28564129
Iscu,0.07866708,19.00868677
Styk1,0.078533086,1.890648952
Gpr153,0.078481291,6.13183444
Cd63,0.078452966,9.248850281
Aldh1l2,0.078432104,4.803270312
Atp13a1,0.078414214,12.8257537
Tmprss15,0.078378239,2.861522739
Rsph3b,0.078352431,5.416453756
Fam189a2,0.078275008,5.620848237
1810030O07Rik,0.078265657,6.387327542
Fbxo32,0.078197584,2.452733776
Ints10,0.078195886,19.36637711
Rere,0.078158586,79.45835462
Zfp664,0.078140403,15.73837506
Casc1,0.078094353,1.635155851
Gpr35,0.078042738,1.737353091
Phf3,0.078021981,30.71027082
Ppil4,0.078004356,23.50536536
Rtn1,0.07797946,80.27593255
Atp2b1,0.077975679,51.30301482
Brcc3,0.077960824,10.62851303
Rab23,0.077877194,8.124680634
Farp2,0.077848871,11.59938682
Coq3,0.077848699,22.58559019
Camta1,0.077830189,75.83035258
Usp28,0.077790873,12.77465508
Tpgs2,0.07767145,7.869187532
Nbeal2,0.077474966,4.54777721
Clpp,0.077466442,35.82013286
Echdc1,0.077306014,25.60040879
Narfl,0.077283254,5.927439959
Nup50,0.077173909,5.825242718
Iqcb1,0.077102704,35.25804803
Gm26692,0.077036234,1.021972407
Zmym6,0.077018353,25.08942259
Anapc16,0.0768653,16.09606541
Dusp27,0.076800698,0.868676546
Pfkfb2,0.076780856,4.854368932
Ap4m1,0.076760895,7.51149719
Cd2ap,0.076751193,24.8850281
Minos1,0.076659198,19.92846193
Cdc42bpg,0.076649117,0.766479305
Mtif3,0.076495981,5.518650996
Homer1,0.076494819,18.80429228
Boc,0.076468463,1.890648952
Gm17058,0.076466395,4.138988247
Xrcc1,0.076399404,7.664793051
Taf1b,0.076355804,24.16964742
Nhlrc2,0.076247621,17.47572816
Bloc1s5,0.076236193,3.832396525
Crlf3,0.076194476,12.36586612
Eef1a2,0.076075953,8.840061318
Bach2os,0.076029731,2.96371998
Capn7,0.075913112,20.13285641
Cherp,0.07589675,24.22074604
Nfe2l3,0.075849076,5.467552376
Nav3,0.07582995,92.74399591
Strbp,0.075800096,86.35666837
Cdc26,0.075767705,16.91364333
Chrna1os,0.075693197,0.919775166
Lgals4,0.07556519,1.226366888
Arhgap6,0.075458914,24.52733776
Zdhhc1,0.075430139,22.43229433
Setbp1,0.075425836,60.60296372
Zfp943,0.075402621,19.57077159
Tbc1d7,0.075325549,5.774144098
Nampt,0.075303069,8.584568217
Elavl1,0.07525758,28.97291773
Csrp2bp,0.075159015,10.11752683
Pla2g3,0.075077912,21.20592744
Eif2ak1,0.074875851,12.3147675
Rab42,0.074816765,3.117015841
Ube2q2,0.074766776,21.92130812
Uqcrc2,0.074703921,17.78231988
Zfp110,0.074660303,10.06642821
Nemf,0.074649258,35.46244251
Bcr,0.074455379,24.32294328
Asb13,0.074429115,9.657639244
Cxxc1,0.074333524,7.818088912
Nptxr,0.074311041,8.737864078
Zfp280c,0.074130217,22.94328053
Ifitm7,0.074094147,6.182933061
Klhl5,0.073969518,9.0444558
Frmpd3,0.073781322,31.98773633
Samsn1,0.073758646,3.270311702
Focad,0.073739513,48.64588656
Peli1,0.073588522,19.16198263
F8,0.073567118,15.12519162
Mad2l2,0.0735012,8.380173735
Mbd1,0.073367128,10.88400613
Cdk9,0.073363081,10.78180889
Cd109,0.073165067,2.299437915
Ncstn,0.073154551,13.28564129
D930020B18Rik,0.073061835,2.810424119
Ddx43,0.073002723,1.021972407
Shroom1,0.072984412,2.095043434
Bmp2k,0.072982887,6.642820644
Cacfd1,0.072871112,8.788962698
Adcy9,0.072795501,35.20694941
Nxf1,0.072733272,27.43995912
Frmd3,0.072645243,42.87174246
Slc6a11,0.072590558,13.33673991
Amacr,0.072442449,1.941747573
Slc25a10,0.072416641,3.576903424
Cep70,0.072384278,17.52682678
Pdss2,0.072241041,39.90802248
Isoc2a,0.072184371,4.394481349
Eml4,0.072173147,33.6739908
B3gnt5,0.072106947,0.204394481
2410089E03Rik,0.072041688,62.28921819
Aasdh,0.072036538,7.102708227
Gm33533,0.071977909,2.861522739
Zscan29,0.071952101,2.299437915
Dclre1a,0.071874677,2.299437915
Pdzd7,0.071859931,4.445579969
Pip5kl1,0.071842043,7.409299949
Zzz3,0.071806253,16.81144609
Kdm4d,0.071800314,7.409299949
B4galt7,0.071796175,7.102708227
Polr3a,0.071738452,10.42411855
Polb,0.071571206,40.87889627
Gm16833,0.071306906,4.036791007
Tdp2,0.071264194,6.336228922
Mipol1,0.071257371,23.24987225
Zfp106,0.07118453,20.18395503
Lrfn5,0.071172677,91.26213592
Pex3,0.071114836,15.17629024
Uck2,0.071077971,11.85487992
Gm11454,0.071023021,1.58405723
Nfya,0.070893982,1.941747573
Katnal2,0.070807393,18.90648952
Atp6ap2,0.070792473,34.38937149
Hoxd3,0.07079075,3.06591722
Chchd4,0.070775199,10.06642821
Sos2,0.070720536,33.1630046
C87436,0.070714766,6.387327542
Atraid,0.070705425,25.44711293
Spag6l,0.070518921,18.19110884
Atrx,0.070518576,52.47828309
Ccdc171,0.070363988,14.61420542
Kdelc1,0.070290513,5.825242718
Zcchc8,0.070231707,14.05212059
Dennd6b,0.070185676,29.12621359
Car11,0.07014449,26.06029637
Cbfa2t2,0.070119317,40.82779765
Polr2b,0.070100687,9.555442003
H3f3b,0.07009782,30.60807358
9430065F17Rik,0.07009394,3.628002044
Nupl2,0.070085672,10.78180889
Eif2b4,0.070079378,14.20541645
Nfxl1,0.070042867,9.0444558
Nuggc,0.070013352,0.408788963
Gm20388,0.069829233,88.09402146
Mcts1,0.06977877,17.5779254
Pdk3,0.069656564,16.50485437
Pard6g,0.069624096,7.307102708
Hhat,0.069594063,7.51149719
Angptl2,0.069483907,5.518650996
Ndufab1,0.069480311,9.402146142
Mylk4,0.06939713,1.635155851
Pwwp2a,0.069226735,19.26417987
Ldah,0.068984665,18.24220746
Mccc1,0.068959221,26.41798671
Inpp5e,0.068847345,8.993357179
Rbm7,0.068697537,10.32192131
Lhfpl2,0.068577958,4.803270312
Dner,0.068534523,51.91619826
Tspear,0.068390627,3.117015841
Tmem266,0.068388651,8.073582013
Zfp652,0.068324998,32.14103219
Aph1c,0.06830556,5.927439959
Spr,0.068261588,5.109862034
Tspan13,0.068219156,28.10424119
Gm3448,0.06820935,19.36637711
Cpsf3l,0.068207907,10.67961165
Gm16897,0.068184164,1.941747573
Dap,0.067977702,3.270311702
Gtsf1,0.067949737,4.445579969
Smg6,0.067822159,59.73428717
Cadm1,0.067769286,84.46601942
Dus3l,0.067670807,18.65099642
Ippk,0.067534566,8.380173735
Tmem30a,0.067472256,21.00153296
Negr1,0.067411034,96.37199796
Gm28050,0.067398787,9.964230966
Socs7,0.067396272,21.8702095
Alms1,0.067230096,23.81195708
N4bp1,0.067192235,16.65815023
Ube2e2,0.0671722,77.97649463
Atpaf1,0.067146198,21.05263158
Taf3,0.06708856,27.69545222
Zfp446,0.06707443,4.445579969
Amot,0.067048622,3.219213081
Nfx1,0.066958532,29.38170669
Gm26551,0.066943332,20.13285641
Sag,0.066790544,3.168114461
2310040G07Rik,0.066786229,8.584568217
Zfp952,0.066612768,5.518650996
Gm29415,0.06660989,1.58405723
Astn2,0.066545259,86.61216147
Platr15,0.066532466,1.124169647
Lage3,0.066396333,23.76085846
Grin2d,0.066346421,11.19059785
Chd1l,0.066326004,4.190086868
Bnip1,0.066305774,8.533469596
Pik3c2g,0.066274388,0.919775166
Ppih,0.066158031,5.620848237
Haus4,0.066145349,4.854368932
Smg9,0.066115323,13.18344405
Hiatl1,0.06604671,14.76750128
Pik3r4,0.066042118,7.51149719
Arl5a,0.065990503,7.715891671
Gm29088,0.06578404,2.96371998
Tmem189,0.065737199,17.01584057
Acyp1,0.065732425,5.263157895
Alkbh3,0.065669659,6.693919264
1110032A03Rik,0.065625603,16.50485437
Col24a1,0.065615774,3.525804803
Cox5a,0.065466713,22.38119571
Gm11728,0.065396924,3.219213081
Rbm19,0.065345308,3.168114461
Traf3ip1,0.065307993,8.022483393
Exoc7,0.065307006,12.62135922
Fam131b,0.065216269,2.657128258
Lpar3,0.065190461,1.379662749
Calu,0.065010081,12.77465508
Rpl37a,0.06497717,17.32243229
Tti1,0.064928698,7.051609607
Trim23,0.064883292,15.3295861
Ppfibp2,0.064838145,4.49667859
F2r,0.064777537,2.810424119
B230334C09Rik,0.064759471,16.81144609
Ccl7,0.064751729,0.05109862
Dab1,0.064724146,79.25396014
Dpy19l3,0.064700114,5.416453756
Pdrg1,0.06469877,12.41696474
Amotl1,0.064616758,7.971384773
Smg7,0.064572794,29.84159428
Krtcap3,0.064571075,1.635155851
Sdc2,0.064528101,24.32294328
Tut1,0.064519459,6.13183444
Zfp2,0.064511101,13.13234543
Spock1,0.064503923,55.95298927
Ube2e3,0.064440963,16.70924885
Zfp719,0.064349326,9.862033725
Msra,0.064321096,14.10321921
Tia1,0.063947928,44.55799693
Filip1l,0.063900072,5.416453756
Tmem59,0.063805396,35.41134389
Mpzl1,0.063789922,14.20541645
Dhx38,0.063667802,2.861522739
Anxa2,0.063626804,5.723045478
Kifc1,0.063616187,3.321410322
Prkag3,0.063601235,0.05109862
Med24,0.063528334,9.759836484
Azi2,0.063499922,15.5850792
Golga4,0.063472771,24.629535
Fam208a,0.063438241,28.71742463
Ybx3,0.063383917,4.49667859
Sidt1,0.063364504,26.16249361
Rev1,0.063302912,39.9591211
Piwil2,0.063254878,1.839550332
Oxa1l,0.063242297,18.0889116
Nrxn2,0.063164883,47.41951967
D6Wsu163e,0.063164236,6.949412366
Gtf3c1,0.062953644,18.80429228
Rab28,0.062909857,33.26520184
Tnrc6b,0.062843325,66.78589678
Rsph3a,0.062841953,8.277976495
Ankub1,0.062810358,1.992846193
Crtc3,0.062805818,29.6371998
Gm26510,0.062712914,1.175268268
Yaf2,0.062705548,19.57077159
Aco1,0.062505016,9.862033725
Mef2d,0.062487218,20.43944813
Gm26903,0.062377413,3.474706183
Twf1,0.062351605,3.576903424
Gm26816,0.062301521,8.942258559
Ctsz,0.062222566,6.336228922
Sltm,0.062158293,60.85845682
Prdm8,0.062145143,0.306591722
Zcwpw1,0.061887065,2.146142054
Ric1,0.061792657,20.79713848
Gm15631,0.061654795,2.401635156
Lrrc7,0.061649152,77.21001533
RP23-366O14.4,0.06160318,0.868676546
Fam160a2,0.061488169,11.59938682
Samm50,0.061438267,12.72355646
Rab12,0.061293135,24.83392948
Stau1,0.061288635,17.42462954
Gm15577,0.061216063,3.270311702
Gm38251,0.061207883,12.21257026
Txnrd2,0.061112832,7.56259581
Ddx24,0.061095314,47.47061829
Zfp143,0.061071288,7.051609607
Gm9843,0.061031636,18.70209504
Skp2,0.0610096,6.489524783
Nkain2,0.060932649,96.52529382
Mt3,0.060896846,25.49821155
Nudcd1,0.060817263,17.73122126
Rps5,0.060798555,15.3295861
Vamp4,0.060758278,31.17015841
Dock2,0.060648292,3.270311702
Klhl22,0.060502715,25.14052121
Upk1a,0.060364406,0.970873786
2310026I22Rik,0.06031279,3.219213081
Zfp467,0.060286983,5.058763413
Vps45,0.060271699,14.51200818
4931419H13Rik,0.060054713,0.153295861
Snx19,0.059987093,7.920286152
Zfp938,0.059938802,7.715891671
Srsf9,0.059866954,8.891159939
Cby1,0.059756801,8.329075115
Creb3l1,0.059745019,0.715380685
Slc5a6,0.059719211,5.927439959
Rbm33,0.059665087,23.91415432
Csad,0.059645656,8.022483393
Gm16702,0.05961598,2.759325498
Abcb4,0.059599887,7.409299949
Aanat,0.059486941,2.503832397
Gm26836,0.059460514,31.73224323
Mast3,0.059435326,4.138988247
Tspyl2,0.059317896,29.22841083
Pak6,0.059296761,14.46090956
Dnah1,0.059228863,8.431272356
Fnbp4,0.059176357,21.3592233
Qpctl,0.059159086,12.97904957
Zdhhc4,0.059125632,7.051609607
Plcl1,0.059053981,44.55799693
Misp,0.059022401,2.248339295
Gm17090,0.0586869,2.606029637
Fkbp7,0.058480438,3.525804803
Synpo,0.05845463,2.248339295
Zbtb11,0.058424699,34.18497701
Endod1,0.058414618,13.69443025
Dmtf1,0.058281178,19.97956055
Knop1,0.058265078,14.66530404
Dnajb6,0.058138021,24.52733776
Nagpa,0.058041705,1.941747573
Gm14798,0.058028308,7.664793051
Macrod2os1,0.057861051,3.06591722
Dyrk3,0.057835243,2.861522739
Spice1,0.057783628,5.263157895
Gm21814,0.057777424,6.847215125
Dffa,0.057746854,17.5779254
Tmed4,0.057742718,15.94276955
Rarg,0.057732012,5.058763413
Bbs2,0.057698743,9.402146142
Tmem135,0.057698034,36.22892182
Vars,0.057671764,8.124680634
Lsm14a,0.057607744,14.00102197
Ctdp1,0.057551357,4.752171691
Ccdc163,0.057332666,4.190086868
Zfp28,0.057319087,4.803270312
B630005N14Rik,0.057295717,29.22841083
Hdac4,0.057207412,25.60040879
Mgat4c,0.057111297,82.01328564
Grin2b,0.057081443,71.69136433
Dnajb12,0.057035202,6.489524783
9330175M20Rik,0.056954364,6.540623403
Oprl1,0.056880355,6.489524783
Armc9,0.056806273,40.06131834
Cpsf3,0.056747723,13.08124681
Prkcz,0.056616446,36.63771078
Nudt22,0.056364199,2.912621359
Slc37a4,0.056338392,5.416453756
Apol7d,0.05633419,0.05109862
1810024B03Rik,0.056235161,3.576903424
Nr2c2,0.056231126,34.13387839
Tet3,0.056214758,30.60807358
Pex5,0.056183545,7.715891671
Tmem56,0.056149197,12.67245784
Mterf3,0.056106122,6.489524783
Akap1,0.056100007,6.949412366
Klhl15,0.056035537,17.5779254
Pqlc1,0.056028698,4.956566173
Zfp27,0.055796428,5.723045478
Tgs1,0.055722518,21.41032192
Eftud1,0.055708668,14.76750128
Borcs8,0.055704893,16.86254471
Prdm16,0.055667389,3.219213081
Dnhd1,0.055641582,6.642820644
Gm28494,0.055571354,11.08840061
Speer4cos,0.055564158,0.510986203
1700010K24Rik,0.055512543,5.058763413
Armc4,0.055460927,6.234031681
Pkmyt1,0.055331888,2.299437915
Slc4a1ap,0.055158701,16.60705161
Fra10ac1,0.055126597,13.49003577
Tmem51,0.055099618,1.58405723
Ogdhl,0.054970579,2.146142054
Cdkal1,0.054783733,38.52835973
Gtf2b,0.054712501,7.61369443
Fam78a,0.054686694,1.277465508
Serinc1,0.05467052,35.71793562
Bspry,0.054660886,1.175268268
Tfdp2,0.054648037,26.41798671
Usp53,0.054600191,13.59223301
Hecw1,0.054543376,62.64690853
Agpat5,0.054489677,15.074093
Wdr33,0.054479168,52.17169136
Irak3,0.054454423,0.970873786
Gm19461,0.05439085,7.153806847
Prdm9,0.054351192,2.708226878
Gm38399,0.054329074,8.226877874
Zfyve9,0.054322614,56.05518651
Suv39h1,0.054299577,2.606029637
Tstd3,0.054170538,3.934593766
Nol6,0.053989883,2.554931017
Syt12,0.053948432,13.28564129
Mtmr7,0.053861122,24.3740419
Gm26737,0.053860844,2.299437915
Aspdh,0.053835037,1.379662749
1500026H17Rik,0.053821279,9.964230966
Vps16,0.053815796,14.61420542
Fam160b1,0.053757613,5.263157895
Cldn34c1,0.053681275,18.65099642
6330418K02Rik,0.053628574,1.686254471
Gdpd1,0.053614555,28.00204394
Zfp936,0.053602767,5.620848237
Gramd1c,0.053422112,1.686254471
Smap2,0.05339685,16.50485437
Rpn1,0.053345139,12.92795095
Cr2,0.053344689,1.737353091
Cd1d1,0.053241458,3.0148186
Cd55b,0.053230627,0.306591722
Pid1,0.05322313,56.25958099
Chid1,0.053213496,14.20541645
Wdr12,0.053147312,18.3444047
Cdk19,0.053116921,16.81144609
Eprs,0.053053077,19.41747573
Ppib,0.053039948,19.26417987
Top1,0.052946976,51.20081758
Gm10076,0.052931764,4.803270312
Bclaf1,0.052890414,46.03985692
Chic1,0.05284491,34.08277976
Ddhd2,0.052808402,39.14154318
Rab11fip2,0.052797967,27.43995912
Ss18l1,0.052638078,10.67961165
Glrb,0.052607336,42.15636178
Adamts1,0.052570455,0.766479305
Zfp800,0.052559037,12.46806336
Cxx1a,0.052557151,18.14001022
Glt8d2,0.052493032,0.868676546
Ctxn2,0.052363993,9.09555442
Parva,0.052305009,12.87685232
Fbxl15,0.052260762,5.569749617
Kcnq4,0.052183338,3.219213081
Scyl3,0.051951068,4.241185488
Lyrm4,0.051933366,41.49207971
Cfap77,0.051925261,4.087889627
Spag17,0.051847837,4.649974451
Dlg4,0.05184515,32.60091978
Crhr2,0.051796222,2.248339295
Ifit1bl1,0.051718798,1.635155851
Emc10,0.051624659,32.03883495
Usmg5,0.051528436,18.70209504
Mpp2,0.051409105,9.453244762
Taf9b,0.051254258,2.912621359
Skiv2l2,0.051210918,12.21257026
Samd12,0.051170289,79.76494635
Tmc6,0.051151027,0.817577925
Pih1d2,0.051125219,1.277465508
Zfp14,0.051045999,11.13949923
Dnal1,0.05099034,20.592744
Diablo,0.050942139,13.23454267
Wdr25,0.05090581,8.431272356
Egf,0.050841334,4.905467552
Sox30,0.050832525,0.408788963
E2f4,0.050712295,5.569749617
Bcap31,0.050647014,20.03065917
Gm26594,0.050609064,4.190086868
Nit1,0.050608077,13.23454267
Ppm1m,0.050583256,4.241185488
Ptma,0.050549808,16.65815023
Sec14l2,0.05053164,3.934593766
Atp5j2,0.050522835,25.75370465
Dcaf8,0.05051771,25.24271845
Bbs1,0.050480025,4.905467552
Noct,0.050454217,10.42411855
Gm27198,0.050441508,2.657128258
Cpeb3,0.050334368,77.46550843
Edrf1,0.050221947,5.109862034
Nek10,0.050092908,7.920286152
Fam227a,0.050038685,13.54113439
Hmg20b,0.049783215,4.905467552
Carkd,0.049773954,11.08840061
Fancc,0.04975921,17.27133367
Arhgap27,0.049757407,2.401635156
Acot11,0.049754531,11.08840061
Hsf5,0.049679983,5.723045478
Gm10419,0.049656607,12.26366888
Akap7,0.049652743,20.08175779
AU041133,0.04960256,4.59887583
1700109H08Rik,0.049593388,6.438426162
Tapt1,0.0495166,16.19826265
Tspan32,0.049421906,0.817577925
Gm44053,0.049241251,2.708226878
Sfxn4,0.049168956,16.04496679
Apopt1,0.049137934,17.47572816
Bahd1,0.049086404,2.248339295
Gtf3c3,0.049069861,10.62851303
Gcc2,0.049048374,24.42514052
Dlec1,0.049034789,2.606029637
Pnmal1,0.049008981,5.774144098
Cmtm4,0.048997745,15.78947368
Tmem68,0.048962401,12.51916198
Sez6,0.048856116,13.23454267
Ercc2,0.048776711,7.409299949
Dnaaf5,0.048699288,6.693919264
Gata4,0.048621864,2.095043434
Mpv17l,0.048428087,23.14767501
6030419C18Rik,0.048389594,2.197240675
D6Ertd527e,0.04835846,0.05109862
Arsg,0.048337979,6.285130301
Dnajc4,0.048312171,6.438426162
Nol9,0.048260555,6.642820644
Ung,0.048131516,0.766479305
Spsb1,0.048105709,1.430761369
Cep85l,0.048061382,14.51200818
Plxna1,0.048025499,9.657639244
1700007B14Rik,0.04797667,5.467552376
Rnf219,0.047950862,7.460398569
Myo18a,0.047929921,35.20694941
Myh7b,0.047925054,2.095043434
Idh3a,0.047899246,8.891159939
Adgrg6,0.0477444,12.92795095
Gm3383,0.047718592,3.219213081
Drg2,0.047666976,7.204905468
Edc4,0.047641169,8.226877874
Ano8,0.04751213,4.394481349
Gm21781,0.047434706,2.912621359
Gm29325,0.047383091,2.503832397
2900009J06Rik,0.047331475,4.803270312
Pbk,0.047305667,5.518650996
Setd7,0.047273212,23.04547777
Timp4,0.047228244,7.000510986
Wipf2,0.047179513,29.38170669
Prkcg,0.047150821,12.0592744
Apeh,0.047073397,6.642820644
Rcbtb1,0.047060453,15.17629024
Mcfd2,0.047021782,6.438426162
Gm15608,0.046995974,4.445579969
Acp6,0.046982306,11.49718958
Ago1,0.046904704,13.69443025
Gm12576,0.046841127,4.394481349
Zcchc14,0.046708227,24.73173224
Ispd,0.046706883,37.25089423
Pld1,0.046686281,4.087889627
Pik3c2b,0.046685205,12.36586612
Tro,0.046683319,23.55646398
Scrt1,0.046660473,5.825242718
Taf5l,0.046531434,5.058763413
Gpkow,0.046506437,9.0444558
Prmt3,0.046443403,11.8037813
Nlrc3,0.046350779,5.314256515
Usp40,0.046304927,31.52784875
Rorc,0.046277403,1.226366888
Usp25,0.04626464,20.03065917
Rab21,0.046217515,11.49718958
Smarcc2,0.046169595,32.03883495
Adamtsl3,0.046138742,8.073582013
Dfna5,0.046047388,27.3888605
Slc9a3r2,0.046041086,6.642820644
Ezh2,0.045973106,11.75268268
Map3k2,0.045927432,29.27950945
Adam11,0.0459045,15.8405723
Adgrb2,0.045892089,16.70924885
Slc9a3r1,0.045783008,1.328564129
Ccdc157,0.0457572,6.387327542
Rsph9,0.045705585,7.61369443
1600014C10Rik,0.045679777,6.0296372
Gm13402,0.045662062,7.307102708
Tnfrsf23,0.04552493,2.503832397
Hbp1,0.045473315,7.204905468
Pcdh7,0.045468116,81.24680634
Hibch,0.045427906,18.3444047
Mrps35,0.045421699,4.854368932
Parp14,0.045399581,1.379662749
Baz2b,0.045388174,62.80020439
Rabgap1l,0.045378553,72.20235054
Amer2,0.045344276,5.058763413
Senp2,0.045326478,25.54931017
Fech,0.04529266,9.299948901
Zfp507,0.045266852,7.971384773
Pkd2l1,0.045207585,1.890648952
Ncoa7,0.045193759,53.90904446
Sertad4,0.045112006,2.503832397
Eed,0.045086198,8.226877874
Gm16432,0.045033152,32.29432805
Anks6,0.044931351,3.934593766
Plxnc1,0.044871738,26.00919775
Tmem109,0.044853928,6.0296372
Nt5m,0.044802312,9.810935105
Pnck,0.044679573,26.46908533
Diexf,0.04459585,5.620848237
Nupl1,0.044570042,8.635666837
Mdn1,0.044545951,35.41134389
Tbc1d24,0.044517887,12.62135922
Engase,0.04436358,1.941747573
Nrsn1,0.04435279,17.16913643
Mesdc2,0.044311964,10.32192131
Colec12,0.044286157,2.401635156
Fbxo33,0.044208733,8.993357179
Cfap97,0.04416665,10.27082269
Man2c1os,0.044088151,22.27899847
Wdr6,0.044079694,15.5850792
Top1mt,0.044028079,2.96371998
Gm29292,0.044002271,0.357690342
Rsad1,0.043954613,5.978538579
Snapc2,0.043924848,3.117015841
Ddx21,0.043821617,5.671946857
Ptcd2,0.043795809,4.190086868
Adam32,0.043744193,5.160960654
Dok7,0.043718385,3.679100664
Zdhhc22,0.043692578,1.788451712
Msantd3,0.043589347,3.270311702
Pi16,0.043511923,4.241185488
Fign,0.043447009,22.53449157
Gm42906,0.043331269,4.854368932
Hs3st2,0.043305461,12.77465508
Parp11,0.043253845,11.34389371
Habp4,0.043166264,17.47572816
3010026O09Rik,0.043150614,10.78180889
Gtf2e2,0.043124806,10.06642821
Bzrap1,0.04302581,26.46908533
2610301B20Rik,0.04296996,10.11752683
Acsl6,0.042968613,17.16913643
Rpl21,0.042944152,15.17629024
Cdk20,0.042866729,4.343382729
Tmem161b,0.042797136,34.64486459
Plxna4,0.042751373,68.16555953
Grip2,0.042730139,14.25651507
Suds3,0.042686074,11.13949923
Spidr,0.042634459,9.299948901
Mageh1,0.042608651,7.409299949
Doc2g,0.042582843,1.941747573
Slc26a8,0.042557035,7.664793051
Il34,0.04250542,4.59887583
Cdon,0.042479612,11.44609096
Mcm3ap,0.042453804,8.635666837
Ddx23,0.042350573,10.88400613
Atox1,0.042298957,8.329075115
Haus5,0.042221534,1.53295861
Aldh6a1,0.042169918,8.788962698
Gm26770,0.042118303,8.737864078
Phlpp1,0.042099879,40.82779765
Csrnp3,0.042047188,57.7925396
Fam188b,0.04204088,10.42411855
Bcap29,0.041937648,15.53398058
Abcf3,0.041886033,9.862033725
Atp5c1,0.041812117,15.27848748
Praf2,0.041808609,6.949412366
Msh2,0.041782802,11.34389371
Nrip2,0.041756994,8.533469596
Zmym4,0.041734977,57.43484926
Gm16194,0.041679571,0.459887583
Sgpp1,0.041655741,9.606540623
Glrx2,0.041627955,9.913132345
Nfat5,0.041553062,53.04036791
Ccdc174,0.041517444,22.12570261
Podnl1,0.041498916,0.715380685
Aven,0.041395685,8.584568217
Ppp6r1,0.041369877,8.073582013
Efhd2,0.041344069,4.445579969
Lypd6,0.041310079,7.818088912
Selk,0.04126782,28.87072049
Dmc1,0.041137607,3.985692386
Zfp157,0.041080959,18.90648952
Gm34086,0.04098276,7.460398569
0610012G03Rik,0.040956953,6.387327542
Rps3,0.040905337,13.84772611
Usp49,0.040853721,3.781297905
Cilp,0.040776298,0.868676546
9330151L19Rik,0.04075049,5.467552376
Gspt1,0.040747436,22.02350537
Kdm1b,0.040621451,2.912621359
Gm12082,0.040569836,4.190086868
Celsr1,0.040544028,0.919775166
Rmdn1,0.040534687,46.24425141
Tox3,0.04051822,6.285130301
C1qtnf1,0.040440797,1.124169647
Shprh,0.040425785,26.82677568
Itga1,0.04028595,3.0148186
Fgd6,0.040208527,2.299437915
Tacc2,0.040166179,19.46857435
Rwdd1,0.040156911,12.62135922
Gxylt1,0.040079488,5.927439959
Tmem128,0.040027872,10.88400613
Ccdc18,0.039976257,4.138988247
Itgae,0.039950449,3.525804803
Gnai1,0.039895422,21.20592744
Pspc1,0.039824199,19.51967297
C530008M17Rik,0.039823312,54.21563618
Cenpm,0.039820589,0.562084824
Kdm8,0.039795602,6.285130301
Far2os2,0.039743987,2.554931017
Mrs2,0.039718179,5.416453756
Otogl,0.039692371,0.715380685
Tmem5,0.039507041,12.41696474
Shc3,0.039479619,20.74603986
Iqcf3,0.039382678,0.970873786
Hdgfrp3,0.039345094,28.51303015
Hgsnat,0.039305254,10.83290751
Nrg2,0.039210936,45.12008176
Tmem206,0.039202023,5.671946857
Gm29051,0.039150408,1.992846193
Mipep,0.0391246,10.32192131
Gm43824,0.039072984,4.241185488
Immp1l,0.039029736,28.00204394
Lyplal1,0.038995561,4.59887583
Gm26540,0.038969753,5.467552376
Xylt2,0.038789099,5.109862034
Ecsit,0.038648463,17.06693919
Slc35d1,0.038634252,15.99386817
Ctsl,0.038588662,12.36586612
Gm17296,0.038531021,5.365355135
Phf21a,0.038515208,57.63924374
Pqlc2,0.038479405,6.234031681
Alyref2,0.038401982,3.423607563
Upf2,0.038384813,30.148186
Kctd15,0.038376174,2.96371998
Inca1,0.038350366,3.679100664
Sept9,0.038221328,5.007664793
Dpysl4,0.038118096,10.88400613
Rdh5,0.038014865,2.606029637
Scamp5,0.0379887,19.41747573
Lrrc24,0.037885826,9.708737864
Gm31415,0.037834211,0.204394481
Eapp,0.037822521,13.38783853
D430019H16Rik,0.037808403,7.715891671
Ift81,0.037707964,25.70260603
Fbxo8,0.037622895,20.08175779
Ccdc126,0.037601941,4.036791007
Neurl4,0.037524517,7.971384773
Dnah7c,0.03749871,9.0444558
Cnnm1,0.037472094,16.86254471
Cacng7,0.037448629,27.49105774
Ptpn13,0.037318055,7.153806847
2510009E07Rik,0.037292247,13.38783853
Entpd7,0.037189016,7.000510986
Ttc39c,0.037163208,11.08840061
Thap2,0.037137401,16.45375575
Gm2000,0.037111593,8.175779254
Trappc13,0.037059977,14.8185999
Mthfd1,0.03703417,11.03730199
Nol11,0.036930938,13.13234543
Zap70,0.036879323,1.686254471
Calr,0.036871504,24.06745018
Pdk1,0.036853515,9.657639244
Bod1l,0.036826,17.98671436
Wfs1,0.036801899,3.474706183
Matr3,0.036779423,28.97291773
Gpr155,0.036750284,10.06642821
Draxin,0.036719788,1.073071027
Fancm,0.036672861,8.022483393
Gpat4,0.036647053,11.85487992
Tchh,0.036569629,1.379662749
Pcdh10,0.036488705,22.99437915
Igf2bp3,0.036447885,52.22278998
Ajap1,0.036398057,16.14716403
Iqcd,0.036388975,1.635155851
Ppt1,0.036340155,36.58661216
Gpr107,0.036332773,18.03781298
Col23a1,0.036311552,4.138988247
1810019N24Rik,0.036259936,2.095043434
Pbld2,0.036234128,5.160960654
Foxred1,0.036130897,7.56259581
Rps6ka1,0.036105089,5.927439959
Brf1,0.036079282,14.97189576
Rybp,0.036053474,18.3444047
D2Wsu81e,0.036027666,13.33673991
Thap4,0.03597605,12.67245784
Exosc7,0.035952671,12.41696474
Smek2,0.035906723,23.91415432
4930570N18Rik,0.035898627,1.53295861
Errfi1,0.035872819,4.649974451
Bora,0.035847011,4.087889627
Fam111a,0.035821204,11.49718958
Hdac6,0.035769588,12.5702606
E130311K13Rik,0.035717973,2.912621359
Crispld1,0.035640549,3.117015841
Usp38,0.035537318,6.540623403
Zhx2,0.035485702,8.073582013
Gpalpp1,0.035434087,5.876341339
Brwd3,0.035432919,16.60705161
Nlrp4c,0.035305048,1.788451712
Cfap74,0.03527924,8.635666837
Vegfa,0.035201817,5.314256515
Gm14820,0.035176009,8.533469596
Gm43666,0.035098586,1.073071027
Elp3,0.035072778,11.8037813
Gm5441,0.03504697,5.109862034
Dnajc10,0.034997426,23.35206949
Blcap,0.034917931,10.11752683
Nudt4,0.034892123,9.0444558
Nphp3,0.0348147,5.365355135
Gm16552,0.034685661,7.051609607
Tnks1bp1,0.034634046,4.803270312
Galnt12,0.034530814,2.299437915
9530034E10Rik,0.034453391,5.212059274
Akap9,0.034422736,41.49207971
Taz,0.034370038,35.61573838
Sart1,0.03435016,8.277976495
Hoxb3,0.034246929,17.98671436
Rps8,0.03419972,21.81911088
Fbp2,0.034195313,0.306591722
Clu,0.034164744,28.25753705
Tctn3,0.03411789,6.0296372
4933427D06Rik,0.034014659,1.992846193
Gm43597,0.033988851,4.138988247
Sez6l2,0.033943714,27.1333674
Neurl1b,0.033808197,1.328564129
Zfp30,0.033782389,7.409299949
Isyna1,0.033730773,7.56259581
Gm14372,0.033627542,2.554931017
Tcf7,0.033550119,0.715380685
Flt3,0.03350651,15.22738886
Eaf2,0.033389607,19.92846193
Epc2,0.033369464,13.59223301
Gm37184,0.033343656,0.459887583
Rif1,0.033321266,17.01584057
Sptbn4,0.033303019,37.76188043
Rab11fip4os1,0.033240425,3.270311702
Zfp617,0.03318881,5.978538579
Zfp667,0.033137194,7.409299949
Szt2,0.033111386,9.14665304
Lppos,0.033059771,1.021972407
Tango6,0.033014452,14.10321921
Serpinf1,0.032904924,2.810424119
Ptcd3,0.032879116,15.53398058
Pofut1,0.032863201,17.52682678
Wdr31,0.032853309,4.752171691
Fhad1,0.032827501,6.182933061
Ubr7,0.032801693,9.402146142
Tssc1,0.032725891,19.87736331
Hs2st1,0.03270755,36.22892182
Ak6,0.032698462,11.44609096
Cplx2,0.032492,11.65048544
Isg20,0.032466192,0.204394481
Aloxe3,0.032440384,2.043944813
Glo1,0.032388768,8.737864078
Rptor,0.032352627,41.33878385
Smpd1,0.032311345,7.51149719
Csf2ra,0.032308202,26.52018396
Cdc14b,0.032291029,34.44047011
Sox2,0.032182306,1.53295861
Manf,0.032175745,30.30148186
Nr1h3,0.032130691,2.248339295
Slc35g2,0.032104883,7.766990291
Mybpc1,0.032027459,1.788451712
Rabl6,0.032025937,39.9591211
Ahdc1,0.032018738,17.27133367
R3hdm1,0.031944113,70.46499745
Gm15860,0.031924228,4.190086868
Kif17,0.031846805,13.69443025
Erlec1,0.031797079,22.07460399
Pex7,0.031795189,8.073582013
Tnfrsf11a,0.031743574,3.525804803
Clock,0.031672542,40.47010731
Tmem94,0.031640343,8.584568217
Zfp770,0.031588727,3.628002044
Telo2,0.031562919,15.074093
Hus1,0.031537112,2.248339295
Zak,0.031511304,3.883495146
Lzts3,0.031485496,5.160960654
Gnb5,0.03143388,11.19059785
Gnb1l,0.031408073,6.234031681
Hrh3,0.031382265,2.248339295
Xrcc5,0.031279034,15.73837506
Prpf40b,0.031220225,19.82626469
Ogfr,0.031124187,5.007664793
Dnah6,0.031098379,2.606029637
Tspan6,0.030995148,6.693919264
Chrna4,0.030891917,1.328564129
Sesn2,0.030866109,2.043944813
Gm10010,0.030840301,1.277465508
Adgra3,0.030685455,3.934593766
Rps6ka6,0.030659647,3.781297905
Cep128,0.030582224,6.387327542
Hoxb5os,0.030556416,5.212059274
Lsmem1,0.030530608,1.124169647
Gm44040,0.0305048,0.613183444
Ubox5,0.030401569,7.766990291
Drc1,0.030375761,13.64333163
Gbp8,0.030324146,1.379662749
Atp8b2,0.030246722,4.241185488
Kcnmb4os1,0.030220915,0.204394481
Ccr9,0.030195107,4.138988247
Pgap2,0.030188453,16.65815023
Gpx7,0.030169299,2.452733776
Spef2,0.030143491,2.503832397
Mecp2,0.030140169,35.05365355
Fbxw10,0.030117683,1.788451712
Ngb,0.030091876,3.321410322
Atg2b,0.030066068,15.8405723
Cfap44,0.029937029,6.13183444
Meaf6,0.029911221,20.49054676
Nek4,0.029885413,7.51149719
Gm37245,0.02980799,3.372508942
Nlrp2,0.029782182,0.255493102
Gm10767,0.029756375,2.759325498
2900060B14Rik,0.029704759,6.438426162
Actr6,0.029627336,11.5482882
Nphp4,0.029601528,12.67245784
Tmem219,0.029420873,12.67245784
Ppm1h,0.029283929,51.14971896
Tcf12,0.029257225,59.22330097
Katna1,0.029240219,5.620848237
Gm11146,0.029214411,2.350536536
Rab15,0.029188603,11.8037813
Gm12216,0.029162795,13.38783853
Zfp563,0.029136988,6.693919264
Gxylt2,0.02911118,0.970873786
Eno3,0.029085372,3.168114461
Tcea1,0.029033757,13.54113439
Nop58,0.029007949,11.24169647
Suz12,0.029000216,21.8702095
Ccdc149,0.028956333,13.54113439
Cdkn2d,0.02887891,5.365355135
Svop,0.028717594,40.52120593
AV099323,0.028698255,2.912621359
Prodh,0.028672448,9.504343383
Dhx16,0.02864664,6.438426162
Gm28845,0.028620832,0.562084824
Gm16845,0.028569216,6.234031681
Nox3,0.028543409,0.306591722
Agap1,0.028496209,56.36177823
Trnp1,0.028465985,7.51149719
Zfp438,0.02841437,10.52631579
Erdr1,0.028362754,15.38068472
Nup62cl,0.028348412,0.153295861
Dusp23,0.028336946,2.912621359
Zfp763,0.028311139,8.635666837
Paqr4,0.028285331,2.503832397
Serping1,0.0281821,5.927439959
Mro,0.028104676,3.730199285
Crtc1,0.028078869,16.24936127
Daam2,0.028027253,3.0148186
Pacsin3,0.028001445,2.810424119
Tmco4,0.02794983,2.606029637
Ido2,0.027924022,0.919775166
2010013B24Rik,0.027898214,2.503832397
Wdr27,0.027846599,2.759325498
Mapkapk2,0.027794983,7.664793051
Lta4h,0.027769175,9.606540623
Nnt,0.02771756,15.12519162
Ap1b1,0.027635011,17.47572816
Gm29865,0.027588521,10.78180889
Plek,0.027562713,6.387327542
Far2,0.027536905,17.98671436
Gm20479,0.027459482,2.350536536
4930524B15Rik,0.027407866,0.357690342
Epm2a,0.027382058,11.59938682
Thbs4,0.027330443,0.868676546
A930004D18Rik,0.027304635,1.890648952
Gm10629,0.02725302,4.956566173
Jak3,0.027227212,1.328564129
Gm16036,0.027201404,1.430761369
Nup133,0.027123981,5.620848237
Gm20750,0.027046557,1.839550332
Dph6,0.027031721,23.35206949
Smek1,0.027020749,18.80429228
Gm26760,0.026891711,8.073582013
Nsf,0.02686888,59.83648441
Bcl2l15,0.026865903,1.686254471
Dad1,0.026762672,21.00153296
Appbp2os,0.026736864,2.554931017
Dnmt3a,0.026719608,64.17986714
Zfp384,0.026685248,6.489524783
Rhbdf1,0.02665944,3.0148186
Rps6,0.026633633,11.90597854
Zfp956,0.026556209,12.41696474
Naf1,0.026504594,4.752171691
Gm12973,0.02642717,0.408788963
Ptgis,0.026375555,1.124169647
Ndufaf5,0.026349747,13.33673991
Zdbf2,0.026298132,15.78947368
Strip2,0.026272324,6.489524783
Mif4gd,0.026246516,4.343382729
Hnmt,0.026220708,9.299948901
Sned1,0.026169093,6.745017885
Cpsf4l,0.026143285,7.664793051
Mme,0.026091669,2.657128258
Gm5570,0.026040054,2.554931017
Bop1,0.026014246,6.898313746
Aadacl3,0.02596263,0.05109862
Scube2,0.025936823,1.226366888
4930554G24Rik,0.025911015,6.540623403
Atg4c,0.025833591,17.88451712
March4,0.025807784,23.76085846
Gm11639,0.025781976,2.146142054
Gm20685,0.025756168,2.197240675
Stard6,0.02573036,4.59887583
Gm3848,0.025704552,1.379662749
Slc20a2,0.025678745,12.62135922
Enpp3,0.025652937,1.58405723
Arhgef4,0.02563774,15.73837506
A430027H14Rik,0.025601321,2.554931017
Usp2,0.025575514,12.46806336
Chic2,0.02549809,19.62187021
Ssfa2,0.025317436,5.569749617
Stag1,0.025316456,71.74246295
Entpd6,0.02526582,12.36586612
Shkbp1,0.025240012,5.825242718
Ttll4,0.025085166,13.59223301
Nceh1,0.025059358,16.19826265
Sil1,0.025058461,28.15533981
Bbs4,0.025007742,16.55595299
Ankrd9,0.024981935,2.912621359
Slc35a1,0.024852896,14.20541645
Shc4,0.024827088,2.554931017
Nfyc,0.024787704,28.35973429
Zscan22,0.024775472,14.25651507
Vac14,0.024723857,8.993357179
Gm26597,0.024698049,0.970873786
E130304I02Rik,0.024672241,1.277465508
Gm26561,0.024663341,25.08942259
Nim1k,0.024646433,12.8257537
Ddrgk1,0.024620626,14.8185999
Qsox1,0.024594818,9.862033725
D10Wsu102e,0.024517394,2.606029637
Pik3cb,0.024491587,12.72355646
Gm13427,0.024465779,10.88400613
Nasp,0.024439971,9.759836484
Lrp8os2,0.02433674,10.52631579
Dcaf7,0.024259317,19.62187021
Shb,0.024233509,5.723045478
Kcnh2,0.024207701,7.460398569
Tram1l1,0.024130278,9.862033725
Adhfe1,0.024052854,2.401635156
Pxn,0.024027047,6.847215125
Ccdc151,0.024001239,3.832396525
Tmem38b,0.023975431,4.752171691
Cox6b2,0.023949623,1.379662749
P4ha3,0.023923815,5.467552376
Lrrc8d,0.0238722,17.06693919
Glg1,0.02382374,66.53040368
Trmt2b,0.023820584,7.409299949
Minpp1,0.023743161,11.5482882
Prrt3,0.023717353,4.292284108
Rnf126,0.023691545,13.84772611
Rprm,0.023665738,3.0148186
Il20rb,0.02363993,1.788451712
Rps6ka2,0.023631569,24.57843638
Ndufaf7,0.023608907,23.55646398
Arhgef17,0.023562506,11.85487992
Lgi2,0.023510891,8.277976495
C2cd2,0.023433468,15.17629024
Zfp91,0.023381852,14.76750128
Spred1,0.023278621,18.29330608
Gm12689,0.023252813,1.737353091
Acot12,0.023227005,1.021972407
Dennd5b,0.023226743,57.38375064
Nubpl,0.023201197,7.256004088
Lonp1,0.023123774,8.584568217
Ift122,0.023097966,23.24987225
Eif3m,0.023072159,5.620848237
Zfp827,0.023046351,22.27899847
Nudt8,0.022917312,4.190086868
Cep162,0.022891504,15.73837506
Ssr1,0.022839889,14.51200818
Cgrrf1,0.022814081,5.671946857
Rara,0.022788273,4.292284108
Pcm1,0.022776229,49.51456311
Atf1,0.02271085,11.85487992
Usp17le,0.022685042,0.05109862
Igsf3,0.022633426,17.8334185
St3gal3,0.022594403,35.25804803
Zfp1,0.022581811,14.15431783
Csgalnact2,0.022556003,5.058763413
Rbl2,0.022530195,12.0592744
Grtp1,0.022504387,3.0148186
Ccdc7b,0.02247858,4.087889627
Nusap1,0.022452772,5.518650996
Bbs7,0.022375348,21.8702095
Usp36,0.022349541,16.50485437
Cyc1,0.022297925,18.29330608
Lats2,0.022272117,8.022483393
Ndufv2,0.022194694,20.54164538
Nup205,0.022168886,12.67245784
Lrch2,0.022143078,18.8553909
Fam46d,0.022117271,1.175268268
Ackr4,0.022039847,4.59887583
Htr4,0.021930862,11.13949923
Ccne2,0.021910808,6.285130301
Sbspon,0.021885001,0.817577925
D130017N08Rik,0.021781769,4.854368932
Tbl3,0.021730154,10.73071027
Pgap1,0.021704346,26.52018396
Slc2a8,0.021678538,12.8257537
Med12,0.021626923,3.474706183
Taf12,0.021601115,8.533469596
Tfam,0.021575307,6.489524783
Sart3,0.021549499,9.913132345
Gde1,0.021472076,13.79662749
Slc35f2,0.021446268,2.657128258
Mybl1,0.02142046,2.095043434
Mok,0.021394653,20.69494124
M1ap,0.021343037,0.715380685
Lpcat4,0.021291421,7.460398569
Lrrc9,0.021239806,5.007664793
Hdac11,0.021213998,19.77516607
1600010M07Rik,0.02118819,17.8334185
Ipp,0.021110767,8.584568217
Fut10,0.021084959,1.890648952
Hs1bp3,0.021059151,3.576903424
Hps4,0.021007536,14.35871231
Ccdc62,0.02095592,7.256004088
Ppp1cc,0.020852689,11.75268268
Dnajc21,0.020826881,9.862033725
Zswim4,0.020801074,3.06591722
Ankrd34b,0.020749458,1.941747573
Whrn,0.02072365,9.197751661
Galns,0.020697842,16.96474195
Gm12962,0.020654479,0.05109862
Nek11,0.020646227,5.416453756
Cdc40,0.020620419,18.70209504
1700111E14Rik,0.020594611,9.862033725
Naa16,0.020568804,18.80429228
Plekha7,0.020542996,16.55595299
Ric8b,0.020465572,21.41032192
Tdrd3,0.020439765,18.14001022
Dyrk1a,0.020429514,27.1333674
Mthfd2l,0.020388149,13.69443025
Fam133b,0.020362341,25.60040879
Tmed3,0.020310726,6.387327542
Psd2,0.020284918,11.24169647
Npepl1,0.02025911,1.890648952
4932438H23Rik,0.020233302,0.715380685
Adgrg1,0.020155879,5.825242718
Cxxc4,0.020130071,22.48339295
Lgi3,0.020104263,13.54113439
Pstpip2,0.02002684,4.701073071
Adamts17,0.019975225,16.65815023
Gcdh,0.019923609,5.774144098
Slc19a2,0.019871993,3.219213081
5031415H12Rik,0.019846186,5.416453756
Tex22,0.01979457,3.321410322
Gatm,0.019768762,9.09555442
Dnah7a,0.019717147,6.591722024
Spint1,0.019691339,0.05109862
Asb3,0.019637209,39.03934594
Elfn2,0.019510684,5.109862034
Unc5b,0.019484877,1.430761369
Adck4,0.019407453,13.89882473
Tmem67,0.019381646,10.47521717
Ptar1,0.019355838,7.000510986
Nup85,0.01933003,6.847215125
Kiz,0.019310697,29.17731221
Tamm41,0.019304222,3.0148186
Wdr36,0.019278414,6.745017885
Fgf18,0.019252607,1.379662749
Slco5a1,0.019226799,3.423607563
Ndufs4,0.019175636,39.1926418
Stac3,0.019175183,4.905467552
1700007G11Rik,0.019149375,7.56259581
Gdpd2,0.01909776,2.554931017
2810001G20Rik,0.019071952,4.59887583
Unk,0.019046144,16.09606541
Zfp263,0.019020337,13.23454267
Antxr1,0.018968721,10.32192131
Dtnb,0.018953441,59.07000511
Pebp4,0.01886549,1.53295861
Efcab5,0.018839682,4.905467552
2210414B05Rik,0.018813874,3.730199285
Arpc1b,0.018710643,5.058763413
Dhdh,0.018684835,2.912621359
Trappc9,0.018666313,33.57179356
Hist1h4c,0.018659028,0.05109862
Cnksr2,0.018639066,34.95145631
Cyp2u1,0.01863322,5.978538579
Ttc7,0.018607412,4.445579969
Gm5544,0.018581604,1.021972407
Akap8l,0.018574507,57.23045478
Smarcd2,0.018555796,3.883495146
Sin3b,0.018504181,15.17629024
Zfp810,0.018478373,14.10321921
Vangl2,0.018452565,5.314256515
Mrps28,0.018426758,12.0592744
Trp53bp1,0.018375413,35.30914665
Atg9b,0.018349334,3.730199285
Sirpa,0.018323526,16.70924885
Lin7b,0.018297719,11.29279509
Pex26,0.018246103,3.525804803
Stt3b,0.018194487,18.19110884
Grip1os2,0.01816868,1.737353091
Fads6,0.018142872,6.13183444
Naa40,0.018128575,31.47675013
Trappc12,0.018117064,16.19826265
Slc27a1,0.018065449,10.93510475
Adar,0.018035865,32.03883495
1600002K03Rik,0.018013833,4.445579969
A830011K09Rik,0.017988025,0.510986203
Dvl3,0.017962217,4.854368932
Igdcc4,0.01793641,20.43944813
Mrps27,0.017884794,8.891159939
Pigk,0.017884165,31.11905979
Mcm9,0.017858986,4.343382729
Sec14l1,0.017833178,10.47521717
Clic5,0.017729947,0.562084824
Zfand4,0.017523485,10.21972407
Gm36388,0.017497677,9.453244762
Pccb,0.017446062,13.28564129
Ift88,0.017420254,24.93612672
Cep83,0.017368638,23.6075626
Drg1,0.017363698,55.23760858
Sgk3,0.017342831,6.387327542
Gm14487,0.017318867,0.306591722
Dennd4a,0.017306683,38.22176801
Wdr35,0.017291215,13.59223301
B3galnt2,0.017265407,9.351047522
Isoc1,0.017187984,1.48185999
Atp1a3,0.017166229,53.96014308
Dnajc24,0.017162176,23.45426673
Ryk,0.017058945,18.14001022
Isca1,0.017033137,6.13183444
4930599N23Rik,0.017007329,5.314256515
RP24-269A16.9,0.016981522,4.49667859
Lrrc4,0.016955714,16.30045989
Upf3b,0.016929906,19.05978539
RP23-2D23.2,0.016904098,1.48185999
Dyx1c1Ccpg1,0.01687829,3.628002044
Wdr78,0.016852483,14.66530404
Slc39a14,0.016826675,11.70158406
Hoxb5,0.016800867,8.891159939
A930015D03Rik,0.016778123,54.0112417
Ap4s1,0.016775059,20.64384262
Ppef1,0.016749252,1.992846193
Ilf3,0.016723444,21.8702095
Rpn2,0.016697636,20.592744
Wdr34,0.016671828,17.73122126
Enpp5,0.016620213,14.40981094
Cd302,0.016594405,4.087889627
Aplp1,0.016568779,41.6964742
Zfp457,0.016568597,1.48185999
Man2a2,0.016516982,24.52733776
Tepp,0.016439558,1.379662749
Dzip1l,0.01641375,4.956566173
Pkd1l2,0.016387943,2.401635156
Klhl10,0.016362135,19.41747573
Eml1,0.016336327,23.19877363
Spag16,0.016310519,14.76750128
Dnah11,0.016284711,4.854368932
Stx1b,0.016258904,18.75319366
Dna2,0.016233096,5.263157895
1700080N15Rik,0.016207288,4.956566173
Gm29666,0.016129865,2.810424119
Noc2l,0.016078249,9.913132345
Senp7,0.016073306,43.38272867
Gm3667,0.016052441,1.788451712
Khsrp,0.016026634,9.0444558
Parp1,0.015975018,6.847215125
Pou6f1,0.015923402,19.92846193
1500035N22Rik,0.015871787,3.985692386
Kremen2,0.015845979,1.430761369
Rec8,0.015820171,7.204905468
Gucd1,0.015768556,10.21972407
Nmnat1,0.015742748,2.197240675
Gca,0.01571694,4.49667859
Fmn2,0.015673513,58.86561063
Slitrk4,0.015665325,6.745017885
Cspg5,0.015639517,22.99437915
Tex9,0.015613709,14.76750128
Cacna1h,0.015562094,5.109862034
Gm16796,0.015536286,0.562084824
Asph,0.015510478,22.89218191
Mettl15,0.01548467,17.8334185
Zc3h13,0.015458862,23.09657639
Tmbim1,0.015407247,7.460398569
Tada1,0.015355631,5.569749617
Idh2,0.015329823,14.71640266
Fgd1,0.015304016,8.788962698
Lrrc28,0.015278208,16.40265713
Txndc11,0.015276679,25.54931017
Tmem235,0.0152524,0.408788963
Masp1,0.015226592,3.628002044
Celsr2,0.015149169,10.98620337
Ube2cbp,0.015071746,7.204905468
Kcnn1,0.014942707,1.073071027
Ttc17,0.014917799,33.52069494
Ptch1,0.014891091,14.61420542
Slitrk1,0.014865283,3.321410322
6430573F11Rik,0.014839476,3.372508942
Snta1,0.014813668,18.39550332
Adamts12,0.014762052,4.292284108
Uggt2,0.014750813,35.10475217
Ece1,0.014684629,16.19826265
Slc5a10,0.014658821,0.459887583
Raf1,0.014633013,29.53500255
Timp2,0.014607206,17.22023505
Clec16a,0.014588951,26.8778743
Ttc21a,0.014581398,1.430761369
Matn2,0.01455559,4.241185488
Pdpr,0.014529782,16.76034747
Col9a2,0.014503974,2.606029637
Cnpy1,0.014478167,1.430761369
Bivm,0.014452359,6.489524783
Arntl,0.014426551,14.30761369
Abhd14a,0.014400743,5.416453756
Dlgap3,0.014349128,17.93561574
Ssrp1,0.01432332,10.27082269
Prlr,0.014297512,4.087889627
Mccc2,0.014245897,13.69443025
Sh3bp4,0.014220089,4.956566173
Gpr18,0.014194281,5.774144098
Atp5l,0.014142665,28.51303015
Rmi2,0.014116858,1.277465508
Pde3b,0.014039434,23.55646398
Cirbp,0.013987819,19.31527849
Pold3,0.013910395,7.869187532
Plppr4,0.013884588,25.14052121
Gm44119,0.01385878,0.970873786
1700011I03Rik,0.013807164,1.175268268
Gnmt,0.013755549,1.124169647
Rab3a,0.013729741,25.14052121
Prdx6,0.013703933,9.197751661
Noa1,0.013652318,3.883495146
Lemd2,0.013600702,9.402146142
Epo,0.013549086,17.11803781
Dusp15,0.013523279,12.00817578
Enkur,0.013497471,2.095043434
Tcaim,0.01339424,11.95707716
Sv2a,0.013368432,30.96576392
Fshr,0.013291009,5.467552376
Ctdspl2,0.013239393,32.85641288
F930017D23Rik,0.013213585,0.357690342
Ndufa3,0.013187777,14.30761369
4930445B16Rik,0.013136162,7.664793051
Gm3510,0.013110354,3.219213081
Gm28694,0.013084546,0.562084824
Qpct,0.013058739,9.402146142
Ak8,0.012955507,3.117015841
Txndc16,0.012903892,18.54879918
R3hdm2,0.012882762,42.25855902
Gm4211,0.012878084,1.737353091
Gm2115,0.012852276,2.503832397
Klf9,0.012826468,6.182933061
Desi1,0.012774853,19.41747573
Amd1,0.012749045,14.00102197
Kcna2,0.01269743,8.737864078
Kctd3,0.012645814,11.29279509
Gadl1,0.012620006,0.766479305
Dot1l,0.012568391,20.13285641
4930570G19Rik,0.012542583,10.98620337
Lekr1,0.012516775,24.27184466
Morn1,0.012490967,19.05978539
Cmtm3,0.012465159,1.635155851
Isoc2b,0.012439352,2.759325498
Fn3k,0.012413544,4.445579969
Pzp,0.012387736,16.35155851
Tspan15,0.012361928,3.423607563
Plxnb1,0.012336121,2.912621359
Atad2b,0.012331627,47.87940726
Speg,0.012310313,13.74552887
Pias2,0.012284505,33.6739908
Enpp1,0.012232889,2.401635156
Gm42418,0.012207082,22.94328053
Mettl7a1,0.012155466,5.978538579
Anln,0.012129658,8.431272356
Cnbp,0.012103851,15.78947368
Zfp169,0.012078043,13.13234543
Bri3bp,0.012052235,6.182933061
Smim13,0.012000619,10.37301993
Tmem25,0.011974812,13.59223301
Tnfaip8l1,0.011949004,0.919775166
C2cd3,0.011923196,21.8702095
Numa1,0.011897388,20.33725089
Adap2os,0.01187158,1.124169647
Zfp346,0.011845773,19.05978539
Igf2bp2,0.011819965,2.095043434
Arhgef9,0.011794157,35.87123148
Mtx3,0.011742542,3.576903424
Gtf2f2,0.011716734,15.63617782
Tns1,0.011690926,7.307102708
Ppip5k1,0.011669615,34.49156873
Mettl24,0.011613503,3.423607563
Fam120c,0.011587695,31.57894737
Gm20629,0.011536079,7.000510986
Vstm5,0.011510271,13.18344405
Iqch,0.011458656,3.321410322
Alg2,0.011432848,8.482370976
Cnnm2,0.011381233,15.78947368
4930432B10Rik,0.011355425,7.971384773
Mphosph9,0.011329617,29.07511497
Adamts3,0.011226386,8.533469596
Slc44a1,0.011200578,33.26520184
Rtf1,0.011148963,27.79764946
Gm15892,0.011097347,20.54164538
Uvssa,0.011019924,22.94328053
Ccdc162,0.010968308,8.993357179
Ltv1,0.0109425,2.299437915
Thada,0.010916692,35.36024527
Tab3,0.010890885,7.256004088
Glt8d1,0.010865077,23.24987225
Fhl2,0.010813461,2.810424119
Mroh8,0.010787654,4.803270312
Rnf144b,0.010761846,8.686765457
1700030K09Rik,0.010736038,18.24220746
Dicer1,0.010658615,19.57077159
Sipa1l3,0.010632807,28.92181911
Chgb,0.010581191,24.93612672
Igf2r,0.010529576,7.766990291
Sp4,0.01047796,17.88451712
Bphl,0.010452152,9.810935105
Shcbp1l,0.010426345,2.401635156
AF529169,0.010400537,8.175779254
Tmem154,0.010348921,0.204394481
Rhoj,0.010297306,4.394481349
Plekhm2,0.010271498,26.57128258
Aox3,0.010219882,1.379662749
Per1,0.010194075,5.518650996
Sirt4,0.010142459,8.431272356
Dclk1,0.010120611,75.57485948
Ces5a,0.010090843,1.58405723
Rprd2,0.010039228,33.31630046
Gna15,0.009987612,0.970873786
Lingo1,0.009961804,12.62135922
Got1,0.009910189,14.05212059
Smpd4,0.009884381,10.27082269
Ypel3,0.009858573,29.79049566
Rgs4,0.009832766,5.109862034
D630024D03Rik,0.009806958,2.503832397
Opn5,0.00978115,1.941747573
Cdc42ep2,0.009755342,1.53295861
Dgkd,0.009729534,29.48390393
Atxn7l2,0.009703727,3.883495146
Rnft2,0.009677919,12.46806336
Plcd4,0.009626303,5.978538579
Plekhg1,0.009600496,9.299948901
Ctps,0.00954888,7.000510986
Itga4,0.009523072,4.087889627
Slc46a3,0.009497264,4.854368932
Aplp2,0.009471457,37.19979561
Gm9801,0.009419841,24.68063362
Mum1l1,0.009394033,4.905467552
Cep250,0.009368225,20.28615227
Endog,0.009342418,3.321410322
Rpl41,0.00931661,39.9591211
Gm14827,0.009290802,10.98620337
Necab3,0.009264994,5.365355135
Fam98c,0.009239187,9.453244762
Ggact,0.009213379,19.62187021
Abracl,0.009187571,2.452733776
Zfat,0.009161763,15.17629024
Gm10475,0.009135955,0.306591722
Npy1r,0.009110148,1.328564129
Tnfrsf12a,0.00908434,3.219213081
Casd1,0.009058532,13.59223301
Rps27rt,0.009032724,32.19213081
Prss35,0.009006916,0.817577925
Ptgs1,0.008981109,1.073071027
Susd6,0.008955301,22.12570261
Adarb1,0.008903685,23.76085846
Tmem218,0.008877878,4.701073071
Pacrgl,0.00885207,7.256004088
Paqr3,0.008800454,14.46090956
4930532G15Rik,0.008774646,7.460398569
Orai1,0.008748839,2.708226878
1110002J07Rik,0.008723031,0.306591722
3110021N24Rik,0.008671415,32.24322943
Ripk2,0.008645608,9.862033725
Hltf,0.0086198,11.5482882
Mpc2,0.008568184,19.82626469
Sox11,0.008516569,16.45375575
Las1l,0.008490761,20.89933572
Nr0b2,0.008464953,0.153295861
Pds5b,0.008454792,41.54317833
Cnih2,0.008439145,6.489524783
Mtus1,0.008413337,10.32192131
Rtkn,0.008361722,17.06693919
Klhl3,0.008335914,13.89882473
Hook1,0.008310106,20.69494124
Abhd12,0.008284299,22.17680123
St8sia2,0.008258491,4.803270312
Ushbp1,0.008206875,1.021972407
Catsperg1,0.008181067,5.109862034
Galc,0.00815526,12.00817578
Mccc1os,0.008129452,1.021972407
Gm10654,0.008103644,1.686254471
Gm26899,0.008077836,4.649974451
2900011O08Rik,0.008052028,35.666837
Cnbd2,0.008026221,18.3444047
Tet2,0.008000413,23.70975984
Cyp2s1,0.007948797,1.430761369
Gm26805,0.00792299,2.095043434
Pnmal2,0.007897182,15.17629024
Hs3st1,0.007871374,3.0148186
Dck,0.007845566,3.474706183
Nudcd3,0.00784197,45.06898314
Gm36975,0.007819758,18.0889116
Sort1,0.007793951,22.02350537
Sipa1l1,0.007742335,31.78334185
Vwa5b2,0.007664912,31.68114461
AY036118,0.007639104,5.876341339
Znrf3,0.007613296,19.57077159
Arl14ep,0.007587488,7.256004088
Prdx2,0.007561681,20.43944813
Foxn3,0.007535873,31.78334185
Cc2d2a,0.007510065,10.21972407
Bzw2,0.007484257,16.86254471
Gm14342,0.007458449,2.708226878
Nudt16l1,0.007432642,5.058763413
Saraf,0.007406834,35.61573838
Rsf1os1,0.007355218,5.263157895
Akap8,0.007329411,31.37455289
Fam120b,0.007303603,39.9591211
Actr3b,0.007226179,10.52631579
Fam234b,0.007200372,8.175779254
Tubb6,0.00709714,0.459887583
Rufy1,0.007045525,24.73173224
Gm10552,0.007019717,1.021972407
Pxdn,0.006993909,8.584568217
Arhgef3,0.006968102,12.16147164
Ttc21b,0.006942294,20.54164538
Dtd2,0.00686487,3.219213081
Gm10371,0.006839063,4.905467552
Ldb3,0.006813255,5.314256515
Fbxw4,0.006787447,34.74706183
Syp,0.006761639,39.85692386
Wbp1,0.006710024,5.569749617
Rhobtb3,0.006658408,12.21257026
Slc38a1,0.006580985,32.24322943
Zfp618,0.006529369,34.28717425
Cracr2a,0.006503561,3.883495146
P3h4,0.006477754,2.759325498
Ikbip,0.006451946,9.248850281
Thap3,0.006426138,34.79816045
Fam196a,0.00640033,4.292284108
Slc37a1,0.006348715,9.0444558
Hibadh,0.006322907,19.00868677
Pcnxl2,0.006297099,25.29381707
Gm8871,0.006271291,2.095043434
Uhrf1bp1,0.006219676,5.671946857
Setd4,0.006193868,14.61420542
Nt5e,0.00616806,5.365355135
Snx18,0.006116445,4.292284108
Raver1,0.006064829,11.29279509
Ubash3b,0.006039021,19.41747573
Ak4,0.006013214,2.912621359
Uqcr10,0.005987406,18.5998978
Adck1,0.005961598,12.26366888
Flrt1,0.00593579,6.0296372
L2hgdh,0.005909982,7.61369443
Pi4kb,0.005884175,24.52733776
Stil,0.005858367,1.890648952
Gprasp1,0.005806751,33.72508942
Nxpe3,0.005780944,16.70924885
Nefh,0.005755136,7.102708227
Dhfr,0.005729328,3.06591722
Bcl2l11,0.00570352,1.53295861
Ncan,0.005677712,5.467552376
Gabra4,0.005651905,12.41696474
Ghrh,0.005626097,0.613183444
1110019D14Rik,0.005522866,10.93510475
Sox13,0.005497058,0.919775166
Gm10406,0.00547125,6.13183444
C77370,0.005445442,29.07511497
Bmp1,0.005419635,4.190086868
Cecr5,0.005393827,9.606540623
Fam129a,0.005368019,1.686254471
Col4a4,0.005342211,1.941747573
Amd2,0.005290596,1.53295861
Ttc8,0.005264788,45.83546244
Snrpb,0.00523898,10.88400613
Atp7b,0.005213172,1.788451712
Kif6,0.005161557,5.518650996
Clec18a,0.005135749,1.021972407
Zfp532,0.005109941,38.73275422
Gm14703,0.005084133,8.175779254
Kcnj9,0.005058326,5.109862034
Oscp1,0.005032518,14.5631068
Atp11c,0.00500671,29.02401635
Ermp1,0.004980902,6.234031681
Bbof1,0.004955094,18.14001022
Tbkbp1,0.004929287,11.75268268
Ermard,0.004903479,36.33111906
Gm16105,0.004877671,6.540623403
Cstf2,0.004851863,20.03065917
Mal2,0.004826056,4.445579969
Ankrd29,0.004800248,11.90597854
Proser2,0.00477444,1.53295861
Sipa1,0.004722824,2.401635156
Rdh10,0.004671209,4.752171691
Gm21969,0.004645401,0.664282064
Klf5,0.004619593,0.664282064
Ankrd26,0.004593785,14.46090956
Pgpep1l,0.004567978,4.59887583
Lrp1b,0.00456771,99.38681656
Neu2,0.00454217,1.686254471
Fhitos,0.004516362,2.350536536
Cpa6,0.004490554,11.70158406
Srr,0.004464747,31.32345427
Mtr,0.004438939,8.073582013
Gm26578,0.004413131,0.408788963
Celf4,0.004388584,85.02810424
Plcl2,0.004387323,27.08226878
Trpm6,0.004361515,1.941747573
Recql4,0.004335708,0.868676546
Macrod1,0.0043099,22.38119571
Atg10,0.004258284,24.83392948
2810429I04Rik,0.004206669,2.759325498
Rab36,0.004155053,23.76085846
Gm16152,0.004129245,2.861522739
Sppl2b,0.004103438,12.41696474
Fam189a1,0.004051822,44.04701073
Arsb,0.004026014,22.22789985
Heg1,0.004000206,2.912621359
Mical2,0.003974399,12.51916198
Grhpr,0.003922783,4.087889627
Gm14330,0.003896975,1.277465508
Kdm2b,0.003871168,25.08942259
Nprl3,0.00384536,14.20541645
Gm9866,0.003819552,3.679100664
Syt16,0.003793744,46.29535003
Cep63,0.003767936,9.708737864
Fancb,0.003742129,0.970873786
Papss1,0.003716321,11.08840061
Gm12153,0.003664705,0.408788963
Rsrc1,0.003638897,38.57945835
Wnt4,0.00361309,1.277465508
Gatsl2,0.003587282,22.63668881
Rccd1,0.003535666,7.766990291
Gmcl1,0.003509859,35.00255493
Smarcd3,0.003484051,16.09606541
Adra1b,0.003458243,5.467552376
Pkig,0.00338082,18.49770056
Abca5,0.003355012,25.49821155
Slc27a3,0.003303396,2.146142054
Fgf7,0.003277589,1.124169647
Glce,0.003225973,16.04496679
Zfand1,0.003200165,6.182933061
4930519A11Rik,0.003174357,0.204394481
Slco6c1,0.003122742,0.715380685
Scrt2,0.003096934,1.379662749
Cntnap1,0.003071126,13.03014819
Lrpap1,0.003045318,29.12621359
Il17ra,0.003019511,0.613183444
Wscd1,0.002993703,9.14665304
Gm10550,0.002942087,4.649974451
Gaa,0.00291628,42.51405212
Gm26611,0.002838856,0.715380685
Mnd1,0.002813048,0.919775166
Nkd1,0.002787241,0.562084824
Mtl5,0.002761433,0.459887583
Zbtb40,0.002735625,9.453244762
Hes1,0.002709817,1.58405723
Tcte2,0.002684009,36.1778232
Lrrc6,0.002658202,4.649974451
Lzts1,0.002632394,7.715891671
Pus3,0.002606586,7.460398569
Gadd45b,0.002580778,0.613183444
Spdye4b,0.002554971,0.05109862
Cubn,0.002529163,3.168114461
Crocc,0.002503355,17.22023505
Sept4,0.002477547,20.38834951
Lztfl1,0.002451739,18.49770056
4632415L05Rik,0.002400124,4.803270312
Rragb,0.002374316,16.55595299
0610043K17Rik,0.002348508,6.336228922
Gm26704,0.002322701,6.949412366
4921504A21Rik,0.002296893,4.54777721
Mettl17,0.002271085,11.65048544
Hfm1,0.002245277,8.482370976
Mdh1,0.002219469,42.9739397
Gucy2e,0.002193662,0.613183444
Slc6a20b,0.002142046,3.730199285
Gm12236,0.002116238,14.92079714
Dync2h1,0.00209043,46.39754727
Klhl23,0.002064623,5.671946857
Dnah2,0.002038815,6.898313746
Tmem117,0.002013007,48.79918242
Mmel1,0.001987199,1.53295861
Kif13a,0.001961392,30.45477772
Lmnb1,0.001935584,9.810935105
F2rl2,0.001909776,0.306591722
Sytl3,0.00185816,0.868676546
Liph,0.001832353,2.197240675
Tef,0.001806545,16.55595299
Nsmaf,0.001780737,16.19826265
1110046J04Rik,0.001729122,18.5998978
Sdf2l1,0.001677506,4.394481349
Mss51,0.001651698,3.832396525
Pank1,0.00162589,12.87685232
Ephx4,0.001600083,2.912621359
Abi2,0.001574275,42.00306592
Tnn,0.001548467,0.306591722
Rai2,0.001496851,7.409299949
Fbf1,0.001471044,8.584568217
Nop56,0.001445236,34.95145631
Nap1l5,0.001419428,49.15687276
Dcaf11,0.00139362,8.533469596
Dixdc1,0.001367813,25.29381707
Rfx3,0.001342005,44.14920797
Gkap1,0.001316197,33.57179356
Pdcd7,0.001290389,4.190086868
Pxk,0.001264581,23.6075626
Hnrnpm,0.001238774,33.72508942
Sema7a,0.001212966,2.299437915
Ifit1,0.001187158,0.562084824
Smarca5,0.00116135,19.21308125
Gm11884,0.001135542,3.06591722
Rhobtb2,0.001083927,13.28564129
5430402O13Rik,0.001032311,5.058763413
1190002N15Rik,0.001006504,1.941747573
Pla2r1,0.000980696,0.510986203
Cmtm8,0.00092908,1.328564129
Mdk,0.000903272,2.708226878
Pnpla1,0.000877465,5.467552376
Ube2ql1,0.000851657,3.985692386
Elovl4,0.000825849,10.01532959
Ccdc34os,0.000800041,0.817577925
Atp11a,0.000774234,16.30045989
Palmd,0.000748426,6.182933061
Nmnat3,0.000722618,3.219213081
Epb41l2,0.00069681,9.351047522
Cnr1,0.000671002,8.686765457
Rbm10,0.000619387,18.49770056
N4bp2l1,0.000593579,28.51303015
Fam65b,0.000567771,19.11088401
Phldb2,0.000541963,2.554931017
Efcab2,0.000516156,16.45375575
Samd4,0.000490348,37.71078181
Plpp3,0.00046454,7.664793051
Rab13,0.000412925,5.212059274
Fibcd1,0.000387117,2.606029637
D3Ertd751e,0.000361309,27.79764946
Abhd3,0.000309693,9.299948901
Cdkl5,0.000258078,21.66581502
Hlcs,0.00023227,19.31527849
Stk39,0.000206462,39.9591211
Rps29,0.000180654,16.30045989
Gm26767,0.000154847,3.219213081
Ntan1,5.16156E-05,26.98007154