gene,cellex_score,expr_proportion
Gm26633,0.995406927,20.02074689
Kcnab3,0.989614509,11.95539419
Slc4a9,0.989450483,5.912863071
Tmem44,0.988832572,16.85684647
Lhx1os,0.985901264,8.350622407
Mecom,0.984488966,9.595435685
Kcna1,0.98447499,34.31016598
Usp26,0.984248054,6.639004149
Wwtr1,0.984178962,9.673236515
Gm12688,0.984120264,3.215767635
A930029G22Rik,0.983861135,17.14211618
Gm9934,0.983374718,7.806016598
Gm10851,0.982283855,19.42427386
Rnf207,0.981651972,19.65767635
A330050F15Rik,0.979913998,13.84854772
Cckbr,0.979627704,4.434647303
Cgnl1,0.97851863,17.37551867
Strip2,0.978443929,17.53112033
Sp6,0.978438193,3.112033195
Lhx1,0.977972948,4.330912863
Syt2,0.976937555,51.8153527
Coro6,0.976237831,53.99377593
Gm13629,0.974950817,61.25518672
Gm7233,0.973974418,2.178423237
0610040J01Rik,0.973261527,7.391078838
Impa2,0.973255369,8.895228216
Lypd6b,0.972764731,20.72095436
Mkx,0.972307765,38.0186722
Col19a1,0.972216103,37.39626556
Sptssb,0.972049204,5.679460581
Htr4,0.970335255,25.46680498
A330043C09Rik,0.97017657,2.489626556
Sgpp2,0.969480069,31.25
Cyp39a1,0.969455601,6.12033195
BC049352,0.969234443,2.800829876
Gm13832,0.969128925,20.69502075
5031414D18Rik,0.9690149,2.437759336
Crhr1,0.968207999,8.376556017
Acan,0.967962321,3.137966805
Plscr5,0.967477076,1.348547718
Gm16070,0.96734821,9.802904564
Mcf2,0.966964623,14.10788382
Adamts16,0.966649675,15.6120332
Slc6a5,0.966574998,35.81431535
Gm17382,0.965153076,8.402489627
Fgf3,0.965061764,1.141078838
Tmprss4,0.964204766,2.904564315
St8sia5,0.962889049,17.14211618
A330008L17Rik,0.96240876,27.23029046
Fhdc1,0.961472528,5.368257261
2210011C24Rik,0.961150163,2.697095436
Pax8,0.959725728,13.09647303
Onecut3,0.959397845,4.071576763
Steap2,0.958945274,15.94917012
Msrb3,0.958420674,21.13589212
Sema7a,0.9579075,5.9906639
Plekhd1,0.957096508,9.802904564
Scn4b,0.957063789,7.053941909
Bcan,0.956533637,36.02178423
Col26a1,0.956205209,16.98651452
Hapln1,0.956170228,7.209543568
Stard5,0.955276047,21.93983402
Gm42512,0.954551299,1.322614108
Agmat,0.954428912,3.345435685
Flt3,0.953759887,30.13485477
Kcns3,0.952396411,10.55497925
P2rx5,0.951416309,7.546680498
Plcd4,0.949013696,13.35580913
Gprc5b,0.949006509,19.5280083
Pls1,0.948826329,21.8620332
Asah2,0.948454185,11.54045643
Pax2,0.947333593,28.42323651
AW495222,0.945759481,1.945020747
Slco6c1,0.945480412,2.282157676
Gm26673,0.945313341,8.143153527
Fgf9,0.945255309,9.387966805
Lingo4,0.945136342,2.126556017
Ugt8a,0.945055612,12.86307054
Has3,0.944612512,2.671161826
Tnfrsf11a,0.94250008,7.650414938
Rassf4,0.942180289,5.160788382
Hpn,0.941051296,4.953319502
Aff1,0.940963642,23.80705394
Myo16,0.940348013,49.32572614
Rasgrp2,0.939971637,16.83091286
Nexn,0.938984431,14.60062241
Col6a3,0.938953608,2.256224066
Kcnv2,0.938272237,2.359958506
Stac2,0.938147454,35.08817427
Zfp101,0.937273504,19.45020747
Gm28154,0.936684625,3.423236515
A330033J07Rik,0.936666393,26.45228216
Epha10,0.93664533,62.68153527
Runx2,0.93546276,29.25311203
P2rx6,0.935041868,7.572614108
Gm27198,0.933883649,5.031120332
Kazald1,0.932108167,4.668049793
Lrtm1,0.93186586,11.41078838
Dchs2,0.931421336,18.02385892
Gm13942,0.931177363,0.881742739
C230035I16Rik,0.93116834,2.204356846
Onecut2,0.93104649,20.38381743
Nacc2,0.930262719,15.45643154
Oprd1,0.930227446,9.984439834
Sphk1,0.929531992,1.685684647
Rbm20,0.92915542,11.17738589
Npas1,0.928891256,2.593360996
Wnt8b,0.928297703,1.400414938
Fbxo27,0.928187264,4.927385892
Gm13205,0.927338332,5.835062241
Mlxipl,0.927141028,2.800829876
Ppargc1a,0.927119861,33.81742739
Kcna2,0.926527999,16.83091286
2600014E21Rik,0.926205847,3.578838174
Gal3st1,0.926009001,10.50311203
Lgi2,0.925176608,13.25207469
Tnfsf13b,0.924430573,8.169087137
Mitf,0.924068267,27.41182573
Lgr5,0.923264048,26.89315353
Hsd17b2,0.923200695,5.549792531
St3gal6,0.923107906,17.79045643
Chrdl1,0.922276961,2.152489627
Gm20649,0.92226523,6.846473029
Mslnl,0.922052194,1.556016598
Slc25a13,0.921688934,23.4439834
Fbxo40,0.920858074,1.244813278
Adcy8,0.920799919,54.48651452
Ifnlr1,0.920206942,3.112033195
Trim71,0.919356127,2.230290456
Gm12092,0.919096604,2.645228216
Sv2c,0.918941257,47.32883817
P3h2,0.91817919,26.24481328
Epn3,0.918008057,1.478215768
Fat3,0.917785286,59.906639
Atp7b,0.917702709,4.123443983
Gm4211,0.916970358,3.734439834
Pfkfb3,0.916591005,10.96991701
Myo19,0.916271927,13.20020747
Hapln4,0.916084875,10.14004149
Adora2b,0.915613236,2.152489627
Ptpn22,0.914575443,8.039419087
RP24-177G14.2,0.914238982,3.941908714
Rerg,0.91397956,23.93672199
Gm13561,0.913682452,2.126556017
Trpm2,0.913558426,23.9626556
Sema5b,0.913399879,14.23755187
Ccdc171,0.913395289,22.71784232
Larp1b,0.9119895,29.27904564
Maf,0.911506699,6.40560166
Nfia,0.911411965,53.31950207
Col11a1,0.911117832,37.03319502
En1,0.909493116,0.907676349
Fanca,0.909133911,3.552904564
Six4,0.908170988,1.970954357
Ccbl2,0.907841523,3.967842324
Gm7945,0.90735903,0.596473029
Alox8,0.906850094,1.530082988
Pdgfrl,0.906808274,6.768672199
Rhbdl3,0.906615509,40.56016598
Sycp2l,0.906195452,2.593360996
Luzp1,0.904795093,61.04771784
Hhatl,0.90467607,4.279045643
Myb,0.904280065,7.131742739
Tarm1,0.903985181,1.556016598
Slc27a2,0.903981555,5.783195021
A330070K13Rik,0.903686945,1.141078838
Adam18,0.903469079,2.152489627
Gm12236,0.903409605,25.85580913
Trim43c,0.902964962,4.927385892
4930590J08Rik,0.902909924,10.50311203
Rab37,0.901749316,16.64937759
Gas2l3,0.900201489,4.486514523
Syndig1,0.900072536,46.05809129
Hs6st2,0.899018463,44.63174274
Dhrs11,0.898904122,8.376556017
Gm26771,0.898851368,6.716804979
Col4a5,0.898359264,7.806016598
Gm13112,0.898055217,12.88900415
Gm13067,0.897790438,1.218879668
Slc30a3,0.897774176,10.21784232
Bnc2,0.897737987,5.108921162
Adamts17,0.897556814,28.81224066
Sfxn5,0.897363351,53.3973029
Apol8,0.897312493,1.504149378
Tpcn2,0.89628195,12.94087137
Kcnc3,0.895720797,30.34232365
Vwc2,0.894768912,33.53215768
Arhgef6,0.894744063,16.33817427
Sept4,0.894633131,34.72510373
Snrpn,0.894541303,67.81639004
Gm44051,0.894183369,15.17116183
Mreg,0.893540855,5.731327801
Gas6,0.893291946,25.38900415
Gm15690,0.892685093,3.630705394
Stard9,0.892486353,39.78215768
Aifm3,0.891887517,36.02178423
Gm9947,0.890992305,3.137966805
Phldb2,0.890935211,7.806016598
9330179D12Rik,0.890575975,4.564315353
Cmc2,0.890242951,12.00726141
Pvalb,0.889841056,6.664937759
Tbc1d2,0.888699519,12.26659751
Grip1os3,0.888555438,2.359958506
Cds1,0.888307098,16.49377593
9530026P05Rik,0.88786983,29.40871369
1700112E06Rik,0.886675537,34.67323651
Egln3,0.885799712,1.737551867
Tekt5,0.885781608,2.022821577
Glra1,0.885538383,60.01037344
Ccdc69,0.885533676,1.115145228
Dmbx1,0.885383068,0.544605809
Sfmbt2,0.885289232,21.36929461
Gm29367,0.884871203,1.893153527
Ccdc150,0.883730471,6.48340249
Etv4,0.882519435,6.27593361
Gm15418,0.882268505,5.549792531
Lynx1,0.881235322,29.46058091
Nxph2,0.880407605,5.523858921
Slc25a37,0.880303255,3.734439834
Gm15856,0.88006221,5.886929461
0610040F04Rik,0.879643153,9.673236515
Gm20508,0.879067127,1.556016598
Itgae,0.878675339,5.835062241
Myl3,0.878595828,0.985477178
Pmfbp1,0.878311792,9.024896266
Col24a1,0.878089123,4.849585062
Wee1,0.877817392,8.013485477
1700003F12Rik,0.877733421,4.253112033
Thrb,0.877015124,61.90352697
Cep83,0.876988984,35.1659751
Sv2b,0.876748553,36.51452282
Gm28913,0.876608569,1.322614108
Zar1,0.87652394,2.152489627
Slc16a10,0.876521432,11.56639004
Gm44119,0.876399662,1.867219917
Siah3,0.876260135,19.81327801
Thpo,0.875649335,2.878630705
Esrrg,0.875465856,76.65975104
Vwa5b2,0.87446713,48.1846473
Gpr68,0.874197171,5.9906639
Lamp5,0.873970392,18.80186722
Abcd2,0.872970544,9.725103734
Tesk2,0.872742375,16.62344398
Swap70,0.872467261,3.319502075
Megf11,0.872459332,14.3153527
1700007F19Rik,0.870979041,0.778008299
Arhgap18,0.870913271,53.9159751
Cabp1,0.870458286,41.80497925
Pde4c,0.870000151,1.893153527
Gm26693,0.869683737,18.59439834
Scn1b,0.869440372,18.54253112
Dpp4,0.869382972,1.089211618
Foxp2,0.868914298,17.01244813
Bckdhb,0.868467259,47.12136929
Gssos1,0.868313414,2.619294606
Stk10,0.86720454,14.49688797
2010007H06Rik,0.866821997,1.296680498
Arhgap22,0.864732555,17.68672199
Casq1,0.863965223,1.478215768
Entpd3,0.863900807,11.15145228
1700113H08Rik,0.863844209,2.878630705
Rmi2,0.863764609,2.593360996
Tdrd5,0.862264293,5.420124481
Nod1,0.861771778,2.048755187
Abcb9,0.861074589,20.64315353
Abcb4,0.8601684,11.30705394
Atp1b3,0.859747151,35.21784232
4930415F15Rik,0.858551229,2.982365145
Poln,0.858416273,10.01037344
Sec14l2,0.85799266,6.09439834
Pip4k2a,0.857766138,27.64522822
Efcab9,0.857447895,1.322614108
Slc9a3,0.856320714,1.504149378
Slc22a23,0.855170696,31.04253112
Htr2c,0.853950656,74.92219917
Adamtsl5,0.853870649,8.921161826
Samd5,0.853529704,23.9626556
Acaa1b,0.852001292,1.244813278
Cplx1,0.851241113,29.90145228
Gm21798,0.85088388,12.05912863
Gabra5,0.850795692,21.36929461
Opn5,0.850511447,3.449170124
Ppard,0.847901845,14.62655602
Dusp15,0.847878219,18.90560166
Pik3cb,0.84744746,18.04979253
Fgf5,0.847250607,0.933609959
Epb41,0.846697192,58.92116183
Ubap1l,0.846404874,24.06639004
Ankrd9,0.846269349,4.953319502
Tspan12,0.846084886,12.91493776
Zfp398,0.846003369,49.29979253
Nfatc2,0.845578886,16.05290456
Mir124a-1hg,0.845450674,42.27178423
Gm13589,0.84536816,4.590248963
Specc1,0.845304281,54.22717842
Ak7,0.844962006,8.661825726
Atad2,0.844831746,9.439834025
Dexi,0.844555861,22.25103734
Tfeb,0.844452319,6.794605809
A330102I10Rik,0.844252851,70.51348548
Tbc1d30,0.843826805,19.76141079
Npas3,0.843483296,65.093361
Aanat,0.843027761,3.838174274
Cyp2s1,0.842986557,2.800829876
Blvra,0.842842787,10.55497925
1700019D03Rik,0.842796438,10.50311203
Fads6,0.842716485,8.998962656
Apba3,0.842569803,8.973029046
Dgkk,0.84194978,9.387966805
Ano3,0.841683719,54.04564315
Necab3,0.841590443,9.284232365
Junos,0.841395126,11.95539419
Limk1,0.841295308,33.29875519
Ankrd35,0.841046962,8.661825726
RP23-83P19.1,0.840513117,1.478215768
Col22a1,0.839615339,3.423236515
Arhgef3,0.838775261,20.8246888
Gm20479,0.837921645,3.838174274
Def6,0.837834299,3.864107884
Gm26525,0.837787643,0.389004149
Chrna4,0.837762367,2.308091286
Tex40,0.837160405,1.374481328
Adam11,0.836416292,22.61410788
4930452B06Rik,0.836410354,12.34439834
Mctp2,0.836031172,5.160788382
Esrrb,0.83563076,3.137966805
Gm3173,0.83480009,6.56120332
Pla2g3,0.833830567,28.50103734
Chek2,0.833299061,2.774896266
Cd164l2,0.833233929,7.131742739
Asb13,0.832823546,13.07053942
F11r,0.832769167,2.126556017
Ptchd4,0.832662847,69.60580913
Itpka,0.832320951,1.063278008
Zfp599,0.830975221,1.945020747
Sacs,0.830933077,22.45850622
Cdc14a,0.830678591,5.212655602
Tead3,0.830519353,1.270746888
Galnt12,0.829496163,3.604771784
Fam129a,0.828863856,2.852697095
AI854703,0.828851415,5.446058091
Wipf3,0.828839472,14.0560166
4921513I03Rik,0.828158024,0.855809129
Vsig10,0.827902022,4.719917012
Rnf128,0.827513516,14.21161826
Klhl40,0.827411535,1.037344398
Fhad1os2,0.827247692,1.011410788
Rpl3l,0.827151405,1.063278008
9430037G07Rik,0.827092573,1.737551867
Tnfrsf12a,0.826291393,5.031120332
Fgf11,0.824724762,5.316390041
Shc4,0.823369631,3.941908714
Cdca7l,0.823307468,2.619294606
Pnpla3,0.822971856,20.35788382
Gm26885,0.821997896,3.656639004
Rnf26,0.821937434,14.3153527
Ptpre,0.821402163,22.97717842
Sdsl,0.821141011,9.232365145
Tm6sf1,0.820964041,14.52282158
Atp8a2,0.820629471,67.09024896
Fut2,0.819889155,1.063278008
Sh3bp1,0.819751169,16.64937759
Itgav,0.819566994,8.376556017
Ankrd29,0.818785514,18.64626556
Ankrd34b,0.818499087,3.293568465
Fbln5,0.816664413,1.763485477
Mknk1,0.816511626,12.44813278
Gm12239,0.815854353,56.97614108
Abhd3,0.815190858,15.8973029
Atp2b2,0.815122974,56.58713693
Cyp4f16,0.814946321,5.912863071
Tmem8,0.814707437,8.973029046
Rffl,0.814475941,23.05497925
Kcnab2,0.814295334,15.6120332
Tek,0.813995484,24.32572614
Cyp11a1,0.813751757,1.530082988
D930048N14Rik,0.813614734,3.371369295
Usp2,0.813556723,17.76452282
Runx2os1,0.813386676,0.466804979
9030617O03Rik,0.813043121,6.06846473
Gm20629,0.812921885,10.89211618
Pus1,0.812602124,5.835062241
Mme,0.812600819,4.719917012
Il15ra,0.812536101,8.765560166
Eqtn,0.812268183,2.308091286
Wnk4,0.81156133,2.619294606
Mpp7,0.810964812,29.51244813
Etl4,0.810572193,84.07676349
Cyp2j6,0.810245259,4.123443983
Plg,0.810181017,0.492738589
Syt3,0.810044313,17.66078838
Bcl2l15,0.808986862,2.567427386
Syde1,0.808800704,2.048755187
Sgk3,0.808036359,9.751037344
Adamts5,0.807722561,4.927385892
Gm34086,0.807484201,10.11410788
Gm8104,0.807307537,1.270746888
Gm904,0.806647638,0.23340249
Nova1,0.806540683,46.49896266
Lrp2,0.805558545,2.022821577
Inadl,0.805510638,45.3060166
Evx1os,0.805291459,0.648340249
Myh14,0.805179268,19.68360996
Parp14,0.804468114,1.815352697
Wisp1,0.80364983,0.933609959
Trim43a,0.80357423,2.411825726
Cdk6,0.80354645,1.737551867
Fam13a,0.803472257,56.87240664
Cacna2d3,0.802257514,79.84958506
Adcy1,0.801481759,12.96680498
Nanos2,0.80066027,1.426348548
9330158H04Rik,0.80051899,21.52489627
Rabepk,0.800270993,12.57780083
Phf24,0.799959293,22.95124481
Lgi3,0.799473066,18.85373444
St3gal5,0.798837759,25.95954357
Gm38399,0.798449656,10.19190871
Pnkd,0.797841236,45.33195021
3110035E14Rik,0.797428851,5.394190871
Tmem25,0.796784401,19.68360996
Bend6,0.79636132,67.7126556
Zak,0.795340433,5.809128631
Mapk12,0.795253752,9.647302905
Arhgap9,0.795238164,0.648340249
Irak3,0.795205259,1.296680498
Sparcl1,0.795106333,42.27178423
Tpm2,0.794935882,0.544605809
St8sia1,0.794917435,23.9626556
Kcnt1,0.794713007,27.77489627
Il1rap,0.794277684,18.46473029
Clic6,0.794231213,1.167012448
Peli2,0.794209078,13.97821577
Cdh11,0.793394139,27.28215768
Gadd45b,0.792679623,1.063278008
Bhmt2,0.79259489,0.855809129
Vamp1,0.79137149,15.3526971
Pcx,0.791092315,17.16804979
Aars2,0.790654232,6.716804979
Tnfrsf25,0.790458941,1.218879668
Akr1b10,0.790246582,8.246887967
AF529169,0.789952162,12.96680498
Fam105a,0.789707998,13.87448133
Cdh20,0.789615574,37.11099585
Sfn,0.789357705,1.244813278
St6gal1,0.78931767,20.95435685
Gm3468,0.789212527,5.108921162
Vmn2r85,0.788872323,10.03630705
Nmur2,0.787696595,15.6379668
Klc4,0.787526128,10.58091286
Spats2,0.787165775,26.2966805
Vrk2,0.787126124,3.630705394
Gm2115,0.787076094,4.382780083
Slc16a1,0.786000973,8.195020747
Gm12576,0.784540483,6.14626556
Gm26867,0.784318094,0.31120332
Cd1d1,0.784314944,3.967842324
Pvrl4,0.783453135,1.581950207
Ccdc7b,0.783190686,5.886929461
Gm26611,0.78284918,1.089211618
Kank4,0.782543621,7.053941909
Trnp1,0.782256832,9.932572614
Cit,0.78212595,77.43775934
Acss2,0.781998762,32.33921162
Gm43532,0.78159113,0.803941909
Foxj1,0.780410967,1.996887967
Gm16193,0.780370049,1.426348548
Mms22l,0.780359478,4.382780083
Gm3252,0.780349979,1.867219917
Cacng2,0.780078641,31.09439834
Spsb4,0.77981164,5.005186722
Lepr,0.779228194,10.03630705
Cyp2d22,0.778826268,2.334024896
Gm28863,0.778534549,0.389004149
Manba,0.778163917,29.30497925
Glrx,0.778057477,5.627593361
Fgf18,0.777740379,2.282157676
Gm20395,0.777695322,0.700207469
Ifitm10,0.776554867,12.03319502
D330050G23Rik,0.775711756,2.541493776
Me3,0.775086461,49.97406639
Aldh1l2,0.774944506,6.22406639
Rilp,0.774901114,1.711618257
Lpcat4,0.774397562,10.55497925
Gab3,0.773600004,18.72406639
Chrna1os,0.773442374,1.296680498
Rap1gap,0.772874502,53.42323651
Gm1604b,0.772649015,9.232365145
Inpp5j,0.772337932,9.802904564
Prdm11,0.772143228,14.0560166
Gm26770,0.7712441,11.17738589
Gria3,0.771050408,76.0373444
Ccdc88c,0.771040308,4.953319502
Kcnc1,0.770982845,27.12655602
Gm3667,0.770487547,2.334024896
Spp1,0.769960423,8.272821577
Tmem151b,0.769907385,7.339211618
Gm28410,0.769345955,0.959543568
Raver2,0.768763688,8.661825726
Rsad1,0.768370515,7.883817427
Prdm9,0.768288159,3.501037344
Pstpip2,0.767988058,6.5093361
Gm26577,0.767880181,1.296680498
A930004D18Rik,0.767664768,2.593360996
Tbc1d4,0.76737116,38.84854772
1700112D23Rik,0.766647759,7.313278008
Gm16126,0.766498259,11.25518672
Recql4,0.765774949,1.296680498
Ltk,0.765703956,5.238589212
Ncapd2,0.765565637,9.128630705
Reep3,0.765221766,26.99688797
Slc25a26,0.765205549,21.47302905
AB041806,0.764277826,2.359958506
Grm4,0.76410101,8.973029046
Rorb,0.763817172,8.947095436
Nat8l,0.763398164,18.07572614
Epha4,0.763361426,20.43568465
Cntnap1,0.762799749,18.82780083
Zfyve28,0.762785239,35.86618257
Gk,0.762757933,21.55082988
Evc,0.762292913,2.697095436
Rpl10l,0.762232127,0.10373444
Adam33,0.762215352,1.192946058
Scn1a,0.761807303,80.78319502
Mup6,0.760908011,1.296680498
Guca1b,0.760871408,2.204356846
Sox13,0.76087041,1.970954357
Eno4,0.760440248,3.552904564
Rps6ka1,0.760391813,7.857883817
B230323A14Rik,0.760257331,2.956431535
Gm6288,0.759436425,4.823651452
Tnfrsf23,0.759102337,3.786307054
Gm16267,0.758914217,1.115145228
Ano4,0.758433872,59.56950207
Ttc39b,0.757893259,21.26556017
Tespa1,0.757842436,2.930497925
Dtnbp1,0.757683309,22.43257261
Gm13944,0.757266113,19.06120332
4930458D05Rik,0.757189472,2.437759336
Gm9866,0.757180688,5.731327801
Rsph10b,0.756895548,10.32157676
Mroh1,0.756086938,34.25829876
Sox5os2,0.755861097,1.322614108
Ttll5,0.755543232,47.51037344
Whrn,0.754515482,13.45954357
Itpr2,0.754181714,9.751037344
Col6a1,0.753841796,2.956431535
2610042L04Rik,0.753484217,1.141078838
Dgkg,0.752599631,37.08506224
Snph,0.752483314,51.34854772
Cyp4f18,0.752326294,3.163900415
9930111H07Rik,0.752305484,1.011410788
Dna2,0.751826864,7.131742739
Npy5r,0.751270867,3.397302905
Slamf8,0.751176282,0.674273859
Htr1f,0.750677312,46.29149378
Ddx43,0.750388949,1.556016598
Adamts3,0.750282701,13.64107884
Zfp385a,0.750253671,12.13692946
Rmnd1,0.749491512,29.9533195
Grik1,0.749123773,37.05912863
Gm3005,0.749034603,4.901452282
Ankrd55,0.748085985,43.62033195
Pdss1,0.747470992,28.83817427
2410018L13Rik,0.747384206,13.2780083
Nceh1,0.747372219,20.5653527
Fstl1,0.747271903,19.39834025
Nxpe3,0.747185594,23.13278008
Card10,0.746154231,2.671161826
4930557J02Rik,0.745749285,4.045643154
Arhgap10,0.745198188,11.56639004
Gm5627,0.744741207,1.192946058
Il17re,0.744660841,0.803941909
RP23-477O13.1,0.744591199,1.115145228
Arhgap27os2,0.74451862,2.359958506
Fam184b,0.744421692,13.77074689
Pgr,0.744301122,19.76141079
Rnf213,0.744035594,7.728215768
Slc25a15,0.744009713,2.204356846
5031439G07Rik,0.743785439,40.97510373
Tango2,0.743171435,60.29564315
Chrd,0.742919251,5.809128631
Kremen2,0.74280704,1.945020747
Papln,0.741918302,1.167012448
Mtap,0.74118473,4.227178423
Rbbp8,0.740534012,12.00726141
Abcg8,0.740076015,1.996887967
Nkx6-3,0.73969588,0.518672199
Hsbp1l1,0.739682659,2.074688797
Agpat9,0.739357901,9.465767635
Mcu,0.738460923,40.06742739
Gm14341,0.73804392,0.596473029
Pparg,0.737888999,10.96991701
Rbm47,0.737834767,1.893153527
Zan,0.737563823,6.01659751
Sash1,0.737299905,12.81120332
Cox10,0.73674693,18.69813278
Gm4794,0.736591953,1.270746888
Epha5,0.736576207,79.35684647
Slc9a2,0.736355869,3.060165975
Krt222,0.735409437,25.31120332
Airn,0.734065784,36.38485477
Crot,0.73402032,11.28112033
Pacsin3,0.733793726,3.526970954
Pag1,0.733611831,25.62240664
Cped1,0.732787925,8.169087137
Ankrd34c,0.732243902,1.115145228
Mob3c,0.732209366,3.708506224
Gm12681,0.731998245,0.337136929
Ndufaf2,0.73184818,19.76141079
Lcp1,0.731375156,8.635892116
Tal1,0.731272093,0.803941909
Slc25a33,0.731269562,9.647302905
Gm9930,0.730706842,2.515560166
Adarb1,0.73010863,32.33921162
Setd8,0.729445556,9.776970954
Ido2,0.728702553,1.322614108
Hlcs,0.728540608,26.97095436
Gm26510,0.728511779,1.478215768
Tesc,0.728179416,9.076763485
Pglyrp1,0.728144976,6.613070539
Gm5106,0.727392395,4.201244813
Selenbp2,0.726709476,0.907676349
Ciart,0.726631767,3.760373444
Adm,0.726424476,1.011410788
Inip,0.726371852,7.624481328
Rell2,0.726213247,21.42116183
Kcnn2,0.726125361,64.13381743
Gm10552,0.725784814,1.711618257
Tbc1d1,0.725437207,20.48755187
Sntb2,0.725123278,29.48651452
Ppargc1b,0.724583399,21.10995851
Klhl10,0.724572131,24.61099585
Mcm10,0.724411228,1.504149378
Gm44127,0.723402373,1.426348548
Gm10634,0.723364198,1.607883817
Ppa2,0.722911071,15.01556017
Zfp955a,0.722538919,2.541493776
Gm28182,0.722425822,0.337136929
Efr3b,0.722370649,44.47614108
Gm26697,0.721345863,1.581950207
Mfsd4,0.721342809,13.17427386
Gm43126,0.721111561,0.648340249
Plet1,0.720765863,0.700207469
Gm13619,0.72052957,1.192946058
Ushbp1,0.719440212,1.556016598
Galnt9,0.719372116,15.56016598
Inhbc,0.719080152,1.426348548
Gm44386,0.719045163,1.867219917
Gm10479,0.718939152,4.719917012
Nfyc,0.718628831,35.71058091
Xrcc6bp1,0.718614427,6.5093361
Crtac1,0.718307198,24.89626556
Gm26902,0.717946206,0.881742739
Tmem241,0.717396548,24.42946058
Grm1,0.717386297,45.79875519
Zfp385c,0.717380754,1.581950207
Zfp114,0.717152239,1.685684647
Pim1,0.715554089,4.875518672
Gm17540,0.714126626,0.07780083
Gm13031,0.714021531,1.504149378
Sord,0.713970742,5.783195021
Ccdc126,0.713703792,5.420124481
Kif6,0.713568971,7.831950207
Ell2,0.713397725,14.3153527
Hspa12a,0.71295731,10.11410788
Noxred1,0.712846446,2.723029046
Gm30382,0.712067375,36.51452282
Gm10399,0.711689681,0.829875519
Adam23,0.711268822,68.82780083
Gm16485,0.710830111,1.426348548
Taf4b,0.710792967,7.702282158
Mroh8,0.710478858,6.872406639
Gls2,0.710198998,27.17842324
Gm3488,0.709752909,3.501037344
Lekr1,0.708983509,30.96473029
Fbn1,0.708526383,9.517634855
Agbl1,0.708435309,14.23755187
Lhx5,0.708435166,2.723029046
Abracl,0.707978463,3.890041494
Nedd9,0.707927898,12.18879668
Grin3b,0.707813752,4.253112033
Gm26641,0.707774893,1.996887967
Arhgap27,0.707131712,2.904564315
Mpped1,0.707020752,7.754149378
Tfdp2,0.706838928,33.42842324
Rassf5,0.706770922,6.820539419
Gcnt4,0.706658798,0.596473029
Them7,0.706322108,1.530082988
Hspa4l,0.706026634,41.36410788
Focad,0.705637237,58.35062241
Ccne1,0.705323311,1.400414938
Klc2,0.705195939,39.60062241
Hes1,0.704626916,2.411825726
Hcrtr2,0.704589692,15.093361
Cnnm1,0.704350475,20.53941909
Slc19a2,0.704076125,4.149377593
Cntn2,0.703333526,13.5373444
Zfp169,0.702160394,17.27178423
Map3k9,0.702125082,8.480290456
Adap2,0.701849191,1.141078838
Myrip,0.701377654,22.71784232
Vstm5,0.701284999,16.9346473
Gm43634,0.701102242,1.659751037
Plekhd1os,0.700974448,0.674273859
Vcpkmt,0.70096547,3.397302905
Habp4,0.700835651,21.47302905
Gm17171,0.700750617,1.711618257
Zfp30,0.70040524,9.180497925
Kcng4,0.700149691,2.748962656
Zfp955b,0.699277385,3.993775934
Pcdh11x,0.697913807,58.79149378
Ldb3,0.697566707,7.442946058
A830031A19Rik,0.697543177,2.852697095
Pdcd7,0.697525637,5.96473029
Morc2b,0.69749433,4.693983402
Ttll6,0.696669243,2.930497925
Kcnk10,0.696578338,37.42219917
Gm44071,0.69541766,0.881742739
Tsen54,0.694388742,4.719917012
Helb,0.693723205,2.100622407
Hacd4,0.692659096,5.860995851
Abat,0.692245589,38.07053942
Gm13497,0.691778523,1.685684647
Mlip,0.691529375,4.382780083
Antxr1,0.691417903,13.66701245
4430402I18Rik,0.691286337,41.23443983
Dcbld1,0.691259369,10.86618257
Lhx2,0.690787708,0.20746888
Wdr45,0.690773916,0.881742739
Rph3a,0.690250182,41.83091286
Ptpn14,0.689629172,0.933609959
RP23-449M8.6,0.689265755,0.492738589
Lin7b,0.688491318,14.15975104
Stxbp6,0.688338398,27.77489627
Prim1,0.688253844,5.835062241
Cracr2a,0.687162754,6.40560166
Gm16867,0.686878349,5.031120332
Mtus1,0.686691575,13.30394191
Nudt7,0.686387523,7.391078838
Gm11493,0.686160839,0.02593361
Cdh8,0.686122671,44.37240664
Camk1d,0.685913389,49.45539419
Csgalnact1,0.685741322,25.59647303
9530059O14Rik,0.68573767,62.88900415
Cdh6,0.685688395,35.08817427
Ccdc93,0.685616086,14.47095436
Esrra,0.685566724,12.16286307
Mansc1,0.685397751,0.803941909
Fam98c,0.685178338,12.34439834
Cd300lf,0.6848911,1.607883817
Disc1,0.684599007,12.26659751
AU041133,0.68456139,5.368257261
Plch2,0.683931614,2.645228216
9830132P13Rik,0.683527588,5.912863071
Map1a,0.683489623,17.89419087
Gm43674,0.683437325,0.389004149
Esyt1,0.682893247,6.22406639
Fblim1,0.68256954,2.022821577
Hs3st3b1,0.682524938,3.423236515
Lrrc27,0.681511548,2.541493776
Gm20715,0.681294551,1.089211618
Slco5a1,0.680259518,4.460580913
Ust,0.680162747,23.41804979
Scp2,0.68009376,5.134854772
Fndc5,0.679957332,9.802904564
Nol9,0.679732203,7.831950207
Bmp1,0.679659476,5.783195021
Atp11c,0.679085884,36.61825726
Sh3rf3,0.678894466,27.15248963
Zg16,0.678395451,0.985477178
Pcolce2,0.677450437,10.50311203
Robo1,0.676972308,71.44709544
Mmel1,0.676632321,2.152489627
Igf1,0.676304379,2.567427386
Haghl,0.676128616,47.406639
Gm15563,0.675539463,4.823651452
Pde4a,0.675045825,31.32780083
Tanc1,0.673453183,21.57676349
Fut9,0.672678626,48.41804979
Gm27032,0.671986592,17.79045643
Rapgef4os1,0.671887446,45.12448133
Fam195a,0.671652472,3.241701245
Rad51b,0.671259976,3.449170124
B230110G15Rik,0.670695156,0.10373444
Gm14051,0.67057458,5.627593361
RP24-240G4.4,0.669629801,0.07780083
Tacc3,0.669545242,3.578838174
N4bp3,0.669477397,1.115145228
Grin1,0.669355326,64.78215768
Pax1,0.669163976,1.400414938
Bcat1,0.668647725,22.01763485
Cdc42ep2,0.668614818,1.867219917
Samm50,0.667934356,15.53423237
Tradd,0.667752755,3.604771784
Adrb3,0.667520877,0.933609959
1700109G14Rik,0.666961463,0.518672199
Fam175a,0.666921603,8.635892116
Scube1,0.666829717,9.413900415
Cdc25b,0.666765591,6.14626556
Laptm4b,0.665911995,15.01556017
Vwa7,0.665696833,2.334024896
Slc32a1,0.665640223,14.70435685
Clec2l,0.665326758,7.261410788
Lsmem1,0.665268208,1.530082988
1700011I03Rik,0.665020986,1.504149378
Syt12,0.664640604,15.43049793
Gm5796,0.664524203,0.855809129
Dhfr,0.664245704,4.045643154
Prcp,0.663882647,19.39834025
Wdhd1,0.66362794,8.298755187
Spag1,0.663045797,10.50311203
Ung,0.66283488,0.959543568
Piwil2,0.662814125,2.308091286
Ccnjl,0.662690168,7.183609959
Ppib,0.662392659,22.82157676
Prim2,0.660784188,12.96680498
Bmp6,0.659963176,2.334024896
Slc7a2,0.659963133,1.685684647
Dync1i1,0.659222302,75.12966805
Ptx3,0.659167137,0.23340249
Zfp385b,0.65911259,47.53630705
Abcb1b,0.659052443,9.621369295
Topbp1,0.658992557,5.835062241
Gm11520,0.658942919,8.220954357
Piezo2,0.658837808,5.575726141
Lats2,0.658251215,10.55497925
Spink10,0.658226131,32.2873444
CR974586.5,0.65800886,0.12966805
Dlat,0.657848186,34.1026971
Kcnn1,0.657734321,1.607883817
Nudt8,0.657143992,5.290456432
Kcnk12,0.65669294,4.019709544
Redrum,0.656518668,0.23340249
Rbms2,0.655628703,13.20020747
Nr5a2,0.655073172,0.985477178
Kifc3,0.654138038,9.284232365
Gm36388,0.653786888,12.44813278
Pex5l,0.653731016,59.93257261
Fa2h,0.653727294,4.434647303
Tmem28,0.653648262,2.178423237
Myo18a,0.652619727,40.8973029
Kifc2,0.651943718,33.5840249
Slc9a3r2,0.651933352,7.546680498
Mpp6,0.651572935,24.63692946
Prrt3,0.650672838,5.316390041
Appbp2os,0.650611351,3.449170124
Mmp28,0.650116958,1.633817427
Sh3bgr,0.64976552,3.993775934
March2,0.649125068,23.4439834
Gm37381,0.649110365,0.985477178
Stk24,0.648926589,10.1659751
Lrpprc,0.648545158,28.52697095
Tox3,0.648428048,8.246887967
Pfkp,0.648300489,39.60062241
Shb,0.648081656,7.520746888
Zbtb1,0.64791955,5.627593361
Gm17202,0.647728826,5.031120332
Nfkbiz,0.647495259,4.201244813
Slc1a1,0.647454789,19.89107884
Cpne9,0.64745015,6.25
Zfp457,0.646821858,1.970954357
Iqsec3,0.646362155,40.32676349
Homer3,0.646355905,1.296680498
Aifm1,0.645785659,17.7126556
Zfp664,0.645692964,17.55705394
Adamts9,0.644769558,4.330912863
Apobec4,0.644257558,16.6753112
St6galnac4,0.644086624,3.993775934
Fgfr1op,0.643828937,9.725103734
Ackr4,0.643737705,5.731327801
Hmg20b,0.643422235,5.9906639
Col15a1,0.643346834,1.504149378
Rgs6,0.643028567,50.95954357
Panct2,0.642944619,2.100622407
Gm10827,0.642046307,9.465767635
Gm15155,0.640716558,35.84024896
Lrrc63,0.639842083,0.959543568
Dlc1,0.639752862,63.04460581
Gdpgp1,0.639690329,2.489626556
Gm27199,0.639448187,2.800829876
Ttc39a,0.639135629,11.92946058
Gm38155,0.638936714,9.024896266
RP23-449M8.5,0.638320222,0.414937759
Rab3il1,0.637527537,1.452282158
Napepld,0.637328907,6.30186722
E130114P18Rik,0.636932324,4.097510373
Gm11734,0.636217,1.426348548
Gm15687,0.636143721,1.244813278
Capn2,0.635570275,21.00622407
Pde3a,0.635497562,10.71058091
Ttc39aos1,0.634933414,4.512448133
Mro,0.634579715,4.460580913
Paqr9,0.634445744,8.998962656
Gys1,0.634305962,24.81846473
Lrrc69,0.634270997,7.987551867
Ggct,0.633722984,2.904564315
1700108J01Rik,0.633464908,5.108921162
Gm43612,0.63289009,0.02593361
Osbpl6,0.632883795,74.11825726
Gxylt1,0.632791757,7.183609959
Pwwp2b,0.632756489,1.893153527
Slc4a10,0.632733816,62.13692946
Hltf,0.632668135,14.15975104
Scrt2,0.63266693,2.385892116
Sppl2b,0.63233798,15.97510373
Ppm1l,0.632263558,35.01037344
Wnt5a,0.632141394,2.619294606
Slc26a8,0.632086027,8.817427386
Blm,0.631250528,8.947095436
Epha7,0.63088026,33.66182573
Itga5,0.630601705,5.446058091
Mppe1,0.63057672,2.541493776
Them6,0.630494868,6.17219917
RP23-343H23.2,0.630398696,1.322614108
Kctd6,0.630253585,3.345435685
Cdh18,0.629422707,96.03215768
March11,0.629079238,36.9813278
Ptpn5,0.628630802,34.54356846
Relt,0.628367196,3.630705394
Extl1,0.628051013,1.867219917
Gm28539,0.627262429,15.76763485
Gm16337,0.62723122,2.282157676
Vmn2r87,0.626284322,8.169087137
Uchl5,0.626212104,16.23443983
Shkbp1,0.625901691,7.339211618
Shd,0.625694773,18.02385892
Gm11744,0.62543813,2.437759336
Etfa,0.625303977,36.90352697
Lrrc57,0.624828844,8.506224066
Adarb2,0.62464753,56.06846473
Dusp10,0.624258784,4.953319502
Ngf,0.623500049,0.985477178
Cenpm,0.623192555,0.907676349
Susd3,0.622859045,1.244813278
Gm14487,0.622418213,0.492738589
Ighmbp2,0.62216276,5.835062241
Rhobtb3,0.622024592,15.17116183
Slc4a8,0.621944296,17.06431535
Mir124-2hg,0.620895495,38.71887967
Zfp691,0.620506817,3.215767635
Clcn2,0.619929521,8.558091286
Sirt3,0.619381035,19.21680498
Ezh2,0.619354556,13.74481328
Cstf2,0.619265006,25.05186722
Grrp1,0.61842585,0.803941909
Rabep2,0.617920834,12.29253112
Gm42649,0.617287238,14.65248963
Ksr1,0.617117116,13.56327801
Chrm2,0.616820299,57.70228216
Cdk14,0.616763622,77.25622407
2610035D17Rik,0.616649014,30.34232365
Prss12,0.616377508,5.108921162
6330409D20Rik,0.615691183,1.270746888
Gm826,0.615602431,0.466804979
1110035H17Rik,0.615372762,1.919087137
Micalcl,0.6148127,1.607883817
Lrrcc1,0.614736022,24.7406639
Unc13c,0.614703634,55.86099585
Pantr1,0.614703466,16.10477178
Slc6a8,0.613993401,10.71058091
Cdr2l,0.613606565,5.420124481
4933406I18Rik,0.613076194,53.00829876
Batf3,0.612456612,0.518672199
2310026I22Rik,0.611527673,3.838174274
Atp5sl,0.610872511,8.195020747
Scn8a,0.610865958,64.03008299
Gm28807,0.610797076,0.907676349
Elf2,0.610354497,16.156639
Ppm1f,0.610281423,15.74170124
Rbfox1,0.610049607,94.45020747
Evx2,0.609866676,0.10373444
6430573F11Rik,0.60954404,4.719917012
Dcun1d2,0.608968132,16.39004149
Slc36a1,0.608583671,6.742738589
Slc29a2,0.608442033,3.086099585
Ddhd1,0.608321296,26.01141079
Fkbp10,0.608058943,1.192946058
Gm3558,0.60776607,3.578838174
Capn1,0.607362588,5.705394191
1810034E14Rik,0.607225485,24.79253112
Car7,0.607108117,5.679460581
Arhgef4,0.606979645,18.93153527
Adss,0.606924946,17.55705394
Cmc1,0.606811568,9.284232365
Etv6,0.606378966,22.89937759
Spag6,0.605655794,1.478215768
Dffb,0.605445916,11.33298755
Gm37168,0.605142414,1.504149378
D830030K20Rik,0.604829448,5.186721992
Gsr,0.604695264,11.59232365
Rassf9,0.60457563,0.881742739
2900055J20Rik,0.604556279,14.67842324
Slc35f3,0.604533772,19.94294606
Sapcd1,0.604462828,2.048755187
6720483E21Rik,0.604391766,1.996887967
Rab30,0.604117895,35.06224066
Tfrc,0.603721603,10.58091286
Mrm1,0.603695118,4.538381743
Mecr,0.60361371,24.29979253
Acp6,0.60340652,12.68153527
Nagpa,0.602839656,2.126556017
Palm2,0.602351851,48.57365145
Stx1b,0.60179867,22.30290456
Wipf1,0.601691864,6.820539419
Morn3,0.601666962,1.296680498
Nefh,0.601550408,9.310165975
A830018L16Rik,0.601368423,42.60892116
Oma1,0.600945641,9.206431535
Gm26761,0.600922734,0.15560166
Pdcd2l,0.600666208,13.95228216
Ints10,0.600498507,20.87655602
Tmem19,0.600279572,12.39626556
Gm5483,0.599669068,0.02593361
Smpd4,0.599561076,12.31846473
Dus3l,0.59848792,21.18775934
Gli3,0.598221548,2.385892116
Ripk2,0.598137379,11.51452282
Cyp2u1,0.597869349,7.442946058
Dydc2,0.597028978,3.967842324
Cdh12,0.596799338,62.52593361
Arntl2,0.5961148,14.39315353
Mthfsd,0.596022896,17.81639004
Efr3a,0.595984532,32.83195021
Cast,0.595892358,17.63485477
1700017B05Rik,0.595801248,1.478215768
Gss,0.595362214,6.820539419
Dcst2,0.59534168,1.011410788
Lrch1,0.595250467,58.01348548
Fut7,0.595238233,0.492738589
Thy1,0.595118127,27.41182573
Dfna5,0.594667239,33.0653527
Spata17,0.593852495,4.771784232
Coro1b,0.593631248,7.857883817
Spink13,0.592457127,2.074688797
Atp1a3,0.592307951,64.60062241
Wdr76,0.592263073,11.02178423
Tspan9,0.591854535,11.82572614
Nup107,0.591847859,11.38485477
Fzd6,0.591163369,0.570539419
Bmp4,0.591113166,0.2593361
Amhr2,0.590516934,2.515560166
Rnf157,0.590413428,50.72614108
Nrg4,0.58968389,7.935684647
Zfp454,0.589439795,1.426348548
Cep70,0.589226913,19.2686722
Pde1b,0.589084912,8.739626556
Sppl2a,0.589063832,21.29149378
Map2k3,0.589057756,9.595435685
Iffo1,0.588753306,15.06742739
Nox1,0.5886725,8.791493776
Gm15396,0.58838633,7.079875519
Lpp,0.587982456,45.46161826
Crlf3,0.587248917,12.99273859
Ryr2,0.587157501,77.77489627
Ntng2,0.587100089,10.60684647
Upk1a,0.586549204,1.037344398
Slc25a3,0.586530538,39.8340249
Fam111a,0.586079751,12.94087137
Glyat,0.585966579,0.570539419
Gm15631,0.585918216,2.385892116
Clgn,0.585731184,14.54875519
Snx24,0.585728705,26.42634855
Zfp692,0.58569251,40.58609959
Ttc19,0.585322395,46.0840249
Gpr63,0.584735913,5.005186722
Asap1,0.584606666,66.57157676
Platr31,0.583870709,2.437759336
Slc35f4,0.583811856,52.35995851
Nr2f2,0.58372515,3.812240664
Met,0.583679586,3.449170124
Abcc10,0.583426774,11.61825726
D630003M21Rik,0.582424781,1.996887967
Adamtsl3,0.582416749,8.532157676
St3gal3,0.582398294,41.05290456
Ermp1,0.580912686,8.013485477
Fam199x,0.580779403,12.13692946
Colgalt2,0.580719451,1.815352697
Gm29514,0.580714663,32.59854772
Gm13889,0.580702087,2.100622407
Gm7276,0.580665783,0.596473029
Susd4,0.58055104,31.45746888
Qrsl1,0.580269087,10.86618257
Galnt7,0.578884422,22.71784232
Rbfox3,0.578810648,47.53630705
Eya2,0.578190302,9.932572614
Dok7,0.578018838,4.097510373
Slit2,0.577834958,69.06120332
Ankrd24,0.577512744,37.47406639
Zswim7,0.577176214,6.639004149
9230111E07Rik,0.576627179,1.452282158
L3mbtl1,0.576590694,10.55497925
Zswim5,0.576207635,25.46680498
Ryr3,0.575767455,62.86307054
Polr3a,0.575515853,11.9813278
Dnajc11,0.575414774,24.53319502
Echdc2,0.575317954,3.293568465
Ing1,0.574630696,2.904564315
Olfm3,0.574047822,62.81120332
Stk39,0.57400242,49.55912863
E130006D01Rik,0.573559218,1.218879668
Myadml2os,0.573115681,1.996887967
Ccdc136,0.572821194,31.89834025
Myh10,0.572129373,30.62759336
Plcl1,0.571801128,55.60165975
Epb41l3,0.571489767,78.24170124
Pidd1,0.570462717,0.803941909
Cwh43,0.569936308,0.778008299
Dtwd2,0.569839229,4.408713693
Gm43064,0.569669649,1.218879668
Fn3krp,0.569614442,3.993775934
Plekho1,0.569203359,8.454356846
Fn3k,0.56911713,5.757261411
Prdm16,0.568909662,3.086099585
Samd10,0.567676406,8.739626556
Tmbim1,0.56751447,9.751037344
Sh3bgrl2,0.567379426,5.575726141
Msc,0.567219441,0.778008299
Gm7854,0.566722454,17.76452282
Trpm6,0.566578458,2.411825726
Cdc14b,0.566245483,41.10477178
Pcnxl2,0.565954839,30.2126556
Slc40a1,0.565752434,0.933609959
Arl15,0.565664086,57.00207469
Pstk,0.564329936,16.28630705
Pitpnm3,0.564239583,16.70124481
Smyd2,0.564050931,9.802904564
Nebl,0.563567131,63.04460581
Elmo1,0.563443884,50.93360996
Ndrg3,0.563284988,37.62966805
Fhod3,0.56269984,43.59439834
Krt12,0.562696744,0.518672199
Adhfe1,0.562552204,2.774896266
P2ry12,0.561449221,9.465767635
Pgm1,0.561040296,4.382780083
Frrs1,0.56059132,1.815352697
Fam20a,0.560190898,2.437759336
Gbp8,0.560182486,1.685684647
Rgl1,0.55997309,27.0746888
Gm28513,0.559068306,0.829875519
Arhgef26,0.558991361,4.227178423
Ptpn18,0.558758615,2.956431535
B4galt5,0.558329251,20.5653527
Abcc4,0.558172667,10.96991701
Atg4d,0.557370969,12.39626556
Isoc2a,0.556799178,4.356846473
Wwp1,0.556134423,35.52904564
Gm26569,0.555975048,0.933609959
RP24-72H18.4,0.55573167,3.578838174
Kdm7a,0.555418544,24.50726141
Entpd5,0.555383085,11.41078838
5830432E09Rik,0.554945512,0.31120332
P2ry14,0.554547244,60.08817427
Iah1,0.554367445,4.149377593
Parp3,0.55312629,1.348547718
Pigq,0.55263186,11.35892116
Gm14827,0.552388836,13.51141079
Lrrk2,0.552101306,14.54875519
Ppp1r16b,0.551705388,23.02904564
Ppp4r4,0.551367508,18.77593361
Sh3gl2,0.551074651,50.49273859
Scarf1,0.550948413,0.700207469
Hs6st3,0.550245466,82.52074689
Plxdc2,0.550154838,52.23029046
Ckmt1,0.54868945,23.83298755
Gm17173,0.548575243,1.841286307
Tmem145,0.548075863,33.0653527
Ckap2,0.54794207,1.452282158
Usp25,0.547745869,22.64004149
Slmo1,0.547663974,29.4346473
Sptan1,0.547538428,60.03630705
Hnrnpm,0.547047029,40.6120332
Lacc1,0.545313096,1.374481328
Cux2,0.544653656,31.45746888
Mrpl47,0.544637782,10.03630705
B4galnt3,0.544511932,3.319502075
Gm960,0.543756771,7.831950207
Eda,0.543226433,22.19917012
Nop56,0.54305473,42.68672199
1110017D15Rik,0.542842391,8.532157676
Cfi,0.542649708,1.296680498
Ppm1e,0.541880529,70.66908714
Aff2,0.54187579,58.843361
Trmt11,0.54133268,19.42427386
Uvssa,0.541127931,27.90456432
Gm26777,0.541068921,9.828838174
Atpaf1,0.540607972,22.95124481
Herc3,0.540540718,34.906639
Mblac2,0.540468028,43.02385892
Satb2,0.540363236,3.397302905
Col16a1,0.540209677,5.809128631
Clec16a,0.539834803,31.06846473
Sgk1,0.539562706,27.90456432
Adamtsl1,0.538898318,11.38485477
Lpin1,0.538845419,17.47925311
Sesn2,0.538632996,2.308091286
Mypop,0.538301829,8.220954357
Isca1,0.538157912,7.391078838
Fam189a1,0.538139613,51.2966805
Gas1,0.538082175,1.192946058
Kat2b,0.537976549,28.96784232
Rps6kb2,0.537670862,21.05809129
Uvrag,0.537435643,35.58091286
Ltbp1,0.537398309,4.771784232
Srpx2,0.537151826,0.985477178
Mypn,0.537071686,2.282157676
Ank1,0.537067732,41.77904564
Carnmt1,0.53696449,14.0560166
Kdelc1,0.536877151,6.27593361
Mchr1,0.536617812,1.244813278
Gnal,0.536103028,36.17738589
Cabp7,0.535758411,2.022821577
Cda,0.5351924,6.04253112
Cdh7,0.535132112,36.82572614
Prkaa2,0.534551934,18.46473029
Rapgef4,0.534509087,62.88900415
Traf3,0.533683775,48.78112033
Gen1,0.533504659,1.037344398
Wdr25,0.533405291,9.258298755
Usp49,0.533249097,4.045643154
Msantd2,0.533085469,29.22717842
Depdc5,0.532869558,43.30912863
Ccdc15,0.53282702,9.647302905
Clnk,0.532648393,5.264522822
Spdye4b,0.532615256,0.10373444
Ggt7,0.53248794,35.76244813
Crispld1,0.532076747,3.812240664
Ndst3,0.531516369,37.52593361
Snx25,0.5313163,18.93153527
Ttll7,0.531129596,31.71680498
Fam188a,0.531091136,20.85062241
Cbln4,0.531003423,2.541493776
Gm16365,0.530290512,2.022821577
Lace1,0.529610858,28.24170124
Casc1,0.529444695,1.581950207
Col20a1,0.5293587,2.385892116
Nefm,0.529351393,31.5093361
Htr7,0.529174477,14.13381743
Ltbp3,0.528864199,13.45954357
Gulp1,0.528608425,17.21991701
Cacng7,0.528259341,31.25
Pdhx,0.528231939,21.18775934
Gm4349,0.528077596,1.996887967
1700021F05Rik,0.527846788,9.387966805
Ntn4,0.527804926,10.73651452
Stx8,0.527694829,31.95020747
Gm14444,0.527676597,0.674273859
Klf3,0.527542088,5.886929461
Timm9,0.526905676,29.87551867
Slc4a7,0.526837209,23.13278008
Traf6,0.526804421,8.635892116
Ephx4,0.52669944,4.149377593
Pla2g7,0.526584653,14.80809129
Pvt1,0.526426624,30.2126556
Gm11728,0.5258364,3.137966805
Brap,0.525667086,12.39626556
Gm10419,0.525211151,13.40767635
RP23-350G1.5,0.524829766,1.192946058
Pde7b,0.524657035,36.2033195
Fam110b,0.524398754,24.06639004
4921504A21Rik,0.5241767,6.04253112
Cthrc1,0.523664656,9.543568465
Abcd4,0.523552561,15.48236515
Rnf152,0.523390247,20.22821577
Sirt7,0.523246748,30.57572614
Ano8,0.522916179,4.564315353
E130304I02Rik,0.522813379,1.452282158
Clybl,0.522733729,23.31431535
Slc2a8,0.52272074,15.01556017
Plekha5,0.522452016,60.37344398
St8sia3os,0.522411587,2.385892116
Bcl2l11,0.522285049,1.893153527
Slco4c1,0.522098314,5.134854772
Med12l,0.522059709,56.19813278
Csrnp2,0.522022126,5.057053942
Helq,0.521561164,12.78526971
Iglon5,0.521207422,11.92946058
Limch1,0.52096928,62.31846473
Plppr5,0.520353256,20.66908714
Tiam1,0.520106153,15.04149378
Gm32250,0.520024908,19.81327801
Slc9a1,0.519842917,20.33195021
Elovl6,0.519510847,34.54356846
Gm15818,0.519276953,15.50829876
Mpc1,0.51915736,38.25207469
Zswim6,0.519153697,40.11929461
Nkiras1,0.519133198,19.86514523
Vps39,0.519043682,14.18568465
F630040K05Rik,0.518889991,0.881742739
Catsper3,0.518868108,5.316390041
3110021N24Rik,0.518836526,36.9813278
Zfp804b,0.518628957,66.70124481
Cutc,0.518602898,3.915975104
Ddx55,0.518588245,20.09854772
Map3k1,0.518521783,8.376556017
Gas2,0.518475672,26.47821577
Iscu,0.518336041,19.57987552
Sigmar1,0.518019929,11.33298755
Pacsin2,0.517965439,16.46784232
Hecw2,0.5178649,65.74170124
Eri1,0.517719718,4.668049793
Gtpbp3,0.516798932,12.99273859
Nrip2,0.516323221,9.206431535
Smarcd3,0.516248315,19.45020747
Ttc21b,0.516145308,23.65145228
Adat1,0.516056348,18.25726141
Snrnp48,0.515846902,50.49273859
Dok3,0.51584147,5.96473029
Syt7,0.515787852,30.05705394
Gm16263,0.515502453,1.685684647
Mrpl4,0.515397188,17.9719917
Hacd2,0.515072782,21.39522822
Fam78a,0.514926488,1.167012448
Vwa8,0.514566917,50.57053942
Deptor,0.513586518,18.77593361
Mtfp1,0.513413784,4.953319502
Snx9,0.512956661,12.70746888
Nmnat1,0.512679404,2.567427386
Zfp661,0.5125653,1.063278008
Idh3g,0.512351438,21.93983402
Thsd7b,0.512176009,52.23029046
C130080G10Rik,0.511082651,1.141078838
H2-T22,0.511021101,7.676348548
Slc12a3,0.511008529,1.581950207
Hhipl1,0.510921633,7.339211618
Gm26839,0.510784825,1.763485477
Slc39a14,0.51057693,13.35580913
Prkg2,0.510161815,8.013485477
Zcchc16,0.50993106,59.23236515
Plbd2,0.509805551,10.26970954
Cnnm2,0.50968401,18.36099585
Cep135,0.509350288,13.20020747
Slc38a2,0.508659347,25.95954357
Gm29292,0.508468927,0.414937759
Lrrc20,0.507924823,14.54875519
Zfp770,0.507778036,3.993775934
Pmm2,0.50764393,11.85165975
Pxk,0.506881923,27.69709544
Rgs7bp,0.506786809,53.16390041
Smarca2,0.506769318,42.24585062
Slco4a1,0.506758939,2.074688797
Nsf,0.506750183,68.67219917
Odc1,0.506587024,24.61099585
Got2,0.506513435,20.72095436
Polg,0.506221335,11.43672199
Mnd1,0.505823388,1.296680498
Ccdc174,0.505784411,24.17012448
Ppp3cc,0.505504872,28.29356846
Igf1r,0.505401692,46.70643154
Kndc1,0.504940158,22.32883817
Far2,0.504703782,18.85373444
Gm26540,0.504309073,5.96473029
Pycard,0.504107291,11.38485477
Pnpla6,0.503806587,18.87966805
Slc4a2,0.503793184,9.284232365
Gmpr,0.503524558,12.62966805
Adgrl2,0.503409908,33.68775934
Ttf2,0.503283468,2.385892116
Fam126b,0.50323471,33.81742739
Tram2,0.502827792,1.167012448
A830019P07Rik,0.502772185,5.627593361
Slc27a4,0.502463045,10.45124481
Cyth1,0.50227837,20.8246888
Ncs1,0.502116288,24.24792531
Cluh,0.502056352,12.42219917
Zfp329,0.501975624,23.1846473
Stpg2,0.501555212,10.47717842
Ddx26b,0.501466886,28.60477178
Fam73b,0.501299674,22.22510373
BC052040,0.501158393,34.02489627
Lrrc45,0.501045554,28.76037344
Iffo2,0.500984048,5.394190871
Dock9,0.500772552,44.96887967
Chga,0.500590589,23.49585062
Gm15446,0.500348981,19.21680498
Calb2,0.500292442,6.30186722
Trim7,0.500222011,4.564315353
Nr1i3,0.50021905,0.778008299
Osbpl7,0.50008879,10.06224066
Ndufa10,0.500037912,27.04875519
Plekha7,0.499930622,19.47614108
Cerk,0.499582341,21.343361
Lurap1l,0.499441403,13.14834025
Gm6408,0.499384651,0.23340249
Adamts6,0.499350827,25.90767635
Wasf3,0.499038421,25.2593361
Adora1,0.498966471,6.30186722
Cdyl2,0.497493173,28.52697095
Caprin2,0.497198523,21.39522822
Gm5118,0.496992401,0.15560166
Dvl3,0.496840122,5.93879668
Gm10406,0.496661517,7.261410788
Gm14133,0.496381896,0.855809129
Tle2,0.496357471,9.958506224
Prdm5,0.495933898,11.30705394
Slc22a30,0.495581022,0.466804979
Scfd2,0.495507901,28.00829876
Asap2,0.495344534,22.25103734
Lmbr1,0.494959929,40.17116183
Metrnl,0.494704486,2.100622407
Dpysl4,0.494636365,11.51452282
Zfp521,0.4945969,23.59958506
Slc16a6,0.494060276,5.290456432
Gm13256,0.49388539,0.440871369
Gars,0.493763239,17.14211618
1600010M07Rik,0.493628294,20.07261411
Elovl4,0.493117311,12.83713693
Gnai1,0.492902461,23.23651452
Tpk1,0.492819224,23.57365145
Trip11,0.49275183,39.75622407
Gm10118,0.492601075,0.674273859
Dopey2,0.49257359,30.26452282
Prr14l,0.49247493,30.52385892
Fam196b,0.492224394,13.56327801
Pank1,0.492125707,14.96369295
Atg4c,0.492065727,19.34647303
Klra7,0.492052431,0.07780083
9530036O11Rik,0.492019069,13.69294606
Tmem38b,0.491836049,5.368257261
Otp,0.49158731,0.363070539
Gm14532,0.491564579,5.005186722
Zfp961,0.49152562,23.1846473
Zyx,0.49151645,4.745850622
Fam184a,0.491286124,31.12033195
Adcy9,0.491191627,36.82572614
B230217O12Rik,0.490826784,12.7593361
4930455H04Rik,0.490767458,0.389004149
Nipal2,0.490555188,33.16908714
4930447C04Rik,0.490521705,32.36514523
Cox7b,0.490512524,33.89522822
Dgkq,0.490218486,13.07053942
Hus1,0.490043941,2.282157676
Pcca,0.489560153,50.38900415
Rhbdf1,0.489503555,3.475103734
Dnajc21,0.489354762,11.15145228
1110002J07Rik,0.488938252,0.28526971
B230303O12Rik,0.488829978,2.152489627
Tdg,0.488444816,7.598547718
Ndufaf4,0.488354836,13.64107884
Appl2,0.487984996,10.1659751
Gm38393,0.487966973,32.93568465
Lrrc16a,0.487874262,47.35477178
Ptcd3,0.487259052,15.87136929
Tfg,0.487001494,15.97510373
Cpn1,0.48693336,0.700207469
H2-M3,0.486920423,1.478215768
F8,0.4868939,14.47095436
A330074K22Rik,0.486778804,5.809128631
St5,0.486632886,14.62655602
8030462N17Rik,0.486502954,22.04356846
Aox2,0.486352366,2.489626556
Tada1,0.486261018,6.690871369
Rps6ka2,0.48613287,26.84128631
Kctd16,0.485786201,48.26244813
Pax6,0.485545079,1.348547718
Ptger2,0.485414446,1.141078838
Ypel4,0.485119378,23.05497925
Supt3,0.484432584,43.54253112
Ptpn3,0.484387462,19.13900415
Gm12089,0.484385396,1.867219917
Abca3,0.484019696,25.93360996
Slc9a8,0.483536351,19.45020747
Cep131,0.483522278,6.04253112
Pdzrn4,0.483109398,77.56742739
Phka2,0.482931345,16.90871369
Gm15608,0.482800302,4.590248963
Lmo3,0.482795013,10.52904564
Chchd3,0.482668824,56.69087137
Pacrgl,0.482221485,8.532157676
Slmap,0.481792014,34.05082988
Rcor1,0.481533148,18.56846473
Slc25a20,0.481471569,12.88900415
Ppcdc,0.48133891,13.09647303
Pet100,0.481083417,24.42946058
Oprk1,0.480985825,5.653526971
Dach1,0.480870426,30.23858921
Lamc1,0.480853815,13.2780083
Nkd2,0.480772535,0.959543568
Gm28050,0.480497389,10.55497925
Tspan4,0.480456873,4.097510373
Nudt16l1,0.479831692,5.912863071
Nr3c2,0.479494336,59.25829876
Garem,0.479482846,26.45228216
Kbtbd3,0.479469032,12.47406639
Fam131c,0.479413631,3.812240664
Ecsit,0.479198542,17.76452282
Nsmaf,0.479082632,18.95746888
Grm5,0.478931134,87.91493776
Tnks,0.478792074,31.61307054
Dhx16,0.478607045,7.028008299
G0s2,0.478599227,3.786307054
Slc22a21,0.478567063,3.682572614
Gm8108,0.478333436,0.674273859
Hells,0.478264062,9.362033195
1110008P14Rik,0.478256229,9.984439834
Il1rapl2,0.478248971,54.25311203
Pex13,0.478150702,29.59024896
Fignl2,0.47778053,0.726141079
Pex7,0.477686286,8.869294606
Uri1,0.477503647,49.61099585
Plekhg5,0.477161797,10.14004149
Brdt,0.476800968,17.1939834
Spx,0.476737971,3.241701245
Uggt1,0.476441261,14.88589212
Hdac8,0.476402358,48.4439834
Zbtb17,0.475906327,5.912863071
Adgrb1,0.475830771,24.17012448
Mvb12a,0.475752422,10.1659751
Klhl32,0.475715895,56.37966805
Hgsnat,0.475638631,11.12551867
Tspan5,0.475579229,32.83195021
Dennd6b,0.475452903,31.01659751
D930016D06Rik,0.475376315,21.21369295
Slc4a3,0.475346015,26.27074689
Slc9a5,0.475322017,10.34751037
Zfp433,0.475029239,9.180497925
Ogfod2,0.47469899,6.639004149
Zranb2,0.474443711,50.5186722
Skida1,0.474394974,12.47406639
RP23-21B1.5,0.47439062,0.12966805
Kif16b,0.474230087,27.38589212
Myrf,0.473580666,2.359958506
Gm10654,0.473451311,1.737551867
Ubac1,0.473343915,12.78526971
Ints1,0.47297719,8.220954357
Camk2g,0.472724016,36.85165975
Frmd5,0.472720687,77.02282158
Cables2,0.472573295,4.616182573
Pkib,0.472353992,8.584024896
Camkk2,0.472304134,17.16804979
Gm13251,0.472174638,0.518672199
Gm20387,0.472169407,1.945020747
RP23-240M8.2,0.472140454,4.123443983
Mylk,0.471776572,3.189834025
Taok3,0.471754819,28.29356846
Aph1c,0.471565373,6.25
Tmprss9,0.471284638,2.671161826
Fcho1,0.471175243,17.42738589
Stim2,0.471118398,25.54460581
Mpc2,0.471027578,22.97717842
Gm26767,0.470972844,3.812240664
Dck,0.47052353,4.330912863
Zfp174,0.470393014,7.209543568
Duox1,0.470376702,1.426348548
Tjp2,0.470241623,7.131742739
B930041F14Rik,0.470056719,6.06846473
Prox2os,0.469970464,1.737551867
Mbd4,0.469887689,8.195020747
Ago3,0.469608659,60.03630705
Parva,0.469484236,13.82261411
Olfr288,0.469373277,1.607883817
5730507C01Rik,0.469368015,1.945020747
Pde7a,0.469337113,28.37136929
Tmem128,0.469215419,10.78838174
Cc2d2a,0.468559501,12.11099585
Antxrl,0.468466206,0.933609959
Sox5,0.468224634,20.25414938
Znrf2,0.468010573,6.48340249
Cnbd2,0.467942149,20.22821577
Zbtb40,0.467936637,11.95539419
Igdcc3,0.466753698,5.212655602
Acsl6,0.466511503,17.55705394
Zw10,0.466483779,6.846473029
Cd99l2,0.466371238,21.36929461
Btbd11,0.466350713,38.14834025
Ar,0.466319122,20.15041494
Arhgap29,0.466266385,3.915975104
Ptgs1,0.466212896,1.322614108
Pqlc2,0.465861748,6.846473029
Ssrp1,0.465824858,11.41078838
Mtif2,0.465631436,39.3153527
Smap2,0.465630351,17.34958506
Pdzd8,0.465627687,13.84854772
Tbc1d31,0.465603812,10.81431535
Aven,0.46555881,9.024896266
Gm20671,0.465325994,2.256224066
Gm16189,0.464824348,11.2033195
4930554G24Rik,0.464669374,6.950207469
Tgfa,0.464629089,3.423236515
Myh9,0.4640826,12.86307054
Gm16638,0.463799175,6.872406639
Usp3,0.463655538,15.27489627
C920021L13Rik,0.463505497,10.73651452
Pwp2,0.463385742,4.953319502
Ap1m2,0.46325023,0.337136929
Sh3pxd2a,0.463199964,18.43879668
Akap1,0.463171491,7.339211618
Irs1,0.463077103,15.74170124
Abhd12,0.463020338,24.42946058
Ttc38,0.462982957,3.656639004
Mark4,0.462540478,13.38174274
Chchd7,0.462310533,15.30082988
Eef2k,0.46225311,19.94294606
Epha6,0.462249091,86.9813278
Ccdc58,0.46224058,21.0840249
Ppm1k,0.461995902,11.33298755
Kcnab1,0.461844584,54.61618257
Irf2,0.461483623,27.77489627
Klhdc8a,0.461468294,2.022821577
Timmdc1,0.461464693,21.93983402
Ndor1,0.461114714,6.48340249
Rtkn,0.46096725,19.24273859
Pif1,0.460957815,0.829875519
Pgf,0.46090325,2.541493776
Kif26b,0.460867587,47.25103734
Ccz1,0.460809682,19.08713693
B3glct,0.460802986,11.54045643
Dnajc27,0.460558012,16.57157676
Ss18l1,0.460529578,10.65871369
Neu1,0.460351717,10.58091286
Lrrc28,0.460325426,17.7126556
9030624G23Rik,0.460008784,10.50311203
Nvl,0.459762889,34.906639
Lrp8,0.459561592,21.03215768
Nwd2,0.459407734,19.24273859
Psma1,0.45925752,35.08817427
Gpc5,0.459158502,58.81742739
Gm13264,0.458978227,0.440871369
Ap1b1,0.458960298,18.41286307
Vsnl1,0.458836215,71.0840249
Whamm,0.45854373,11.82572614
Polr3g,0.458493902,3.967842324
Gm26597,0.458417938,1.089211618
Afg3l2,0.458269748,20.90248963
Cyp2c55,0.457773911,1.167012448
Oas1e,0.457569262,0.02593361
Pxn,0.457564885,7.261410788
Alpk1,0.457356316,2.204356846
Gm6999,0.457214548,2.282157676
Abca7,0.45710188,20.25414938
Gm10330,0.456957,0.414937759
Immp2l,0.456669558,56.32780083
1700092M07Rik,0.456646771,0.12966805
Eepd1,0.456468527,4.590248963
Xpnpep1,0.456289196,14.91182573
Slc22a27,0.456005125,8.169087137
Tbl1xr1,0.455881487,19.5280083
Cenpp,0.455765443,24.32572614
Zfp617,0.455710763,6.19813278
Vac14,0.455373115,9.180497925
Susd6,0.455302234,24.27385892
Ak5,0.455051183,39.70435685
Cdc37l1,0.454620617,22.51037344
Camkk1,0.454467563,8.843360996
Capn15,0.454456956,38.35580913
Pitpna,0.454443987,41.51970954
Mapk1ip1,0.454341388,15.58609959
Wnt5b,0.454319411,10.52904564
Dhtkd1,0.453865233,14.36721992
Gpatch2,0.453790086,38.32987552
Qpctl,0.453724198,12.44813278
Mmaa,0.453722259,13.04460581
Phlpp1,0.453502206,43.33506224
Gnptab,0.453463065,14.10788382
Ccdc25,0.453413327,8.843360996
E4f1,0.453376957,13.0186722
Inpp5e,0.453373199,8.558091286
Gcdh,0.453306114,6.53526971
Slc35a3,0.453279721,12.21473029
Trim3,0.453207545,17.47925311
Vmp1,0.453005896,50.80394191
L3hypdh,0.452617248,5.108921162
Mpzl3,0.452454917,2.359958506
Fbxo3,0.452294944,21.49896266
Ccbl1,0.452275614,13.12240664
Plcd3,0.452160062,4.356846473
Ndufaf5,0.452091047,13.51141079
Scly,0.452024624,10.1659751
Tbc1d24,0.45200945,12.34439834
Gm26835,0.451997218,49.53319502
Bdh1,0.451987094,12.5
Stil,0.451957916,1.945020747
Fastk,0.451923829,17.63485477
Ppip5k2,0.451696971,19.2686722
Mkl2,0.451601045,39.47095436
Gipc2,0.45146941,7.391078838
Pphln1,0.451331737,11.43672199
Ahcyl2,0.451115536,60.01037344
Gfm1,0.450998421,6.5093361
Gm3411,0.450854473,1.893153527
Ypel3,0.450614473,32.65041494
Fndc1,0.450535573,4.823651452
4930595D18Rik,0.450415724,3.371369295
Pigz,0.450258173,5.212655602
Rdh10,0.450206899,5.653526971
Oxsm,0.450019061,2.256224066
Ublcp1,0.449965395,9.362033195
Lrrd1,0.44995354,2.619294606
Mapk8,0.449903993,36.56639004
Nrg2,0.449727302,48.62551867
Stxbp1,0.44964818,51.14107884
Cars,0.449623527,19.08713693
Itgbl1,0.449597882,7.313278008
Nsun2,0.449219978,13.64107884
Zdhhc24,0.448763008,3.034232365
Bglap3,0.448490236,0.02593361
Gm31415,0.448369524,0.23340249
9930012K11Rik,0.448168244,2.671161826
Akap7,0.448001189,20.98029046
Gm12394,0.447999128,21.00622407
Slc27a1,0.447780272,12.18879668
Gm1043,0.447584582,29.9533195
Glrb,0.447479243,43.93153527
Gm16553,0.447420558,0.440871369
Thsd1,0.447229526,3.293568465
Nars2,0.447115342,19.5280083
Ier2,0.446917637,1.037344398
Nsun5,0.446862309,5.394190871
Top3b,0.446452984,16.54564315
Tecpr1,0.446204255,25.72614108
Stau2,0.44617647,60.47717842
Notumos,0.446073394,0.02593361
Nox4,0.446033998,3.734439834
Prmt8,0.446027802,7.520746888
Idnk,0.445721905,7.209543568
Jchain,0.445599876,1.115145228
Pank4,0.445527663,12.42219917
Adig,0.445470518,0.544605809
Ablim2,0.445367573,41.62344398
Gm20422,0.445229957,7.183609959
Sipa1l1,0.445214968,35.50311203
Gm26594,0.445088909,4.434647303
Sgms1,0.445056637,38.48547718
Ulk1,0.444506882,8.169087137
Map4k2,0.444464733,27.12655602
BC005561,0.444287449,29.48651452
Ncbp3,0.444156287,18.62033195
Grip2,0.44412286,15.19709544
Ppp1r12b,0.444022976,47.9253112
Sclt1,0.443750995,55.75726141
Gatad2a,0.443639278,15.40456432
Sympk,0.443381198,22.12136929
Tcea2,0.443179,15.92323651
Rhoj,0.442355013,4.823651452
Lipa,0.442104808,5.912863071
Tbc1d15,0.44198152,9.232365145
Dnm2,0.441878654,42.14211618
Cdan1,0.441856763,8.843360996
Cenpk,0.44131395,2.204356846
Vps33b,0.441214085,9.258298755
Opa1,0.441100869,26.53008299
Heatr5b,0.440669217,20.28008299
Shisa4,0.440598005,13.97821577
Trim37,0.44006441,41.20850622
Gm30524,0.439847412,2.723029046
Zdhhc21,0.439726379,27.12655602
Arhgap32,0.439636678,44.21680498
Fbxl15,0.439625608,5.757261411
Abtb2,0.439544742,14.96369295
Hs3st1,0.439457397,3.656639004
Zfp952,0.438816957,5.471991701
AU019990,0.438705805,3.293568465
Rarg,0.438696515,5.134854772
Ndufaf7,0.438613405,24.61099585
Hs1bp3,0.438376078,3.967842324
Snta1,0.438239245,19.37240664
Secisbp2,0.43803062,13.84854772
Arhgap20,0.437937984,25.72614108
Hipk4,0.437502069,2.359958506
Mapk8ip1,0.43731876,21.96576763
Elmod1,0.43695284,43.59439834
Gm32569,0.436778262,2.074688797
Ldhb,0.436769746,29.6939834
Atad3a,0.436746768,13.66701245
Lrrtm3,0.436660443,75
Wdr44,0.436595213,15.45643154
BC068281,0.436363571,6.14626556
Rnd1,0.436156184,5.368257261
Mfsd7c,0.436153538,1.141078838
Plcl2,0.436125405,30.80912863
Vcan,0.436024459,5.368257261
Sycp3,0.435963054,38.51141079
Tab1,0.435529612,6.716804979
A230050P20Rik,0.43552884,30.18672199
Lmtk2,0.435528415,27.61929461
Haus4,0.43552168,4.771784232
Gsta3,0.435496305,2.567427386
Nt5m,0.435461745,9.854771784
Sox5os4,0.435364166,3.630705394
Zc3h13,0.435282975,24.7406639
Ndufs5,0.435139492,11.54045643
Slc25a40,0.435078627,9.569502075
Cntln,0.435036655,31.32780083
Exog,0.434959422,6.04253112
Grhpr,0.434836659,5.342323651
Uchl3,0.434318538,23.21058091
Ccnd2,0.433928998,3.630705394
Eml2,0.433859434,37.57780083
Ddx46,0.43384359,18.07572614
Gm15564,0.433828811,3.630705394
Gm12536,0.433794332,1.296680498
Mrs2,0.433775632,5.93879668
A930018M24Rik,0.433442869,1.815352697
B230334C09Rik,0.43319637,16.39004149
Cchcr1,0.433140769,2.411825726
Enox2,0.43310656,16.98651452
Fryl,0.432970323,32.05394191
Ndufs4,0.432911187,41.83091286
Lhx4,0.432897929,1.348547718
Fbxo34,0.432697362,20.77282158
Ankef1,0.432491916,8.402489627
Cers6,0.432355877,35.47717842
Cdkl5,0.43234575,23.28838174
Rad51ap2,0.432033269,1.400414938
Zfp938,0.431996636,7.417012448
Ttc17,0.43195334,35.01037344
Gpr22,0.431922251,8.532157676
Pdzrn3,0.431449647,8.532157676
Enah,0.431170966,63.04460581
Clstn3,0.430646932,32.33921162
Gm15738,0.430466302,14.54875519
Rnf17,0.430061383,4.330912863
Kcnq2,0.429922653,36.64419087
Porcn,0.42984361,13.58921162
Igdcc4,0.429829042,21.47302905
Pyroxd1,0.429749281,6.898340249
2900009J06Rik,0.429737733,4.875518672
Egfl6,0.429478951,4.253112033
Osbp2,0.42934661,16.72717842
Mtx2,0.42922525,23.21058091
Fras1,0.429213224,16.80497925
Rnf208,0.428978953,9.439834025
Gm21847,0.428931327,1.607883817
Ptcd2,0.428906446,4.460580913
Vmn2r112,0.428814262,0.05186722
Kctd17,0.428759119,2.697095436
Fbxo31,0.428638432,12.18879668
Eif2ak2,0.428632962,2.411825726
Gbx1,0.428594167,1.685684647
Cldn34c1,0.428434394,17.55705394
Otud7a,0.428372945,71.39522822
Olfr658,0.427834715,0.15560166
Paqr4,0.427755735,2.645228216
Amy1,0.427671342,48.34024896
Sec24a,0.427611067,33.40248963
Kif21b,0.427445448,13.25207469
Tmem129,0.4272583,4.434647303
Nmnat3,0.42724287,3.630705394
Pdhb,0.427218356,22.82157676
Nipa1,0.427085413,18.62033195
Ntm,0.427072144,87.91493776
Plec,0.426532408,19.5280083
Dnm1,0.426465525,43.20539419
Gm17090,0.425955993,2.697095436
Gm1604a,0.425712994,11.02178423
Anks1,0.425674257,23.21058091
Senp5,0.425560252,34.75103734
Trmt2b,0.425508257,7.883817427
Mcf2l,0.425398417,35.39937759
Ern1,0.425361204,13.04460581
Bcas3os1,0.425297588,18.25726141
Htr1b,0.425247085,1.659751037
Atp2b3,0.425184635,24.58506224
Mei4,0.42510593,16.88278008
Eml3,0.424839326,4.408713693
Pik3r2,0.424588317,5.809128631
Lyrm1,0.424561458,16.00103734
Gata4,0.424484426,1.970954357
Soat1,0.4243096,7.546680498
Cfap99,0.42430478,4.564315353
Adap2os,0.423945004,1.322614108
Ric1,0.423818534,21.39522822
Cpeb2,0.423672561,25.70020747
Rpl11,0.422876705,16.72717842
Rcbtb1,0.422127948,15.76763485
Napb,0.422038418,29.53838174
Ube2j2,0.421950175,18.72406639
Uhrf1bp1l,0.421805704,29.56431535
Gm19265,0.421748666,6.639004149
Litaf,0.421644359,7.339211618
Pou3f2,0.421279034,4.071576763
Zcchc4,0.421248852,14.00414938
Pip5kl1,0.421235648,6.25
Wnk2,0.420922941,47.74377593
Lrriq3,0.420536503,2.152489627
C1qtnf7,0.42045213,2.308091286
Idh3a,0.420397271,8.454356846
Vps13d,0.420045076,45.51348548
Aatf,0.419990734,26.24481328
Gm36831,0.419967774,0.05186722
Tbl3,0.419860762,11.77385892
Slc9a9,0.419755321,28.44917012
Zfp729b,0.419121738,6.32780083
Nhs,0.41909508,61.09958506
Mccc1,0.418800346,26.11514523
Optn,0.418352987,14.8340249
Efcab14,0.418319903,18.59439834
Reps2,0.418301065,29.59024896
Thoc6,0.418263349,5.238589212
Dcun1d1,0.418206949,24.81846473
Slc44a1,0.418166869,34.62136929
Dscr3,0.417924413,10.9439834
Sod2,0.417688777,11.35892116
Mphosph9,0.417570303,31.92427386
Medag,0.417402464,2.048755187
Lrrfip2,0.417372917,24.04045643
4930419G24Rik,0.417096075,3.760373444
Itgb3,0.417033797,1.322614108
Scara3,0.416986071,0.544605809
Zc3h8,0.416875492,4.590248963
Mtus2,0.416848157,46.99170124
Fkbp15,0.416846305,15.79356846
Prpf19,0.416756729,20.48755187
Vti1a,0.416590998,47.6659751
Sirt5,0.416450229,14.03008299
Gm4425,0.416208762,2.593360996
2610044O15Rik8,0.415741207,6.37966805
Caap1,0.415371998,17.42738589
Zkscan3,0.415208566,19.86514523
Pdss2,0.415163859,40.6379668
Mrpl19,0.415071933,5.420124481
Cdh9,0.414896009,27.64522822
Tdrd12,0.414675292,0.959543568
Cyb561d1,0.414556628,2.748962656
Gm15046,0.414362956,1.400414938
Slc35d3,0.414355164,0.440871369
Ctbp2,0.414265175,2.956431535
1700101O22Rik,0.414208343,0.05186722
Csdc2,0.414075412,21.36929461
Wdtc1,0.413751627,12.00726141
Etaa1os,0.413659154,3.241701245
Jmjd1c,0.41361706,64.47095436
Thsd7a,0.41344114,42.24585062
Ggnbp1,0.413384309,16.156639
Wdr37,0.413232634,27.25622407
Gm26994,0.413146903,0.778008299
Adk,0.413120518,33.3246888
Slc16a14,0.412777286,7.468879668
Dlst,0.412709467,22.45850622
Bmper,0.412529851,17.81639004
Tbkbp1,0.412376672,13.2780083
Rnf144a,0.412346096,9.258298755
Mast4,0.412331128,67.50518672
Arhgap24,0.411977656,36.17738589
Mtmr2,0.411760254,7.806016598
Tyms,0.411616231,6.01659751
Acox3,0.411549096,5.757261411
Isoc2b,0.411370299,3.163900415
Zfp811,0.411135486,6.613070539
Cpeb3,0.411053561,85.01037344
Mthfd1l,0.410566374,12.81120332
Tsnax,0.410536461,13.61514523
Gm28198,0.410487727,37.94087137
Klhl20,0.410258778,11.09958506
Gm14306,0.410257485,21.99170124
4833439L19Rik,0.410240929,14.62655602
Trabd,0.410174969,14.13381743
Inpp5k,0.409985793,16.4159751
Tmem189,0.409705867,16.57157676
Rexo4,0.409526878,10.86618257
B3galt5,0.409298379,7.417012448
Lmod1,0.409127372,1.452282158
Gm12689,0.408762151,2.256224066
Ttbk1,0.40842633,15.45643154
Eif2ak3,0.408174339,13.0186722
Ndst4,0.408163772,27.3340249
March3,0.408042269,25.88174274
Twf2,0.407816733,8.506224066
Chrna7,0.40775786,14.70435685
9530034E10Rik,0.407327644,5.290456432
Gprasp1,0.406786458,36.4626556
Tdrd3,0.406769871,18.90560166
D6Wsu163e,0.406676904,6.613070539
Aoc2,0.406608382,1.996887967
Hs3st5,0.406544532,58.79149378
Zmat3,0.406495274,13.87448133
Pkd1,0.406108059,40.37863071
1700025G04Rik,0.406029743,41.00103734
Apbb2,0.405949902,59.62136929
Dmxl2,0.405672889,44.94294606
Dclre1c,0.405637664,9.180497925
Cplx2,0.405597811,12.65560166
Osbpl9,0.40550446,78.16390041
Skil,0.405392365,11.41078838
Ube2g1,0.40535947,36.30705394
Mitd1,0.405205353,7.131742739
Lin7a,0.405153163,43.77593361
Kcnj3,0.405137222,63.58921162
Poldip2,0.405106869,10.37344398
Mbnl1,0.404307881,34.46576763
Pax6os1,0.404299701,0.907676349
Tbc1d5,0.404254308,51.08921162
St6galnac5,0.404165543,29.22717842
Anks6,0.404003606,4.304979253
Elavl4,0.403856735,60.4253112
Gm3604,0.403788395,5.031120332
Atg5,0.403723486,13.7966805
Rhno1,0.403469177,5.783195021
Zfp7,0.40333911,4.901452282
Zfyve9,0.403246583,58.99896266
Mrpl15,0.403093981,9.206431535
Cntnap4,0.403004474,46.68049793
Sncb,0.40300183,25.23340249
Ing3,0.40295795,7.287344398
Trpm4,0.402851116,7.831950207
Zcwpw1,0.402676723,2.282157676
Gm11670,0.40261603,0.28526971
3632451O06Rik,0.402122644,19.47614108
Klhl13,0.402047739,14.10788382
Mrps9,0.401826338,11.95539419
Pcdh7,0.401795343,96.343361
Cep97,0.401756154,11.38485477
Arl14ep,0.40171748,8.428423237
Nubp1,0.401713769,4.771784232
Plod1,0.401581656,4.590248963
Msantd3,0.40130052,3.189834025
Wars,0.401105015,7.961618257
Itga10,0.401008523,4.616182573
Cep128,0.400962445,6.56120332
Scrn3,0.400900343,7.391078838
Ctnna3,0.400648615,64.93775934
Mrpl3,0.400475498,13.58921162
Utp11l,0.400462939,11.59232365
Stk38,0.400264996,35.9439834
Pitpnb,0.399825509,11.90352697
Dus2,0.399597307,18.64626556
1600002H07Rik,0.399440852,2.878630705
Desi1,0.399086463,20.28008299
Tacc1,0.399071707,33.48029046
Coq9,0.399034288,11.22925311
Nckap5l,0.398907615,11.2033195
Wdfy2,0.398056287,18.4906639
Inhba,0.397870409,1.685684647
Sycp2,0.397725357,35.99585062
Tmem94,0.39745976,8.739626556
Syn3,0.397384897,60.91804979
Slc35f1,0.397244704,71.36929461
Kras,0.396949801,23.15871369
Fig4,0.396702174,13.92634855
Ctnnal1,0.396670958,18.4906639
Nup62cl,0.396593014,0.10373444
Ppcs,0.396064088,5.057053942
Utrn,0.39599617,33.79149378
Gm19461,0.395933838,7.235477178
Rnaseh2a,0.395906614,8.609958506
Htr1d,0.39589118,0.466804979
Tmc1,0.395864297,2.126556017
Kcnq1,0.395631741,42.58298755
Oxct1,0.395622417,48.21058091
Atp6v0a2,0.395554029,17.09024896
Gm16894,0.395378113,5.679460581
Gucd1,0.395336232,10.32157676
Cacnb4,0.395141518,60.24377593
Kdm1b,0.395097661,3.060165975
Mafg,0.394861471,26.60788382
1500026H17Rik,0.39479555,9.439834025
Nt5c3b,0.394150382,8.350622407
Uxs1,0.394091091,22.406639
Pdzd7,0.394077703,4.304979253
Enthd2,0.393829444,3.993775934
Tsr3,0.393780459,10.60684647
Coro7,0.393698638,19.47614108
Kcnh2,0.393212275,7.909751037
Mrps36,0.393003933,11.48858921
Wwox,0.39269297,76.27074689
Ogdh,0.392246326,39.03008299
Pign,0.392158815,25.75207469
Flrt2,0.391879871,23.4439834
Gm15489,0.39186654,7.209543568
Zbtb49,0.391759801,4.875518672
Slc24a2,0.391729175,71.05809129
Cdk16,0.391724328,15.71576763
Got1,0.39168761,15.71576763
2310016G11Rik,0.391520823,0.31120332
Eme1,0.391252007,1.504149378
Fbxo32,0.391051796,2.126556017
Arhgef1,0.391030634,26.11514523
Plekha8,0.390778957,5.705394191
Exph5,0.390773032,1.426348548
Taf1b,0.390690216,23.9626556
Rint1,0.390589179,14.21161826
Stim1,0.390494981,49.45539419
Slc2a3,0.390455423,27.04875519
Gm15997,0.390216341,0.778008299
Chek1,0.389900999,1.633817427
Efcc1,0.389515503,3.941908714
Frmd4b,0.389479558,53.78630705
Vcl,0.389289326,17.16804979
Ier5l,0.389192028,1.400414938
Golim4,0.389105003,13.58921162
D630045J12Rik,0.389068041,30.36825726
Zfp738,0.388957272,7.131742739
Gm17276,0.388868302,39.3153527
Gramd1b,0.388816403,46.343361
Psme4,0.388717928,60.26970954
Ppip5k1,0.388604301,36.17738589
Prpf4b,0.388504862,23.67738589
Tomm40l,0.38839344,5.031120332
Lyrm7,0.388359951,4.953319502
Bbof1,0.388028806,20.07261411
Brinp2,0.387927289,21.49896266
Tmem110,0.387808662,17.55705394
Fggy,0.387688286,25.98547718
Cgrrf1,0.387659083,6.01659751
A930011G23Rik,0.387587725,45.40975104
Gtsf1,0.387449793,4.304979253
Bin1,0.387148996,40.27489627
BC005624,0.387118131,14.03008299
Kdm2b,0.386792094,27.41182573
Asrgl1,0.386705428,8.272821577
Cyc1,0.386694843,18.82780083
Carkd,0.38615815,10.86618257
Npl,0.386068378,2.411825726
Tmem55a,0.386006626,23.41804979
Egln1,0.385914184,12.78526971
Dip2b,0.3858901,50.07780083
Edem2,0.385822872,9.128630705
AY036118,0.385608342,6.48340249
Gm21814,0.38560317,6.45746888
Decr2,0.385587621,8.402489627
Abhd18,0.385547614,44.32053942
Adck1,0.385499614,13.92634855
Ndrg4,0.385475743,47.35477178
Myo7b,0.38542449,4.590248963
Lrrfip1,0.385361489,34.25829876
Ddb2,0.385278072,20.90248963
Myo6,0.385214778,24.24792531
Tpmt,0.385167327,4.382780083
Usp16,0.385064733,14.80809129
Uhrf1bp1,0.384368619,6.35373444
Mospd1,0.384256417,5.679460581
Mff,0.384165596,23.49585062
Med27,0.384133239,17.73858921
Mrpl41,0.383994837,23.05497925
R3hdm2,0.383912729,44.29460581
Akap8,0.383529097,33.35062241
Auh,0.383281214,24.42946058
Gm2897,0.383197133,4.979253112
Eif2b1,0.383159776,6.45746888
Lmo2,0.382997058,2.826763485
Rexo1,0.382863472,10.26970954
2010111I01Rik,0.382794953,58.5840249
Lrig2,0.382751916,44.0093361
Pcdh10,0.382654801,25.20746888
Doc2g,0.382528546,1.996887967
Trio,0.382467776,53.47510373
Aim1,0.382431041,3.293568465
Tgfbr3,0.38229887,24.81846473
Git2,0.381793709,29.92738589
Fmn2,0.381338437,63.66701245
Bora,0.381179033,4.304979253
Zbed3,0.381122521,1.763485477
Ptprj,0.380763904,43.30912863
Fgf12,0.380742692,65.66390041
Eif4e2,0.380712969,8.713692946
Slc6a15,0.380697148,31.06846473
Mtif3,0.380669467,4.979253112
C130060K24Rik,0.380541029,3.319502075
Prickle1,0.380469422,59.6473029
Cx3cl1,0.380150935,14.85995851
Spdef,0.379924799,1.037344398
Gle1,0.379531054,18.85373444
Magi1,0.379482349,71.23962656
Ext1,0.379368423,50.7780083
Cpped1,0.37903797,8.298755187
Elavl2,0.378897839,70.66908714
Gm29417,0.378646276,1.893153527
Sptbn4,0.378622223,38.87448133
Papss2,0.378620642,1.867219917
Edrf1,0.378365187,4.979253112
Pak7,0.378141059,52.67116183
Ggact,0.378094002,21.05809129
Dcaf11,0.378067516,9.595435685
Wdfy4,0.377981295,3.008298755
Mctp1,0.377970047,46.70643154
Fmnl2,0.377873607,61.92946058
Oxa1l,0.377815651,17.9719917
Acbd6,0.377692731,36.74792531
Adam22,0.377588546,64.18568465
Samd4,0.377520736,41.18257261
Gtdc1,0.37747199,43.56846473
Spink11,0.377242541,0.492738589
Gm26608,0.377038968,1.374481328
Fam172a,0.377017236,53.656639
Tpra1,0.376803545,10.86618257
Klhl1,0.376777432,34.3879668
Acap2,0.376773093,33.60995851
Gm44053,0.376749321,2.567427386
Tmem150c,0.376553749,17.68672199
Etfdh,0.376488847,13.07053942
Hs3st4,0.376484553,41.77904564
Zfp14,0.376405778,10.47717842
Aco2,0.376334999,32.23547718
Setdb1,0.376172784,27.593361
Mapk4,0.375962767,19.73547718
Arl4d,0.375933933,0.466804979
Ctif,0.375709845,37.99273859
Siah2,0.375654768,3.838174274
Zfp874a,0.375632468,1.996887967
Ppp2r3a,0.37560125,46.03215768
Capn6,0.375340328,2.489626556
Gm43401,0.375193708,0.492738589
Grin2a,0.375178554,51.27074689
Adar,0.37513145,32.59854772
Pakap,0.375093514,11.92946058
Cxcl17,0.375061685,9.543568465
Idh3b,0.374934797,17.89419087
Thbs4,0.374881798,0.752074689
Smc6,0.374843947,37.39626556
Narfl,0.374835652,5.783195021
Zfand4,0.37453931,10.96991701
Msh3,0.374485946,16.49377593
Bok,0.374364761,5.082987552
Nr6a1,0.374287566,64.36721992
Hdgf,0.374224863,11.92946058
Dnase1l1,0.374112608,2.074688797
Hecw1,0.374081539,65.94917012
Tnk2,0.374063924,28.81224066
Unc5a,0.37402049,5.835062241
Spock1,0.373959273,57.44294606
Map7d2,0.373927144,48.39211618
Gm14951,0.373674323,0.07780083
Dennd1b,0.373672953,37.7593361
Nrip3,0.373521807,15.66390041
Abhd17c,0.373433067,5.082987552
Itsn1,0.373392424,36.74792531
Fam118b,0.373360719,10.73651452
Gm1976,0.37335958,26.78941909
Pi4ka,0.373325096,66.02697095
Ciapin1,0.373320942,15.74170124
Faf1,0.373233445,58.16908714
Spint1,0.373116841,0.10373444
Slc38a9,0.373039298,34.1026971
Unc80,0.372973617,77.93049793
Kif22,0.372591378,3.449170124
Anxa13,0.372574914,1.218879668
Rab11fip5,0.372555415,8.324688797
Cks2,0.372529227,0.803941909
Cdkal1,0.372305325,38.56327801
Tuft1,0.372304913,5.523858921
Tyk2,0.372253103,9.206431535
Tgs1,0.372081655,20.33195021
Hspa14,0.372017214,13.30394191
Maml2,0.371782763,8.584024896
Mtm1,0.371722229,20.69502075
Dpp9,0.371602103,8.169087137
Cdkl1,0.371436347,11.54045643
Psma3,0.371116066,39.62655602
Gm26905,0.371072702,35.24377593
Zxdc,0.370917836,9.465767635
Nemf,0.370647048,35.29564315
Ccdc186,0.37064502,10.91804979
Gad1os,0.370638078,2.982365145
Lgr4,0.370397102,15.17116183
Usp53,0.370375314,12.60373444
Zgrf1,0.370310391,4.175311203
Camk4,0.370186114,38.48547718
Cntnap5b,0.369886349,66.77904564
Dnajb4,0.369688579,26.45228216
Slc25a22,0.369528358,8.609958506
Slc25a16,0.369499948,11.02178423
Ilvbl,0.369403629,11.17738589
Phf20l1,0.369304458,51.47821577
A230006K03Rik,0.36896757,80.23858921
Nmrk1,0.368954266,7.702282158
Sort1,0.368778106,23.52178423
Tex30,0.368391705,2.100622407
A530017D24Rik,0.368297657,4.175311203
Fdxr,0.368166465,7.806016598
Polrmt,0.367792329,9.465767635
Tmem132a,0.367686829,16.46784232
Chd6,0.367477666,44.55394191
Zfp346,0.367469071,20.20228216
Arhgap44,0.367385289,34.20643154
Ophn1,0.367358746,35.11410788
Sucla2,0.367303547,22.22510373
Zufsp,0.36719029,9.517634855
Sgcb,0.36682836,8.454356846
Lrp11,0.366635375,19.39834025
Nudcd1,0.366553241,17.03838174
Grik3,0.366517017,24.01452282
Tmem161b,0.366336161,34.31016598
Ube3b,0.366001847,10.60684647
Fam168a,0.36577755,64.60062241
Fech,0.365729371,8.791493776
Trim67,0.365634503,9.336099585
Fbxw5,0.365521677,16.31224066
Asb18,0.365404851,2.256224066
Stk38l,0.365361054,5.679460581
Abhd6,0.365311915,22.12136929
Add1,0.365186655,41.6753112
Ndufs1,0.365144007,28.00829876
D8Ertd82e,0.36498462,4.927385892
Rnf149,0.364901326,11.33298755
Gm15345,0.364894932,6.32780083
Elmod3,0.36473006,4.304979253
Npas2,0.364653478,10.21784232
Raf1,0.36454419,29.59024896
Pex19,0.36453815,13.35580913
Bcl2,0.364503319,30.86099585
Kif2a,0.364454585,40.17116183
Atp6v1h,0.364379358,34.3620332
Rogdi,0.364302615,26.21887967
Immt,0.364143568,25.38900415
Gm15723,0.364097978,6.12033195
Clstn1,0.36402794,35.37344398
Slc6a19,0.36395791,0.28526971
Eps15l1,0.363951934,43.69813278
9630001P10Rik,0.363947678,0.752074689
4921511C10Rik,0.363876369,26.0373444
Fnbp1,0.363763977,52.0746888
Thap4,0.36366749,11.79979253
Armc4,0.363609397,6.01659751
Uck2,0.363579224,11.28112033
E2f3,0.363546822,9.258298755
Ppp1r13b,0.363541773,27.56742739
Smim13,0.363519715,10.91804979
Lgmn,0.36322739,24.06639004
Dennd5b,0.363148852,58.81742739
B4galt7,0.36314121,6.37966805
Pfkm,0.363047373,18.20539419
Mrpl42,0.362705378,17.27178423
Ube4a,0.362603978,25.2593361
Csmd2,0.362510992,54.61618257
Pus7l,0.362387982,0.700207469
2610028E06Rik,0.362335424,0.933609959
Nudt13,0.361979554,8.791493776
Aebp2,0.361930759,11.69605809
Ubtd1,0.361364833,7.468879668
Ktn1,0.36113968,45.46161826
Gm9945,0.361065817,1.867219917
Cadm2,0.360987935,97.04356846
Zfp871,0.360763093,9.102697095
Gmcl1,0.36061994,36.7219917
Zfp61,0.360474724,5.082987552
Ank,0.360443014,31.97614108
Lsm11,0.360281496,3.189834025
Hivep2,0.360164869,74.2219917
Prkcz,0.359980637,36.4626556
Bicc1,0.359953624,24.7406639
Gdap1,0.359880176,26.32261411
Ksr2,0.359648875,58.03941909
D3Ertd254e,0.359536271,6.14626556
Arhgef18,0.359417596,11.15145228
Rbbp5,0.359346339,6.742738589
Zfp626,0.359334624,2.126556017
Tsen2,0.359254851,15.81950207
Tomm40,0.359147714,23.02904564
Trim9,0.359015609,47.06950207
Paxbp1,0.359015081,17.9719917
Gpatch8,0.358938099,82.70228216
Rnf123,0.358886529,12.68153527
BC034090,0.358785658,1.659751037
Mir142hg,0.358564558,1.530082988
Plxna1,0.35852762,9.284232365
Akap10,0.358493567,33.42842324
Tfcp2,0.35839107,22.61410788
Pde4b,0.358388011,79.27904564
Proser2,0.358194375,1.737551867
Ctnnbl1,0.358165804,27.10062241
Atf1,0.358097828,11.87759336
Rora,0.358073255,84.98443983
Eogt,0.357928007,8.791493776
Adra1b,0.357825895,5.912863071
Spns2,0.357557717,9.206431535
Bicd1,0.35724579,73.83298755
Cwc27,0.357222583,37.21473029
Dnm3,0.35709692,78.47510373
Ogdhl,0.3570174,2.282157676
Egflam,0.356910848,1.893153527
Tmem68,0.356800229,11.67012448
Ehd3,0.356471813,5.005186722
E130309D02Rik,0.356453608,3.371369295
Tmem63b,0.356404705,28.08609959
Gm13838,0.356283671,0.05186722
Akirin1,0.356277749,14.08195021
Fam69a,0.356151834,28.73443983
Slc22a14,0.356040934,23.4439834
Sv2a,0.355964399,32.00207469
Pls3,0.355932366,19.81327801
E330009J07Rik,0.355880311,9.284232365
E2f4,0.355840133,5.082987552
Phka1,0.355775316,30.16078838
Sdhaf3,0.355765233,12.31846473
Wdr7,0.355728688,44.81327801
Cyb5r4,0.355535192,16.26037344
Sgsm3,0.355511031,19.37240664
Slc23a2,0.355395852,28.29356846
Zfp949,0.355329442,22.84751037
Arg2,0.3553257,1.063278008
Ina,0.355191804,14.54875519
Gmds,0.355108048,60.06224066
Dennd6a,0.355046214,36.87759336
Gm15462,0.354959678,0.05186722
Neto1,0.354826517,25.46680498
Tmem191c,0.354766474,39.5746888
Slc7a6,0.354742684,26.14107884
Med15,0.354741507,32.31327801
Rmdn3,0.354614731,9.258298755
Acyp1,0.354418899,4.875518672
Rapgef2,0.354346213,47.87344398
Ext2,0.354210461,20.40975104
Mtx3,0.354191446,3.890041494
Gm11973,0.354080707,1.841286307
Arhgef12,0.354079416,52.69709544
Pigk,0.354049445,30.86099585
Cherp,0.354035642,23.80705394
Sik3,0.354025747,67.29771784
Sptb,0.35377436,21.16182573
Pramel7,0.353771571,3.293568465
Gcm1,0.353678713,0.803941909
Gfod1,0.353491724,16.31224066
Ivd,0.353483101,14.65248963
Igf2bp3,0.353449639,52.93049793
Pbld2,0.353347159,5.108921162
Aak1,0.353234678,58.24688797
Evi5,0.353200574,42.37551867
Gabbr2,0.353067472,48.02904564
Zeb1,0.353024446,54.59024896
Dcx,0.35287884,27.95643154
Fip1l1,0.352870639,23.39211618
Snx30,0.352810836,18.72406639
Chka,0.352761517,43.46473029
Mapkapk2,0.352670914,7.780082988
Sncaip,0.352630963,27.69709544
Aldh1a3,0.352515886,0.492738589
Gm14546,0.352451322,0.881742739
Parg,0.352392513,21.8879668
Myocd,0.352357594,1.581950207
Nploc4,0.352291701,26.06327801
Kcnk1,0.352284808,11.30705394
Scrt1,0.352267595,5.316390041
Tnni3k,0.351926217,2.852697095
Rsrp1,0.35190976,76.19294606
Cd83,0.35180622,5.316390041
Ccdc88a,0.351781252,68.95746888
Cdk11b,0.351696198,17.24585062
Snx29,0.351595055,44.47614108
Stambpl1,0.351527929,17.68672199
Clca4b,0.351441763,2.022821577
Grip1,0.35131776,81.66493776
Slc12a9,0.351184403,9.543568465
Tgfbr2,0.351176635,1.893153527
Rnpepl1,0.351101644,8.272821577
Atxn1,0.35107724,78.94190871
Dgke,0.351005326,17.42738589
Zfp27,0.35090398,5.394190871
Itga9,0.350752233,5.316390041
5430419D17Rik,0.350736819,3.086099585
Syn1,0.350725617,54.64211618
Ldb2,0.350596905,37.70746888
Nfasc,0.350481679,48.46991701
Sdr39u1,0.350141099,5.368257261
Mob1b,0.350093977,20.38381743
Slc25a23,0.350083408,30.9906639
Gm14410,0.349768935,22.1473029
Rmi1,0.34974489,2.152489627
Pitpnc1,0.349710123,46.03215768
Lrp3,0.34955054,7.728215768
Fbxw8,0.349523167,19.50207469
Gm26652,0.349484947,2.982365145
D430041D05Rik,0.349473808,42.92012448
Aadacl3,0.349424392,0.07780083
Zfp804a,0.349374811,66.07883817
Ralgapa2,0.349230402,53.3973029
Arid5b,0.349087836,46.81016598
Pygb,0.349017591,25.90767635
Rpgrip1l,0.349007356,12.62966805
Adamts10,0.348914647,13.71887967
Ralgapb,0.348843765,40.06742739
Mybpc1,0.348779682,1.581950207
Slc25a36,0.348631496,39.13381743
Cdk5rap2,0.348582783,10.58091286
Phactr3,0.348435322,39.00414938
Krit1,0.348336325,57.41701245
Azin2,0.348234439,16.4159751
Ipo11,0.348182758,25.85580913
Apoa1,0.348131323,3.760373444
Bach1,0.348071459,5.290456432
Vps41,0.347961311,36.09958506
Prep,0.347767455,5.912863071
Igf2r,0.347614957,8.246887967
Brinp1,0.347460051,65.97510373
Slx4ip,0.347275164,33.71369295
Arhgef9,0.347190676,35.6846473
Tbc1d8b,0.347080387,1.685684647
Ppig,0.346928218,41.54564315
Sfswap,0.346755497,36.7219917
Tspan17,0.346613125,23.49585062
Ap5z1,0.346548814,5.9906639
Slx1b,0.346401338,10.14004149
Klf15,0.3463699,2.178423237
Snrk,0.346035041,20.59128631
Gtf2a2,0.345973393,15.66390041
Slitrk1,0.345874663,3.526970954
Wdr70,0.34552228,28.96784232
Lactb,0.345292113,5.653526971
Tysnd1,0.34520072,3.034232365
Osbpl1a,0.345163433,23.21058091
Acat1,0.345120284,39.54875519
Mgat5,0.345041904,37.37033195
Adcy3,0.345004699,17.29771784
Ptcd1,0.345002066,4.097510373
Brinp3,0.344934772,86.61825726
Sgpl1,0.344907983,13.61514523
Cdk20,0.3447197,4.227178423
Sorcs2,0.344710429,9.206431535
Lnpep,0.34465409,35.37344398
Glud1,0.344602314,28.52697095
Zfp943,0.344594814,18.17946058
Atxn7,0.344578197,21.42116183
Mkl1,0.344542271,33.19502075
Cdh10,0.344305905,64.34128631
Slc25a42,0.344287456,9.336099585
9130409I23Rik,0.344195089,0.414937759
Trub2,0.344128915,14.41908714
Uqcrc1,0.344063328,27.72302905
Kcnip1,0.343463255,36.95539419
Cdh4,0.343458784,33.40248963
RP24-274B19.1,0.343456502,64.96369295
Pacsin1,0.343376086,58.3246888
Arfgef2,0.343254926,35.06224066
Ehmt1,0.343114866,48.39211618
Rps6ka3,0.343048305,31.92427386
Hs3st3a1,0.342844608,1.919087137
E2f1,0.342772933,0.855809129
Zfp933,0.342716451,18.04979253
Fam160b2,0.342568961,6.587136929
Kansl1l,0.342469372,26.89315353
Lppos,0.342400927,0.959543568
Trmt1l,0.342326549,32.59854772
0610030E20Rik,0.342158307,8.220954357
Zfpm2,0.342036495,34.51763485
Thoc1,0.342030724,50.44087137
Map3k7,0.341979255,16.05290456
Tsga10,0.341855219,18.30912863
Frzb,0.341849067,1.478215768
Lamb3,0.341720184,2.697095436
Zfp711,0.341588423,9.258298755
Gm11639,0.341310888,2.359958506
Gm15584,0.341264683,10.03630705
Rnf150,0.341068243,34.85477178
Tstd3,0.340914012,3.501037344
Tcf19,0.340860076,0.20746888
Clcn7,0.340671033,13.77074689
Jmy,0.340591193,15.27489627
Rest,0.340463246,1.711618257
Klhl2,0.340306602,24.87033195
Tmem218,0.340233459,5.160788382
Slc45a1,0.340204903,17.99792531
RP23-421P23.12,0.340192327,2.204356846
Dym,0.340166082,32.2873444
Zbtb38,0.340138097,35.34751037
5330434G04Rik,0.340020978,77.35995851
Nell1,0.3400008,48.80705394
Fhit,0.339877879,54.25311203
Trim6,0.339826771,0.414937759
Nfkb1,0.339776041,26.32261411
A430046D13Rik,0.339710923,2.619294606
Tubgcp5,0.339674153,18.85373444
Iqsec1,0.339613436,38.12240664
Mgrn1,0.339518429,26.5560166
Rps6kb1,0.339436642,35.78838174
Gm2163,0.339401965,55.08298755
Cep164,0.339214837,22.95124481
Pnldc1,0.338945638,5.420124481
Zbtb7a,0.338809679,23.13278008
Snap91,0.338741051,63.7966805
Fam135b,0.338714048,62.55186722
5730559C18Rik,0.338643589,0.933609959
Zfp236,0.338629928,20.3060166
Ylpm1,0.338559652,48.65145228
Cltc,0.338389817,37.39626556
Zfp445,0.338290149,3.267634855
Ptprg,0.338222171,64.49688797
Tnn,0.338172214,0.389004149
A830080D01Rik,0.33809265,19.70954357
Angel2,0.33798281,16.64937759
Fbln7,0.337851374,0.829875519
Sult6b1,0.337842945,0.674273859
Spred2,0.337616419,30.7313278
Mdh1,0.337606309,44.13900415
Nudt22,0.337551319,2.593360996
D10Wsu102e,0.337540118,3.112033195
Slc7a14,0.337392659,40.40456432
Ttll11,0.337274466,34.1026971
Arhgap42,0.337212991,9.725103734
Osgepl1,0.33713381,5.627593361
Gm42477,0.337059618,21.05809129
Dclk2,0.33704118,45.79875519
Hibadh,0.336881709,19.55394191
Spdl1,0.336757087,0.518672199
Rfwd2,0.33673285,29.09751037
Elavl3,0.336726762,67.06431535
Slc13a1,0.336725084,0.648340249
Nkain3,0.336717819,50.41493776
Ikbkb,0.336681085,15.97510373
Hdlbp,0.336552506,24.66286307
Gm28873,0.336492083,2.671161826
Kctd9,0.336487011,5.160788382
Rita1,0.336408771,5.497925311
2610507B11Rik,0.336307535,19.68360996
Vps9d1,0.336296271,14.41908714
Dnajc18,0.336267045,22.32883817
Gm6483,0.336148125,15.68983402
RP24-112I14.3,0.335999142,0.518672199
Gm3264,0.335932859,2.074688797
Med4,0.335918151,8.921161826
Slc9a7,0.33573208,34.18049793
Gtf2h4,0.335715627,4.719917012
Ica1,0.335467002,55.70539419
Nt5e,0.335407146,5.93879668
Camta1,0.335403746,79.1753112
Hmgxb4,0.335346741,11.38485477
Ttc7,0.335340288,4.693983402
Rnf145,0.335312781,17.68672199
Ipo4,0.33522135,14.60062241
Smg5,0.334954999,23.05497925
Llgl1,0.334949409,6.30186722
Gabpb2,0.33488988,16.10477178
Trank1,0.33480882,26.5560166
Arhgap35,0.334737092,38.20020747
Fbxo9,0.334721037,14.18568465
Frmpd1,0.334579525,13.04460581
Alg6,0.334423393,11.28112033
Ap3m1,0.334373569,18.10165975
Dgkz,0.3342745,20.87655602
Msra,0.334227319,13.40767635
Zcchc7,0.334150229,65.74170124
Qsox1,0.334102544,10.55497925
Rasal2,0.334042022,59.23236515
Mtf2,0.334034911,33.22095436
Hagh,0.334015909,19.39834025
Snx8,0.334003798,12.52593361
Yars,0.333965454,18.75
Ptges2,0.333900939,4.097510373
Slc2a6,0.333840656,6.45746888
Mapk14,0.333669628,27.72302905
Rab15,0.333549378,11.95539419
Rfx5,0.333524284,3.371369295
Umad1.1,0.333514146,2.515560166
Dzip1,0.333344425,28.94190871
Zfp612,0.333341795,27.54149378
Plaa,0.333309277,27.77489627
Actr1b,0.333289038,25.02593361
Pttg1ip,0.33327261,5.653526971
Stk3,0.333146021,32.62448133
Dst,0.333004795,77.15248963
Aftph,0.332965288,33.53215768
Exoc2,0.332957516,19.65767635
Gm26632,0.332949123,0.15560166
Hdac3,0.332748813,31.35373444
Magi3,0.332697908,48.65145228
Fam49b,0.332658432,66.02697095
Csrp2bp,0.332653067,9.413900415
Ints9,0.332591001,23.10684647
Pde3b,0.332585086,23.46991701
Nr6a1os,0.332571844,8.998962656
Fez1,0.33234916,20.22821577
Setdb2,0.332313681,4.356846473
Cttnbp2,0.332134947,57.59854772
Gm43713,0.332115107,53.47510373
Cbfa2t2,0.332104455,38.5373444
Fam193b,0.332067332,32.88381743
Ppp1r14c,0.332061009,17.50518672
D230017M19Rik,0.331975889,9.699170124
Mkrn2,0.331841149,4.668049793
Usp8,0.33183823,15.58609959
Pofut1,0.33179237,17.03838174
Zfp182,0.331783314,24.76659751
Acer3,0.331782271,36.61825726
Tmem126a,0.331746673,53.16390041
Cd320,0.331493853,6.716804979
Gapvd1,0.331431385,42.86825726
Tigar,0.331347991,2.437759336
Clmp,0.331255696,26.42634855
Ptpn12,0.331177593,38.66701245
Il1rapl1,0.331140235,98.28838174
Rngtt,0.33110565,34.23236515
Ppp2r5e,0.331055266,44.16493776
Greb1l,0.331054734,34.20643154
Cldn16,0.330970458,0.10373444
Tsc1,0.330902119,35.45124481
Peg3,0.330864812,49.76659751
Ide,0.330816966,23.7033195
Srsf11,0.330808115,50.02593361
Frmpd4,0.33063784,82.2873444
Slitrk5,0.330144626,10.50311203
2810403A07Rik,0.330036743,27.67116183
Far1,0.32997361,29.46058091
Atxn7l3,0.329969202,5.160788382
Rnf111,0.329792018,25.64834025
Tha1,0.329774988,1.996887967
Abcc6,0.329634538,0.907676349
A330017A19Rik,0.329616073,19.50207469
Rprd1a,0.329609443,25.10373444
Erbb4,0.329414548,69.60580913
Srgap2,0.329120871,57.52074689
Atad1,0.3289411,24.55912863
Gm8237,0.328910338,3.708506224
Lrtm2,0.328898368,3.293568465
Usp45,0.328831195,33.35062241
Car10,0.32881072,76.58195021
Hacd1,0.328744926,25.7780083
Atp1b1,0.328660592,57.20954357
Cisd2,0.32863323,17.06431535
Kcmf1,0.328545806,34.12863071
Rfx8,0.328544601,0.414937759
Psmd14,0.32847814,37.52593361
Gm29051,0.328389459,1.996887967
Hdx,0.328361256,27.46369295
Fbxo41,0.328151207,17.53112033
Ddx24,0.328143676,46.42116183
Tas1r1,0.328101414,1.737551867
Sugp1,0.32807245,16.33817427
Zfp217,0.328031823,1.063278008
Gm15398,0.327925227,39.18568465
Ralgps2,0.32768043,27.46369295
Noa1,0.327667631,4.201244813
Ttc4,0.327450091,24.89626556
Epha3,0.327357918,26.2966805
Bri3bp,0.327251203,6.45746888
Anapc10,0.327120283,19.63174274
Atp6v0a1,0.327072355,64.88589212
Psmd3,0.327027709,12.13692946
Rcor3,0.326981781,16.13070539
Azi2,0.326839877,14.44502075
Fam63b,0.3267673,27.46369295
4930429D17Rik,0.326548039,1.893153527
Usp33,0.326545443,36.07365145
AI314180,0.326529685,50.72614108
Fxyd4,0.32649641,14.00414938
Cops7b,0.326443197,12.52593361
Pik3ca,0.326362664,24.55912863
Mcph1,0.326350375,21.68049793
Cyfip2,0.326228846,34.49170124
D230025D16Rik,0.326227843,17.50518672
Sorbs1,0.326152308,35.39937759
Gmeb1,0.326116744,15.79356846
Gdpd1,0.326112289,26.01141079
Tra2a,0.326106467,63.14834025
Fut8,0.326047918,42.03838174
Tbce,0.325987732,29.79771784
Mfap3,0.325900082,21.13589212
Foxa3,0.325827338,0.570539419
Cep290,0.325809025,22.35477178
Mfsd7b,0.325630584,17.47925311
Gpr150,0.325547562,1.192946058
Sept9,0.325424092,4.927385892
Cacfd1,0.325347975,7.883817427
Faah,0.325214353,10.34751037
Polb,0.324973036,38.14834025
Miat,0.324764062,49.61099585
Ahctf1,0.324711478,20.33195021
Pex26,0.324617142,3.760373444
Rnf126,0.324371336,13.74481328
Esf1,0.324347843,22.43257261
Sfxn2,0.324292954,7.909751037
Pura,0.324131583,42.50518672
Mccc2,0.324065922,14.3153527
Snx27,0.323902226,33.45435685
Gm37459,0.323898045,2.982365145
Gm7347,0.323827894,0.05186722
Pcsk7,0.323814419,18.36099585
Poc1b,0.323780631,8.013485477
Smg7,0.32366676,27.04875519
Oas1c,0.323663865,1.270746888
Pik3c2b,0.323650633,12.31846473
Fra10ac1,0.323592369,12.52593361
Ganc,0.323459633,5.627593361
Mettl2,0.323396173,13.40767635
Apc,0.323371405,57.57261411
2900011O08Rik,0.323369748,35.19190871
Cep152,0.323221536,4.356846473
Fat1,0.323189833,9.128630705
Upp2,0.323176552,70.87655602
Kdm4c,0.323108415,53.50103734
Chd1,0.322932982,26.34854772
Shroom2,0.322849155,10.9439834
Amot,0.322810434,3.163900415
Slc25a12,0.322694641,38.12240664
Ppil4,0.32251665,22.43257261
St6gal2,0.322492177,9.647302905
Fbxl5,0.32248183,21.05809129
Brsk1,0.32234971,19.39834025
Mamld1,0.322136521,19.37240664
Ube2o,0.321881225,21.73236515
Cd2ap,0.321765794,22.51037344
Atxn2,0.3217057,46.62863071
Extl2,0.321666915,9.180497925
Tsc22d4,0.321597534,16.4159751
Arhgap26,0.321548041,78.21576763
Atg16l1,0.321498281,32.18360996
Fktn,0.321400512,20.51348548
Gm12709,0.32129561,39.88589212
Sec31a,0.321278236,11.77385892
Kansl3,0.321246454,21.81016598
Arel1,0.321136726,14.60062241
Crtc3,0.321088785,28.26763485
Tubgcp6,0.321006067,8.117219917
Cdc7,0.320993767,10.24377593
Sh3kbp1,0.320943865,40.56016598
Fcer2a,0.320869209,2.359958506
Gm13307,0.320646228,1.633817427
Zfp273,0.320622759,5.290456432
Grk5,0.320576935,27.69709544
Myl1,0.320440288,0.726141079
Slc12a5,0.320411969,33.11721992
Ndufa9,0.320276079,10.71058091
Morc4,0.32025595,3.656639004
Stac,0.320026365,10.81431535
Gripap1,0.32001246,27.74896266
Ube2e2,0.319957829,81.63900415
Gfra4,0.319745447,5.394190871
Atp5c1,0.319705961,14.23755187
Gm14703,0.319523834,8.661825726
Abca2,0.319453234,21.99170124
Zfp367,0.319422176,4.356846473
Cadps,0.31938127,91.39004149
Ufd1l,0.31933767,20.72095436
Dph5,0.319327904,14.3153527
Thoc2,0.319288811,42.94605809
Purg,0.319255034,30.93879668
Dis3l2,0.319148547,42.47925311
Fam20b,0.319130722,20.28008299
Ifi44l,0.318883818,0.02593361
Zfp239,0.318776736,15.3526971
Mrps21,0.318755447,14.3153527
Sdccag3,0.318721359,18.30912863
Fam19a5,0.318679713,27.12655602
Gnmt,0.318661991,1.141078838
Tjap1,0.318588023,9.932572614
Atp13a2,0.318537873,24.87033195
Rmdn1,0.318416938,44.57987552
1700015E13Rik,0.318283049,0.02593361
Senp2,0.318274095,23.91078838
Eme2,0.318203837,3.501037344
Setx,0.318137586,34.93257261
Paip2,0.317931814,30.03112033
Car11,0.317717765,24.42946058
Fam163a,0.317648431,8.661825726
Svip,0.317502533,7.261410788
Lrp6,0.317432836,25.49273859
Ephb3,0.317349921,0.778008299
Golga4,0.317306959,22.43257261
Dhdds,0.317145872,27.51556017
Ap2a1,0.317089226,16.26037344
Ccl25,0.316995743,19.70954357
Usp13,0.316896153,24.35165975
Smg9,0.31688766,12.78526971
Pan3,0.316792571,57.2873444
Rusc2,0.316740642,20.28008299
Tinf2,0.316629102,1.063278008
Aes,0.316497637,12.08506224
Wasf1,0.316477985,13.0186722
Mfap3l,0.316465343,8.532157676
Fbxo21,0.316334563,19.5280083
Tmem120a,0.316261983,4.719917012
Map2k5,0.316251334,28.50103734
Zfp654,0.316218089,28.1120332
Add3,0.316086287,15.43049793
Stx16,0.315985928,45.98029046
Large,0.315980096,78.08609959
Gm14320,0.31590897,3.552904564
1700125H20Rik,0.315866477,0.648340249
Cnot4,0.315850136,54.4346473
Sos1,0.315736199,30.39419087
Sept6,0.315683564,19.39834025
Mdp1,0.315613756,6.27593361
Tssc1,0.315545203,19.32053942
Pds5a,0.315504028,35.06224066
Fbxo2,0.315465408,10.19190871
Tbc1d13,0.315346397,8.843360996
Tmem132b,0.31531777,28.37136929
Gpatch1,0.315259098,23.7033195
Ranbp10,0.315255813,24.61099585
Acer1,0.315248236,3.708506224
Vps50,0.315173883,20.53941909
Gon4l,0.314952436,43.30912863
Csmd3,0.31485306,97.25103734
Tef,0.314768193,17.34958506
Arhgef38,0.314728351,1.141078838
RP23-205F19.4,0.314699572,3.241701245
Cep295,0.31462576,15.68983402
Ap3b1,0.314618157,28.656639
Atp5a1,0.314546009,22.30290456
Hormad1,0.314092566,1.192946058
Mrps10,0.313956127,14.47095436
Pias2,0.313897783,31.92427386
Bcas3,0.313890835,56.61307054
Ralb,0.313777683,7.676348548
6720427I07Rik,0.313515093,4.823651452
Coq5,0.313406029,25.31120332
Fam73a,0.313369935,18.28319502
Nme4,0.313196805,3.734439834
Rab40c,0.313150539,33.22095436
Nfic,0.313118716,13.0186722
Atg7,0.313101833,12.7593361
Zdhhc20,0.313076569,44.83921162
Sned1,0.313060793,6.794605809
Gm10767,0.313058586,2.930497925
Eif4g3,0.312963513,56.5093361
RP23-54G8.4,0.312908187,42.47925311
Lrba,0.312797105,65.45643154
Tmem117,0.312751172,48.39211618
Iars,0.312742014,18.28319502
Asph,0.312673233,22.04356846
Actr2,0.312670879,31.79460581
Isca2,0.312601944,16.02697095
Rad51d,0.312355491,7.157676349
Preb,0.312280947,19.0093361
Gin1,0.312269718,10.63278008
Lrrc7,0.312127125,78.86410788
4632404H12Rik,0.312096788,1.607883817
Slc45a4,0.311890611,6.09439834
Cdadc1,0.311865403,14.62655602
Tcp11l1,0.311752756,35.37344398
Hsf2,0.311728035,16.83091286
Fam102a,0.31172002,4.771784232
Ttc37,0.311701369,23.59958506
Atp6v1a,0.311596785,30.4719917
Uqcc1,0.311540016,24.53319502
Manea,0.311309386,5.264522822
Dnajc15,0.311182479,17.68672199
Cdk13,0.311049132,33.3246888
Cntn6,0.310980565,73.10684647
Gm5113,0.310966136,1.945020747
Acyp2,0.310938572,44.42427386
Actl6a,0.310901893,9.906639004
Eif2b4,0.310717929,12.73340249
Slc35f2,0.310433982,2.256224066
Mark1,0.310122649,18.85373444
Map4k3,0.310085147,30.4719917
Srrm3,0.310064335,46.13589212
4930402H24Rik,0.309997405,82.85788382
Gdap2,0.309909482,12.44813278
Nudt5,0.309792324,11.64419087
Zfp800,0.309759065,11.61825726
Gpc6,0.30966372,63.48547718
Fam98a,0.30957488,14.21161826
Smyd4,0.30956329,14.67842324
Tmem135,0.309536246,33.35062241
2410089E03Rik,0.309494284,60.45124481
Tnfrsf21,0.309478608,15.45643154
Gfpt1,0.309389402,23.98858921
Scfd1,0.309334895,52.04875519
Trpm7,0.309209345,47.87344398
Rbfox2,0.309089647,54.4346473
Ak3,0.309073007,6.32780083
A230083G16Rik,0.309057027,2.671161826
Nup155,0.308945004,10.89211618
Wrn,0.308873408,19.89107884
Sh2d3c,0.308803993,9.310165975
Fan1,0.308751383,6.639004149
Vps37a,0.308651275,13.56327801
Opcml,0.308600216,85.99585062
Kcnq1ot1,0.308476109,76.97095436
Cpsf2,0.308349002,4.745850622
St6galnac3,0.308323402,32.00207469
Prr22,0.308177377,1.530082988
Cntnap5c,0.308166919,39.49688797
Mob2,0.308143436,16.83091286
Lpgat1,0.308080712,31.89834025
Dmxl1,0.308040909,44.65767635
Zfp112,0.308015,17.55705394
Uqcrc2,0.308014032,16.156639
Galntl6,0.307703376,86.17738589
Synm,0.307653441,1.633817427
Trak2,0.307531465,10.52904564
Knop1,0.307439119,13.71887967
Pecr,0.307416668,4.304979253
Vstm2a,0.307396724,19.76141079
Stk40,0.307389642,12.05912863
Jakmip3,0.307351324,19.70954357
Mlx,0.307346213,5.601659751
Kifc1,0.307328504,3.371369295
4632428C04Rik,0.307283188,1.504149378
Rasgrf1,0.307271931,68.64626556
Mkln1,0.30704769,41.64937759
Cdca7,0.306934231,0.28526971
Tmem40,0.306598983,0.674273859
Fam149b,0.306594942,16.72717842
Yeats2,0.306581292,29.25311203
Fcho2,0.306574662,33.89522822
Homer1,0.306565708,16.28630705
Rnf216,0.306533599,33.79149378
Aff3,0.306371407,56.7686722
Rptor,0.306335789,39.3153527
Ccdc91,0.306303847,11.38485477
Supt16,0.306210944,20.64315353
Susd5,0.306062041,1.556016598
4930556N13Rik,0.30599875,8.220954357
Nphp4,0.305983879,12.57780083
Snf8,0.305965686,14.44502075
Strada,0.305956958,20.87655602
Nr1d2,0.305933557,14.41908714
Cep85l,0.305908068,14.08195021
Fbxo22,0.305886973,7.131742739
Syde2,0.305820861,0.985477178
Ppfia1,0.305753622,20.69502075
Fubp3,0.305638713,17.1939834
Ncapd3,0.305636084,16.49377593
Camk2b,0.305580461,37.47406639
Mapkap1,0.305476654,32.13174274
Rabl6,0.305412733,37.65560166
Rb1cc1,0.305305581,36.25518672
Hmgb1,0.305282834,22.9253112
Mum1,0.305272245,10.08817427
Fgf10,0.305153137,8.272821577
Tjp1,0.305030854,70.69502075
Fgd1,0.304903249,9.284232365
Cs,0.304725,25.20746888
Rabgap1l,0.304701445,72.17323651
Pola1,0.304647859,16.90871369
Prmt3,0.304501476,11.61825726
Tatdn1,0.304473635,10.73651452
Pde8b,0.304256658,45.46161826
Hbs1l,0.304252954,17.01244813
Eef1a2,0.304246634,8.117219917
Ubac2,0.304221827,31.04253112
Tmem104,0.304201401,4.408713693
Nmnat2,0.304181767,52.67116183
Sbno1,0.304105158,44.50207469
Fancc,0.304063494,15.94917012
Meis2,0.30397088,59.31016598
Ostm1,0.303933566,7.391078838
Ola1,0.303865344,24.09232365
Klf12,0.303379463,47.89937759
Chpt1,0.303261065,31.95020747
Tnr,0.303240519,57.33921162
Grem2,0.303194339,6.587136929
Naa40,0.303156144,29.53838174
Atp5g1,0.302943475,26.40041494
Ccne2,0.302892647,6.14626556
Mysm1,0.302792109,26.01141079
Wdr33,0.302607846,48.85892116
Kif5a,0.30260449,40.94917012
Gm21092,0.302229507,77.28215768
Zfp799,0.30220719,17.66078838
Copg2,0.302102299,44.47614108
Atad2b,0.301964071,47.04356846
Cdip1,0.301902902,39.52282158
Fam135a,0.301842982,34.56950207
Gm20498,0.301700755,9.180497925
Gm26917,0.301696414,31.79460581
Strn4,0.301696322,14.60062241
Chfr,0.301666843,29.22717842
Ptprr,0.301641692,49.61099585
Megf9,0.301624461,24.55912863
Gpcpd1,0.301618107,42.86825726
Dnajc5,0.301518628,29.53838174
Dld,0.301505736,16.18257261
2410131K14Rik,0.301391661,5.653526971
Gins1,0.301360708,1.867219917
Smg1,0.301225105,46.21369295
Dnah14,0.301127699,1.426348548
Zfp148,0.30099851,41.75311203
Rtn3,0.300909049,78.34543568
Clasrp,0.300874853,25.05186722
Lysmd3,0.300803762,4.071576763
Prkci,0.300596971,9.906639004
Brd4,0.30038003,38.25207469
Nfs1,0.300313458,17.79045643
Lrrc49,0.300278065,34.3620332
Tpm1,0.300071423,15.04149378
Tmtc3,0.300002413,14.93775934
Fnip2,0.299999685,17.29771784
Pex1,0.299794445,18.17946058
Sfxn4,0.299779066,14.62655602
Mcts1,0.299778872,15.92323651
Dscam,0.299755338,88.35580913
Uimc1,0.299723955,19.60580913
Vps13a,0.299677736,60.34751037
Zfp740,0.299619361,18.36099585
Slc38a1,0.299591191,31.22406639
Ddx41,0.299522811,10.01037344
Kansl2,0.299212166,16.62344398
Gata3,0.299189872,1.452282158
Prpf40b,0.299157311,17.89419087
Gpt2,0.299041836,7.935684647
Psd3,0.299023831,34.93257261
Tial1,0.298839414,32.39107884
Rbm28,0.298831648,20.02074689
Scara5,0.298752826,1.400414938
Tmtc1,0.298695343,38.97821577
Nktr,0.298597993,59.82883817
Frmd7,0.298445459,1.011410788
Dffa,0.2983102,15.76763485
Rpp21,0.298288722,18.62033195
Fchsd2,0.298243096,63.69294606
Yipf5,0.298215398,16.83091286
Pcdh15,0.298195281,87.83713693
Igfbp3,0.298145552,0.596473029
Psmc4,0.298091822,16.44190871
Zfp820,0.298087953,1.011410788
Fus,0.298056521,73.83298755
Itga6,0.298048715,4.875518672
Nipbl,0.298030817,47.04356846
Gm44174,0.298014666,0.07780083
Zyg11b,0.29786709,34.3879668
Ap3s2,0.297845265,21.343361
Ermard,0.297728074,35.32157676
Sgcz,0.297726662,96.99170124
Kiz,0.297709277,27.28215768
Rgl2,0.29761821,19.60580913
Riok1,0.297602903,18.46473029
Inca1,0.29759334,3.475103734
Slc25a32,0.297431741,6.820539419
Abca5,0.297319161,25.90767635
Ube2ql1,0.297144434,4.382780083
Hjurp,0.297078569,16.6753112
Ddx58,0.296995523,2.878630705
Nek4,0.296922716,7.131742739
Lrrc3b,0.296880891,22.17323651
Clip4,0.296740545,13.95228216
Usp36,0.296658165,16.00103734
Xrn2,0.296550562,22.56224066
Lrp4,0.296477477,1.685684647
Gcc2,0.296455299,22.43257261
Fancg,0.296254756,4.019709544
Lztfl1,0.296228572,18.77593361
Gm14326,0.296069777,15.68983402
Phkg2,0.295992523,21.31742739
Gm21969,0.295926275,0.752074689
Xkr6,0.295625307,60.08817427
Mllt10,0.29551533,66.36410788
Tet1,0.295473971,20.07261411
Gm37240,0.295463217,39.91182573
Ccdc92,0.295192644,14.26348548
Il11ra1,0.295035093,11.4626556
Dpysl2,0.294991252,51.97095436
Sacm1l,0.294944388,26.78941909
Cox5a,0.294937809,20.85062241
Zzef1,0.294867994,37.96680498
Galnt1,0.294858191,23.59958506
Zfp397,0.294602863,10.52904564
Rae1,0.294494413,15.71576763
Pkp4,0.294490238,46.44709544
Pid1,0.294175288,52.98236515
Bnip1,0.294129313,7.572614108
Pikfyve,0.293959376,18.95746888
Nfatc3,0.293847701,28.86410788
Atr,0.293827462,23.65145228
Uckl1,0.293575649,9.673236515
Hace1,0.293494574,26.68568465
Timm23,0.293466835,16.23443983
Zfp707,0.293404479,4.045643154
Copg1,0.293285774,18.87966805
Lhfpl3,0.293239043,78.55290456
Hs2st1,0.293161165,33.92116183
Zbtb11,0.293156366,31.37966805
Fbxo18,0.293049193,14.34128631
Eif2a,0.293047689,20.07261411
Foxred1,0.292976263,7.002074689
Anks3,0.292856979,28.47510373
Srpk2,0.292828953,68.38692946
Dgki,0.292789794,62.21473029
Spata7,0.292756406,38.95228216
Trpv3,0.292684037,0.363070539
Capza1,0.292663957,25.98547718
Whsc1l1,0.292603802,57.26141079
Naaladl2,0.292525954,67.63485477
Brpf1,0.292421454,4.097510373
Ube2f,0.292378088,13.20020747
Peak1,0.292375611,28.26763485
Gm15614,0.292243021,17.55705394
Xlr3b,0.292210086,5.471991701
Slc29a4,0.292201854,4.279045643
Gm26904,0.292194899,55.70539419
Pcbd2,0.292171017,17.09024896
Rap1gds1,0.292112498,32.72821577
Gm26869,0.292106109,3.319502075
Exoc3,0.292001846,18.38692946
Telo2,0.291833259,14.08195021
Pkia,0.291825871,50.38900415
Smim14,0.291788666,24.92219917
Erich6,0.291759244,2.463692946
Ufsp2,0.291748904,14.49688797
Adgra3,0.291695129,3.786307054
Clk4,0.291434158,22.19917012
Rab11fip4,0.291318001,19.45020747
Eftud2,0.291287581,18.77593361
Gm14902,0.291247514,0.07780083
Hip1,0.291172815,23.54771784
Smchd1,0.291078811,34.05082988
Agpat5,0.291044031,13.84854772
Brsk2,0.291016786,8.428423237
Abcg4,0.291003757,11.87759336
Ikbkg,0.291000933,11.64419087
Hpse2,0.290845319,2.930497925
9030624J02Rik,0.29069907,25.12966805
Ryk,0.290649392,17.40145228
Zfp407,0.290631148,33.3246888
Mical2,0.290622447,12.78526971
Dennd4a,0.290459808,35.34751037
Fyttd1,0.290414796,26.50414938
Ppp4r1,0.290353884,16.9346473
Adam34,0.290119874,0.959543568
Heatr3,0.290079924,18.28319502
Slc4a1ap,0.289893799,14.8340249
AU040320,0.289889675,26.53008299
Gm26694,0.289699436,54.25311203
Mat2a,0.289622888,37.88900415
Rel,0.289575869,3.293568465
Rgp1,0.289571554,8.143153527
Lcmt2,0.289537118,4.019709544
Fsd1,0.289488722,26.5560166
Plcd1,0.289446617,3.578838174
Cybrd1,0.28938678,1.478215768
Pex12,0.289373132,1.789419087
Chrm3,0.289332046,42.79045643
Stx18,0.289245961,19.70954357
Serac1,0.289185674,9.465767635
Sec24b,0.289121485,41.31224066
9130011E15Rik,0.288940947,38.66701245
Gm28557,0.288909585,1.348547718
Cox19,0.288784556,11.74792531
Ttc14,0.288773035,56.66493776
Wnk1,0.288696559,49.40352697
Man1a2,0.288551679,29.20124481
Tulp3,0.288471857,28.96784232
Stmn3,0.288383184,54.87551867
Dgkb,0.288348507,77.593361
Camsap2,0.288324819,23.7033195
Dnajc4,0.288311829,5.705394191
Zbtb43,0.288309598,5.134854772
Sstr2,0.288267899,6.40560166
Gm3002,0.28821772,4.486514523
Slc50a1,0.288165236,22.79564315
Dennd1c,0.288144195,0.803941909
Caln1,0.288100343,40.11929461
Mapre3,0.288057501,27.95643154
Coro2b,0.2879412,16.88278008
Trib2,0.287936906,3.397302905
Slc39a13,0.28786807,11.09958506
Ythdc2,0.287845027,22.61410788
Ptdss2,0.287844751,13.48547718
Lias,0.28783503,14.21161826
Rapgef6,0.287755709,61.92946058
Vipas39,0.287514166,14.85995851
Trappc11,0.287365447,9.102697095
Slc7a6os,0.287277462,20.40975104
Prmt10,0.287274,11.17738589
Brwd1,0.287208496,35.21784232
Zfp280d,0.287179856,42.7126556
Pus10,0.287098337,15.37863071
1700014D04Rik,0.287056633,0.02593361
Zfp936,0.287035992,5.005186722
Dnajc24,0.286988788,22.09543568
Zfp369,0.286952889,10.6846473
Gm14033,0.286878884,1.711618257
Rnf183,0.286847572,0.05186722
Slc25a30,0.286834146,1.011410788
Mgst3,0.286789671,8.765560166
St6galnac6,0.286731393,9.284232365
Prpf3,0.286699051,13.64107884
Ctsa,0.286675444,10.99585062
Mfn1,0.286551378,24.2219917
Gm26804,0.286424989,40.17116183
Stradb,0.286418228,8.143153527
Mkln1os,0.286393244,7.105809129
Spock2,0.286179741,41.75311203
Wwc1,0.286029787,14.13381743
Zbtb8os,0.286029265,6.17219917
Pkdcc,0.285954032,2.774896266
Thoc5,0.285943846,9.828838174
Fuca1,0.285938331,11.38485477
Ube2d1,0.285889001,14.75622407
Csnk1g3,0.285875023,27.98236515
Herpud1,0.285864689,13.84854772
Gm26779,0.285855493,1.296680498
Prdx5,0.285738484,16.31224066
Syne1,0.285725714,56.04253112
Tpp2,0.285657035,24.42946058
Atp2b1,0.285648644,48.00311203
Bzrap1,0.285545676,25.2593361
Phxr4,0.285465485,3.449170124
Shh,0.285433809,0.933609959
Glg1,0.285294218,66.88278008
Asxl1,0.285166089,38.58921162
Wdr60,0.285084538,19.50207469
Rab28,0.284975359,29.4346473
Unc79,0.284856869,69.83921162
Lin28b,0.284844948,26.24481328
Map3k13,0.284793286,10.91804979
Clvs2,0.284778991,29.59024896
Trmu,0.284730551,14.3153527
Pcsk5,0.284679758,12.37033195
Gltscr1l,0.284383421,25.88174274
Snx13,0.284288874,19.2686722
Smad1,0.284180412,22.56224066
Hint3,0.284162986,12.86307054
Plekhm2,0.284119775,25.80394191
Dnmt3a,0.284075459,64.08195021
Dhx29,0.284075009,9.699170124
Chpf2,0.284056632,18.36099585
Tecr,0.283953071,80.54979253
Appbp2,0.283944619,19.99481328
Gm17178,0.283927981,10.47717842
Srgap3,0.283847156,56.61307054
Mrps35,0.283804268,4.486514523
Rab11fip3,0.283791626,36.7219917
Max,0.283755199,10.58091286
Zfat,0.283647985,15.81950207
Pgm2l1,0.283645171,20.0466805
Dcun1d4,0.283504958,12.08506224
Cog4,0.283459639,20.28008299
Ncdn,0.283452271,16.02697095
Tmx3,0.283450706,21.52489627
Psma5,0.283330333,11.85165975
Smo,0.283291778,1.244813278
Ythdf3,0.283245139,22.61410788
Mrps24,0.283184297,7.702282158
Specc1l,0.28315225,29.12344398
Gpr137c,0.283080716,44.57987552
Slc38a7,0.283050183,7.468879668
Ccnc,0.283028204,21.10995851
Adamts20,0.283026665,8.039419087
Phtf1,0.282863239,24.61099585
Gm12665,0.28282671,1.400414938
Spdye4a,0.282764789,1.659751037
Il20rb,0.282715984,1.659751037
Papl,0.282662884,0.622406639
Gm43458,0.282641249,0.855809129
Pdk2,0.282346335,5.316390041
Iws1,0.282272672,16.33817427
Tamm41,0.282130127,3.034232365
Agrn,0.282128345,22.01763485
Arl13a,0.281970355,1.607883817
Tox2,0.281860812,16.00103734
Eps15,0.281799664,27.28215768
Ndufab1,0.281670921,8.195020747
Trip12,0.281646343,48.00311203
Aen,0.281645787,1.478215768
Fam21,0.281625878,15.22302905
Ncstn,0.281439814,11.67012448
Sh3bp5,0.281436069,12.94087137
Nars,0.281386872,17.92012448
Pde10a,0.281385798,71.52489627
Swt1,0.281358171,23.91078838
Psmd12,0.281255213,17.42738589
Tmem56,0.281111327,11.25518672
Apoo,0.281075463,15.74170124
Sipa1l3,0.281061025,27.74896266
Znhit1,0.281020618,21.99170124
Ndufs3,0.280941123,25.07780083
Pcdh9,0.280930133,97.09543568
Wdr12,0.280900511,15.81950207
Hibch,0.280845983,15.94917012
Sys1,0.28068998,3.915975104
Gm27241,0.280676823,26.65975104
Btaf1,0.280637551,44.50207469
Taf4a,0.28060932,6.53526971
Limk2,0.280564748,29.71991701
Dctn4,0.280468831,30.44605809
Rasa3,0.280444025,12.91493776
Lsm7,0.280380516,16.96058091
Zfp418,0.280350534,1.504149378
Mnat1,0.280348212,32.26141079
Zpbp,0.280183582,3.578838174
Apba2,0.280154402,34.49170124
Ano6,0.280050995,30.67946058
Tmem246,0.279987974,19.55394191
Suclg1,0.279792588,19.7873444
Rab27a,0.279761319,21.52489627
Sfxn1,0.279712367,16.49377593
Gria4,0.279650145,96.93983402
Gm43738,0.27951685,4.097510373
Metap1d,0.279457665,21.70643154
Aire,0.279409679,0.10373444
Taf2,0.279378487,12.29253112
Chm,0.27931781,35.65871369
Gphn,0.279296097,90.68983402
Lmln,0.279236975,12.88900415
Galnt10,0.279219825,12.47406639
Gm10373,0.279206191,2.411825726
Rad17,0.279117349,20.51348548
Insig2,0.27910197,17.4533195
Trim58,0.279085282,0.12966805
Cyp7b1,0.279046049,8.013485477
Parn,0.279043175,19.08713693
Myl12b,0.279036923,13.90041494
0610010F05Rik,0.278820469,25.85580913
Herc1,0.278759004,62.83713693
Tmem29,0.278646889,17.79045643
Cntn1,0.278634712,77.30809129
Flnb,0.278430895,38.14834025
Rorc,0.278320357,1.218879668
Slc10a7,0.278037934,16.80497925
Galc,0.278029185,12.34439834
Fbxl20,0.278018769,34.49170124
Fam45a,0.277949046,17.73858921
Mettl17,0.277843326,12.13692946
Gnb5,0.277725593,10.50311203
Srek1,0.277710316,32.83195021
Atp13a3,0.277687703,21.03215768
Adcy2,0.277673009,42.89419087
Taf3,0.27766688,25.15560166
Lrrtm4,0.277651491,97.74377593
Nsmce2,0.277434454,34.12863071
Tacc2,0.277411308,18.75
Farp2,0.27734665,10.14004149
Mfsd6,0.277279066,21.73236515
Ubp1,0.277274656,17.03838174
Mpv17l,0.277256923,20.79875519
Nfxl1,0.277215935,7.831950207
Prkcb,0.277116239,71.47302905
Rad51c,0.277066791,7.028008299
Mia3,0.277015288,21.03215768
Atxn2l,0.277004922,34.18049793
Mdm4,0.276847509,30.80912863
Aars,0.276674307,14.67842324
Rab24,0.276647119,21.23962656
Cux1,0.276638862,43.28319502
Srek1ip1,0.276535534,9.751037344
1700024P16Rik,0.276480933,6.14626556
Edc4,0.276472863,7.624481328
2700029M09Rik,0.276309945,12.70746888
Lzts3,0.276288036,5.212655602
Zfp746,0.276254427,7.831950207
Atp6v1b2,0.276124443,37.70746888
Dot1l,0.276060369,19.08713693
Arf5,0.276033959,18.41286307
Chd9,0.275970539,76.94502075
Desi2,0.275939177,38.77074689
Spred1,0.275937182,17.09024896
Prkdc,0.275805533,22.56224066
E2f6,0.275797725,3.501037344
Ropn1,0.275734724,0.881742739
Pnpt1,0.275617699,20.51348548
Reep1,0.275609452,52.74896266
Smarcb1,0.275592528,13.92634855
Tango6,0.275582081,13.66701245
Tmem186,0.275572227,13.40767635
Ackr1,0.275529943,7.365145228
Ccnt2,0.275500857,59.54356846
Ptchd1,0.275395188,20.72095436
Rtca,0.275244855,12.65560166
Csnk2a1,0.27523717,14.8340249
Ccar1,0.275185037,42.1939834
Ppp1r9a,0.275145827,60.47717842
Mapk10,0.275129936,71.42116183
Exd2,0.275079634,20.98029046
Ift88,0.274980043,23.13278008
Smarca4,0.274880452,30.34232365
Borcs5,0.274702523,14.67842324
Kirrel3,0.274497979,52.35995851
Catsperd,0.274427898,9.362033195
Dcaf8,0.274193312,22.58817427
Cog5,0.274186569,52.48962656
Mapre2,0.274175518,31.40560166
Glb1,0.274162953,19.03526971
Tmem50b,0.274069435,5.368257261
Rp9,0.274043716,23.13278008
Thoc7,0.274020458,20.74688797
Trappc8,0.273872254,27.46369295
Mettl8,0.273805212,9.439834025
Fkbp7,0.273725416,3.371369295
Ankrd11,0.273547245,26.76348548
Gfm2,0.273499604,18.25726141
Fam219a,0.273457846,43.07572614
Plcg1,0.273267423,15.76763485
Dzip1l,0.273199367,5.394190871
Stk4,0.273033156,10.06224066
Arsb,0.273020016,21.99170124
Palb2,0.272955342,2.697095436
Strn3,0.272722502,58.71369295
Prdm10,0.272560657,22.76970954
Ankrd17,0.272509312,57.44294606
Phf6,0.272493053,21.8879668
Ndufs2,0.272410325,11.43672199
Farsb,0.272291364,22.09543568
Stxbp5,0.271952378,39.47095436
Myo5a,0.271902127,48.67738589
Nbas,0.271822684,30.70539419
Cacng3,0.271744116,14.13381743
Capn7,0.271624853,17.73858921
Kank1,0.271567262,5.575726141
Taf5l,0.271506256,4.642116183
Napg,0.271497931,20.17634855
Mkrn1,0.271420524,12.11099585
Slc20a1,0.271345306,14.26348548
Mrpl21,0.2712415,13.12240664
Tfr2,0.271187144,2.723029046
Igf2bp2,0.271185301,2.334024896
Shank1,0.271100151,42.16804979
Zmym2,0.271053113,42.29771784
Tmem41a,0.271048062,2.437759336
Baiap2l1,0.270939005,2.904564315
Dnajc6,0.270784423,63.17427386
Prpf40a,0.270556171,36.79979253
Ldlrad4,0.270412039,48.28838174
Tnrc6b,0.270367835,65.11929461
Gm28375,0.270259394,19.81327801
Faxc,0.270204927,15.32676349
Fam178a,0.270194633,33.16908714
Ube2k,0.27013414,51.63381743
Snrnp70,0.27006412,75.85580913
Ddi2,0.269894244,16.90871369
Vprbp,0.269858318,25.46680498
Rps6kc1,0.269854757,14.73029046
Fbxo44,0.26983327,11.9813278
Tmem242,0.269711107,5.860995851
Lpar3,0.269603046,1.037344398
Qrich1,0.269592913,38.71887967
Lrfn2,0.269570494,25.07780083
Arhgap21,0.269542325,35.84024896
Bbs5,0.269430353,16.75311203
Mre11a,0.269395194,12.2406639
Smek2,0.269372018,21.68049793
Gm10501,0.269244914,5.264522822
Cdk19,0.269129124,15.94917012
Tmem206,0.269050173,5.264522822
Ankrd16,0.269040819,9.465767635
Phc3,0.268919833,28.83817427
Slf1,0.268818594,32.26141079
Gpld1,0.268801803,8.013485477
Glis3,0.268761116,4.901452282
Pcyt1a,0.268706162,12.78526971
Sbk1,0.268661604,6.17219917
Samd15,0.268617096,3.397302905
Ppt1,0.268410612,34.15456432
Cpsf6,0.268338669,29.48651452
Chd8,0.268326984,36.12551867
Ubr2,0.268309619,20.02074689
Gba2,0.268174155,9.725103734
Diaph2,0.268130882,43.75
Map3k2,0.268127382,26.73755187
Nnt,0.268097801,14.39315353
Ccny,0.26805946,34.05082988
Pten,0.268041584,30.23858921
Eif2b5,0.267996266,5.835062241
Gm2762,0.267974315,7.209543568
Ntrk3,0.267907654,64.5746888
Pdrg1,0.267895119,11.07365145
Wdr83,0.267871534,10.60684647
Bphl,0.267797094,10.32157676
Eprs,0.267787977,17.73858921
Fnbp4,0.267778123,19.39834025
Rnf219,0.267767523,7.053941909
Dtnb,0.26773217,56.61307054
Trim66,0.267730011,7.754149378
Dync1li2,0.267685306,26.91908714
Clasp1,0.267616535,45.17634855
Fam120b,0.267598986,37.60373444
Pdk3,0.267459551,14.10788382
Dync1h1,0.26733397,45.38381743
Ppp2r2c,0.267317915,22.19917012
Strbp,0.267108849,89.10788382
Yes1,0.267099405,20.28008299
Ly96,0.2670675,1.426348548
Gigyf2,0.267014743,43.85373444
Grid1,0.26697232,71.73236515
Rbm19,0.266852158,2.826763485
Ppil2,0.26683268,27.28215768
Ino80d,0.266690052,27.80082988
Gabrb2,0.266687821,30.23858921
2310061I04Rik,0.266635831,13.66701245
Rims1,0.266428616,90.17116183
Usp28,0.266400498,11.30705394
Plekha1,0.266314189,22.406639
Bivm,0.26630784,6.639004149
Wdr20,0.266255578,17.66078838
Rims2,0.266250308,82.13174274
Tmf1,0.266122405,15.17116183
Comt,0.266100364,43.62033195
3110056K07Rik,0.265987072,18.75
Eya4,0.265950261,3.812240664
Ago4,0.265891544,14.36721992
Birc2,0.265815722,11.4626556
Sepsecs,0.265793229,6.742738589
Dab1,0.265768807,76.37448133
Vps13c,0.265758391,26.42634855
Rab6b,0.265713318,22.56224066
1110038F14Rik,0.265675581,7.157676349
Zfp563,0.265523113,6.09439834
Rfx7,0.265425657,58.66182573
Ric3,0.265399278,20.3060166
Zfp652,0.265352905,28.73443983
Atg2b,0.265322536,14.21161826
Rin2,0.265252497,7.079875519
Atg13,0.26525047,17.34958506
Dcaf12,0.265244156,13.5373444
Usp50,0.265218678,22.32883817
BC053393,0.265192786,1.141078838
Timm44,0.265097722,16.88278008
Fam169b,0.265082898,0.2593361
Tmem229b,0.264820223,7.676348548
6030443J06Rik,0.264697629,18.98340249
Praf2,0.264692645,6.35373444
Atxn7l1,0.264559677,30.93879668
Csnk1g1,0.26450516,47.30290456
Lancl3,0.264419638,3.967842324
4732471J01Rik,0.26437126,35.03630705
Rdh13,0.26436951,8.220954357
Hmox2,0.264261846,14.49688797
Letmd1,0.26425858,9.491701245
Abcb7,0.264257845,20.35788382
Tmcc1,0.264206837,63.51141079
Thada,0.264160301,32.83195021
Sdha,0.264146374,36.22925311
Erc2,0.264128601,80.96473029
Ercc4,0.263973612,7.287344398
Thsd4,0.26361803,30.34232365
Cramp1l,0.263549432,21.78423237
Rwdd1,0.26330574,11.22925311
Amacr,0.263279156,1.556016598
Aph1a,0.263083085,8.584024896
Ube3a,0.263071666,96.10995851
Safb2,0.262956778,27.56742739
Prdm15,0.262852562,13.56327801
Phtf2,0.262773743,24.61099585
Emsy,0.262661269,25.93360996
Kdm3b,0.26265956,25.33713693
Xpo7,0.262618846,46.10995851
Haus6,0.262495384,4.227178423
Sars,0.262494657,23.85892116
Psmd1,0.262485407,36.04771784
Tnfrsf22,0.262475066,2.204356846
Ccnd3,0.262452182,6.06846473
Fxr2,0.262355375,21.29149378
Dip2c,0.26234241,77.46369295
Exoc4,0.262243863,74.63692946
Rab11fip4os1,0.262234185,2.904564315
Srcin1,0.262214456,23.15871369
Ift140,0.26210499,12.91493776
Atg4b,0.261991668,18.46473029
Lypla2,0.261865974,9.854771784
Gtpbp4,0.261862771,19.99481328
Psmd9,0.261843125,19.0093361
D5Ertd579e,0.261813247,27.41182573
Rfng,0.261686428,12.73340249
Kdm5a,0.261649397,29.07157676
Fez2,0.261598645,7.105809129
Pde6a,0.261596979,2.904564315
Emc3,0.261595964,14.54875519
Tspan7,0.26158654,50.75207469
Gm14009,0.261584586,7.961618257
Pnpla8,0.261399729,15.8973029
Mccc1os,0.261399432,1.011410788
1110051M20Rik,0.261305756,57.46887967
Kpna2,0.261266496,1.218879668
Mrpl1,0.261065911,11.28112033
Slc43a2,0.261024798,19.91701245
Brms1l,0.261010994,14.80809129
Eif4e,0.261009889,23.05497925
Phactr4,0.260961485,7.883817427
Ncor2,0.26089583,16.75311203
Gabrb3,0.260805745,82.39107884
Hscb,0.260788602,7.909751037
Panx2,0.260657163,7.365145228
Slco3a1,0.260492329,32.59854772
Golga1,0.260479119,24.50726141
Klc1,0.260466984,44.83921162
Lrp8os2,0.260368068,9.725103734
Ahcyl1,0.260361254,20.25414938
Ndfip2,0.260286752,21.57676349
Col4a3bp,0.260230188,23.4439834
Rnf115,0.260116661,20.66908714
Gm13248,0.260113524,0.674273859
Etnk1,0.260081533,41.23443983
Slain2,0.259918113,13.7966805
Zfp64,0.259896707,22.01763485
Fam171b,0.259825102,27.46369295
Unc13a,0.25975895,31.5093361
Gm3164,0.259686486,0.778008299
Pcsk2os1,0.259494281,7.676348548
Lrrc4c,0.259483128,97.71784232
Oscar,0.259468673,2.748962656
Gid4,0.25925017,18.59439834
Ctsf,0.259123422,9.569502075
Vgll4,0.258903418,17.47925311
Gm26561,0.25889692,22.95124481
Osbpl2,0.258679719,19.39834025
Ikbip,0.258644551,9.517634855
Snapc3,0.258620597,24.58506224
Evc2,0.258613949,2.282157676
Arih1,0.258437787,54.6939834
Numb,0.258263346,37.03319502
Trmt6,0.258214825,10.4253112
Nudcd3,0.258170847,41.98651452
Ccser2,0.258150535,26.58195021
Spopl,0.258099926,12.73340249
Jarid2,0.258026172,31.95020747
Cby1,0.257970021,7.857883817
Klf1,0.257904524,0.28526971
Tmem108,0.2578446,51.58195021
Tle1,0.257831421,13.56327801
Nup93,0.257766528,22.12136929
Ntan1,0.257761207,26.58195021
Top1,0.257644415,46.99170124
Lrfn5,0.257582623,92.55705394
Zcchc9,0.257532095,10.81431535
Fam69c,0.257330962,0.466804979
Ewsr1,0.25730324,36.30705394
Sumo2,0.257040638,28.78630705
Rnf166,0.257015907,9.517634855
Gm10684,0.256970322,15.50829876
Xpo4,0.256947269,18.25726141
1700080N15Rik,0.256902217,5.160788382
Upf2,0.256874026,27.38589212
Zfp1,0.256867764,13.58921162
Gm10516,0.256812847,15.3526971
Pclo,0.256794572,81.5093361
Prpf18,0.256646562,12.99273859
Ube4b,0.256537926,33.63589212
Gtf3c3,0.256509377,9.854771784
Frs2,0.256497702,18.69813278
Crim1,0.256469328,27.04875519
Nt5dc3,0.256426864,10.4253112
Gm44079,0.256403765,0.15560166
Gm14798,0.25638832,6.846473029
Yipf1,0.256365378,14.80809129
Nrxn3,0.256262564,97.87344398
Fbxo8,0.256256589,17.60892116
Scaf8,0.256232041,39.36721992
Epb41l1,0.256138692,48.23651452
Gm12500,0.256061888,0.18153527
Fam234a,0.255952996,15.66390041
Ogt,0.25587828,71.26556017
Tdrp,0.255836307,1.659751037
Snx12,0.255825348,17.47925311
Rufy3,0.255767434,47.74377593
Frmpd3,0.255736737,27.93049793
Tmem232,0.255459773,3.941908714
Rnaseh2b,0.255454677,6.794605809
Papola,0.255403133,38.25207469
Vmn2r84,0.255390113,0.492738589
Kcnd1,0.255304207,1.945020747
Dtna,0.255268793,55.00518672
Ap1g1,0.255213836,18.28319502
Ddx47,0.255201864,11.33298755
Celrr,0.25502992,1.581950207
Atp5d,0.255007737,15.76763485
Ecd,0.254965099,14.73029046
Brd3,0.254939416,16.77904564
Mtor,0.254749156,18.4906639
Zfp644,0.254709281,20.69502075
Chn2,0.254496061,8.661825726
Atp8b2,0.254418714,3.786307054
Odf2l,0.254296623,13.20020747
Mybl1,0.254272906,2.152489627
Stk33,0.254175595,5.9906639
Tmc2,0.254036844,1.426348548
Shprh,0.254001063,23.85892116
Gm38304,0.253895875,18.20539419
Atp8b3,0.253879505,0.985477178
Myh7b,0.253782087,1.763485477
Tirap,0.253771079,1.322614108
C1qtnf4,0.253741723,6.22406639
Sorcs1,0.253711888,57.2873444
Dixdc1,0.253651814,25.05186722
Kif1b,0.253523675,71.03215768
Kansl1,0.253286378,75.64834025
Api5,0.253282439,9.180497925
Zfp462,0.253253635,35.60684647
Nfat5,0.253219612,49.06639004
Ankrd13d,0.253057963,15.14522822
Rhot1,0.252965872,30.49792531
Zfp160,0.252916184,14.36721992
Zmynd11,0.252901695,40.50829876
Sdhb,0.25283979,23.98858921
Ntrk2,0.252727807,59.1026971
L2hgdh,0.252642603,8.039419087
Hcn1,0.252495831,68.36099585
Gm42485,0.252424463,1.789419087
Susd1,0.252288699,9.932572614
Snx7,0.252200732,10.1659751
Rad18,0.252152568,7.857883817
Ltn1,0.252116571,11.56639004
Eif2ak1,0.252056129,10.76244813
Zfp280c,0.252022966,19.89107884
Kif21a,0.251959536,56.45746888
Dpp8,0.251932369,19.06120332
Luc7l2,0.251790969,78.1120332
Proser1,0.25178795,11.07365145
Ankhd1,0.251757182,49.35165975
Pabpc1,0.251740462,15.37863071
Traf3ip1,0.251718432,7.235477178
Ddx10,0.251646786,21.8879668
Ptprz1,0.251570453,27.41182573
Rbm6,0.251563515,64.65248963
Actr1a,0.25155448,20.69502075
Adgra2,0.251394398,2.048755187
Wdr61,0.251328653,8.272821577
Cox11,0.251268477,9.932572614
Ndufaf6,0.251220979,10.81431535
Snrpb,0.251205078,11.48858921
Gm26782,0.251202141,19.47614108
Cntn3,0.251196708,42.60892116
Ankrd28,0.251152228,37.21473029
Ube2v2,0.251148923,18.10165975
Mapk8ip3,0.25111136,32.78008299
Slc25a25,0.251058151,11.41078838
Abca17,0.251047536,3.449170124
Tatdn3,0.250996227,10.37344398
Zfp91,0.250919433,13.40767635
Gm15918,0.250869492,1.970954357
Pdlim7,0.250768026,31.71680498
2210406O10Rik,0.25070996,0.855809129
Rnft2,0.250692051,12.18879668
Plekhm1,0.250614255,5.394190871
Tmem234,0.250435517,22.51037344
Foxn3,0.250419954,29.92738589
Ppa1,0.250330186,11.79979253
Polr3f,0.250161793,7.935684647
Rapgef1,0.250111634,28.44917012
Sesn3,0.250049944,26.89315353
Malat1,0.249959859,100
F420014N23Rik,0.249949044,1.711618257
Gm29666,0.249893197,3.008298755
Pdpr,0.249813547,15.6120332
Zfp449,0.249799867,7.028008299
Zranb1,0.249605688,22.51037344
Sik2,0.249596837,38.90041494
Abl1,0.249574807,19.08713693
B830012L14Rik,0.249551825,25.49273859
Ptch1,0.24949123,14.3153527
Glcci1,0.249125886,1.115145228
Rgs17,0.249099312,44.39834025
0610012G03Rik,0.248882636,5.835062241
Mrps17,0.248881027,10.37344398
Ppp3ca,0.248789243,78.73443983
Clip1,0.248760511,44.42427386
Nkiras2,0.248744525,2.567427386
Gm5544,0.248713561,1.192946058
Cmpk1,0.248712122,12.16286307
Tmem167,0.248699711,17.1939834
Nol10,0.248654115,15.56016598
Gm43597,0.248652696,3.967842324
Stag1,0.248645162,69.99481328
Cntnap2,0.248474631,99.94813278
Dnaja3,0.248314454,14.26348548
2610037D02Rik,0.248163374,31.58713693
Rrp15,0.248143298,4.616182573
Csmd1,0.248122292,96.8620332
Polr3k,0.24806388,4.227178423
Hsf4,0.247938111,8.298755187
Zwilch,0.247904897,2.619294606
Arhgap5,0.24790197,41.4159751
Gm28960,0.247825003,12.94087137
Tnxb,0.247797536,0.855809129
Birc6,0.247710473,56.27593361
Grip1os2,0.247596616,1.711618257
Trappc12,0.247563926,14.93775934
Fbxw7,0.247549027,22.58817427
Rnf167,0.247481013,12.34439834
Frmd4a,0.247472081,94.2686722
Pick1,0.247457428,13.92634855
Lsamp,0.247430957,99.87033195
Dnajc7,0.247398255,29.64211618
Dzank1,0.247330466,40.81950207
Mbtps1,0.247196341,11.9813278
Ttc27,0.247187346,14.96369295
Vamp4,0.247010307,27.15248963
Eapp,0.246986108,12.13692946
Fndc9,0.24697607,19.11307054
Bend7,0.246911484,15.8973029
Gm12023,0.246907232,1.815352697
Meg3,0.246788696,99.92219917
Clstn2,0.246771915,57.70228216
Zfp777,0.246712688,9.076763485
Mbip,0.246579436,9.310165975
Trappc3,0.24641487,13.43360996
Sirt4,0.246366246,8.324688797
Dock10,0.246311155,33.92116183
Tgds,0.246258365,2.463692946
Xpo6,0.246242435,27.35995851
Rbm7,0.246124477,9.154564315
Rad54l2,0.246074758,15.87136929
Slc18a1,0.246043818,2.334024896
Kif5c,0.246005936,39.93775934
Fgf14,0.245905588,99.63692946
Thumpd3,0.245707889,9.180497925
Zmat5,0.245674522,13.32987552
Mss51,0.245636272,4.408713693
Cipc,0.245599826,13.14834025
Grid2,0.245504175,98.46991701
Uevld,0.245475985,13.58921162
Fgfr2,0.24537492,59.28423237
Zfp618,0.245367604,32.88381743
Stard10,0.245194804,5.96473029
Ubl3,0.245181213,21.8879668
Rspry1,0.245142852,29.20124481
Papd5,0.245082082,26.58195021
Fos,0.244927296,0.907676349
Ndufv2,0.244926234,18.64626556
D930015E06Rik,0.244895159,16.77904564
Spag9,0.244894473,58.11721992
Rab27b,0.244845839,33.22095436
Gm15762,0.244709579,0.02593361
Atf6,0.244595322,22.09543568
Grid2ip,0.244526279,2.515560166
Ptprd,0.244500642,98.39211618
Magi2,0.244460501,98.88485477
Mpzl1,0.244393152,12.47406639
Mon2,0.244336342,24.35165975
Rilpl1,0.244307937,9.284232365
Sptbn1,0.244290123,60.71058091
Trmt13,0.244285744,15.84543568
Dpy30,0.244263273,14.28941909
Dcaf10,0.244262946,15.19709544
Nup153,0.244257953,14.0560166
Chd3os,0.244091197,8.817427386
Ppp2r4,0.243825219,27.72302905
Man2a2,0.243803598,22.35477178
Baz2b,0.243678017,59.1026971
Homer2,0.243549591,12.91493776
Insr,0.243084943,31.53526971
Mbtd1,0.243054798,45.07261411
Nkain2,0.243015414,97.32883817
Camk1g,0.242954556,3.189834025
Smg6,0.2428518,55.78319502
Haus1,0.24272472,3.137966805
Eml4,0.242564088,29.35684647
Mto1,0.242551451,13.7966805
Ero1lb,0.242482649,7.987551867
Rapgefl1,0.242458286,11.77385892
Pdxdc1,0.242411269,23.9626556
Ercc6,0.242361706,8.532157676
Usp24,0.242300699,21.10995851
Trim33,0.242252095,37.37033195
Ssh2,0.242247982,71.21369295
Adamts19,0.242229574,5.031120332
Bin3,0.242175251,6.22406639
Kcnma1,0.241971403,81.06846473
Akap17b,0.241961631,19.19087137
Noct,0.241817468,9.024896266
Ubxn2a,0.241813334,11.33298755
Nlgn1,0.241771034,98.62551867
Cep350,0.241708965,27.98236515
Abr,0.2416722,56.7686722
Gm3448,0.241488009,16.156639
Fam133b,0.241446824,22.95124481
Vps53,0.241396952,17.53112033
Dcbld2,0.241351479,9.387966805
Mmp24,0.241328303,18.07572614
Adgrl3,0.241278103,95.33195021
Det1,0.241263946,5.057053942
Inpp4b,0.24110221,61.56639004
Sema6b,0.240974041,8.350622407
Mthfd2,0.240887782,10.55497925
Rsrc1,0.240887424,35.91804979
Gigyf1,0.24086874,15.53423237
Map2k4,0.240847426,50.38900415
Arsg,0.240796261,5.653526971
Dvl1,0.24072821,12.52593361
Map3k3,0.240627258,29.84958506
Tex10,0.240596612,9.310165975
Tfam,0.240579125,6.22406639
Tarsl2,0.240449203,7.442946058
Nrg3,0.240446371,99.89626556
Tubgcp3,0.240434604,11.74792531
Atp5l,0.240375298,26.24481328
Dopey1,0.240359407,30.86099585
Ddx42,0.240348295,23.10684647
Trpc5,0.240317025,30.13485477
Lmnb1,0.240069976,10.29564315
Chp1,0.240042277,22.51037344
Fuom,0.24002567,6.45746888
Ppp2r2b,0.24001066,89.52282158
Csnk1e,0.239933662,13.45954357
Setbp1,0.239908807,56.95020747
Ckap5,0.239891648,40.19709544
Dip2a,0.239833088,17.32365145
Ambra1,0.239774723,64.54875519
Glrx3,0.239763243,14.00414938
Clec1a,0.2397358,0.803941909
Cdhr3,0.239568659,1.218879668
Ubash3b,0.239561298,18.69813278
Kif1bp,0.239395473,17.53112033
Naa15,0.239392332,26.94502075
Epo,0.239344425,16.36410788
Scamp5,0.239258688,17.42738589
Lamtor3,0.239181987,6.22406639
Zfp384,0.239179961,6.43153527
Fam69b,0.239114014,12.11099585
Dnase2b,0.2388982,0.07780083
Rcc2,0.23882047,7.468879668
Cdk5,0.238808795,16.18257261
Spns1,0.23879624,13.17427386
Mrps26,0.238787041,12.68153527
Ccdc80,0.238784645,0.855809129
Nipa2,0.2387716,12.2406639
Tpm3,0.238760969,21.81016598
Tia1,0.238702256,39.62655602
Ggps1,0.238682927,25.46680498
Liph,0.238676694,2.334024896
Fbxo11,0.238500373,47.79564315
Snap23,0.238455074,14.85995851
Akt3,0.238416294,66.62344398
Pcmt1,0.238404117,37.88900415
Eno2,0.238271988,25.54460581
Snhg11,0.238198459,99.55912863
Pnisr,0.238161847,69.37240664
Pawr,0.23801857,4.745850622
Pcmtd1,0.237971036,33.99896266
Sae1,0.23790164,19.83921162
Rsbn1l,0.237887325,23.08091286
Kctd3,0.237756106,10.89211618
Zfp704,0.237746877,32.36514523
Snx18,0.237692503,4.434647303
Rnf185,0.237431896,14.60062241
Fancm,0.237273746,7.313278008
Brd7,0.237201035,14.52282158
Lima1,0.23708936,21.62863071
Cox6a1,0.237085686,27.95643154
Vps13b,0.2370145,62.11099585
Zbtb7b,0.237010581,0.985477178
N4bp2l2,0.23685944,43.56846473
Gak,0.236807388,24.06639004
Chmp7,0.236567502,9.413900415
Rnmtl1,0.236546876,6.40560166
Cep57l1,0.236536038,12.42219917
Ero1l,0.236472966,11.17738589
Card9,0.236416744,0.363070539
Nfx1,0.236289757,25.41493776
Grsf1,0.236266795,6.32780083
Pik3c2a,0.236224331,33.843361
Mamdc2,0.236191436,1.607883817
Lrp1b,0.236151252,99.01452282
Kcnq3,0.236034747,63.30394191
Adgrb3,0.235830122,97.89937759
Naa16,0.235808511,16.80497925
Tex261,0.235796795,7.754149378
Cacna1c,0.235794759,64.85995851
Ubn2,0.235772821,75.59647303
Prkab2,0.235718503,9.284232365
Cd46,0.235688026,19.91701245
Smim20,0.235497091,10.52904564
Agbl4,0.235492763,90.87136929
Zc3h7b,0.235491065,20.15041494
Bnip3,0.235476453,6.690871369
Scamp3,0.235470283,8.298755187
Eefsec,0.235455661,28.52697095
Chmp3,0.235420431,14.88589212
Slc46a3,0.235361145,5.160788382
Ercc8,0.23526093,5.705394191
Znrf1,0.235224616,41.00103734
Gspt1,0.235158239,18.98340249
Abi1,0.235084669,27.61929461
Gm5570,0.235039444,2.671161826
Cadm4,0.235017166,10.45124481
Tyro3,0.234988745,4.797717842
Med6,0.234958382,17.09024896
Mdga2,0.234906872,98.93672199
Bfar,0.234863446,14.88589212
Hmg20a,0.234827337,34.02489627
Mast2,0.234751996,52.12655602
Wdr41,0.234740454,12.44813278
Coq3,0.234641856,19.5280083
Pola2,0.234635699,2.852697095
Ccser1,0.234625883,95.59128631
Moxd1,0.234624822,0.31120332
Hook3,0.234603904,38.69294606
Ptpn9,0.234600098,43.87966805
Fbxw2,0.234515385,17.7126556
Itfg2,0.23444778,17.92012448
Vps29,0.234409736,15.19709544
Pigu,0.234364018,18.67219917
Rbm17,0.234274056,7.157676349
Sdhaf2,0.234234159,8.661825726
Dnajb6,0.234211997,21.0840249
Gt(ROSA)26Sor,0.234053714,8.947095436
Gm26699,0.234047451,49.87033195
Tcerg1,0.234030282,24.35165975
Dapk2,0.234007534,1.167012448
Ankrd42,0.233951565,15.84543568
Ep400,0.233936605,31.48340249
Zfp763,0.233708138,7.987551867
Ptprm,0.233674679,47.53630705
Taco1,0.23343981,4.849585062
Pgbd5,0.233285647,11.28112033
St7,0.233247112,36.74792531
Trpc1,0.23324572,24.32572614
Malrd1,0.233207124,7.520746888
Grina,0.233169387,32.8060166
Snx32,0.233165376,29.35684647
Tacr1,0.233165151,6.37966805
Alyref2,0.233123511,2.826763485
Sestd1,0.233121009,12.88900415
Smcp,0.233045213,0.02593361
Ubox5,0.233026125,7.468879668
Alkbh8,0.232971761,23.00311203
Xpr1,0.232932551,36.09958506
Cnot2,0.232904565,36.09958506
Rbm27,0.232888122,20.66908714
Acin1,0.232876836,32.10580913
Rfwd3,0.232794026,10.11410788
Zfp423,0.232784919,26.45228216
Nck1,0.232757507,14.75622407
Pusl1,0.23261719,5.420124481
Mtmr3,0.232608269,38.40767635
Gm26542,0.232562571,10.1659751
Ing4,0.232528815,14.54875519
1110037F02Rik,0.232436908,18.4906639
Tfb2m,0.232417109,7.365145228
Fnta,0.23238237,13.20020747
Ephb2,0.232329244,28.94190871
Zswim4,0.232327072,2.800829876
Dhx30,0.232318418,47.35477178
Opa3,0.232299581,8.791493776
Dlg2,0.232297688,98.67738589
Arid2,0.232268137,22.27697095
Trappc10,0.232249197,11.15145228
Lncpint,0.232237297,65.97510373
Fbrsl1,0.232110846,15.50829876
4930578G10Rik,0.23209516,25.54460581
Fam19a4,0.232089522,2.774896266
Hmgxb3,0.231978195,12.16286307
Kctd1,0.231896275,17.79045643
Slc20a2,0.231774071,11.51452282
Fmnl1,0.231656062,5.835062241
Nr1h3,0.231655364,2.178423237
2300009A05Rik,0.231631627,7.857883817
Arhgef11,0.2316027,35.63278008
Dstyk,0.231584804,15.01556017
Rragb,0.231574756,15.76763485
Rab10os,0.231542237,17.32365145
Btbd10,0.231350873,28.57883817
Ptprs,0.231165822,52.48962656
Nt5c2,0.231153328,38.5373444
Madd,0.231119285,26.16701245
Casp3,0.23109432,3.423236515
Pan2,0.231094165,11.28112033
Zfp410,0.231087852,8.843360996
Drp2,0.23106239,7.131742739
Mycbp2,0.230945091,72.51037344
Abo,0.230809443,2.230290456
Gm15952,0.230493949,10.6846473
Zfyve27,0.230478334,21.62863071
Ivns1abp,0.230408796,6.48340249
Gm15965,0.230382601,15.01556017
Tcirg1,0.230345121,5.368257261
Rasgef1b,0.230310496,2.593360996
N4bp2l1,0.230251024,28.1120332
4930562D21Rik,0.230223355,0.02593361
Tmem194,0.230157828,6.716804979
Mbnl2,0.230141661,52.23029046
Lyst,0.229966689,29.1753112
Dpf2,0.229850716,15.11929461
Cacna1i,0.229836237,8.013485477
Ccdc53,0.229772715,8.428423237
Chid1,0.229675754,12.55186722
Lemd2,0.229613992,8.998962656
Pde4d,0.229608221,97.22510373
Anks1b,0.229527938,92.76452282
Mon1a,0.229522413,10.84024896
Psma8,0.22951259,2.100622407
Myl6b,0.229486133,3.397302905
Ak6,0.229429186,10.01037344
Gm26760,0.229416897,7.728215768
Gm28875,0.229316803,0.985477178
Braf,0.229305724,51.37448133
Aco1,0.229305672,8.376556017
Ccnh,0.229216273,17.99792531
Tlk1,0.229193885,24.61099585
Bach2,0.229153631,48.62551867
Atp5j2,0.229006112,22.87344398
Tm6sf2,0.228918425,1.763485477
Akap9,0.228900422,37.52593361
Camta2,0.228818267,11.04771784
Tarbp2,0.228695541,10.08817427
Drg2,0.228678975,6.45746888
Zfp780b,0.228638844,10.39937759
Snw1,0.228577358,14.8340249
Rev1,0.228294425,35.14004149
Camkmt,0.228145627,40.6379668
Atg3,0.228120435,15.01556017
Frg1,0.228117938,15.84543568
Elp6,0.227672168,10.03630705
Zfc3h1,0.227629817,25.62240664
Exoc5,0.227582646,23.78112033
Minpp1,0.227569415,10.78838174
Me1,0.227504983,17.14211618
Glis1,0.227498853,7.131742739
Ehbp1,0.227495958,65.30082988
Ptar1,0.227415451,6.690871369
Dhx8,0.227385738,6.09439834
Atrnl1,0.227352204,56.56120332
Zfp2,0.227338554,11.54045643
Gm12082,0.227279327,3.163900415
Dcaf17,0.227273856,16.59751037
Slc30a5,0.227244612,12.26659751
3110002H16Rik,0.227151375,6.14626556
Rasgef1a,0.227133796,23.00311203
Ctnnd2,0.227039178,91.28630705
Mipol1,0.226976382,19.83921162
Sbf2,0.226967808,54.77178423
Tbc1d22a,0.226934461,14.85995851
Ppp1r37,0.226926377,14.85995851
Tenm2,0.226918754,93.04979253
Dmc1,0.226912615,3.864107884
Abcc5,0.226907621,43.67219917
Atox1,0.226866641,7.313278008
Dlg5,0.226768309,15.22302905
Anln,0.226715541,8.558091286
Tipin,0.22671331,10.1659751
Shq1,0.226634071,7.806016598
Fgfr1,0.226614579,17.06431535
5730522E02Rik,0.226499895,38.92634855
Slc3a2,0.226397715,20.38381743
Arfgap1,0.226361779,21.29149378
Dclre1a,0.226339728,1.945020747
Fbxl17,0.22630276,68.82780083
Tnrc6a,0.226255251,55.26452282
Senp1,0.22616139,12.73340249
Gm13402,0.226132402,6.690871369
Me2,0.226063958,12.21473029
Tln2,0.226007619,35.58091286
Klhdc4,0.225989436,5.238589212
Ccdc149,0.225798604,12.16286307
Mterf3,0.225645415,5.549792531
U2surp,0.225645232,35.47717842
Map1b,0.225551709,79.84958506
Spire1,0.225538335,27.56742739
Gabra3,0.225447933,31.25
Ift20,0.225251688,20.90248963
Suds3,0.225223876,9.751037344
Endod1,0.224949856,11.64419087
Jakmip2,0.224888472,49.35165975
Axin1,0.224742856,19.81327801
Lingo2,0.224590559,97.35477178
Gpatch2l,0.22450647,13.35580913
Acvr1,0.224497742,20.98029046
Orai1,0.224448386,2.489626556
Arl6ip4,0.224430178,7.883817427
Sgtb,0.224404628,9.491701245
Cdc5l,0.224351021,11.92946058
Atrx,0.224205477,47.01763485
Pik3r4,0.224168645,6.06846473
Mtmr7,0.22414882,20.90248963
Polr2g,0.22405321,10.14004149
Tmem2,0.22405145,16.07883817
Ahsa1,0.223994814,15.84543568
Arhgap39,0.22394925,37.68153527
Fam155a,0.223868015,97.84751037
Kpna1,0.223861784,18.80186722
Dpy19l4,0.223811195,19.55394191
Lig3,0.22376689,7.650414938
Heatr1,0.223750848,6.22406639
Upf1,0.223719017,4.953319502
Klhl21,0.223651818,1.763485477
Mrgbp,0.223592398,5.912863071
R3hcc1,0.223563395,2.178423237
Gm26785,0.223561873,4.512448133
Ranbp3,0.223554242,11.59232365
Helz,0.223453751,31.63900415
Mterf2,0.22338677,9.362033195
Ube3c,0.223261926,45.35788382
1700020I14Rik,0.223261496,13.87448133
Rab43,0.223077147,0.05186722
C2cd5,0.223019236,41.70124481
Glrx2,0.222938053,9.024896266
Aptx,0.222895432,3.890041494
Plekhh3,0.222839133,4.849585062
Nasp,0.222713894,8.947095436
Rnf20,0.222696817,9.958506224
Txndc11,0.222537193,23.46991701
Gm16045,0.222426117,0.18153527
Dnpep,0.222340272,8.454356846
Vcpip1,0.222204162,16.20850622
Fam168b,0.222062834,9.932572614
Mrrf,0.221851342,6.32780083
Als2,0.221815038,17.89419087
Sh3glb2,0.221738828,18.36099585
Myo5b,0.221647147,5.912863071
Hars2,0.221638357,8.376556017
Atp6v1g2,0.221486674,14.85995851
Caskin1,0.221473075,15.68983402
Tubgcp2,0.221435154,8.220954357
Rcan2,0.221345714,36.12551867
Gm28285,0.221343659,5.108921162
Phactr1,0.221328196,69.60580913
Sf3b3,0.221316654,19.34647303
Park2,0.22123544,82.59854772
A830011K09Rik,0.221178958,0.829875519
Myo10,0.221074189,43.28319502
Alms1,0.221051566,20.46161826
Wasl,0.221044925,15.3526971
Nrcam,0.221024143,62.86307054
Exoc6b,0.221004763,64.47095436
Diaph1,0.22094605,15.24896266
Las1l,0.220940208,19.70954357
Npepps,0.220917441,48.88485477
Tmem39a,0.220794336,6.37966805
Vrk1,0.220707546,7.572614108
Zdhhc17,0.220695952,26.14107884
Cblb,0.220675846,24.68879668
Mbd1,0.220452055,9.232365145
Ube2cbp,0.22042229,7.261410788
Nrxn1,0.220375723,99.27385892
Nmd3,0.220351278,10.81431535
Arfgef1,0.220274771,32.26141079
Phb,0.220251339,6.872406639
Clcc1,0.220155882,7.650414938
Adam10,0.220063617,30.42012448
Ttc13,0.220036594,13.12240664
Bcl7b,0.219942559,5.368257261
RP24-185P7.1,0.219905219,0.363070539
Cwc15,0.219874442,10.91804979
Tmem192,0.219868784,7.728215768
Pde11a,0.219836726,6.898340249
Gm16599,0.219770329,20.79875519
Alg1,0.219761038,5.9906639
Txndc16,0.219749762,17.01244813
Naa20,0.219661928,18.90560166
Calu,0.21965587,10.65871369
Amph,0.219646528,65.30082988
Borcs8,0.219602529,14.73029046
Zfp318,0.219424886,14.88589212
Coa7,0.219316,3.241701245
Mest,0.219248932,8.298755187
Prmt7,0.219229828,15.81950207
Cfl2,0.219223054,11.30705394
Grm7,0.219171484,89.28941909
Wdfy3,0.219159369,46.39522822
Rab3ip,0.219120557,8.687759336
Rbm25,0.219119238,61.43672199
Cyb5b,0.21907354,18.41286307
Cdc123,0.219061845,17.86825726
Hist1h2be,0.219060248,9.128630705
Ttc23,0.218858305,3.397302905
Zmym4,0.218728528,52.87863071
Zfp958,0.218676309,4.097510373
Alox12b,0.2186578,0.10373444
Dap3,0.21858946,9.076763485
Ccp110,0.218544909,6.43153527
Nup214,0.218518325,16.98651452
Mpped2,0.218498045,44.39834025
Nap1l4,0.218417875,19.47614108
Kcnip4,0.218408799,82.39107884
Plekhg4,0.218388549,1.867219917
Zc3h15,0.218351795,27.30809129
Ttc7b,0.21830003,30.10892116
Agpat3,0.218280496,14.26348548
Arhgap19,0.218241487,0.855809129
Cxxc1,0.218221282,6.742738589
Nphp3,0.21815484,4.875518672
Chuk,0.218115674,22.48443983
Gm20388,0.218047527,88.77074689
Tax1bp1,0.218037101,24.19605809
Gm26936,0.218001179,1.659751037
1700001K19Rik,0.217995223,2.334024896
Tex15,0.217837633,3.137966805
Rnps1,0.217795465,25.33713693
Cep78,0.21764638,14.3153527
Pard3,0.217354913,43.12759336
Kdm5c,0.217277127,45.07261411
Mark3,0.217200068,48.28838174
Ngly1,0.217116255,9.673236515
Slc12a2,0.217110873,11.09958506
Nom1,0.217105614,9.439834025
Stx3,0.217058075,21.62863071
Ints6,0.216988045,29.04564315
Lin52,0.21698521,21.00622407
Slbp,0.216919499,12.44813278
Gm14399,0.216867068,10.34751037
Oxr1,0.216656958,78.42323651
Col4a2,0.216557644,12.99273859
Mrps5,0.216547913,14.44502075
Gm29530,0.2164905,0.518672199
Dpp7,0.216333244,5.394190871
Azin1,0.21629892,12.05912863
Gtpbp2,0.216252609,16.10477178
Snap25,0.216241169,85.76244813
Zfp598,0.216175989,8.376556017
Zmynd8,0.215978956,62.11099585
Lingo1,0.215854337,12.13692946
Sgip1,0.215673143,79.27904564
Pgam5,0.215652188,11.7219917
2510039O18Rik,0.21562284,4.797717842
Cenpv,0.215611473,22.58817427
Jak1,0.215526392,18.77593361
Cdc40,0.215451358,17.21991701
G630016G05Rik,0.215433073,8.402489627
Satb1,0.215252872,9.828838174
Dennd1a,0.215247746,72.56224066
6330416G13Rik,0.21514233,1.763485477
Tssc4,0.215096779,9.699170124
Zfp651,0.214975291,5.783195021
Metap1,0.214954662,5.601659751
Anapc1,0.214924078,21.8620332
Prkaa1,0.214852247,8.895228216
Ccdc163,0.214732686,3.734439834
4930432B10Rik,0.214689247,7.935684647
Cacna1a,0.214621192,76.16701245
Sdad1,0.214602262,7.546680498
Lrrc75b,0.214521471,3.345435685
Golga5,0.21451582,13.43360996
Etv5,0.214384406,7.209543568
Srrm1,0.214373683,42.66078838
Echdc1,0.214282933,20.95435685
Efhd2,0.213927534,4.279045643
Paqr3,0.213883085,13.45954357
Stk25,0.213841511,21.343361
Dock3,0.213765148,74.97406639
Gm3248,0.213754823,6.25
Edem3,0.213733694,16.85684647
Asxl2,0.213701196,35.45124481
Tnpo3,0.213695343,29.07157676
Csnk1d,0.213681601,19.81327801
Cacng8,0.21367496,17.32365145
Tardbp,0.213535494,22.1473029
Dennd4c,0.213438727,28.3973029
Acsl4,0.213388722,17.55705394
Rai14,0.213378529,3.034232365
D130017N08Rik,0.213308337,4.642116183
Wdr27,0.213247663,2.697095436
Sec23ip,0.213237397,8.039419087
Pigo,0.213201663,3.786307054
Nol4,0.213177998,58.60995851
Edil3,0.212974539,69.5280083
Fam160b1,0.212757,4.823651452
Bclaf1,0.212678089,41.4159751
Cbll1,0.212607159,8.947095436
Rab5b,0.21260015,19.5280083
Khsrp,0.212521555,8.558091286
Cpeb1,0.212313461,29.40871369
Gm19434,0.21231254,0.02593361
Ctns,0.212077371,8.558091286
Tgfb3,0.212016176,2.204356846
Sybu,0.21199669,62.91493776
Cnot10,0.211984636,25.90767635
Gm11250,0.211827714,5.523858921
Mirg,0.211552833,57.20954357
Nob1,0.21148223,13.95228216
Fibp,0.211477626,11.25518672
Gpbp1l1,0.211441496,11.85165975
Tmem184c,0.211434978,8.195020747
Rbm10,0.21136063,18.15352697
Atat1,0.21122806,22.71784232
Nckap1,0.211169409,41.4159751
Ergic2,0.211149814,23.78112033
Rbm26,0.211134598,53.94190871
Smyd3,0.211107933,63.82261411
Tmem245,0.211010992,22.38070539
Abhd17b,0.210838199,15.56016598
Kctd18,0.21076026,6.587136929
Psmd7,0.210639212,23.36618257
Trim2,0.21063254,56.95020747
Boc,0.210460052,1.685684647
Narf,0.210332652,13.66701245
Astn2,0.210260116,85.26970954
Aktip,0.210084325,21.42116183
Pcyt2,0.210044797,43.67219917
Gm16432,0.20997048,28.1120332
Arnt,0.209900379,26.94502075
Ncoa1,0.209881152,55.29045643
Myh7,0.209826741,1.192946058
Nsl1,0.209691182,0.20746888
Armc9,0.209640816,34.33609959
Diras2,0.209606779,2.723029046
Gria2,0.209417148,84.02489627
Gm3696,0.209379023,4.123443983
Xrcc6,0.209291209,13.82261411
Tnip1,0.209233315,6.35373444
Apba1,0.209192048,52.54149378
Ankrd13c,0.20917934,22.12136929
Arrb1,0.209174019,21.03215768
BC037034,0.209119726,7.806016598
Sec13,0.209046207,6.40560166
Fam57b,0.208958128,17.66078838
Tmem266,0.208867748,7.053941909
Deaf1,0.20869967,13.51141079
Inpp5b,0.208572882,19.06120332
Atp11b,0.208378693,27.10062241
Atp6v1d,0.208376442,18.67219917
Med17,0.208282213,8.739626556
Vapb,0.208176053,11.54045643
Mlst8,0.20806358,4.330912863
Gbf1,0.208010279,51.78941909
Nol11,0.207990521,11.48858921
Otud7b,0.207888443,19.32053942
Slc17a5,0.207824123,16.80497925
Apex2,0.207712591,36.43672199
Mpp5,0.207701336,18.43879668
Cdc42ep3,0.20763724,3.864107884
Eif4g1,0.207558994,42.4533195
Mllt3,0.207528318,50
Snupn,0.207524399,12.18879668
Dhrs7b,0.207519139,9.439834025
Faf2,0.207354195,23.13278008
Mtpap,0.207253253,7.676348548
Zfp157,0.207157223,16.33817427
Ptpn4,0.207130179,37.31846473
Brip1os,0.207032276,22.82157676
Bri3,0.206948239,14.62655602
Ralgps1,0.206937628,44.29460581
Ak2,0.206732941,10.96991701
Bak1,0.206589803,3.034232365
Vangl2,0.206403185,5.005186722
Aqr,0.206359452,14.23755187
Pax5,0.206266508,1.841286307
Rpgrip1,0.206229696,11.64419087
Trpc3,0.206037667,16.07883817
Rnf146,0.205913354,9.180497925
Ttc1,0.205887149,12.52593361
Acsl5,0.205880632,7.883817427
Nt5c,0.205850937,6.872406639
Mta3,0.205682913,22.97717842
Csnk2a2,0.20565018,13.40767635
Gbas,0.205532007,23.91078838
Car9,0.205521786,0.07780083
9930021J03Rik,0.205491221,38.40767635
Tyw1,0.205357894,15.22302905
Map3k12,0.205312698,16.80497925
Tmem181a,0.205277704,39.15975104
Wapl,0.205187496,34.51763485
Prr16,0.205135342,48.78112033
Cap2,0.204980998,24.17012448
G6pdx,0.204934501,4.875518672
Ldlrad3,0.204850178,11.25518672
Rbsn,0.204823032,7.754149378
Larp4b,0.204761044,23.26244813
Sms,0.204727728,19.16493776
Arc,0.204720646,0.596473029
Gm16998,0.204686375,0.570539419
Nrf1,0.204674592,29.87551867
Gm10371,0.204596605,4.979253112
Lta4h,0.204522202,8.661825726
Tmem132c,0.20448686,10.01037344
Aplp2,0.204405953,33.55809129
B3galt1,0.204288517,75.82987552
Chst5,0.204161016,0.752074689
Mrps18a,0.204005113,15.19709544
Gm16223,0.20384287,3.267634855
Dnlz,0.203751311,9.180497925
Csde1,0.203748313,23.78112033
Hcn2,0.203738828,9.465767635
Gpam,0.20367369,4.408713693
Usp37,0.203433036,29.51244813
Ttc39c,0.203398972,9.699170124
Socs5,0.203396087,13.09647303
Tmem11,0.203368286,7.079875519
Sptlc2,0.203343605,16.70124481
Rnf112,0.203319109,20.33195021
1600002K03Rik,0.203303761,4.408713693
Polr2c,0.203151494,10.11410788
Gm29328,0.20315044,0.648340249
Fam210b,0.20297645,4.460580913
Stat1,0.202975611,5.731327801
Slc31a1,0.202936329,10.96991701
Tpr,0.202879397,25.82987552
Fam117a,0.202803473,3.812240664
Usp7,0.202800025,17.76452282
Bag2,0.202714188,4.045643154
Fam208b,0.202713828,18.46473029
Srrm2,0.202653171,73.57365145
Clec9a,0.20262633,0.544605809
Zfp697,0.202560681,13.14834025
Slc2a13,0.202559597,42.94605809
Rrn3,0.20246549,17.84232365
Spata5,0.202427129,19.70954357
Txn2,0.202376786,10.1659751
Clasp2,0.202376449,66.96058091
Tbcel,0.202373307,11.69605809
Utp20,0.20231043,9.206431535
Glt1d1,0.202302039,20.64315353
Ciita,0.202284174,1.218879668
Top2b,0.202202766,17.40145228
Cul1,0.202127824,36.35892116
Ppp2r5c,0.201896175,35.55497925
4932438A13Rik,0.201669264,46.21369295
Cpox,0.201563176,7.624481328
Phb2,0.201552872,10.24377593
Ppp6c,0.201399807,16.75311203
Slc6a7,0.201388234,13.2780083
Alg13,0.201282064,9.232365145
Sdhc,0.201259143,13.0186722
Kmt2d,0.201191876,17.03838174
Cdk5rap1,0.201142321,7.728215768
Map3k10,0.201133521,10.52904564
Frem2,0.201088588,1.218879668
Rnf38,0.20098632,25.15560166
Fbxl18,0.20079649,7.417012448
Lipo1,0.200663716,8.298755187
Prkaca,0.200641328,16.83091286
Sntg1,0.200545922,86.28112033
Prepl,0.200535546,11.15145228
Qser1,0.200372095,15.68983402
Acp1,0.200338953,49.79253112
Mtfr1,0.200307856,2.930497925
Slc5a6,0.200260123,4.849585062
Wwc2,0.200148121,11.38485477
Ddx52,0.200142994,8.402489627
Epc2,0.200083084,11.87759336
Pth1r,0.20004875,2.256224066
Fshr,0.20000272,5.342323651
Cecr5,0.199994452,9.180497925
Actr3b,0.199873312,9.984439834
Hdhd2,0.199850637,8.869294606
Ppm1g,0.199842185,20.79875519
Ift43,0.199798821,15.8973029
Tle6,0.199744844,0.648340249
Rbpj,0.199698227,10.65871369
Fam196a,0.199459919,4.382780083
Lonp2,0.199376667,32.05394191
Rgs22,0.199355552,2.800829876
Rnf214,0.199279552,22.9253112
Ank2,0.199181118,96.6026971
Macf1,0.199060694,84.67323651
Gm28153,0.199043585,39.03008299
Ctdspl2,0.199028267,28.99377593
1700084C06Rik,0.19901386,13.07053942
A330069E16Rik,0.198947115,11.59232365
R3hdm1,0.198911814,66.39004149
Pja2,0.198858718,48.85892116
Zfp235,0.198810518,2.100622407
Mthfd1,0.198776614,9.543568465
Mars2,0.198732741,1.815352697
Creg2,0.198690209,5.9906639
Gzf1,0.198595145,5.108921162
Tbk1,0.198187316,14.18568465
Usp46,0.198139286,12.34439834
Gne,0.198084154,6.56120332
Rtf1,0.198068222,25.05186722
Arhgef17,0.19799061,10.81431535
Vwc2l,0.19796108,29.07157676
Fxr1,0.197793669,22.1473029
Zfp866,0.197636286,5.031120332
Spop,0.197619065,42.89419087
Gm10010,0.197568502,1.244813278
C330013J21Rik,0.197419485,4.486514523
Rnf144b,0.197317202,8.713692946
Zkscan8,0.197307452,2.774896266
Tnks2,0.197287345,28.42323651
Pfdn1,0.197243448,22.1473029
Smap1,0.197166256,20.17634855
Map2,0.197133911,86.69605809
1700018B08Rik,0.197119104,0.648340249
Rundc3b,0.196927915,31.43153527
Tmem127,0.196825131,9.387966805
Tulp4,0.19646476,49.04045643
Pik3r3,0.196442208,28.78630705
Gpatch3,0.196411728,2.697095436
Zfp248,0.196375964,11.41078838
Engase,0.196359608,1.581950207
Dnajb14,0.196330308,16.13070539
Mipep,0.196325499,9.128630705
Pttg1,0.19625376,7.754149378
Fars2,0.196221866,35.01037344
Nbeal1,0.196068208,45.74688797
Jakmip1,0.196040345,34.85477178
Setd5,0.195998311,54.53838174
Mfhas1,0.195892765,17.86825726
Pkm,0.195816247,37.88900415
Sos2,0.195689838,27.90456432
Ttc3,0.195488118,80.49792531
Raver1,0.195480567,10.84024896
Gm15862,0.195346566,3.449170124
Gclc,0.195251947,13.51141079
Gclm,0.195037314,14.60062241
Xrcc5,0.195021413,13.14834025
Aldh3a2,0.194959774,7.650414938
Atrn,0.194861666,41.23443983
Tanc2,0.194765575,77.69709544
Arglu1,0.194569452,52.98236515
Epm2a,0.194487082,10.24377593
Tor1aip2,0.194464234,16.4159751
Mgat3,0.194382764,14.26348548
Zbtb8a,0.194333329,2.437759336
Cul4a,0.194272327,14.5746888
Incenp,0.194189844,3.034232365
Gm21781,0.194140279,2.619294606
E130309D14Rik,0.194113256,7.546680498
Cdk7,0.194073534,18.72406639
Iqsec2,0.194013552,21.03215768
Yod1,0.193993804,4.693983402
1700019A02Rik,0.193850572,1.296680498
Ctdp1,0.193705591,4.253112033
Ipo7,0.19369412,13.22614108
Cspp1,0.193672019,49.89626556
Tdp2,0.193664007,5.446058091
Lifr,0.193634988,8.324688797
Scai,0.193633381,41.20850622
Clcn3,0.193625492,35.08817427
Tmlhe,0.193548024,21.62863071
Gm13054,0.19348739,0.778008299
Dnajc8,0.193332665,20.40975104
Prdm2,0.193326812,17.34958506
Manf,0.193277021,25.75207469
Gpr137,0.193205641,6.32780083
Zc3h12b,0.193141566,37.34439834
Ociad2,0.193095857,6.639004149
Sumo1,0.1930752,27.10062241
A330015K06Rik,0.193075036,9.024896266
Ptpru,0.193037923,8.973029046
Slc30a9,0.192886639,18.72406639
Cog6,0.192835242,8.402489627
1700061I17Rik,0.19283357,7.002074689
Atg9a,0.192502293,11.79979253
Gm14064,0.192478877,1.581950207
Slc25a27,0.192474922,25.70020747
Lin54,0.192434688,7.961618257
Rictor,0.192434248,21.73236515
Aagab,0.192386852,7.313278008
Gtpbp8,0.192019933,6.5093361
Disp1,0.191895242,8.869294606
Tceal5,0.191891497,9.647302905
Ncam2,0.19183526,83.16908714
Ankib1,0.191824782,31.25
Ttc9,0.191812391,7.468879668
Hira,0.19179958,6.09439834
Cib2,0.191734472,6.25
Neurl4,0.191691773,6.716804979
Atp6v0d1,0.191686083,22.45850622
Pus3,0.19160137,7.624481328
Asb7,0.191401728,11.95539419
Slc5a4b,0.191400513,2.256224066
Nup133,0.19138594,5.446058091
Hmgn3,0.191358261,27.46369295
Gale,0.191352572,4.927385892
Abcc1,0.191336958,14.5746888
Usp32,0.191303549,47.32883817
Diexf,0.191300664,5.160788382
Ankmy2,0.191299763,10.4253112
Ubr3,0.191222806,45.38381743
Elp4,0.1912111,32.41701245
Hectd1,0.191202618,23.83298755
Cys1,0.191187269,5.005186722
Zzz3,0.191128955,13.45954357
Atp9b,0.191120903,38.40767635
Gm26907,0.19109166,0.466804979
Gpr155,0.190886929,8.661825726
Pkn2,0.19074904,24.42946058
Katnal1,0.190602115,9.439834025
AW549877,0.190560132,8.402489627
Pak1,0.19042351,27.15248963
Xlr5a,0.190128288,49.06639004
Calcoco1,0.1901015,9.413900415
Wdr18,0.189760079,13.40767635
Mef2d,0.189725524,17.68672199
Prosc,0.189674076,12.21473029
Mtch2,0.189580338,19.70954357
Fam234b,0.18955883,7.831950207
Ostf1,0.189540643,2.723029046
Usf3,0.189338426,12.34439834
Gm2974,0.189332144,1.167012448
Lmo1,0.189329064,1.633817427
Baz2a,0.189287797,25.2593361
Kpna3,0.189215987,27.43775934
Ddx19b,0.189114656,9.362033195
Tbca,0.189112896,16.05290456
Eif2ak4,0.189088196,18.95746888
Kcna6,0.188935826,10.6846473
Abl2,0.188588839,28.00829876
Uso1,0.18853029,18.20539419
Osbpl11,0.188511493,13.87448133
Gm42851,0.188501363,9.180497925
Cttn,0.188369387,11.82572614
Vps36,0.188202672,6.820539419
Ccdc160,0.188147344,3.371369295
Ranbp9,0.188077439,20.69502075
Zfp942,0.188030319,11.09958506
Tomm70a,0.188014101,17.7126556
Zadh2,0.187927229,8.376556017
Gatsl2,0.187839743,21.29149378
Dnm1l,0.187801638,20.0466805
RP23-114E15.17,0.187801338,2.256224066
Phf21a,0.18775371,52.593361
Lars,0.187719718,23.72925311
Nek9,0.187645084,21.05809129
Plekhh2,0.187547641,7.831950207
Lsm1,0.187366448,13.5373444
Cep162,0.187263368,13.69294606
Phf3,0.187195057,25.67427386
Rabggta,0.187172812,4.408713693
5730455P16Rik,0.187172045,12.18879668
Cul9,0.18704146,27.56742739
Atp5b,0.186949748,32.39107884
Terf1,0.186832465,19.19087137
A230077H06Rik,0.186811803,2.904564315
Agap1,0.186697225,51.99688797
Hsf5,0.186554403,4.927385892
Plk4,0.186520309,5.264522822
Pfas,0.186501921,9.517634855
A430105J06Rik,0.186497594,3.215767635
Rnf34,0.186478479,15.40456432
Mif4gd,0.186435749,3.915975104
Alkbh3,0.186332874,5.316390041
9430016H08Rik,0.186295024,4.927385892
Creb1,0.186154862,18.4906639
Add2,0.186134971,33.0653527
Vegfc,0.185976186,2.904564315
Zfp950,0.185926119,36.59232365
Dtd2,0.185917453,3.578838174
Cenpu,0.185902359,1.530082988
Lamtor1,0.185868921,8.091286307
Iars2,0.185806258,12.88900415
Faim2,0.185646174,32.10580913
Tbcd,0.185320316,30.78319502
Nlrc3,0.185293528,4.719917012
Abcf1,0.185063148,11.79979253
Col14a1,0.18485887,4.149377593
Tars2,0.18485488,8.506224066
Pcmtd2,0.184807136,16.05290456
Tbc1d2b,0.18479456,6.5093361
Pde4dip,0.184737208,62.7593361
Esco1,0.18471128,14.26348548
Sgcd,0.184683335,65.11929461
Nbea,0.184569685,85.78838174
Fbxw11,0.184563474,26.19294606
Ssbp2,0.184502132,48.98858921
Ces4a,0.184486266,2.152489627
Usp40,0.184470381,26.63381743
Tnik,0.184437627,63.20020747
RP23-353F16.3,0.184419877,4.408713693
Stip1,0.184404147,18.98340249
Gm38251,0.184271752,10.03630705
Amd1,0.184211575,12.96680498
Tmco3,0.184204423,16.18257261
Klhdc10,0.184131129,38.45954357
Minos1,0.18407125,16.46784232
Stxbp5l,0.184066829,67.66078838
Uqcr10,0.18405982,17.01244813
C1galt1,0.184058022,3.812240664
Spidr,0.183988327,7.831950207
Rnf14,0.183664792,23.85892116
Zfand3,0.183663032,36.95539419
Kif5b,0.183342628,43.02385892
Tab2,0.183206938,16.57157676
Brwd3,0.183042423,14.26348548
Nup205,0.183040643,11.64419087
RP24-269A16.9,0.182901412,4.279045643
Pomt1,0.182800972,7.053941909
Slc8a3,0.18270575,37.39626556
Irx4,0.182585753,0.05186722
Per2,0.182563592,4.927385892
Elavl1,0.182535515,24.14419087
Gm17102,0.182179505,0.881742739
Mbd5,0.182161207,73.05497925
Il12rb2,0.181978894,2.126556017
Klhl3,0.181964123,13.14834025
Plag1,0.18185341,7.650414938
Elfn2,0.181730152,4.979253112
Tet3,0.18172875,25.46680498
Lman1,0.181618609,8.480290456
Ablim1,0.181617606,48.75518672
Ypel5,0.181605072,6.17219917
3300002I08Rik,0.181570067,9.336099585
Anxa11,0.181402769,2.489626556
Nostrin,0.1812651,0.596473029
Pinx1,0.181264633,7.157676349
Kif3c,0.181262229,25.05186722
Nsd1,0.1811896,65.81950207
Polr1a,0.181178508,10.99585062
Commd4,0.18091297,15.97510373
Kifap3,0.180843943,34.69917012
Ppan,0.180633403,5.134854772
Cog3,0.180610227,10.89211618
Cdk8,0.180409868,25.88174274
Atxn1l,0.180338027,6.43153527
Gls,0.180265879,50.49273859
Polr3c,0.180213009,8.687759336
Micu1,0.180181637,26.16701245
Ptpn2,0.180160405,18.38692946
Rbm34,0.180068928,6.06846473
Gm14406,0.180021544,0.829875519
Pkmyt1,0.179965259,1.737551867
0610037L13Rik,0.17990384,7.287344398
2210414B05Rik,0.179895869,3.604771784
Aatk,0.179866809,25.33713693
Yaf2,0.179812138,16.20850622
Zgpat,0.179802469,9.906639004
Zfp426,0.179707145,11.77385892
Prkch,0.179637084,3.008298755
Stx12,0.179575107,20.51348548
Exosc2,0.179463984,6.768672199
E430025E21Rik,0.179444021,8.739626556
Invs,0.179361262,21.0840249
Frmd3,0.179317458,36.35892116
Pak3,0.179168343,63.7966805
Tnrc6c,0.179164526,53.81224066
Zdhhc18,0.179061272,12.83713693
Zfp609,0.179013477,40.84543568
Fam149a,0.178924883,2.411825726
Brf1,0.178754528,12.7593361
Fbxo33,0.17869953,7.494813278
Spdya,0.178694393,4.253112033
4632415L05Rik,0.178680334,4.823651452
Pik3ip1,0.178618592,9.284232365
Tm9sf4,0.178598322,27.54149378
Plcb4,0.178473641,44.57987552
Ralgapa1,0.178429244,63.69294606
Vgll3,0.17840805,0.855809129
Fam76b,0.178407172,7.002074689
Phf14,0.178383966,46.18775934
Ncoa2,0.178345267,40.87136929
Supv3l1,0.178338882,5.005186722
Gnl3,0.178279535,12.08506224
Pabpc4,0.178251232,18.93153527
Urgcp,0.178103826,37.62966805
Ampd3,0.178054516,8.298755187
Tmem120b,0.178018396,16.10477178
Ttf1,0.177940068,9.543568465
Xkr4,0.177866089,86.82572614
Rab23,0.17777851,6.56120332
Bax,0.177739372,13.14834025
Vdac2,0.17772255,15.093361
Ireb2,0.177593009,19.7873444
Fto,0.177583442,47.1473029
Zfyve19,0.17742171,8.713692946
Arsk,0.177401487,4.953319502
Zfp553,0.177313105,5.809128631
Ddx17,0.177262301,33.27282158
Atf2,0.177165268,38.87448133
Lats1,0.177003414,8.532157676
Nek1,0.176835072,38.64107884
Mtmr10,0.176747842,6.27593361
Amt,0.176670793,10.06224066
Slu7,0.176492208,4.901452282
Pdpk1,0.176421821,25.28526971
Dnah7b,0.176411097,13.7966805
Pde1c,0.176399954,34.62136929
Grin2b,0.176296567,66.23443983
Slc25a38,0.176279029,7.313278008
Atpif1,0.176261726,39.41908714
PISD,0.176220295,73.26244813
Gm16796,0.176172572,0.570539419
Ahrr,0.176130002,1.270746888
Gm13919,0.176098234,7.831950207
Snrpa1,0.17606676,6.846473029
Kcnb2,0.175979448,73.65145228
Fam193a,0.175966156,39.75622407
Cep126,0.175949058,22.64004149
Tenm4,0.175939306,73.39211618
Gpat4,0.175885638,9.958506224
Alg8,0.175884052,6.09439834
Pitrm1,0.17573374,6.45746888
Dcaf5,0.175670177,26.97095436
Herc2,0.175628204,36.67012448
Skiv2l,0.17556063,9.310165975
Trak1,0.175542242,11.54045643
Vwde,0.175463451,0.596473029
Sp1,0.175454347,16.62344398
Malsu1,0.175404147,13.07053942
Ranbp2,0.17537564,16.07883817
Vars,0.175335806,6.613070539
Cryz,0.175078876,1.893153527
Sra1,0.174949321,11.90352697
Aspdh,0.174945703,1.115145228
Mapk8ip2,0.174656514,17.01244813
Papd7,0.174585277,7.624481328
Agl,0.174574523,17.55705394
Dbt,0.174547561,6.14626556
Ufc1,0.174542772,8.376556017
Tmem143,0.174529961,4.408713693
Rnf19b,0.17450039,6.14626556
Zfp787,0.174487835,4.823651452
Nf2,0.174396286,17.9719917
Dpp3,0.174293851,9.595435685
Epb41l4b,0.174081019,31.97614108
Sdccag8,0.174064463,31.01659751
Aamdc,0.174021068,8.428423237
Slc22a17,0.173717322,41.83091286
Cyp2c65,0.173622642,0.363070539
Nav2,0.17357097,71.49896266
Srsf6,0.173474929,10.45124481
Gm15886,0.17343399,6.690871369
Bmpr2,0.173387454,36.2033195
Atm,0.173112348,12.31846473
Drg1,0.172959375,49.89626556
Furin,0.172857359,6.768672199
Chd2,0.172839862,35.78838174
Col4a1,0.172832403,6.45746888
Gm14296,0.172763017,7.028008299
Mrps27,0.172760132,7.987551867
Plpp7,0.172742788,7.935684647
Kcnd2,0.172728003,90.76763485
Rab3a,0.172633292,22.406639
Smek1,0.172503926,15.81950207
Bzw2,0.172496435,15.37863071
Ltv1,0.172465585,2.308091286
Pex14,0.172395668,23.75518672
Gdi1,0.17226362,30.16078838
Gm26733,0.172255363,54.14937759
Gm26573,0.172255066,19.55394191
Cdc42bpa,0.172203464,57.93568465
Arhgap12,0.172176369,23.31431535
2700049A03Rik,0.172088208,27.04875519
Mrgpra2b,0.172083698,2.697095436
Gucy1a2,0.172025289,53.03423237
Nfkbid,0.172024164,2.022821577
Zfp809,0.171983055,4.849585062
Tpgs2,0.171950532,6.27593361
Hrh2,0.171839154,0.907676349
Atcay,0.171782119,25.46680498
Sfxn3,0.171753069,11.59232365
Atg14,0.171701079,5.420124481
Tomm5,0.171666719,5.446058091
Gm13844,0.171626387,2.619294606
Erich1,0.171580846,4.304979253
Gdi2,0.171474782,22.53630705
Tshz2,0.171395973,61.59232365
Zfp131,0.171377329,10.84024896
Cd160,0.17132934,0.31120332
Capn11,0.171296122,2.178423237
Lpcat1,0.171264467,12.47406639
Top3a,0.17117122,2.904564315
Il6st,0.17098314,8.091286307
Ly75,0.170719669,2.723029046
Rrnad1,0.170646467,25.28526971
Coil,0.170629686,8.506224066
Map4k5,0.170538527,24.97406639
Nup54,0.170513202,7.365145228
Med14,0.170470912,16.54564315
Npc1,0.170470441,11.02178423
Grik4,0.170444922,40.68983402
Ppih,0.170395592,5.186721992
Trpc4ap,0.170363636,24.27385892
Stard3,0.170340808,6.35373444
Colq,0.170315759,1.659751037
2700062C07Rik,0.170304033,11.61825726
Cnksr2,0.170189871,30.70539419
Agfg2,0.169951643,16.62344398
Gm16586,0.169803817,14.34128631
Polr3b,0.169383935,10.1659751
Lpl,0.16931771,0.337136929
Bod1l,0.169276987,14.88589212
Cep85,0.169258323,11.77385892
Alkbh2,0.169195917,4.123443983
Mxi1,0.169150976,14.67842324
Nol6,0.169104924,2.126556017
Gdpd4,0.169060289,0.907676349
Galnt11,0.16891505,10.52904564
Brd9,0.168890226,17.21991701
Zcchc8,0.168760727,11.25518672
Brox,0.168685959,9.310165975
Cd200r1,0.16868468,0.2593361
Eya3,0.16864637,24.50726141
Exosc1,0.168564031,11.87759336
Fam151b,0.168510829,1.763485477
Pgs1,0.168470723,6.48340249
4930555F03Rik,0.168453031,43.25726141
Tmem184b,0.168437509,18.12759336
Uba3,0.168369034,10.01037344
B3gat2,0.16835916,5.186721992
Zfp827,0.168252898,18.62033195
Serpinb3b,0.168235319,3.578838174
Whsc1,0.168189713,35.81431535
Aggf1,0.168168184,5.368257261
Rttn,0.168127675,16.80497925
Ndufb3,0.168035891,15.40456432
Rab10,0.167923305,28.78630705
Eif5b,0.167912653,23.41804979
Zfp282,0.167906729,15.11929461
Nrg1,0.167870906,88.07053942
Med13l,0.167861021,27.35995851
Klhl12,0.167743933,16.59751037
Pcm1,0.167730754,43.85373444
Cpsf1,0.167658565,4.279045643
Sass6,0.167492607,4.071576763
Acaca,0.167454963,52.74896266
Aaed1,0.167445414,3.371369295
Socs6,0.167433577,13.74481328
Syn2,0.167121349,51.71161826
Mast1,0.167071067,24.81846473
Mapkbp1,0.167053847,17.32365145
Hspa9,0.167007197,15.6379668
Lmbr1l,0.166963168,7.209543568
Rnmt,0.16692493,9.050829876
Gm38505,0.166841266,0.778008299
Elp2,0.166755503,13.22614108
Snn,0.166684982,3.630705394
Rtp3,0.16665912,1.374481328
Ralbp1,0.166561049,17.7126556
Nrg3os,0.166399143,68.25726141
Krba1,0.166377737,9.984439834
Lrrc8d,0.166360005,14.88589212
Gskip,0.166332797,8.480290456
Macrod2,0.166305395,94.60580913
Sart3,0.166302049,9.076763485
Fam101b,0.166149363,6.56120332
Agk,0.166135662,20.8246888
Elovl1,0.166131188,4.745850622
Ei24,0.166118246,17.4533195
Akap11,0.166017806,27.8526971
Gm16226,0.165999127,1.530082988
Kcnk4,0.165989839,1.374481328
Plekha4,0.165975369,1.504149378
Uba2,0.165899603,17.66078838
Cd209g,0.165890957,0.02593361
Slc38a6,0.165854734,17.63485477
Cnst,0.165790925,9.906639004
Bbs2,0.165682913,7.857883817
Ccdc61,0.165518204,5.783195021
Pbrm1,0.165462868,38.07053942
Casc4,0.165421939,38.61514523
Hs6st1,0.165335363,5.108921162
Aspscr1,0.16527002,14.70435685
Marf1,0.165260186,33.76556017
Tmem131,0.16510795,20.90248963
Rpap1,0.164931658,7.105809129
Gtf2h2,0.164716309,11.67012448
Gosr1,0.164715593,13.69294606
Edem1,0.164631289,6.950207469
Ddx27,0.164574725,8.169087137
Clk2,0.164565731,9.725103734
Plekha6,0.164554659,35.24377593
F830045P16Rik,0.164520619,0.778008299
Gns,0.164496366,16.31224066
Rab11fip2,0.16440052,22.38070539
2810425M01Rik,0.164383023,7.391078838
Hhat,0.16432474,6.17219917
Bet1l,0.164295179,6.846473029
Erp44,0.164216625,16.83091286
Prpf39,0.164176423,19.2686722
4921504E06Rik,0.164172294,1.426348548
Msh2,0.164119244,9.595435685
Pafah1b1,0.164112665,62.13692946
Vmn2r79,0.164074417,2.541493776
Hdac4,0.164008367,21.18775934
Fbxw4,0.163921986,31.27593361
Dars,0.163864092,18.10165975
Cry2,0.163731962,10.71058091
Hectd2,0.163626774,8.584024896
Strn,0.163435737,12.78526971
Pdcd6,0.163381322,7.857883817
Plxna4,0.163354646,63.97821577
Ice1,0.163283123,14.52282158
Exoc1,0.163137077,13.90041494
Rabep1,0.163118915,51.21887967
Tcaf1,0.162947237,40.40456432
Prpsap1,0.162916725,14.54875519
Rpp30,0.162891154,7.365145228
RP23-16L19.5,0.162795126,0.02593361
Itga3,0.162763772,8.195020747
Rbm33,0.162692903,19.65767635
Ubxn7,0.162447789,23.10684647
Dus1l,0.162441383,5.446058091
Scn7a,0.162391572,3.838174274
N4bp1,0.162309612,13.51141079
Rhbdd3,0.162275446,10.03630705
Zfp263,0.162262635,11.79979253
Baiap2,0.162216181,10.65871369
Rgs7,0.162090559,72.19917012
Ppp2r3c,0.162052392,7.365145228
Rpap3,0.162052126,6.5093361
Lars2,0.161865694,12.96680498
Zfp639,0.161864957,6.872406639
Gm13943,0.161846934,0.31120332
Ap3b2,0.161784378,27.8526971
1700061G19Rik,0.161679947,6.06846473
Gm16552,0.161672457,6.22406639
Aff4,0.161651818,50.49273859
Cdc27,0.161633533,24.45539419
Evl,0.16162678,39.41908714
Creb3l2,0.161598897,14.73029046
Meaf6,0.161455287,16.75311203
Psmf1,0.161422216,6.32780083
Wwp2,0.16141581,22.22510373
Tcf12,0.161405783,54.35684647
Borcs7,0.161373408,8.532157676
Srsf4,0.16133518,11.41078838
Scaf4,0.161290976,16.59751037
Gm17231,0.161135742,24.61099585
Sgpp1,0.161130391,8.428423237
Zfp106,0.161037512,16.18257261
Gm10101,0.160991998,0.31120332
Rpa1,0.160898998,6.14626556
Mier1,0.160801862,20.22821577
Ube2w,0.160795304,31.56120332
Atp2a2,0.160752799,34.54356846
Slc11a2,0.160709536,9.699170124
Utp18,0.160678522,7.676348548
Eny2,0.160567236,9.569502075
E130308A19Rik,0.160460769,29.04564315
Nav1,0.160452573,50.95954357
Ifrd1,0.16031503,10.76244813
Ispd,0.160307366,31.61307054
Pptc7,0.160255049,13.2780083
Smox,0.15997056,5.757261411
Dmd,0.15996307,83.27282158
Cdc23,0.159950208,12.03319502
Tsfm,0.159948949,7.391078838
Map2k3os,0.159879962,1.530082988
Olfm2,0.159698995,20.79875519
Bmp2k,0.159667623,5.679460581
Gm12374,0.159539893,1.115145228
Ephb1,0.15951465,28.34543568
Lipe,0.159422733,17.47925311
Pdcd10,0.159417607,16.46784232
Srcap,0.159337038,7.131742739
Socs7,0.159261114,17.89419087
Lztr1,0.15917637,20.40975104
Gm19684,0.159125669,0.20746888
Zdhhc4,0.159109062,5.912863071
Ncor1,0.159024441,56.89834025
Gm28048,0.158977618,2.411825726
Hydin,0.158973257,3.786307054
Cep44,0.158890296,6.846473029
Lancl1,0.158840659,26.19294606
Cbx1,0.158831255,19.73547718
Nprl3,0.15879623,13.32987552
Sfpq,0.158791001,31.17219917
Klhdc2,0.158672327,13.66701245
Pgm2,0.158663251,10.21784232
Pla2r1,0.158519255,0.570539419
Poc5,0.158417429,2.437759336
Cc2d1b,0.158377596,7.780082988
Hip1r,0.158352895,8.584024896
Bcl9,0.158286426,20.48755187
Ascl1,0.158265358,0.2593361
Wiz,0.158202317,9.595435685
Polr2b,0.158182139,7.702282158
RP24-267C3.3,0.15818175,10.24377593
Apitd1,0.158173767,2.359958506
Prkag2,0.158161807,24.76659751
Rnf138,0.158033433,25.44087137
Mocs1,0.158002122,5.93879668
A930015D03Rik,0.157926168,49.37759336
Ano5,0.157879079,11.4626556
Trim62,0.157800974,3.371369295
Camsap1,0.157757621,16.07883817
Dag1,0.157756322,25.62240664
Gm20642,0.157715157,70.22821577
Cpsf3,0.157704066,10.9439834
Zbtb24,0.157704004,11.2033195
AU022252,0.157690591,3.915975104
Cmtm4,0.157619782,13.14834025
Mfsd11,0.157503574,18.82780083
Vps8,0.157489719,25.67427386
Asb8,0.157382464,6.664937759
Cxxc5,0.157341013,8.635892116
4931406P16Rik,0.157296503,25.33713693
Arih2,0.157230668,22.22510373
Abcd3,0.157137964,16.75311203
Hspa4,0.157062081,18.38692946
Vps45,0.156988818,11.69605809
BC003965,0.156971924,6.820539419
Chic2,0.156930883,16.46784232
Itpkb,0.156812597,5.082987552
Tlk2,0.156722307,27.61929461
Pdcd4,0.156719801,19.86514523
Rabl2,0.156664014,12.21473029
Zfp672,0.156627086,10.86618257
Wnt16,0.156582447,0.389004149
Mettl6,0.156571369,4.123443983
Celsr2,0.156570583,9.958506224
Tdrkh,0.156496603,8.246887967
Ap2b1,0.156450589,35.84024896
Apoo-ps,0.15643674,1.970954357
Gm10505,0.15625,0.02593361
Ubqln4,0.156179218,7.183609959
Imp4,0.15610838,4.953319502
Mdn1,0.156060206,29.27904564
Cab39,0.155918223,18.85373444
Ugp2,0.155872034,15.43049793
Ubap2,0.155867706,22.406639
Cntn5,0.15562781,77.20435685
Gps2,0.155606158,19.60580913
Fam208a,0.155511295,23.65145228
Nf1,0.155485571,58.60995851
Osbp,0.155471992,11.33298755
Rbm41,0.155268789,11.25518672
Cend1,0.155236793,11.82572614
Hivep3,0.155216594,43.46473029
Tbc1d23,0.15509438,25.44087137
Dcaf6,0.155009513,40.27489627
Nhlrc3,0.154979573,4.823651452
Chmp4b,0.154933405,13.09647303
Fbxw10,0.154926756,1.322614108
Arpp19,0.154816593,12.08506224
Gm15337,0.154804611,4.693983402
Zfp668,0.154766977,6.30186722
Gm4924,0.15465653,3.371369295
Ldah,0.154578048,15.14522822
Gcn1l1,0.154478651,16.98651452
Wdr81,0.154478168,2.334024896
Zfp251,0.154382713,7.339211618
Adpgk,0.154371407,5.368257261
Dcaf13,0.154321934,5.809128631
Gm17660,0.154316991,22.82157676
Pcid2,0.154274906,8.739626556
Actr8,0.154138448,7.806016598
Dusp12,0.154116449,12.96680498
Rims4,0.154115517,7.313278008
Hectd3,0.154093968,6.32780083
Mvb12b,0.154069626,24.06639004
Gm16845,0.154021565,5.471991701
Synj1,0.154010442,32.59854772
Sipa1,0.153787976,2.515560166
Prkra,0.153632707,7.079875519
Ppwd1,0.153545538,11.41078838
Cwc22,0.153537454,10.45124481
Pcyt1b,0.153494427,11.15145228
Noc2l,0.153482067,9.154564315
Hmces,0.153309284,9.128630705
Zcchc6,0.153152014,13.22614108
Dgat1,0.153146243,22.71784232
Ercc6l2,0.153058654,15.92323651
Zfp292,0.153015116,26.32261411
Med1,0.1528435,15.53423237
Flrt1,0.152684357,5.653526971
Ube2r2,0.152650038,30.39419087
Adam32,0.152543827,4.201244813
Phkg1,0.152511902,6.19813278
3110043O21Rik,0.152491795,5.705394191
Morc3,0.152233491,12.60373444
Nptx1,0.152052001,4.071576763
Cenpi,0.151986791,1.556016598
Wdr74,0.151983752,4.019709544
Ppme1,0.15191848,18.62033195
Sprtn,0.151898726,1.867219917
Usp9y,0.151828589,5.549792531
Mtfr1l,0.151772803,6.45746888
Rsg1,0.151765553,2.204356846
Wdr19,0.15171894,8.584024896
Dusp14,0.151710986,1.037344398
Syngr1,0.15169209,23.13278008
Car8,0.15147846,1.996887967
Rubcn,0.151358077,16.33817427
Cep95,0.151347825,16.10477178
Glis2,0.151276393,7.831950207
Fubp1,0.151219542,39.47095436
Nup50,0.151168442,4.901452282
Gtf2i,0.151132885,35.60684647
Ptpn11,0.151082481,20.59128631
Ssh1,0.151034573,12.55186722
Esr2,0.150991974,1.011410788
BC031181,0.150795311,18.17946058
Cldn1,0.150163969,0.07780083
Dnajc1,0.149945734,42.27178423
C030039L03Rik,0.149829986,4.693983402
Adam9,0.149593937,6.587136929
Myo9a,0.149583357,62.96680498
Scyl3,0.149428174,3.475103734
Ap5m1,0.149395073,6.690871369
Arl5a,0.149375099,5.9906639
Fam13b,0.149316734,29.77178423
Tsc22d2,0.14918835,20.15041494
Gm17296,0.149160262,4.719917012
Il31ra,0.148991286,3.967842324
Ttyh1,0.148880409,12.60373444
Hmbs,0.148865224,6.976141079
2310022A10Rik,0.148817593,6.872406639
4933411O13Rik,0.148801937,1.322614108
Sp4,0.148632869,15.74170124
Ube2e1,0.148564282,16.39004149
Grik2,0.1485228,88.45954357
Klhl8,0.14824615,6.06846473
Rsl1d1,0.148218829,8.532157676
Cdc16,0.148046313,11.51452282
Mtdh,0.14803517,32.90975104
Pts,0.148001884,4.382780083
Gm11418,0.147915851,26.42634855
Nbr1,0.147872026,16.9346473
Vav2,0.147755071,9.310165975
Plet1os,0.147745759,0.752074689
Rabggtb,0.147718665,6.872406639
Ube2q2,0.147562325,17.09024896
Rab21,0.147557782,9.310165975
Usp19,0.147526911,13.69294606
Zfp839,0.147510263,4.201244813
Hk1,0.147424834,25.49273859
Rhoq,0.147393288,16.05290456
Gm30613,0.147389441,1.011410788
Gm12027,0.147211347,6.53526971
Recql5,0.147144285,12.86307054
Cr2,0.147127068,1.426348548
Ifnar2,0.146964258,4.693983402
Stx17,0.146946791,9.206431535
Cpd,0.146920719,15.01556017
Erlin1,0.146835188,17.14211618
Gm5595,0.14683485,12.86307054
Alkbh6,0.146797922,8.376556017
Ergic1,0.146762528,21.6026971
Shtn1,0.146734492,36.87759336
1700007B14Rik,0.146716309,4.719917012
Vps33a,0.146708573,10.1659751
Abcc8,0.146654577,13.04460581
5930412G12Rik,0.146582381,0.570539419
Cdc42se1,0.146543616,2.256224066
Akap6,0.146435453,78.83817427
9430038I01Rik,0.146383217,3.215767635
Sult4a1,0.146358936,12.91493776
Dnaaf5,0.146355825,5.757261411
Gm15800,0.146204643,41.00103734
Slc25a46,0.146102248,9.102697095
1810030O07Rik,0.145780842,4.927385892
Asf1a,0.145722607,2.748962656
Khdrbs3,0.145656253,28.1120332
Zic5,0.145614353,1.270746888
Rpia,0.145490459,6.06846473
Gng7,0.145442101,4.097510373
Nupl1,0.145421217,7.079875519
Tpd52l2,0.14537905,10.11410788
Myo1c,0.145373862,9.647302905
Srsf1,0.145328288,25.12966805
Rad9a,0.14523324,2.723029046
Tmem175,0.145202809,28.73443983
Adssl1,0.145083469,3.241701245
Zmym5,0.145064693,14.98962656
Abhd14a,0.145040955,4.953319502
Psmc1,0.144945385,13.71887967
Usp47,0.144883715,30.18672199
Acot7,0.144837792,28.78630705
Gdpd3,0.14467384,6.5093361
Mprip,0.144629401,30.16078838
Junb,0.144564109,2.748962656
Hdgfrp2,0.144430312,11.33298755
Cyfip1,0.14437166,20.09854772
Sf3b1,0.144228254,32.70228216
Mdfic,0.144045717,0.752074689
Nudt4,0.144037627,7.676348548
H2-D1,0.143999604,14.98962656
Zfp213,0.143958705,2.411825726
Pld5,0.14395582,52.8526971
Acadvl,0.143877348,14.85995851
Ppp1cb,0.143820784,22.76970954
Slc9a3r1,0.143799388,1.167012448
Hnrnpdl,0.14379109,23.00311203
Ppfia3,0.143788736,26.84128631
Heatr6,0.143787918,12.34439834
4933431E20Rik,0.143766092,4.149377593
Rap1gap2,0.143693934,31.35373444
Taf12,0.143526626,7.494813278
Rasa1,0.143507932,20.51348548
Clint1,0.14344486,20.15041494
Gm7030,0.143321438,1.426348548
Col11a2,0.143257711,2.541493776
Cog8,0.143248123,3.163900415
Cul2,0.143079249,19.06120332
Jade3,0.142939374,12.86307054
Ism1,0.142853614,2.074688797
Tlr4,0.14272171,2.308091286
Sesn1,0.142625099,34.69917012
Agap3,0.142607868,18.4906639
Shank3,0.142488099,17.81639004
Atp6v1e1,0.142462672,16.88278008
Zmym6,0.14243088,20.46161826
Ube2h,0.142270601,41.9346473
Sirt6,0.14207807,9.206431535
Klhl29,0.142047824,51.01141079
Entpd7,0.141960327,5.9906639
Tbc1d22b,0.141750504,12.21473029
Ncbp1,0.141694912,6.924273859
Luzp2,0.141665668,61.02178423
Rufy1,0.141619254,22.38070539
Naip2,0.141505226,0.389004149
Vwa9,0.141504714,6.716804979
Prss36,0.141418405,10.55497925
Bbx,0.141364286,24.14419087
Rnf24,0.14136402,19.57987552
Vps16,0.141267427,11.90352697
Cul5,0.141131583,24.45539419
Gm38025,0.140963055,0.18153527
Rela,0.14083059,5.186721992
3110062M04Rik,0.140752599,3.786307054
Phactr2,0.140735481,12.05912863
Psen1,0.140641661,13.77074689
Lamtor4,0.140605336,17.32365145
Rere,0.140574823,73.52178423
Tmem106c,0.140529044,7.728215768
Fbxo38,0.140389189,15.56016598
Foxred2,0.140388104,3.708506224
Osbpl8,0.140382374,34.23236515
Rbck1,0.14017296,7.365145228
Grhl3,0.140143216,0.544605809
Rab2b,0.140120745,13.04460581
Eral1,0.1400725,5.316390041
Fkbp4,0.140018319,14.15975104
Agps,0.139850541,20.28008299
Cltb,0.139778341,23.52178423
Vkorc1l1,0.139706132,17.01244813
D430042O09Rik,0.139675517,17.79045643
Slk,0.139595552,10.37344398
Wdr11,0.13958182,8.246887967
Gnpat,0.139313969,10.47717842
4930470P17Rik,0.139305594,0.05186722
Cftr,0.139242926,2.178423237
Sf3b6,0.139093954,14.73029046
Rnf180,0.138959676,15.84543568
Pi4k2a,0.138941534,12.05912863
Cfap69,0.138909016,14.13381743
Dtnbos,0.138830647,20.90248963
Chchd6,0.13866516,23.9626556
Trim17,0.138650609,5.368257261
Matk,0.138643754,35.11410788
Med13,0.138611031,27.87863071
Espl1,0.138325425,0.466804979
Szt2,0.138236324,7.909751037
Smn1,0.138147099,6.17219917
Smad9,0.138086656,3.345435685
Ppp1cc,0.138018479,9.906639004
March5,0.137888119,5.497925311
Usp14,0.137886451,29.12344398
Rbm4b,0.1377939,53.656639
Trappc9,0.137738237,28.78630705
Nxph1,0.137564226,57.36514523
Zc2hc1a,0.137529119,24.29979253
Tnpo2,0.13750183,7.650414938
Caml,0.137388394,25.88174274
Otud5,0.137286542,11.56639004
Sema3a,0.13728557,14.44502075
Ilf2,0.137241551,19.21680498
Ncapg2,0.137211427,4.019709544
Mrpl45,0.137162435,10.55497925
Rnd3,0.137061391,6.716804979
Fhl2,0.13701249,2.723029046
Fbxl4,0.136759906,9.751037344
Mynn,0.136652887,10.76244813
Cep120,0.136634305,16.49377593
R3hdm4,0.136581138,8.506224066
Gm805,0.136470813,1.374481328
Atp13a1,0.136446921,10.03630705
Ipo13,0.136356457,8.973029046
Supt5,0.136236043,14.98962656
Nae1,0.13604342,16.96058091
Kpna6,0.136001294,9.725103734
Chordc1,0.135891788,15.30082988
Mier3,0.13587029,6.898340249
Tbpl1,0.135832318,9.854771784
Tctex1d2,0.135825933,5.057053942
Armc1,0.135820817,7.572614108
Gucy1b2,0.135715832,0.648340249
Rfesd,0.135702163,5.497925311
Sept3,0.135584062,16.85684647
Clcn5,0.135562574,11.85165975
Clock,0.135557867,35.01037344
Med23,0.13550954,7.079875519
Unc45a,0.135505028,16.10477178
Ube2d2a,0.135485003,27.41182573
Tbc1d7,0.135442457,4.460580913
Bsn,0.135399001,24.97406639
C730034F03Rik,0.13530252,5.368257261
Avl9,0.135285391,12.47406639
Simc1,0.13518312,28.656639
Gm10550,0.135166656,4.149377593
Nelfa,0.135103195,5.731327801
Ctnna2,0.135075466,97.12136929
Zfp3,0.134929625,6.639004149
Cep63,0.13491531,8.843360996
Fermt1,0.134813918,0.674273859
Tmem179,0.134793065,16.80497925
Cmtm7,0.134726756,1.089211618
Mfn2,0.134722226,10.37344398
Zfp207,0.134647561,37.00726141
Cat,0.134625112,4.045643154
Mri1,0.134530453,8.609958506
Bzw1,0.134430258,6.40560166
2310001H17Rik,0.134391051,0.855809129
Phrf1,0.134342178,17.7126556
Zswim8,0.134322931,19.57987552
Gm26820,0.13427574,7.728215768
5730508B09Rik,0.134259125,1.270746888
Dctn5,0.134214377,6.27593361
C8g,0.134208514,1.167012448
Snx19,0.134155971,6.40560166
Irak4,0.134045908,2.334024896
Zfp874b,0.13377795,1.815352697
Scg5,0.133744295,51.94502075
Aig1,0.133610794,50.33713693
Gm8705,0.133518893,0.07780083
Proca1,0.133386646,5.082987552
Clpx,0.133371829,22.22510373
Ap2m1,0.133368534,13.5373444
Trim41,0.13328949,8.584024896
Nckipsd,0.133270427,5.368257261
Tmem87a,0.133202127,16.90871369
Gpr18,0.133188303,5.264522822
Casp7,0.133098289,3.112033195
Pnn,0.133043352,34.28423237
Htr3a,0.133037395,0.20746888
Gkap1,0.133035596,30.29045643
Zc3h11a,0.133033908,2.956431535
Kmt2e,0.132986471,50.38900415
Atp6v0e,0.132939453,9.751037344
Lemd3,0.132933027,16.4159751
Patl1,0.132871061,8.739626556
Mlxip,0.132743894,25.05186722
Sf3a2,0.132732423,4.330912863
Nrbf2,0.132592486,3.838174274
Rasa2,0.132578008,24.55912863
Fam92a,0.132526028,12.96680498
Gm26665,0.132487892,0.855809129
D930020B18Rik,0.132462199,1.945020747
Rb1,0.132452857,27.25622407
Rnf13,0.13242703,21.21369295
Actl6b,0.13239838,17.1939834
Hdac11,0.132388199,16.62344398
Nhej1,0.132265231,4.097510373
Rab12,0.132222313,19.91701245
Zfp458,0.13221428,3.112033195
Zdhhc13,0.132202329,11.77385892
B3galnt2,0.132180575,8.169087137
Nudt12,0.132074227,2.334024896
RP24-127M20.8,0.131997581,35.78838174
St3gal1,0.131981862,1.063278008
Gm3383,0.131946215,2.697095436
Rnf40,0.131903188,4.642116183
Rqcd1,0.131758667,9.725103734
Diablo,0.131711762,10.84024896
Celf1,0.131679868,39.60062241
Pomt2,0.131447779,6.32780083
Adcy7,0.131355811,8.817427386
D17Wsu92e,0.131340974,15.6379668
Pxmp4,0.131119097,7.831950207
Wdr45b,0.131116089,14.49688797
Nadsyn1,0.131073359,4.382780083
B4galt6,0.130999737,14.0560166
Cd302,0.130990314,4.175311203
Ggnbp2,0.130944381,35.26970954
Letm1,0.130803288,8.376556017
Eed,0.130785217,6.924273859
Col4a6,0.130755015,1.737551867
Onecut1,0.130753804,0.10373444
Pou2f1,0.130727702,29.61618257
Myh6,0.13067168,2.826763485
Tmem208,0.130629993,17.11618257
Mras,0.130558378,12.13692946
Rp2,0.130546672,7.572614108
C030037D09Rik,0.130497764,1.659751037
Actr3,0.130443479,15.8973029
Higd1a,0.13033823,15.22302905
9330175M20Rik,0.130328949,5.368257261
Uros,0.130314429,7.079875519
Dok6,0.130057803,68.12759336
Cuta,0.130017151,7.728215768
Ptk2,0.13000038,50.38900415
Vmn2r69,0.129982634,0.05186722
Mrpl38,0.129923679,15.19709544
Secisbp2l,0.129846077,8.947095436
Mocs2,0.12984312,8.091286307
Gm43391,0.129825309,0.12966805
Mllt4,0.129688039,31.89834025
Cables1,0.12964096,5.005186722
Zscan29,0.129588325,1.711618257
Zfp354c,0.129581971,7.546680498
Prune,0.129521918,6.587136929
Odf4,0.129514644,0.933609959
Adgrg2,0.129429008,2.515560166
Plekhj1,0.129411951,10.76244813
Mbnl3,0.129234888,0.492738589
Prkar1b,0.129233674,32.07987552
Col4a4,0.129205965,1.893153527
Lonrf3,0.129078511,1.063278008
Gm26745,0.128975134,14.3153527
Cacnb2,0.128933847,74.63692946
Ppp5c,0.128858578,10.52904564
Ap1s2,0.12881988,9.310165975
Serinc5,0.12879392,7.339211618
Fam175b,0.12876923,12.57780083
Rnf217,0.128763592,18.56846473
Tcf3,0.128585663,6.613070539
Fkbp1a,0.128537919,17.27178423
Cuedc2,0.128377865,10.26970954
Dhx35,0.128364584,4.875518672
Svop,0.128334143,34.25829876
Khdrbs2,0.128211304,64.13381743
9430065F17Rik,0.12812261,2.826763485
Slc37a3,0.128086685,6.639004149
AV099323,0.128048219,2.385892116
Usp48,0.127978243,17.53112033
Mycbp,0.127953798,14.78215768
Gm19710,0.127908939,26.37448133
Lin37,0.127859968,5.96473029
Dhx57,0.127771499,21.18775934
Wdr26,0.12775435,22.9253112
Stra6l,0.12774025,0.440871369
Agtrap,0.12764466,1.996887967
Gtf2h5,0.127538254,10.1659751
Gpr139,0.127517206,4.953319502
Cep192,0.127499566,15.30082988
Ash1l,0.127491052,45.28008299
Uggt2,0.127150266,29.92738589
Slc22a4,0.127079929,5.835062241
Gdap1l1,0.127026394,6.639004149
Rars,0.126967589,5.497925311
Wrap73,0.126945456,7.520746888
Cand1,0.126867343,10.45124481
Utp14a,0.126731161,13.17427386
Ankrd13a,0.126727293,19.08713693
Slc39a11,0.12667781,9.854771784
Platr19,0.126662234,0.05186722
Katna1,0.126648689,4.823651452
Aamp,0.126563362,10.26970954
Cycs,0.126419219,10.45124481
Sdk2,0.126405181,18.87966805
Lrmp,0.126355244,0.20746888
Dazap2,0.126304771,6.09439834
Ago1,0.126270155,10.9439834
Dpm2,0.126232122,13.14834025
Gm28750,0.126083355,2.774896266
Thumpd2,0.125822799,4.071576763
Cdr2,0.125683262,4.175311203
Bicd2,0.125627762,7.442946058
9330159F19Rik,0.125159307,39.8340249
Tceanc2,0.124809485,5.420124481
Prps2,0.124647869,2.126556017
Aldh7a1,0.124637112,12.31846473
Nav3,0.124598587,90.74170124
Cpsf3l,0.124590524,8.220954357
Nadk,0.124561761,13.97821577
Asic2,0.124397881,78.47510373
Chst3,0.124378406,1.167012448
Gfod2,0.124303119,23.00311203
Zfp932,0.124225251,8.506224066
Adprm,0.124098054,8.013485477
Slc33a1,0.12401817,10.76244813
Gm27239,0.12400266,0.31120332
Dnajc19,0.123993746,21.05809129
Ccdc50,0.123938103,21.93983402
1190002N15Rik,0.123916645,1.789419087
Psmd4,0.123869771,17.60892116
Mylip,0.123773086,24.04045643
Macrod1,0.123766231,20.17634855
4930445B16Rik,0.123742164,6.976141079
Nol8,0.123721863,6.30186722
Map3k4,0.123707426,12.47406639
Herc4,0.123655998,23.75518672
Mtmr14,0.123615969,9.180497925
Gpalpp1,0.123509523,5.031120332
Srp68,0.123483717,10.06224066
Ube2j1,0.123463406,6.09439834
Mrps28,0.12319445,10.52904564
Hsdl2,0.123193058,5.601659751
Gm3985,0.123056334,0.492738589
Vopp1,0.123027653,14.98962656
Ikbkap,0.122993089,11.04771784
Daam2,0.122865154,2.697095436
Crcp,0.12273371,9.102697095
1700109H08Rik,0.122655259,5.368257261
Pbx3,0.122591522,66.72717842
Notch3,0.122502706,4.719917012
Rc3h2,0.122307494,30.57572614
Hccs,0.122291614,3.786307054
Papolg,0.122271988,8.246887967
Ush2a,0.12225975,2.541493776
Mthfs,0.122257949,20.8246888
Gm42950,0.12197298,3.941908714
Ppm1h,0.121944984,43.80186722
Rmnd5a,0.121841812,14.93775934
Serhl,0.121829315,2.385892116
Cdk12,0.12177167,38.87448133
Nrep,0.121590619,3.112033195
Mybpc2,0.121431303,0.18153527
Rgs10,0.121141585,7.417012448
Gpr61,0.12112549,6.613070539
Tbc1d9,0.121052851,16.80497925
Vwa2,0.121043815,0.07780083
Sh3glb1,0.12103782,26.32261411
Pank2,0.121007645,14.70435685
Sec63,0.120985778,21.16182573
Sema4b,0.120878544,11.15145228
Trpc4,0.120871197,13.97821577
Plcxd2,0.120746424,8.895228216
Gucy1b3,0.120684222,17.94605809
A230046K03Rik,0.120530881,15.79356846
Shcbp1l,0.120507265,2.359958506
Nedd4,0.120478021,45.61721992
Tubb4a,0.12043305,14.28941909
Msto1,0.120364708,5.420124481
Hnrnpa3,0.120226839,21.0840249
Dhx34,0.120209529,1.841286307
Faim,0.120205463,7.676348548
Zfr2,0.120177427,14.21161826
Ascc2,0.120144837,12.96680498
Ubxn4,0.120074367,35.29564315
Slc35b1,0.120070141,15.68983402
Gm11713,0.119991015,4.408713693
Saxo2,0.119965588,2.489626556
Zfp62,0.119878286,5.679460581
Calr3,0.119806271,2.282157676
Tmed4,0.119762671,13.04460581
Eaf2,0.119747895,15.97510373
Jak3,0.119724355,1.089211618
Tgfb1,0.119713153,0.544605809
Atf6b,0.119699466,8.739626556
Ccdc43,0.119697082,4.434647303
Bcas2,0.119673783,14.0560166
Ddx56,0.119661607,3.604771784
Lrch2,0.119648427,15.79356846
Zfp518a,0.119419122,6.924273859
Rai1,0.119393009,26.47821577
Gm43150,0.119137527,0.933609959
Dhx38,0.119105277,2.411825726
Mpv17,0.119026007,12.62966805
Kat6b,0.1190257,34.23236515
Aldoc,0.11895348,21.57676349
Gm9268,0.118826956,0.622406639
Vps54,0.118757778,25.20746888
Msrb1,0.118691053,3.086099585
Vdac3,0.118643186,16.23443983
Zfp638,0.118560632,43.4906639
Tti1,0.118556969,5.653526971
Gins3,0.118436146,2.308091286
Mdm2,0.118426057,13.40767635
Shroom4,0.118362105,3.734439834
Chic1,0.118311363,28.29356846
Mki67,0.118261921,6.950207469
Nmt2,0.118205592,30.03112033
Larp4,0.118022874,16.64937759
Parp11,0.117918791,9.024896266
Tmem106b,0.117786211,8.039419087
Fam65a,0.11763156,6.664937759
Brca2,0.1175721,5.497925311
Mcm3ap,0.11737389,7.183609959
Supt7l,0.117336307,4.745850622
Lonp1,0.117286056,7.313278008
Aldh18a1,0.117225276,5.368257261
Rbl2,0.117185278,10.34751037
Hexb,0.117161826,10.76244813
Clptm1,0.11716026,16.9346473
Ube4bos1,0.11705232,16.44190871
Styxl1,0.117002294,1.633817427
Ogfr,0.116889033,4.279045643
Gtf2h3,0.116869592,4.979253112
Gm15336,0.116755747,9.543568465
Morc2a,0.116739263,11.69605809
Stard7,0.116669693,15.8973029
Eif2d,0.116661016,11.2033195
Pemt,0.116651797,2.256224066
Srpk1,0.116510059,25.5186722
Atxn10,0.116414091,41.80497925
A730090N16Rik,0.116258429,0.933609959
Ppp1r15a,0.116247334,1.556016598
Cacul1,0.116217375,21.31742739
Ndel1,0.116129142,17.86825726
Mapk6,0.1161282,8.117219917
Rnf170,0.116124465,12.26659751
Kantr,0.116026133,25.20746888
Aard,0.115982666,2.930497925
Gan,0.115935444,7.650414938
Fam71d,0.115887076,3.345435685
Timm17a,0.115881643,12.73340249
Fam120a,0.115682267,20.74688797
Psma4,0.115669364,6.04253112
Ercc1,0.115652879,8.272821577
Gm13008,0.115554649,5.394190871
Fbxo47,0.115456757,4.149377593
Txnrd1,0.115328464,7.079875519
Bcar1,0.115328065,7.883817427
Gm14206,0.115192819,0.02593361
Hykk,0.115095158,4.227178423
Gm16152,0.115058629,2.878630705
Brd1,0.114996498,9.932572614
Galm,0.114994902,1.789419087
Dcun1d3,0.114935278,14.78215768
Spsb1,0.114868136,1.037344398
Raph1,0.11480982,44.11307054
Wdr47,0.114756264,27.20435685
Mief1,0.114493581,9.543568465
Plagl1,0.114485088,1.556016598
Hacd3,0.114483226,28.16390041
Efcab2,0.114449766,14.96369295
Gatad2b,0.114434418,35.37344398
BC030336,0.114405552,13.07053942
Cabyr,0.114398872,1.815352697
Syap1,0.11434773,7.831950207
Alkbh1,0.114314761,17.86825726
Chd1l,0.114293908,3.293568465
Xpo5,0.114262044,3.864107884
Pias1,0.114156386,36.59232365
Fgfr1op2,0.114019242,9.128630705
Sgf29,0.113904988,7.754149378
Trim44,0.113837087,28.78630705
Gm16833,0.113815957,3.060165975
Htt,0.113796884,31.79460581
Abhd4,0.113558758,5.394190871
Tada3,0.113541486,8.039419087
Ipo8,0.11348396,24.37759336
Gm26724,0.113458523,18.07572614
Prlr,0.113437014,3.708506224
Dusp23,0.113433597,2.411825726
Pop5,0.113416069,7.079875519
Xylt2,0.113415005,4.330912863
Tmem178b,0.113359024,75.12966805
Hsph1,0.113219118,12.7593361
Twistnb,0.113218964,4.149377593
Cog2,0.113172919,7.183609959
Hps3,0.113149661,5.9906639
Aaas,0.113146826,4.123443983
Endog,0.113114963,3.137966805
Ubn1,0.113101784,14.26348548
Rap1a,0.11303202,19.60580913
Rev3l,0.112985136,51.19294606
Brcc3,0.112965449,8.246887967
Fam114a1,0.112897897,0.570539419
Mark2,0.112819434,31.19813278
Ifngr2,0.112708628,6.32780083
Emc9,0.112657733,12.94087137
Nit1,0.112603461,10.60684647
Pim3,0.112541422,3.630705394
Mtpn,0.11251181,10.14004149
Trmt10c,0.112509559,3.112033195
Fam114a2,0.112460239,11.79979253
Rasl10b,0.112318379,3.526970954
Ttll12,0.112254652,3.708506224
Hiatl1,0.112197187,11.56639004
Lamp2,0.112037809,13.2780083
9330151L19Rik,0.111999745,4.590248963
Tsc22d1,0.111941124,34.46576763
Psmc6,0.111933143,9.180497925
Taf8,0.111899172,6.613070539
Plek2,0.11183126,11.30705394
Opn3,0.111776702,1.322614108
N6amt2,0.111729684,12.29253112
Gnl2,0.111695396,14.8340249
Gnb1l,0.111688407,5.342323651
Tdp1,0.111670746,8.402489627
Rbm45,0.111630134,5.134854772
Zdhhc6,0.111626532,11.56639004
Trmt10b,0.111621662,6.37966805
Slc48a1,0.111621212,9.284232365
Tenm3,0.111512524,65.40456432
Ift46,0.111474378,8.791493776
Teddm2,0.111450005,8.843360996
Arf4,0.111417374,24.87033195
Micu3,0.111389522,28.52697095
Adra1a,0.111342668,18.25726141
Gm13524,0.111310426,1.218879668
Pigs,0.111298761,7.909751037
Aldh1b1,0.111266888,1.322614108
Samd12,0.111231535,73.02904564
Adam17,0.11119608,9.180497925
Fam3c,0.111018366,9.102697095
Pou3f4,0.110957198,0.31120332
Ankrd13b,0.110946433,8.558091286
Smim4,0.110923778,17.68672199
Gpr35,0.110916391,1.270746888
Adam2,0.110852664,2.282157676
Rab11fip1,0.110809577,1.711618257
Dync1i2,0.110441776,39.75622407
Mief2,0.110406577,2.748962656
Lrrc1,0.110364481,8.324688797
Sgta,0.110331308,12.60373444
Msl2,0.11032966,9.491701245
Ints3,0.11029262,16.05290456
Tspear,0.110215396,2.230290456
Rnf6,0.110199178,7.313278008
Ctage5,0.110192036,17.79045643
Col28a1,0.110183533,1.530082988
Tbc1d12,0.110180422,30.10892116
Ddhd2,0.11012261,31.7686722
Nup98,0.110121556,27.0746888
Fry,0.110107579,60.21784232
Gm15991,0.109996309,1.581950207
Mtrf1l,0.109928626,3.501037344
Zfp408,0.10980986,8.765560166
Sema4f,0.109721688,6.716804979
Zfp592,0.109698379,13.14834025
Tsen15,0.10968167,5.653526971
Mphosph8,0.10949361,21.93983402
Gnpda1,0.109386949,2.463692946
Gm28307,0.109259495,1.374481328
Sars2,0.109014053,5.108921162
Zfp935,0.108912293,7.728215768
Chst11,0.108868755,15.48236515
Adgra1,0.10885049,15.94917012
Reps1,0.1088254,23.21058091
Acaa1a,0.108777953,11.22925311
Ubap2l,0.10875932,37.03319502
Tnfrsf8,0.108717818,0.20746888
Atpaf2,0.108519219,5.420124481
Csrnp3,0.108505539,50.49273859
Sf3a3,0.108441833,7.728215768
Htr2b,0.108208004,2.178423237
Usp34,0.108140655,61.07365145
Arhgef15,0.108109395,5.601659751
Ogfod1,0.10807789,23.34024896
Prkx,0.108022943,6.14626556
Slc25a28,0.108022615,6.613070539
Ankzf1,0.108021111,9.751037344
Abhd17a,0.107969326,5.316390041
Ric8b,0.107955031,17.86825726
Naaa,0.107953097,4.953319502
Wdr43,0.107941228,12.99273859
Daglb,0.107910275,8.817427386
Rtel1,0.107882024,9.543568465
Ibtk,0.107862644,8.143153527
Car12,0.107857507,1.737551867
Slc35a1,0.107846947,11.85165975
Cd109,0.107825644,1.607883817
Yme1l1,0.107620374,23.59958506
Zcchc10,0.10750701,3.215767635
Bahd1,0.107475147,1.789419087
Asb3,0.107412975,32.88381743
Adamts18,0.107319721,5.264522822
Gm26749,0.107172485,6.48340249
Commd3,0.107083403,6.898340249
Gm6277,0.106908769,5.290456432
Cyp4x1,0.106902148,9.362033195
H2-T23,0.106869743,1.244813278
Eif2s2,0.106808871,18.67219917
Sap130,0.106779115,21.29149378
Ammecr1l,0.106703621,16.07883817
Fbl,0.10669034,13.38174274
Prrg4,0.106634942,3.838174274
Adcy5,0.106634625,11.07365145
Adcyap1r1,0.106618069,9.802904564
Agrp,0.106568667,12.00726141
Pak1ip1,0.106561628,5.523858921
Pdlim3,0.106517676,0.622406639
Zkscan1,0.106514856,8.402489627
Myo9b,0.106464155,18.56846473
Kctd8,0.106422264,50.90767635
Cnksr3,0.106359929,1.763485477
1700111E14Rik,0.106235115,8.298755187
Acbd5,0.106156695,23.75518672
Sptbn2,0.105964123,14.08195021
D1Ertd622e,0.105902289,6.09439834
Sh2b1,0.105852284,4.434647303
Gm20468,0.105818251,1.270746888
Zfp719,0.105655394,7.520746888
Lrp12,0.105597909,7.105809129
Prex2,0.105567693,9.932572614
Ethe1,0.105559732,3.993775934
Usp39,0.10551867,4.901452282
Klhl24,0.10544025,13.2780083
Cd2bp2,0.105340301,3.864107884
Hemk1,0.105281506,5.420124481
2700097O09Rik,0.105244936,16.28630705
Cpne3,0.105172266,9.854771784
Parp1,0.105104058,5.93879668
Gtf3c1,0.105086335,15.01556017
Ccdc18,0.104989804,3.501037344
Dpp10,0.10488921,82.33921162
Fam57a,0.104792464,9.802904564
Tmem180,0.104606267,6.40560166
Mrps11,0.104493527,4.719917012
Dock2,0.10428881,2.567427386
Bcor,0.104138241,8.739626556
Arhgap17,0.104083652,10.14004149
Siglecf,0.104055851,0.02593361
Nat9,0.104002039,3.501037344
BC017643,0.103906449,3.501037344
Rab1a,0.10372456,17.42738589
Igfbp7,0.103683406,2.204356846
Crnkl1,0.103555952,3.890041494
Mpdz,0.103485492,20.20228216
Erdr1,0.103362756,12.57780083
Cfap97,0.103356238,8.661825726
Senp6,0.103274943,34.75103734
Neurod6,0.103252869,0.31120332
Alg12,0.103237318,3.993775934
Aprt,0.103160198,5.783195021
Cep19,0.103145811,8.947095436
Gm15860,0.103141728,3.812240664
Extl3,0.103040377,12.08506224
Barhl1,0.102892287,0.02593361
Kpna4,0.102847959,19.2686722
Cpne1,0.102791231,0.07780083
Kctd5,0.102778226,5.497925311
Naa25,0.102596521,11.4626556
Tubgcp4,0.102527207,10.19190871
Sap30l,0.102504461,3.838174274
Cluap1,0.102470244,9.880705394
Crebzf,0.102470121,12.52593361
Rabgap1,0.102462928,50.95954357
Gm8257,0.102302854,9.310165975
Rbbp4,0.102267123,18.04979253
Bop1,0.102237664,5.96473029
Ncoa4,0.102185827,2.956431535
0610007P14Rik,0.102140253,14.10788382
Zfp143,0.1021221,5.731327801
Oca2,0.10202651,2.359958506
Ncln,0.102010886,8.661825726
Trhr,0.102002669,5.108921162
Sike1,0.101900448,7.676348548
Slc25a10,0.101867193,2.671161826
Cercam,0.10183533,5.368257261
Llgl2,0.101803467,0.18153527
Spef2,0.101771603,2.204356846
Zc3h14,0.101697194,17.37551867
Hsd17b12,0.101631697,21.0840249
Gm29543,0.101630218,0.726141079
Fndc4,0.101561852,11.85165975
Ccdc85a,0.101557482,67.03838174
Wdr75,0.101550207,5.912863071
Gm10681,0.101516696,1.633817427
Lonrf1,0.101490092,5.316390041
Prpf6,0.101489734,28.94190871
Keap1,0.101471378,9.543568465
Wrnip1,0.101447127,5.705394191
Pcbp2,0.101445582,24.92219917
Gm17484,0.101392272,5.835062241
Trim11,0.101298523,6.04253112
Ciz1,0.101254381,10.65871369
Rtn4,0.101145489,46.44709544
Ccdc28a,0.10109356,10.81431535
Nosip,0.101070609,3.864107884
Gdpd5,0.101070087,5.394190871
Tcea1,0.101057614,11.25518672
Tmem169,0.101015703,10.89211618
Stard6,0.101006882,3.864107884
Skiv2l2,0.100997632,9.699170124
Mapk1,0.100879398,26.47821577
Car2,0.100840342,8.091286307
Tbrg4,0.100720112,3.267634855
Btf3l4,0.100631163,7.313278008
Ube2n,0.100613041,10.9439834
Gm27169,0.100459056,0.2593361
Tob2,0.100419876,4.668049793
Fbxo25,0.100325944,12.65560166
Kdm5b,0.100298112,30.23858921
Dazap1,0.100198439,21.83609959
Cubn,0.100146572,2.774896266
Shroom3,0.099891665,4.745850622
Ept1,0.099887541,11.74792531
Cndp2,0.099859801,3.656639004
Slc30a8,0.099716072,0.20746888
Gab2,0.099540359,42.42738589
Smarcc2,0.099500208,26.65975104
2210404O09Rik,0.09937916,5.082987552
Arhgef7,0.099321245,25.31120332
Zfp280b,0.099254397,4.590248963
Atp6v0b,0.099229287,53.31950207
Rab13,0.09919067,5.160788382
Plce1,0.098992021,10.24377593
Gm37494,0.09894971,10.14004149
Gm13235,0.098840173,0.18153527
Gm38293,0.09880831,1.270746888
Tab3,0.098754376,6.5093361
Lrrc17,0.09871272,2.048755187
Lsm12,0.098693012,7.313278008
Arfip2,0.098669959,8.220954357
Gpkow,0.098575945,7.468879668
Gramd1a,0.098460545,24.81846473
Slc39a3,0.098363604,4.823651452
Ppfibp2,0.098362223,3.630705394
Wdr48,0.098320383,8.480290456
4833420G17Rik,0.098276312,13.92634855
Abhd2,0.098174747,15.3526971
Spink5,0.098141001,0.02593361
Galnt13,0.098065189,79.1753112
Gtpbp6,0.09805155,6.53526971
Rapgef5,0.098014253,29.79771784
Klhl15,0.097972526,13.51141079
Cfap57,0.097957696,1.633817427
Cdc42bpb,0.097892253,18.87966805
Vmn2r30,0.097803928,5.160788382
Gm7271,0.097756819,2.619294606
Spns3,0.097724955,0.389004149
Utp15,0.097693092,2.411825726
Fam207a,0.097438185,3.812240664
R3hcc1l,0.097244201,13.64107884
Dcp1a,0.097195843,12.13692946
Paip1,0.097025957,16.10477178
Ybx2,0.097023961,1.037344398
Ulk3,0.096834756,4.849585062
Txlng,0.096761073,28.52697095
Pradc1,0.096673464,2.619294606
1700111N16Rik,0.096418557,3.189834025
Ppp1r12a,0.096298307,34.51763485
Rab3gap2,0.09606277,22.45850622
Crat,0.096058544,8.298755187
Sh3gl1,0.096047452,15.56016598
Psmd2,0.096044352,8.609958506
Tmem147,0.095989896,13.61514523
2810001G20Rik,0.09597247,3.812240664
Sobp,0.095895851,46.21369295
Scyl2,0.09584562,9.024896266
Prrc2c,0.095739941,35.08817427
Adam8,0.095717563,2.308091286
1700008O03Rik,0.095653836,2.774896266
Becn1,0.09554078,8.143153527
Tmbim4,0.095510103,12.16286307
Adal,0.095406358,6.587136929
Nr2c2,0.095311587,28.06016598
Lnx1,0.09527255,15.32676349
E230025N22Rik,0.095271476,0.985477178
Nuak1,0.095232788,6.976141079
Gm17135,0.095175886,4.745850622
Gga2,0.095095358,11.30705394
Eif3j1,0.094907135,12.42219917
Foxk1,0.094854367,7.702282158
Erlec1,0.094828172,17.55705394
Tnfrsf26,0.094761662,0.674273859
Itch,0.094750406,41.10477178
Anapc16,0.09474749,12.21473029
Tbc1d32,0.094722135,16.23443983
Nsun7,0.094513283,20.66908714
Zkscan14,0.094411165,2.022821577
Tgm4,0.094347438,1.089211618
Idua,0.094283711,3.993775934
Vegfa,0.094251848,4.382780083
Pfkfb2,0.094219985,3.864107884
Tmem55b,0.094166726,13.64107884
Cp,0.094124395,3.812240664
RP23-466J17.3,0.094092531,2.697095436
Csrp2,0.094060668,1.659751037
Hspbap1,0.094047407,7.728215768
Ccdc12,0.09404578,18.30912863
Pigx,0.093906876,7.961618257
Dhx15,0.093905833,9.232365145
Prdx6,0.093880661,8.091286307
Vangl1,0.093809975,3.241701245
Mob4,0.09377005,19.99481328
Tmem214,0.093756247,14.52282158
Gpbp1,0.093745083,18.10165975
Rassf6,0.093742034,1.037344398
Gm29865,0.093675688,9.076763485
Myo1a,0.093646444,0.700207469
Lage3,0.09364187,18.43879668
Ctf2,0.093518991,1.296680498
Appl1,0.093396899,33.89522822
Noc3l,0.093391537,4.304979253
Plppr4,0.09321681,20.72095436
Dync2h1,0.093066181,40.04149378
Larp1,0.092977467,15.32676349
Zfand1,0.092881723,5.93879668
Zkscan5,0.092786133,4.330912863
Rrp12,0.09275427,3.060165975
Gtf2h1,0.092714732,9.543568465
Wdyhv1,0.092529466,9.336099585
Soga3,0.092527328,38.32987552
Setd2,0.092507283,28.70850622
Dnaja2,0.092425066,9.465767635
Bckdha,0.092260633,10.99585062
Ect2l,0.092244456,1.426348548
Plekhb2,0.092223121,13.5373444
Lbr,0.092180729,4.019709544
Cwc25,0.092148866,4.227178423
Vps18,0.092085139,3.578838174
Tmem151a,0.092069054,9.621369295
Wbscr17,0.092011865,48.65145228
Tdrd7,0.091894102,8.091286307
Erich3,0.091835829,9.906639004
Gpatch11,0.091775377,5.471991701
Cdc42,0.091762996,32.33921162
Tbc1d14,0.091754298,10.24377593
Rnpc3,0.091746163,18.41286307
Lyplal1,0.091734642,3.890041494
Ccdc9,0.091702778,3.734439834
Arhgef10l,0.091673176,18.90560166
Cdk9,0.091665205,8.480290456
Ttll4,0.091657593,11.48858921
Kctd21,0.091630252,6.32780083
Pebp4,0.091511598,1.192946058
Dhx37,0.091447544,5.082987552
Larp7,0.091313521,6.06846473
Psmd11,0.091272101,30.34232365
Commd2,0.091129238,2.593360996
Rbms1,0.091120745,51.08921162
Acad10,0.091096136,9.751037344
Golph3,0.090874331,4.175311203
Fam78b,0.090736185,10.21784232
Ubtd2,0.090720406,7.313278008
Ppp3cb,0.090675036,24.53319502
Plpp1,0.090594549,15.81950207
Exosc9,0.090587561,4.797717842
Trove2,0.09056814,20.17634855
Gpc1,0.090567393,4.771784232
Ormdl2,0.090528858,21.26556017
Rangap1,0.090460854,18.59439834
Abhd10,0.090332654,4.590248963
Atp5o,0.090063718,27.04875519
Trpc5os,0.089991767,0.752074689
Nim1k,0.089986372,10.78838174
Dnhd1,0.089982157,5.212655602
Ttll3,0.089950293,4.227178423
Nkain4,0.089854703,3.708506224
Stox2,0.08984312,43.77593361
Smim17,0.08972725,1.815352697
Taf15,0.08956869,27.54149378
Gm16541,0.089543304,8.013485477
Flad1,0.089484366,5.912863071
Polr1e,0.089472343,1.711618257
Tmed9,0.089447273,23.62551867
Pus7,0.089433665,14.41908714
Cntrl,0.089375381,7.235477178
Ribc2,0.089217436,0.440871369
Ythdc1,0.089182431,10.60684647
Maml1,0.089124608,7.339211618
Wbp2,0.089093083,11.35892116
Psip1,0.088990422,31.61307054
Exosc10,0.088963992,14.85995851
Ncald,0.088910927,34.12863071
Klhl18,0.088847241,11.79979253
Nr0b2,0.08883499,0.07780083
Map2k2,0.088797461,22.51037344
Pask,0.088771348,4.123443983
Dab2ip,0.088764923,9.621369295
Trp53inp2,0.088696264,8.013485477
Papd4,0.088655805,14.3153527
Ccdc47,0.088538523,8.298755187
Crebbp,0.088526142,40.22302905
4930503L19Rik,0.088452715,4.149377593
Atg16l2,0.088305247,19.29460581
Kcnmb2,0.088193827,19.37240664
Mtg2,0.088169904,13.38174274
Ascc3,0.088103047,37.21473029
Uty,0.087929016,42.89419087
Grm8,0.087909441,35.37344398
Gipc1,0.08783188,8.246887967
Smu1,0.087721044,7.417012448
Rgs2,0.087719857,3.215767635
Dnajb12,0.087624267,4.979253112
Rsu1,0.087598472,14.21161826
Serpinf1,0.087592404,2.308091286
Reep2,0.087590327,18.20539419
Adipor2,0.08747639,9.024896266
RP23-32A8.5,0.087407997,8.091286307
Dusp8,0.087401224,4.719917012
Tmem248,0.087320685,8.558091286
Smurf1,0.087277014,20.8246888
Hif1an,0.087210043,5.160788382
Inhbb,0.08717818,0.570539419
Sept2,0.087174537,26.0373444
Sugp2,0.08704077,22.19917012
Rnf130,0.087003985,32.57261411
Tcof1,0.086952773,5.93879668
D5Ertd615e,0.086923273,3.578838174
Sec23b,0.086900885,10.71058091
Chst10,0.086881495,9.362033195
Ctbp1,0.086860078,8.973029046
Alas1,0.086849365,5.912863071
Apip,0.08679582,4.045643154
4930505A04Rik,0.086732093,1.581950207
C130026I21Rik,0.086542499,7.909751037
Recql,0.086540913,5.134854772
Arhgef40,0.086468396,11.30705394
Pcnt,0.086466217,5.809128631
Tchh,0.086445322,1.037344398
Slitrk4,0.086343163,5.886929461
Arpc1b,0.086222279,4.253112033
4933434E20Rik,0.086114031,19.08713693
Gcnt7,0.086106132,8.272821577
Clcnka,0.086031529,0.570539419
Ruvbl2,0.085903645,2.982365145
Gm14308,0.085648738,2.308091286
Lmo7,0.085616875,2.723029046
4930512B01Rik,0.085553148,1.685684647
Cabin1,0.085543386,22.25103734
Slc35b3,0.085531282,10.19190871
Arl3,0.085501874,32.90975104
Pdcd6ip,0.085418747,13.74481328
Gm16701,0.085393831,1.763485477
Med24,0.085383128,7.313278008
Ipp,0.085364403,7.131742739
Vps37c,0.085361968,3.552904564
Rfc2,0.0852775,16.54564315
Tmem233,0.085234514,1.815352697
Lrrc29,0.085179014,12.73340249
Mrpl13,0.085170788,5.446058091
Mtbp,0.085107061,2.671161826
Itpa,0.084956288,7.624481328
Gm15559,0.084788427,4.590248963
Rps6ka6,0.084756564,2.878630705
Ddx50,0.084756134,25.44087137
Zpr1,0.084736989,5.446058091
Ift172,0.084723534,12.91493776
Gucy1a3,0.084692837,6.742738589
Ccr9,0.08462911,3.526970954
Scn2a1,0.084577714,57.2873444
1700001O22Rik,0.08443793,0.829875519
Gm26848,0.084417148,67.53112033
Rab14,0.084290401,23.15871369
Gtf2f2,0.084147824,13.66701245
Klf9,0.084023706,5.471991701
Tom1l2,0.084015735,51.71161826
Usp42,0.083928116,4.175311203
Dhx33,0.083896253,4.927385892
Cask,0.083865812,44.0093361
Capzb,0.083679604,18.41286307
Cdh13,0.083614322,46.73236515
Ccdc64,0.083353358,22.64004149
N6amt1,0.083227122,4.304979253
Grin2d,0.083226733,8.921161826
Capn9,0.083175586,0.466804979
Aqp11,0.083099669,2.152489627
Gna11,0.083009205,7.780082988
Snrpc,0.082940352,6.35373444
D630023F18Rik,0.082908488,1.218879668
Nxpe4,0.082876625,4.538381743
Bdp1,0.082788944,19.11307054
Psmb2,0.082738295,24.92219917
Coasy,0.082685445,3.163900415
Upk3bl,0.082557991,5.186721992
Psmb7,0.082502358,11.92946058
Gm42951,0.082494265,0.389004149
Trim39,0.082430538,4.330912863
Ap4e1,0.082413798,11.74792531
Eml6,0.082410083,67.81639004
5031425E22Rik,0.082383725,24.40352697
Stat5a,0.082334948,1.115145228
Med12,0.082239358,2.774896266
Samhd1,0.082174853,10.76244813
Tada2a,0.082148321,17.58298755
Pum3,0.082015526,6.742738589
Cpe,0.081968529,47.89937759
Cebpe,0.081948138,0.02593361
Gm26899,0.081920724,4.201244813
Kif1a,0.081880163,43.12759336
Zscan20,0.081856997,2.593360996
Mtr,0.081841956,7.105809129
Gmeb2,0.081817265,11.61825726
Skp2,0.08179327,4.927385892
Wdr92,0.081570227,4.304979253
Pibf1,0.08145233,26.2966805
Dguok,0.081421828,10.84024896
Ppp1r12c,0.081421173,11.22925311
Sbno2,0.081379047,5.446058091
Trim35,0.081335518,25.54460581
Mib1,0.081328622,28.37136929
Rbm42,0.08131532,5.446058091
Alkbh4,0.081251593,1.348547718
Tra2b,0.081210766,35.71058091
Syt1,0.080964997,85.63278008
Mfsd1,0.080964823,3.864107884
Nutf2,0.080872323,7.883817427
Spast,0.080844092,19.50207469
Usp4,0.080763482,19.32053942
Cox7a2l,0.080741851,10.01037344
Foxo3,0.0806577,12.00726141
Gpank1,0.080518736,2.152489627
Ngdn,0.080259889,5.886929461
Glyr1,0.080218592,23.08091286
Tubg2,0.080200102,6.639004149
Lnp,0.080199805,27.87863071
Eif2s3y,0.08018594,27.51556017
Orc4,0.080145001,15.3526971
5730409E04Rik,0.080040785,3.449170124
Ddx1,0.080020566,15.6379668
Pms1,0.079986196,7.883817427
Gm14443,0.079977058,3.008298755
Nle1,0.079913332,5.212655602
Nr2c1,0.079911756,7.961618257
Gpr108,0.079832926,10.91804979
Zfr,0.079800899,50.46680498
Klhl22,0.079747927,19.39834025
Ssfa2,0.079690288,4.564315353
Oscp1,0.079680445,13.30394191
Gm14391,0.079658425,3.163900415
Farsa,0.079452541,12.94087137
Amd2,0.079403518,1.504149378
Ybx3,0.079307928,3.345435685
Hspd1,0.079239085,10.24377593
Nudcd2,0.079126079,7.728215768
Fastkd2,0.078925567,4.616182573
Rhobtb2,0.078925383,11.7219917
Kcnh5,0.078901409,21.62863071
Msrb2,0.078889631,5.575726141
Copa,0.078763058,22.58817427
Ccnt1,0.078753399,22.61410788
Gpc4,0.078624134,0.985477178
Mrpl37,0.078511343,3.630705394
Tfpt,0.078437763,5.342323651
Rab6a,0.078301008,25.15560166
Mmp15,0.078256436,2.385892116
Mxd1,0.07819271,3.708506224
Dgkd,0.078163435,25.07780083
Mylk4,0.078160846,1.141078838
Zfp532,0.078144127,33.50622407
Ccdc130,0.078128983,4.719917012
Rltpr,0.07809712,5.031120332
Hoxc5,0.077937803,1.763485477
Itga1,0.077842213,2.411825726
Ndufa3,0.077802869,12.08506224
Myt1l,0.077793834,66.85684647
Bptf,0.077739429,32.05394191
4933427D14Rik,0.077731786,10.9439834
Dock5,0.077682896,1.945020747
Ofcc1,0.077555442,0.855809129
Fam222b,0.077496218,33.01348548
3830406C13Rik,0.077467291,12.62966805
Spg11,0.077266646,11.85165975
Arid4b,0.077231856,50.67427386
4930556J24Rik,0.077221194,17.84232365
Ddx39,0.077204945,4.538381743
1110008L16Rik,0.077189453,12.03319502
4933436I20Rik,0.077109355,2.256224066
Rbak,0.077077492,2.178423237
Erbb2ip,0.076974504,23.91078838
Crmp1,0.076931405,17.47925311
Wdpcp,0.07691754,17.68672199
Pex16,0.076758858,4.979253112
Tbxas1,0.076726995,2.723029046
Cfap43,0.076695131,2.930497925
Jkamp,0.076639304,17.58298755
Ptpn21,0.076567678,4.097510373
Ap1ar,0.076535559,8.791493776
Vash1,0.076503951,4.849585062
Ncbp2,0.076440224,4.512448133
Triqk,0.076312771,5.082987552
Sel1l,0.076261681,22.32883817
Ogg1,0.076121591,4.097510373
Creld1,0.076009854,14.80809129
BC030500,0.075866684,1.478215768
Pdcd5,0.075835741,7.339211618
Arfgap2,0.075784109,10.29564315
Prodh,0.075617957,7.624481328
Itpr1,0.075614427,17.53112033
Kif13b,0.075566663,18.85373444
Ugdh,0.075551212,11.07365145
Mgam,0.075531602,1.218879668
Prcc,0.07548505,8.817427386
Inpp1,0.075331842,7.650414938
Pcgf5,0.075323441,13.2780083
Eno1,0.075261955,16.88278008
Golga3,0.075202556,13.12240664
Bnip2,0.075197553,3.993775934
Dhx9,0.07511064,8.843360996
Syvn1,0.075006373,5.96473029
Kif1c,0.074974509,4.123443983
Tifa,0.074878919,5.783195021
Asun,0.074815192,6.12033195
Phlpp2,0.074755037,21.39522822
Gm16062,0.074719602,2.256224066
Gm26816,0.074655876,7.131742739
Haus8,0.074560285,4.460580913
Scaf11,0.074375818,12.99273859
Kdm4d,0.074305379,5.731327801
Apaf1,0.07422175,10.21784232
Ulk2,0.074221259,46.26556017
Mcoln1,0.074209788,5.394190871
Socs4,0.074177925,4.512448133
Rad50,0.074062699,10.4253112
Dgcr14,0.074018608,1.919087137
Ebf3,0.073803191,4.019709544
Nup85,0.073731838,5.93879668
Gm14114,0.073699975,0.337136929
Zbtb8b,0.073662923,7.079875519
Zbtb41,0.073540658,3.267634855
Pard6g,0.073508794,5.653526971
Prkar2a,0.073466177,19.24273859
Tcaim,0.073446848,10.11410788
Abcb8,0.073443563,10.73651452
Unkl,0.073359341,9.206431535
Zfp142,0.073349477,4.227178423
Top1mt,0.073253887,2.334024896
Dlec1,0.073222024,1.945020747
Cep83os,0.073126434,7.728215768
Usp15,0.072898029,22.82157676
Senp7,0.072849487,35.99585062
Gm14696,0.072805851,0.12966805
Slc35e2,0.072775937,5.757261411
Nup35,0.072712548,9.102697095
Tmem259,0.072632787,9.569502075
Mecp2,0.072584194,28.57883817
Sh3bp5l,0.072571035,10.1659751
Rsf1os1,0.072489166,4.668049793
Ppp1r13l,0.07242544,0.803941909
Zfp637,0.072393576,5.420124481
Git1,0.072361713,3.967842324
Gabpb1,0.07235804,9.465767635
Frem3,0.07232985,1.141078838
Arhgap31,0.072297986,5.757261411
Sertad2,0.072215299,18.2313278
Pithd1,0.072074943,5.886929461
Gm37982,0.072011216,5.264522822
Crtc2,0.071979353,4.071576763
Nab1,0.071947489,5.653526971
Vps51,0.071851899,4.304979253
Kif13a,0.071668168,26.84128631
Fgf1,0.071663236,17.53112033
Chd7,0.071628855,9.776970954
Crhr2,0.071533265,1.607883817
Ankrd40,0.071437481,8.220954357
Prkce,0.071371227,52.61929461
Sec61a1,0.071348071,10.78838174
Prkag1,0.071347549,13.35580913
Pced1a,0.071310222,6.12033195
Pstpip1,0.071225962,0.726141079
Coq10a,0.071182768,3.890041494
Hcfc1,0.071150905,4.071576763
Rxrb,0.071119042,4.227178423
Gopc,0.070822233,13.38174274
Glra3,0.070689469,22.56224066
Ncmap,0.070641091,3.319502075
Ash2l,0.070620135,8.039419087
Zfp503,0.070609228,0.674273859
Stat2,0.070590052,9.932572614
Med8,0.070545501,4.019709544
Kirrel,0.070513638,4.642116183
Ippk,0.070488016,6.17219917
Scrn1,0.07045604,16.4159751
Tasp1,0.07034548,29.48651452
Zfp317,0.070322457,6.06846473
Gm26629,0.070290594,0.985477178
Stk35,0.070258731,3.397302905
Bms1,0.070195004,6.19813278
Slc25a17,0.07016314,6.04253112
Cactin,0.070131277,2.567427386
Mbtps2,0.070131226,14.62655602
Zfp646,0.07006755,2.256224066
Ppp2r2d,0.070009543,7.702282158
Crebrf,0.069919561,26.11514523
Clpp,0.069913319,28.44917012
Tgm5,0.069908233,0.648340249
Igsf9b,0.06978078,2.437759336
Sipa1l2,0.069717053,6.27593361
Vdac1,0.069674753,13.43360996
Gm15675,0.06958502,0.674273859
Snrnp200,0.069366556,6.613070539
Cphx3,0.069175376,2.567427386
Mboat2,0.06904912,16.64937759
Sectm1b,0.069043219,0.05186722
Vapa,0.069017717,16.85684647
Psph,0.069016059,3.604771784
Scamp2,0.068761152,8.013485477
Cpsf7,0.068760651,23.52178423
Rpl5,0.068644289,14.36721992
Psmd6,0.068601835,6.09439834
Zfp946,0.068569972,2.567427386
Sptlc1,0.068451922,10.84024896
Ntmt1,0.06837033,15.22302905
Mb21d2,0.068187612,6.5093361
Tnfrsf9,0.068123885,2.411825726
Pcgf3,0.06811884,13.84854772
Gm43989,0.067964568,5.549792531
Arfrp1,0.067937504,8.584024896
Gm28043,0.067932705,4.693983402
Mospd2,0.067860055,10.47717842
Uba5,0.067763667,8.091286307
Trmt1,0.067714603,14.93775934
Abtb1,0.067677798,5.290456432
Gm9833,0.067645934,3.293568465
Sarnp,0.067615084,30.42012448
Bub3,0.067481757,9.958506224
Gabpa,0.067295437,3.293568465
Kmt2b,0.067194066,7.287344398
Pskh1,0.06713612,7.417012448
Gm7160,0.067072394,1.115145228
Mgea5,0.067047191,24.71473029
Caprin1,0.067041083,27.43775934
Ep300,0.066919411,30.10892116
Zmat4,0.066919216,32.62448133
Cacna1d,0.066875401,55.57572614
Bnipl,0.06684935,1.763485477
Vars2,0.066817487,3.734439834
Zscan22,0.066763358,11.67012448
Akt1,0.06675376,7.702282158
Eftud1,0.066688989,11.51452282
Pdcd1,0.06665817,0.05186722
Shc1,0.066594443,3.397302905
Uspl1,0.066530716,3.552904564
Slc6a20b,0.06646699,3.293568465
Apopt1,0.066439076,13.90041494
Gpd1,0.066307673,1.218879668
Btbd7,0.066178081,30.44605809
Dph1,0.065989039,3.501037344
BC035947,0.065829722,3.397302905
Cog1,0.065815735,9.076763485
Btbd3,0.065811273,12.81120332
Phip,0.065751445,42.55705394
4930451G09Rik,0.065606679,3.449170124
Dirc2,0.065483042,10.26970954
Gm42567,0.065479225,3.423236515
Arid1b,0.065421904,36.95539419
Tmem45a,0.065383635,0.726141079
Smarcd2,0.065351772,3.137966805
Dagla,0.065256181,8.169087137
Rhebl1,0.065160591,3.475103734
Pqlc1,0.065096865,3.708506224
Sfi1,0.065062791,23.54771784
Zmpste24,0.064973617,7.520746888
Fnip1,0.064964776,32.85788382
Lrrc24,0.064714504,7.883817427
Kin,0.064618914,5.186721992
A430106G13Rik,0.064587051,2.282157676
Tcn2,0.064523324,1.789419087
Hbp1,0.064491461,5.549792531
Gosr2,0.064431356,12.05912863
Rpusd4,0.064236554,1.556016598
Ccdc22,0.06420469,3.501037344
Zfp583,0.064172827,2.541493776
Gm43647,0.06401351,1.919087137
Btbd1,0.064008732,18.87966805
Ppm1n,0.064001147,0.414937759
Zfp771,0.06396549,10.50311203
Baz1b,0.063940738,22.82157676
Armc8,0.063936993,21.21369295
Hadha,0.063880153,12.13692946
Babam1,0.06388002,10.55497925
Fam131b,0.063599286,1.893153527
Rgsl1,0.063471833,0.881742739
Slc22a5,0.063439969,6.14626556
Asb1,0.063280653,3.501037344
Pygo1,0.063185062,8.013485477
Dtd1,0.063132468,35.65871369
Rtn2,0.063057609,3.812240664
Folh1,0.062962019,1.478215768
Csgalnact2,0.062930155,4.149377593
Gli2,0.062834565,0.622406639
Pxdc1,0.062802702,0.674273859
Gsk3a,0.062724589,6.639004149
Dctd,0.062688536,1.037344398
E430024P14Rik,0.062675249,8.246887967
Rufy2,0.062646424,16.31224066
Ccdc141,0.062579658,3.189834025
Zfp516,0.062551479,9.024896266
Fbxo4,0.062484068,5.290456432
Nin,0.06240045,18.04979253
Rnf168,0.062388478,7.831950207
Huwe1,0.062379576,45.74688797
Bcl2l13,0.062371534,10.86618257
Elp3,0.062371073,9.206431535
Uprt,0.062324751,5.108921162
Echs1,0.062292888,6.872406639
Rlf,0.06228063,32.2873444
Gucy2e,0.062261025,0.440871369
Sugct,0.062205515,9.517634855
Ctps2,0.062162825,19.63174274
Smarcad1,0.062146996,24.40352697
Taf1,0.062119205,23.00311203
Gm27003,0.062037981,7.442946058
Mettl16,0.062026695,17.14211618
Nkd1,0.061974254,0.414937759
Tctn3,0.061910528,4.771784232
Nudt3,0.061882542,9.621369295
Scaf1,0.061772832,11.15145228
Adipor1,0.061751211,9.102697095
2810429I04Rik,0.061719347,2.308091286
Fam161b,0.061591894,3.734439834
Samsn1,0.061528167,2.282157676
Otoa,0.061496304,0.933609959
Scarb2,0.061373394,14.75622407
Dlg3,0.06136885,3.915975104
Cfp,0.061305124,4.253112033
Xpot,0.06127326,9.439834025
Srd5a1,0.061241397,1.374481328
Ptgr2,0.061209534,7.494813278
Letm2,0.061099843,28.89004149
2810471M01Rik,0.06108208,0.18153527
Kat2a,0.060954627,6.45746888
Iqce,0.060910229,16.64937759
Fbxo45,0.0608909,5.549792531
Sertad4,0.060859036,1.867219917
Dact3,0.06079531,3.345435685
B3galt2,0.060751822,9.906639004
Fam63a,0.060731583,3.034232365
4930432K21Rik,0.06069972,8.869294606
Fbxo42,0.060518281,20.15041494
Nampt,0.060508539,6.22406639
Peli3,0.060444813,4.175311203
Dhx36,0.060308304,14.98962656
Ythdf2,0.060305275,10.08817427
Oplah,0.060285496,3.345435685
Sec11c,0.060281035,12.16286307
Maea,0.060251074,8.947095436
Urm1,0.060221769,8.454356846
Trp53,0.060062452,4.745850622
Pate2,0.060030589,5.523858921
Gm43666,0.059998725,0.803941909
Smad5,0.059966862,4.175311203
Fstl4,0.059952169,35.96991701
Zfp451,0.059940729,18.2313278
Ccdc74a,0.059903135,2.334024896
Paxip1,0.059871272,5.446058091
Tns2,0.059839409,1.970954357
Tmem62,0.059838099,8.895228216
Upf3b,0.059819578,15.66390041
Gapdh,0.059807545,1.322614108
Ddx21,0.059711955,4.382780083
RP23-344G21.5,0.059680092,2.956431535
Chd4,0.059634456,27.38589212
Acaa2,0.059552638,2.359958506
Sox6,0.059545087,9.543568465
Nptn,0.059489403,47.6659751
Sccpdh,0.059488912,8.039419087
March7,0.059467127,30.67946058
Elmod2,0.059361458,4.849585062
Dph6,0.059272846,18.69813278
Nufip2,0.059232122,21.18775934
Cox6c,0.059093167,26.06327801
Nsun4,0.059010961,3.034232365
Ly86,0.058979098,1.244813278
Mgat1,0.058947234,3.915975104
Lrrc40,0.058883508,8.350622407
Arl4c,0.058851644,3.812240664
Ddx54,0.058787917,2.515560166
Mpp1,0.058762756,6.846473029
Kbtbd2,0.058756054,5.497925311
Rtp4,0.058724191,0.803941909
Twf1,0.058596737,2.567427386
Acat2,0.058564874,6.40560166
Sdc2,0.058489533,18.4906639
Sil1,0.058448215,22.53630705
Rab3c,0.058445729,55.2126556
Slitrk2,0.05843742,1.945020747
Casp1,0.058373694,0.12966805
Cd4,0.058372361,0.20746888
Gm43016,0.05834183,2.982365145
Tubd1,0.058278103,3.864107884
Pdcd11,0.058166162,12.68153527
1700028J19Rik,0.058023197,0.440871369
Gm17359,0.058004093,12.05912863
RP24-362L9.2,0.057991333,2.126556017
Ncan,0.05795947,4.927385892
Ipmk,0.057812575,11.59232365
Nek6,0.057800153,2.567427386
Dbndd2,0.057736426,5.731327801
Ints2,0.05770135,11.95539419
Etv3,0.057672699,4.071576763
Haus2,0.057640836,4.356846473
Rec8,0.057608973,5.9906639
Nip7,0.057577109,3.215767635
Gm16178,0.057545246,0.881742739
Scyl1,0.057513383,6.22406639
Lactb2,0.05742076,10.06224066
Natd1,0.057417793,5.368257261
Foxj3,0.057395936,25.20746888
Gm26555,0.057322202,1.167012448
Aldh9a1,0.057290339,4.979253112
Zfp868,0.057226612,6.5093361
Dars2,0.057162886,6.48340249
Golga7,0.057131022,6.872406639
Vta1,0.05709746,13.43360996
Zfp622,0.057003569,2.437759336
Rab11a,0.05685431,13.45954357
Ddx49,0.056812388,5.835062241
1500009L16Rik,0.056684935,7.053941909
Kpnb1,0.056653072,7.002074689
Ptn,0.0565931,18.67219917
Rpe,0.056557482,4.045643154
Fam228b,0.056461891,3.241701245
Armcx3,0.056430028,6.35373444
Arcn1,0.056421372,16.77904564
Eef2,0.056315068,18.04979253
Guk1,0.056206984,7.935684647
Gm9017,0.056175121,0.518672199
Kdm8,0.056111394,4.849585062
Eri2,0.056079531,4.668049793
Ppt2,0.056015804,8.402489627
Hcrtr1,0.055984177,1.556016598
Gpatch4,0.055983941,3.060165975
Gmppa,0.055920214,5.912863071
Ddx18,0.055898931,11.87759336
1600014C10Rik,0.055856487,4.745850622
Senp8,0.055831807,23.36618257
Gm16272,0.055824624,1.970954357
Ppp1r7,0.055792761,7.676348548
Tmem196,0.05568878,21.05809129
Nme6,0.05560158,5.96473029
Cdc26,0.055594622,12.73340249
Zfp606,0.055569717,4.097510373
Cdv3,0.055442264,8.039419087
RP23-231J2.1,0.055354849,59.28423237
Sp100,0.055346673,0.855809129
Sec61a2,0.055287705,37.11099585
Gm15810,0.05521922,9.776970954
Ddx23,0.055187357,8.350622407
Ift80,0.055155493,7.728215768
Tmed8,0.05512363,9.569502075
Wdr35,0.055122515,11.25518672
Zfp335,0.05502804,3.008298755
Paqr7,0.054996176,6.56120332
Stard3nl,0.054995266,13.04460581
Hipk1,0.054866758,12.52593361
Nudt6,0.05483686,1.478215768
Jade1,0.054804996,5.575726141
Ccdc66,0.054782475,18.69813278
Slc35f6,0.054741269,2.904564315
Zbtb4,0.054611718,12.52593361
Gm20641,0.054422636,3.189834025
Eea1,0.054400319,24.76659751
A930007I19Rik,0.054390772,2.515560166
Gm3294,0.054372774,7.365145228
Dynlt3,0.054359042,8.013485477
D15Ertd621e,0.054327046,5.705394191
C230037L18Rik,0.054231456,5.160788382
Nupl2,0.054199592,7.935684647
Pnpla1,0.054072139,4.668049793
Ptk7,0.054040275,9.699170124
Pcgf6,0.053963809,11.79979253
Nelfcd,0.053912822,6.45746888
Vps11,0.053876426,8.272821577
Scmh1,0.053869621,53.08609959
Usp35,0.053817232,4.071576763
Usp6nl,0.053753505,7.494813278
Ankrd27,0.053657915,7.365145228
Mpg,0.053530461,4.434647303
Kitl,0.053529233,5.523858921
Zdhhc1,0.053270704,17.1939834
Cbl,0.05324233,21.16182573
Itgb5,0.053211828,3.449170124
Btbd16,0.053179964,1.322614108
Mapk13,0.053084374,0.20746888
Klhl4,0.053052511,3.734439834
Vamp2,0.053002854,14.08195021
Psme3,0.052988784,4.123443983
Adgrb2,0.052970264,13.32987552
Hcrt,0.052925057,0.855809129
Pfn2,0.052850495,12.42219917
Vstm2b,0.052829467,4.149377593
Zfp831,0.052765741,2.541493776
RP23-474J16.2,0.052692819,0.907676349
Ceacam2,0.05267015,5.96473029
Gm6712,0.052606424,5.627593361
Rtfdc1,0.052510834,5.757261411
Derl2,0.052447107,7.417012448
Cnot6l,0.052407109,18.69813278
Dusp11,0.052333129,14.44502075
Rsbn1,0.052266906,16.80497925
Dock1,0.0521878,9.802904564
App,0.052183687,72.25103734
Szrd1,0.05209661,6.846473029
Slc25a44,0.052032883,4.175311203
Flywch1,0.051933425,15.6379668
Mink1,0.051911876,12.70746888
2810029C07Rik,0.05190543,3.034232365
Snrpb2,0.051777976,4.512448133
Ufl1,0.051746113,8.013485477
Il7,0.051682386,0.466804979
Ubr5,0.051663886,35.84024896
Dock7,0.051581567,42.29771784
A330093E20Rik,0.051491206,1.763485477
Eif4a2,0.051479265,22.82157676
Stx5a,0.051471058,27.51556017
Brip1,0.051427479,1.919087137
4833422C13Rik,0.051395616,2.619294606
Gm20532,0.051204435,1.089211618
Sbf1,0.051140709,7.131742739
Adprhl2,0.051108845,8.272821577
Parp6,0.051054,16.57157676
Usp54,0.051027253,10.76244813
Nr1d1,0.051013255,1.504149378
Gm26518,0.05099146,23.36618257
B4galnt1,0.050981392,6.30186722
Itgb1,0.050971814,19.2686722
Cyp46a1,0.050917665,11.2033195
Aplf,0.050853938,1.659751037
Lrrc48,0.050822075,8.324688797
9530052E02Rik,0.050790212,8.661825726
Jph2,0.050758348,0.466804979
Ctps,0.050694621,6.12033195
Smc2,0.050630895,8.376556017
Nudt10,0.050599031,2.463692946
Xrcc3,0.050535305,1.374481328
Smarca5,0.050526904,16.75311203
Chkb,0.050346171,13.64107884
Fopnl,0.050344124,8.869294606
Rwdd3,0.050280398,4.590248963
Wac,0.050274903,32.78008299
Etaa1,0.050057354,3.034232365
Mtmr9,0.049993627,3.760373444
Pcdh19,0.049949628,24.37759336
Rdx,0.04986073,16.6753112
Gprin3,0.049854949,15.19709544
Psmd5,0.04985192,11.28112033
Sept8,0.049784326,14.03008299
Disp2,0.049780714,18.93153527
Gtf2b,0.049706857,5.471991701
Cdh23,0.049674994,6.14626556
Colgalt1,0.049590639,9.232365145
Clp1,0.049579404,3.137966805
Oprl1,0.04954754,4.668049793
Gm28523,0.049510796,0.20746888
Terf2,0.049483813,9.906639004
Ice2,0.04945195,9.206431535
Parp9,0.049228906,3.008298755
Arap2,0.049197043,4.849585062
Fgf13,0.049162315,38.32987552
Efemp1,0.049101453,2.334024896
Rnls,0.049067553,9.673236515
Atxn7l2,0.049037726,3.215767635
Clcn4,0.049005863,9.906639004
4833427G06Rik,0.048973999,0.752074689
Znfx1,0.048910273,8.376556017
Enpp6,0.048878409,0.933609959
Tut1,0.048814683,4.201244813
Efcab6,0.048782819,2.489626556
Npat,0.048772311,12.11099585
Sdf2,0.048763838,14.5746888
Cstf3,0.04876169,35.86618257
Pip5k1c,0.048750956,8.713692946
Dnajc14,0.048687229,4.201244813
Efcab7,0.048623502,4.979253112
Gm16194,0.048527912,0.337136929
Ccs,0.048496049,7.676348548
Mrps23,0.048464186,2.411825726
Eci2,0.048400459,5.523858921
Sel1l3,0.048375117,5.705394191
Asap3,0.048309606,9.880705394
Txlna,0.048209279,5.471991701
Rragc,0.048177415,7.131742739
Thoc3,0.048049962,3.319502075
Slc39a9,0.048035248,12.08506224
Zc3h3,0.047922508,8.558091286
Nsrp1,0.047890645,9.050829876
Prkcsh,0.047858782,9.984439834
Alk,0.047834756,33.76556017
Gm15879,0.047795055,2.645228216
Tmcc3os,0.047769427,0.31120332
Pold4,0.047731328,3.682572614
Bcas3os2,0.047712687,0.648340249
Gm21972,0.047635738,3.034232365
Zmiz2,0.047603875,10.01037344
Gm29282,0.047540148,0.20746888
Pld1,0.047508284,3.215767635
Neo1,0.047452334,34.88070539
Gm43598,0.047412694,2.489626556
Emid1,0.047380831,0.803941909
1810043G02Rik,0.047317104,7.105809129
Mrps18c,0.047285241,7.572614108
Eif3m,0.047125924,4.590248963
Zfp94,0.046998471,4.356846473
Tbc1d10b,0.04690288,6.898340249
Fdx1l,0.046871017,5.031120332
Fancb,0.046850527,0.700207469
Tiparp,0.046839154,5.653526971
Brix1,0.04680729,6.12033195
Irf9,0.046775427,2.800829876
Zc3hc1,0.046647973,5.082987552
Lyrm9,0.04661611,5.601659751
Epdr1,0.04655574,13.82261411
Josd1,0.046552383,4.797717842
Fbxl8,0.04652052,0.648340249
U2af1,0.046518095,15.093361
Frrs1l,0.04649057,16.85684647
Nfkbia,0.046393067,2.178423237
Arid4a,0.046384083,23.75518672
Slc16a9,0.046297476,2.541493776
Tk2,0.046265613,8.713692946
Ccdc155,0.04623375,0.440871369
Sez6l2,0.046208732,21.57676349
Slc25a4,0.046205979,32.36514523
Gm19583,0.046201886,1.737551867
Setd4,0.046193414,12.7593361
Tchp,0.046170023,3.112033195
Ndst2,0.046010706,1.996887967
Mrps6,0.045978843,6.19813278
2010109A12Rik,0.045946979,1.996887967
Fam81a,0.045787663,5.212655602
5031425F14Rik,0.045711436,0.02593361
Synj2,0.045692072,4.071576763
Gm20499,0.045628346,3.293568465
Mrpl40,0.045596482,6.01659751
Gm8871,0.045564619,1.711618257
Pycr2,0.045532756,7.053941909
Gm26787,0.045469029,5.290456432
Kif9,0.045437165,8.661825726
Fbxo28,0.045405302,8.817427386
Rimkla,0.045341575,5.368257261
Gm13427,0.045245985,8.713692946
Tln1,0.045214122,6.768672199
Fam195b,0.045118532,8.506224066
Taf1d,0.045105199,13.38174274
Fbp1,0.045054805,1.167012448
Sdpr,0.044959215,1.011410788
Man2c1os,0.044949105,17.29771784
Stxbp4,0.044933603,18.75
Prss33,0.044880319,0.02593361
Zfp180,0.044863625,3.112033195
Epg5,0.044858304,9.154564315
2210016L21Rik,0.04482553,17.09024896
Accs,0.044799898,3.215767635
Man2b1,0.044768035,8.609958506
Scrib,0.044672445,7.961618257
Atp6v1c1,0.044510897,14.00414938
G6pc3,0.044481264,9.336099585
Zbtb16,0.044453146,10.58091286
Tmco4,0.044385674,2.100622407
Gm28845,0.044226357,0.570539419
Slc35f5,0.044162631,7.650414938
Rimbp2,0.044075145,37.03319502
Arntl,0.044070264,11.77385892
Nova2,0.044035177,5.549792531
Psmc2,0.044003314,8.739626556
Gm5141,0.043939587,8.661825726
RP23-44H21.1,0.043907724,1.141078838
Ankrd52,0.043812134,9.958506224
Foxk2,0.04364415,15.27489627
2310016D03Rik,0.043620953,0.15560166
1700123I01Rik,0.043525363,2.411825726
Nup37,0.043461637,4.642116183
Ap1s1,0.04330232,9.180497925
Snhg20,0.043272319,33.11721992
C87436,0.043270456,4.382780083
Ddx59,0.043238593,2.437759336
Iqch,0.04320673,2.593360996
Mex3c,0.043047413,4.227178423
Mlf2,0.043033169,21.10995851
Trim32,0.043015549,9.958506224
Zfp81,0.042983686,7.780082988
Neurog2,0.042885638,0.02593361
Zbed4,0.042856232,8.091286307
Styx,0.042792506,9.206431535
Irs2,0.042728779,4.356846473
Ttc8,0.042670199,38.38174274
Zbtb10,0.042665052,2.904564315
Tpcn1,0.042601326,8.039419087
Gm26668,0.042537599,9.232365145
4930467D21Rik,0.042505735,1.556016598
Pigl,0.042410145,10.06224066
Rnpep,0.042398654,15.97510373
Taf11,0.042378282,6.19813278
Nprl2,0.042314555,6.976141079
Eif2b3,0.042264233,13.38174274
Zfp956,0.042250828,9.880705394
Cnih4,0.042218965,6.01659751
Copb2,0.042155238,6.613070539
Ski,0.042059648,10.52904564
Elovl7,0.042027785,5.420124481
9830147E19Rik,0.042022403,11.54045643
Sart1,0.041964058,6.639004149
Eif4h,0.041900536,15.43049793
Gm20045,0.041900331,5.134854772
Emc2,0.041838446,10.21784232
Zcrb1,0.041691879,14.98962656
Ubqln1,0.041679784,11.41078838
Crip3,0.041677288,1.659751037
Pms2,0.041613561,6.950207469
Ints4,0.041581698,8.609958506
Atg4a,0.041549834,4.071576763
Ppp1r8,0.041517971,5.394190871
Gm26790,0.041514175,24.06639004
Kat7,0.04143204,11.95539419
Tax1bp3,0.041422381,1.659751037
Sbspon,0.041390517,0.674273859
Coq10b,0.041326791,4.538381743
Abcd1,0.041294927,3.967842324
Ube2i,0.041199337,9.569502075
Crbn,0.041188696,10.39937759
Ik,0.041167474,12.03319502
Acbd3,0.04104002,6.25
Cmc4,0.040912567,2.385892116
Smc5,0.040911728,23.15871369
Tigd2,0.040689523,7.365145228
Fbxo36,0.040687037,15.19709544
Rbx1,0.040671924,16.59751037
Zfp568,0.04065766,3.941908714
Ptpdc1,0.040625797,5.497925311
Krr1,0.040593933,3.189834025
Slc30a7,0.04056207,8.921161826
Uox,0.040498343,0.28526971
Smurf2,0.040476681,30.44605809
Nsdhl,0.04046648,7.365145228
Fth1,0.040462428,41.00103734
Trub1,0.040434616,7.365145228
Hivep1,0.040402753,7.339211618
Gm26534,0.04037089,2.904564315
Ssna1,0.040307163,8.687759336
Erap1,0.040243436,4.253112033
Lmbrd1,0.040228988,18.77593361
Yipf2,0.040179709,4.616182573
Zbtb25,0.040147846,9.258298755
Eif4ebp2,0.039988529,7.702282158
Col6a4,0.039924802,0.596473029
Fam50a,0.039892939,6.12033195
Rtcb,0.039765486,9.387966805
Kcnj12,0.039669895,2.074688797
Eci1,0.039638032,3.734439834
Atxn3,0.039574305,11.38485477
Gtf2e1,0.039510579,5.368257261
Ece2,0.039458895,33.50622407
Wdr95,0.039446852,1.452282158
Gnaq,0.039378613,53.18983402
Hat1,0.039319398,7.417012448
Aup1,0.039209749,9.621369295
Rpap2,0.039191945,8.376556017
Lzts1,0.039160082,6.690871369
Taf1c,0.039064491,9.880705394
Mfsd8,0.039032628,4.693983402
Kdm4a,0.038841448,5.160788382
Gm44206,0.038745858,2.593360996
Pkd2,0.038707497,14.98962656
Gm26722,0.038682131,6.01659751
Gm26606,0.038618404,10.34751037
Tbck,0.038492936,24.35165975
Tmc5,0.038427224,0.466804979
Sdf4,0.038392537,14.78215768
Yap1,0.038363497,1.737551867
2810032G03Rik,0.038236044,4.927385892
Cep68,0.038182304,11.59232365
Ptpn1,0.038172317,10.1659751
Rfx3,0.038134232,37.31846473
Clrn1,0.03810859,0.778008299
Cox18,0.038044864,6.587136929
Xylt1,0.037987327,25.67427386
Zfp322a,0.037981137,9.958506224
Fiz1,0.03791741,4.019709544
Ankfy1,0.03780462,21.52489627
Pcgf1,0.037789957,2.904564315
Sec22a,0.037751002,14.41908714
Clk3,0.03772623,9.180497925
Myl6,0.037723293,30.88692946
Ppp2ca,0.03763064,11.41078838
Cygb,0.037566913,5.082987552
Abhd11,0.037471323,5.93879668
Metap2,0.037437822,18.54253112
Gba,0.037407596,2.126556017
Prl,0.037400266,0.02593361
Zfp335os,0.037375733,9.699170124
Gas2l1,0.037248279,4.123443983
Fkbp14,0.037152689,2.230290456
Gm29570,0.037088963,1.530082988
Elac2,0.037057099,3.189834025
Wbscr22,0.036993372,8.091286307
Dyrk1a,0.036980572,21.8620332
Stac3,0.036865919,3.760373444
Rbm18,0.036834056,8.065352697
Gm12905,0.036802192,8.117219917
Pih1d1,0.036674739,1.452282158
Spag17,0.036611012,3.137966805
Zbtb5,0.036579149,2.619294606
Mtmr12,0.036515422,11.33298755
Bhlhe41,0.036260515,5.471991701
Rce1,0.036228652,4.953319502
Mtx1,0.036164925,6.32780083
Armc6,0.036133061,8.739626556
Inpp5a,0.036124722,13.95228216
2010315B03Rik,0.036101198,6.09439834
Pdk1,0.035973745,7.105809129
Inpp4a,0.035949126,31.09439834
Ccdc65,0.035941881,3.371369295
Srrt,0.035910018,11.95539419
Stx4a,0.035861865,12.2406639
Svep1,0.035846291,0.855809129
Mfsd9,0.035782564,0.778008299
Zfand2b,0.035750701,6.17219917
5830454E08Rik,0.035686974,1.218879668
Zfp113,0.035655111,3.734439834
Rrm2b,0.035591384,8.506224066
Slc1a4,0.035495794,10.24377593
Ift52,0.03546742,17.16804979
Tmem165,0.035463931,9.336099585
Abcb6,0.035432067,2.982365145
Slc22a18,0.035425101,0.2593361
Pum1,0.035404624,44.29460581
Pou3f3,0.035400204,2.541493776
M1ap,0.035368341,0.518672199
Nxpe2,0.035336477,4.382780083
Tbcb,0.03527275,10.08817427
Slc19a1,0.035209024,2.230290456
Ifit1,0.03517716,0.518672199
Slc24a5,0.035171921,28.06016598
Lsm14a,0.035145297,10.73651452
Scn2b,0.035113434,9.725103734
Gm43824,0.035049707,3.112033195
Dusp22,0.035017843,10.6846473
Aph1b,0.03498598,3.241701245
3110052M02Rik,0.034954117,1.167012448
Pole,0.034922253,2.178423237
Sec24c,0.034826663,8.558091286
Col4a3,0.034731073,0.778008299
Zcchc18,0.034722222,48.98858921
Gm9801,0.034676289,20.51348548
Cic,0.034667346,7.935684647
Mvd,0.034635483,3.397302905
Klhl5,0.03460362,6.27593361
Dlgap4,0.034583462,21.00622407
Gm27016,0.034571756,0.28526971
4930430F08Rik,0.03450803,5.809128631
Tmem132cos,0.034412439,1.011410788
Taz,0.03436226,28.03423237
Serp2,0.034348713,11.35892116
1110015O18Rik,0.034253123,1.737551867
Ccdc162,0.034157533,7.391078838
Cx3cr1,0.034125669,7.157676349
Tsc2,0.034061942,7.261410788
Mrpl48,0.03401425,16.49377593
Timp4,0.033998216,5.134854772
l7Rn6,0.033902626,9.310165975
Usmg5,0.033838899,14.21161826
Ptgis,0.033743309,0.829875519
Adgrv1,0.033711445,5.783195021
Parl,0.033679582,8.143153527
Psmc5,0.033647719,11.74792531
Cpt1c,0.033637087,21.29149378
Grk6,0.033552128,7.131742739
Sin3b,0.033424675,12.29253112
Orc5,0.033317655,15.37863071
DHRSX,0.033297222,4.486514523
Pdp1,0.033233495,4.097510373
Adap1,0.03321964,14.52282158
Ppp4r2,0.033169768,10.39937759
Fermt2,0.033167609,22.09543568
Golga2,0.033074178,9.699170124
Gemin7,0.033042315,5.653526971
Adsl,0.033010451,5.497925311
Apool,0.032978588,2.723029046
Rad23a,0.032946724,8.065352697
2810049E08Rik,0.032914861,3.163900415
Gm15417,0.032851134,3.137966805
Lrrn1,0.032819271,6.742738589
Tcerg1l,0.032787408,15.58609959
Snrpa,0.032691817,7.391078838
Gm38250,0.032659954,7.131742739
Pprc1,0.032596227,6.742738589
Sec11a,0.03255537,17.40145228
Bcs1l,0.032500637,10.4253112
Gca,0.032436911,3.475103734
Rnf19a,0.032433432,12.2406639
Glmn,0.032404392,13.58921162
Arid3a,0.032373184,3.604771784
Tsn,0.03234132,13.40767635
Prrc2b,0.032294886,27.69709544
Aar2,0.032277594,4.123443983
Lrif1,0.032248299,17.47925311
Stt3a,0.03224573,12.47406639
Zfp825,0.032182004,3.060165975
Gm4409,0.03205455,1.115145228
Amotl1,0.031990823,5.860995851
Cops3,0.031982678,13.95228216
Cpa6,0.03195896,9.465767635
Dpy19l3,0.031927097,3.734439834
Mrpl10,0.031895233,4.356846473
BC003331,0.03186337,8.843360996
Prr3,0.03176778,7.157676349
Rsf1,0.031751766,36.48858921
Arv1,0.031704053,6.45746888
Cotl1,0.031608463,6.14626556
Pcnp,0.031582258,19.5280083
Osbpl5,0.0315766,5.549792531
Nif3l1,0.031512873,8.506224066
Zfp951,0.031449146,5.627593361
Phf12,0.031393902,21.73236515
Ppp6r1,0.031385419,6.06846473
Enpp2,0.031289829,14.13381743
Nr1h2,0.031194239,7.235477178
Rap2a,0.031130512,3.656639004
Aldh16a1,0.031098649,1.659751037
Zscan21,0.031034922,7.105809129
Gatad1,0.030971196,5.679460581
Dido1,0.030939332,13.22614108
Acat3,0.030907469,0.855809129
Tead4,0.030684425,0.570539419
Map3k5,0.030672075,16.96058091
Far2os2,0.030620698,1.893153527
Cirh1a,0.030588835,7.935684647
Tnnc1,0.030525108,1.218879668
Zbtb34,0.030365791,5.057053942
P4ha2,0.030333928,5.860995851
Gm17227,0.030302065,4.953319502
Dcp1b,0.030247864,12.88900415
Mier2,0.030206475,6.22406639
Phkb,0.030146114,32.0280083
Ptges,0.030142748,2.567427386
Man1b1,0.030134869,16.83091286
Nell1os,0.030079021,5.549792531
Lonrf2,0.030027778,13.74481328
Arpc3,0.029983431,8.298755187
Gm7221,0.029824114,4.149377593
Hmgcl,0.029696661,13.12240664
Prpf38b,0.029601071,9.258298755
Athl1,0.02950548,0.440871369
4931440J10Rik,0.029473617,7.987551867
Trappc6a,0.02940989,5.886929461
B430203G13Rik,0.029378027,0.700207469
Alkbh5,0.029346164,10.26970954
Cdyl,0.029282437,5.549792531
Cmip,0.029263006,47.06950207
Gpr89,0.029154983,9.024896266
Use1,0.029091257,6.639004149
Ube2a,0.029059393,8.661825726
Ccdc177,0.02902753,1.504149378
2900060B14Rik,0.028963803,4.849585062
Usp17le,0.028868213,0.05186722
4930426D05Rik,0.02883635,2.800829876
Peli1,0.028804486,14.49688797
Grem1,0.02874076,1.452282158
Copb1,0.028708896,13.35580913
Bub1b,0.02864517,1.478215768
Pin1,0.028581443,6.690871369
Syt13,0.028517716,9.310165975
Slc22a20,0.028485853,0.466804979
Nacc1,0.028453989,4.849585062
Hars,0.028358399,9.751037344
Rpl9,0.028294672,2.515560166
Clec12b,0.028257979,0.02593361
Bud31,0.028230946,4.434647303
Nfe2l1,0.028167219,8.713692946
Gpr162,0.028107043,16.33817427
Stk36,0.028039765,3.812240664
Cyp27a1,0.028007902,1.789419087
Lrrc19,0.027912312,10.26970954
Gm43248,0.027816722,0.518672199
B230219D22Rik,0.027752995,8.558091286
Dnajc2,0.027689268,6.846473029
Pex3,0.027593678,10.63278008
Psmg1,0.027561815,4.123443983
Smc4,0.027498088,1.737551867
Kri1,0.027466225,8.869294606
Gfra2,0.027338771,5.316390041
Ints8,0.027259082,15.53423237
Usp5,0.027243181,10.03630705
BC025920,0.027211318,1.919087137
Coq6,0.027179454,3.475103734
Arhgef37,0.027147591,3.163900415
Cfdp1,0.027134985,23.34024896
Klhl17,0.027115728,6.690871369
Spen,0.027083864,8.843360996
Dctn2,0.027070992,14.85995851
Mtmr11,0.027052001,3.060165975
Trap1,0.027020138,7.780082988
Gpr165,0.026988274,1.141078838
Nup88,0.026956411,7.028008299
Hgs,0.026924548,10.84024896
Gm4944,0.026892684,4.875518672
1110059E24Rik,0.026860821,9.958506224
Rnf215,0.026765231,6.690871369
Rbm15,0.026701504,2.463692946
Gm26973,0.026669641,0.20746888
Gm12976,0.026605914,0.907676349
Gm2694,0.02657405,3.552904564
Hnrnpul1,0.026510324,10.06224066
Srr,0.026456133,26.2966805
Rara,0.026414734,3.397302905
Kdelr1,0.026351007,8.272821577
Tma16,0.026319144,4.901452282
Ubl4a,0.02628728,2.904564315
Fam163b,0.026255417,3.656639004
Cd276,0.02619169,2.774896266
Tacr3,0.026127963,5.653526971
Gpr107,0.0260961,13.5373444
Uchl1,0.026091843,37.11099585
D430036J16Rik,0.026032373,1.037344398
Syp,0.026011561,33.3246888
Med10,0.02600051,3.475103734
Stoml1,0.025968646,6.09439834
Tiprl,0.025873056,10.76244813
Cdc73,0.025863602,19.34647303
Ppp1r9b,0.02580933,5.627593361
Gga3,0.025713739,9.543568465
Sarm1,0.025681876,6.01659751
Prpf31,0.025650013,6.30186722
Snapc4,0.025618149,7.546680498
Kat5,0.025554423,4.953319502
RP23-184M3.2,0.025522559,0.12966805
Zfyve16,0.025490696,10.45124481
Pkhd1l1,0.025426969,0.674273859
Slc37a4,0.025395106,3.656639004
Lmbrd2,0.025331379,11.59232365
Trappc13,0.025235789,11.12551867
6430550D23Rik,0.025203926,2.826763485
Trp53inp1,0.025076472,3.838174274
Alpl,0.025044609,0.907676349
Pak2,0.025023193,14.8340249
RP23-291B1.2,0.025012745,1.711618257
Gm26916,0.024949019,5.005186722
Oraov1,0.024917155,3.708506224
Cstad,0.02490791,0.363070539
Ramp2,0.024885292,1.556016598
Thnsl1,0.024853428,3.941908714
Iqub,0.024821565,4.071576763
Fam13c,0.024811517,16.54564315
Zfp13,0.024789702,3.215767635
Sirt2,0.024775776,17.27178423
Tmc4,0.024757838,10.24377593
Samd4b,0.024725975,12.78526971
Adgrg4,0.024694112,1.996887967
Sec62,0.024686898,39.03008299
Casp8ap2,0.024566658,5.93879668
Rnf4,0.024534795,8.921161826
Adcy10,0.024505234,13.69294606
Wash1,0.024502931,5.9906639
Dach2,0.024471068,6.950207469
Tcp11l2,0.024439205,4.408713693
Fam185a,0.024375478,5.446058091
Pank3,0.024279888,9.465767635
Herpud2,0.024248024,11.28112033
Cradd,0.024216161,8.687759336
Wbp11,0.024184298,7.650414938
Snapc5,0.024152434,3.967842324
Gm14254,0.024102394,0.02593361
Fabp3-ps1,0.024088708,2.463692946
Xaf1,0.024024981,2.100622407
Rpf2,0.023993118,3.915975104
Gadd45g,0.023961254,6.43153527
D130043K22Rik,0.023940636,24.76659751
Zscan26,0.023924213,28.73443983
Blmh,0.023866124,15.06742739
A930024E05Rik,0.023833801,1.063278008
Tmem161a,0.023801937,7.235477178
Ssx2ip,0.023770074,3.967842324
Polh,0.023738211,6.924273859
Snx14,0.023674484,11.9813278
Slc35d2,0.02364262,0.700207469
Dpagt1,0.023610757,4.356846473
Tstd2,0.02354703,5.835062241
Chchd4,0.02345144,7.391078838
Alad,0.023419577,3.734439834
Lrrc16b,0.023366696,16.88278008
Wdr91,0.02335585,3.864107884
BC046251,0.023323987,0.803941909
Exoc7,0.023292123,9.336099585
Reck,0.02326026,9.828838174
Amz2,0.023228397,11.15145228
Lgi1,0.023132807,17.53112033
Znhit6,0.023100943,7.105809129
Usp31,0.023095428,16.4159751
Itpk1,0.02306908,8.532157676
Irf3,0.023037216,12.34439834
Reln,0.023005353,8.713692946
Snx3,0.02297349,14.60062241
Dpy19l1,0.022941626,5.082987552
Frem1,0.0228779,1.530082988
Bre,0.022818849,27.51556017
Katnb1,0.022750446,3.734439834
Fam104a,0.022686719,5.835062241
Npr2,0.022622993,5.549792531
Grin2c,0.022559266,1.919087137
Stk31,0.022463676,1.167012448
Ccdc77,0.022431812,9.413900415
Gtf2e2,0.022368086,7.442946058
Tyw5,0.022336222,7.105809129
Foxn2,0.022304359,5.186721992
Pcyox1l,0.022208769,3.034232365
Dse,0.022113179,6.45746888
Nabp2,0.022081315,9.284232365
1600012H06Rik,0.022049452,1.737551867
Wtap,0.022017589,11.61825726
Zc3h6,0.021985725,16.6753112
Atp9a,0.02195729,36.35892116
Gm11368,0.021953862,0.20746888
Gad2,0.021858272,17.24585062
Gtf3c5,0.021826408,3.967842324
Kremen1,0.021794545,1.711618257
Taok1,0.021756583,37.13692946
Lrch3,0.021676301,34.46576763
Tmem86b,0.021635228,4.227178423
Dcakd,0.021603365,15.53423237
Cebpg,0.021571501,6.19813278
Ccdc191,0.021507775,14.10788382
Fbf1,0.021475911,7.391078838
Cr1l,0.021348458,11.04771784
Dhrs7,0.021316594,4.823651452
Etf1,0.021221004,9.854771784
Gga1,0.021125414,10.96991701
Zfp507,0.021093551,5.912863071
Zfp790,0.021061687,4.408713693
Pnpla2,0.021029824,1.530082988
Ubr7,0.020997961,6.976141079
Poglut1,0.020966097,11.74792531
Ghr,0.020953757,37.91493776
1700049G17Rik,0.020870507,5.160788382
Plekhm3,0.020855537,25.82987552
Ninl,0.020838644,4.434647303
Ncoa6,0.020806781,15.92323651
Eif3g,0.020774917,5.134854772
Klhdc3,0.020743054,6.690871369
Sdk1,0.020712909,38.45954357
Akt2,0.02071119,6.56120332
Cul3,0.020696016,15.43049793
Lrrc59,0.020679327,4.953319502
Plekhg2,0.020615858,0.492738589
Xpc,0.020583737,7.391078838
Actr10,0.020551874,14.67842324
Mapk11,0.020539462,12.86307054
Gm9962,0.020488147,5.057053942
Chmp1a,0.020456283,4.797717842
2310069G16Rik,0.02042442,11.95539419
Ptdss1,0.02032883,14.5746888
Prr5l,0.02023324,5.057053942
Snapc1,0.02013765,8.947095436
Gm20517,0.020105786,4.071576763
Ppm1b,0.020080298,13.45954357
Pspc1,0.020073923,14.65248963
Enthd1,0.02004206,1.011410788
Pccb,0.019978333,10.58091286
Phyh,0.01994647,9.310165975
Mettl22,0.019914606,3.915975104
Exosc7,0.019850879,9.543568465
Ap4s1,0.019819016,16.75311203
Atg2a,0.019755289,8.947095436
Cap1,0.019723426,7.909751037
Gm14325,0.019691563,2.645228216
Pald1,0.019659699,2.671161826
Aox3,0.019595972,1.167012448
Nusap1,0.019564109,4.201244813
Tbc1d9b,0.019536257,23.49585062
Fuca2,0.019532246,5.420124481
Mus81,0.019500382,4.201244813
Inha,0.019341066,9.880705394
Wdr73,0.019309202,10.58091286
Olfr920,0.019277339,0.18153527
Rad52,0.019213612,9.180497925
Mtg1,0.019118022,3.630705394
Nsmf,0.019022432,13.66701245
Snrpg,0.018990568,4.356846473
Cacna2d2,0.018965612,30.03112033
Fat2,0.018926842,0.363070539
Dgkh,0.018906551,22.06950207
Antxr2,0.018894978,1.530082988
Atl2,0.018863115,7.961618257
Pbx4,0.018831252,14.52282158
Wdr4,0.018799388,5.912863071
Zfp74,0.018767525,12.2406639
2510009E07Rik,0.018735661,9.984439834
Zbtb37,0.018671935,5.93879668
Cir1,0.018640071,7.987551867
Paqr8,0.018576345,10.55497925
Dnajc13,0.018565243,17.37551867
Itsn2,0.018545279,32.00207469
Ercc5,0.018544481,6.40560166
Ccnk,0.018512618,5.082987552
Nfrkb,0.018448891,14.3153527
Tbc1d8,0.018417028,11.30705394
Poldip3,0.018385164,8.428423237
Btbd9,0.018384714,50.54460581
Sf3b2,0.018369662,20.66908714
Papss1,0.018321438,9.284232365
Gm13490,0.018289574,0.389004149
Lypd1,0.018193984,2.074688797
Edc3,0.018130257,8.947095436
Kif3b,0.018098394,14.67842324
Ddx11,0.018002804,1.426348548
Tmem243,0.017931004,29.53838174
Prdx3,0.01787535,6.690871369
Ccdc73,0.017843487,8.428423237
Prrg3,0.017811624,2.930497925
Tmem164,0.017794873,21.03215768
Vgf,0.017747897,11.28112033
Mtmr4,0.017716034,5.96473029
Apeh,0.01768417,4.564315353
Nxf1,0.017677407,20.72095436
Snhg6,0.017652307,2.100622407
Plek,0.017620444,4.668049793
Tmem216,0.01758858,10.58091286
Ythdf1,0.017429263,6.43153527
H2afy,0.0173974,13.74481328
Ampd2,0.017365537,13.07053942
Fads1,0.017269946,8.584024896
Ppm1a,0.017142493,14.93775934
Dcps,0.017078766,7.857883817
Rap2c,0.017046903,2.437759336
Sh3d19,0.017021353,19.2686722
Mrps15,0.01701504,9.465767635
Mtf1,0.016855723,8.402489627
Ctr9,0.016823859,11.43672199
Dclk1,0.016819204,69.42427386
Prox1os,0.016791996,0.389004149
Trpv6,0.016728269,0.15560166
Slc7a8,0.016664542,8.739626556
Sepn1,0.016600816,4.227178423
Sp2,0.016568952,3.345435685
Ace,0.016537089,2.359958506
Rala,0.016523429,19.63174274
Cmas,0.016505226,8.532157676
S100b,0.016409635,15.40456432
Eda2r,0.016377772,0.752074689
Orai2,0.016345909,7.494813278
Ubfd1,0.016314045,4.642116183
Zranb3,0.016250319,5.497925311
BC004004,0.016218455,10.4253112
Gm36975,0.016122865,14.67842324
Zfp93,0.016091002,2.437759336
Polr3e,0.016059138,9.854771784
Stk19,0.015995412,11.61825726
Aimp1,0.015963548,7.676348548
2700033N17Rik,0.015931685,0.622406639
Adck5,0.015867958,9.128630705
Dnmbp,0.015836095,8.609958506
Nme8,0.015804231,0.389004149
Pym1,0.015772368,4.408713693
Ppp1r21,0.015708641,9.336099585
Polr1d,0.015676778,5.705394191
Actn2,0.015644915,4.356846473
Pmepa1,0.015613051,8.117219917
9330198N18Rik,0.015581188,4.823651452
Ppp6r3,0.015574823,29.53838174
Miip,0.015549324,6.742738589
Slc7a15,0.015517461,1.167012448
Copz1,0.015421871,14.67842324
Nynrin,0.015390008,5.809128631
Gm37768,0.015326281,3.812240664
Psmd13,0.015294418,12.57780083
Tshz3,0.015253693,30.13485477
2500002B13Rik,0.015198827,0.596473029
1520401A03Rik,0.015166964,0.570539419
Trim23,0.015135101,11.12551867
Rasd2,0.015071374,0.389004149
Mettl25,0.015039511,11.17738589
Slc25a51,0.015030905,12.65560166
Rexo2,0.015007647,7.494813278
Hmbox1,0.014977237,26.73755187
Cnbp,0.014975784,12.62966805
Casc3,0.01494392,16.28630705
Ptp4a1,0.014912057,3.241701245
Smndc1,0.01484833,4.175311203
Gm10848,0.01465715,3.812240664
Mau2,0.014593423,17.86825726
Pvrl1,0.01456156,5.679460581
Fis1,0.014529697,9.284232365
1700024B05Rik,0.014497833,10.99585062
Arhgef10,0.01437038,3.864107884
Gpaa1,0.014306653,7.365145228
Ncoa5,0.014266972,20.8246888
Fam134c,0.014242926,13.97821577
Rfc1,0.014211063,8.713692946
D2Wsu81e,0.0141792,9.958506224
Gm16751,0.014147336,0.15560166
Surf2,0.014083609,5.212655602
Cnep1r1,0.014019883,11.95539419
Gm29325,0.013988019,1.659751037
Gramd4,0.013956156,10.63278008
Fkbp8,0.013939273,16.80497925
Tmem64,0.013892429,3.552904564
Nlrx1,0.013860566,1.270746888
Dusp27,0.013828703,0.440871369
Tmeff2,0.013808606,68.95746888
Sec22b,0.013796839,5.653526971
Dlgap3,0.013764976,14.21161826
Gm26944,0.013669386,5.342323651
Atl1,0.013643375,23.23651452
Rpusd1,0.013637522,4.668049793
Mettl24,0.013573796,2.956431535
Rrp9,0.013541932,3.526970954
Egln2,0.013510069,6.09439834
9330111N05Rik,0.013446342,4.512448133
Htra2,0.013414479,10.71058091
Cntfr,0.013382615,11.25518672
Parp16,0.013350752,5.575726141
Meis3,0.013318889,11.9813278
Fntb,0.013287025,13.87448133
Cdk2ap2,0.013255162,3.915975104
Hsd11b2,0.013131649,0.05186722
Malt1,0.013127708,7.806016598
Synrg,0.013094402,20.09854772
Tnfrsf11b,0.013032118,0.700207469
Fam162a,0.013000255,8.091286307
Synpo,0.012968392,1.504149378
Ap1m1,0.012936528,13.38174274
Thap1,0.012904665,1.348547718
Bnip3l,0.012809075,9.673236515
Thrap3,0.012713485,16.96058091
Fam189a2,0.012681621,3.449170124
Ghdc,0.012649758,2.982365145
Smad4,0.012617894,9.932572614
Prrg2,0.012522304,1.296680498
Clta,0.012490441,16.54564315
Zdhhc5,0.012458578,4.408713693
Svil,0.012426714,9.621369295
Alg14,0.012394851,4.382780083
Son,0.012323378,55.65352697
Cog7,0.012299261,8.973029046
Hcfc2,0.012267397,4.486514523
Vps26a,0.012235534,5.420124481
Gm28494,0.012203671,7.961618257
Taf13,0.012171807,7.624481328
Zfp382,0.012139944,1.711618257
Nadk2,0.012108081,4.875518672
Tvp23a,0.012076217,8.765560166
Sap30bp,0.012044354,8.143153527
Pum2,0.012018077,19.89107884
Nub1,0.011980627,16.62344398
Snap47,0.011961708,20.07261411
Cep170b,0.011948764,7.987551867
Gm26704,0.0119169,5.653526971
Pdcl3,0.011885037,3.967842324
Epn1,0.011853174,10.86618257
Cnot8,0.01182131,9.362033195
P3h1,0.011789447,4.071576763
Emb,0.011757583,12.62966805
Phf8,0.011671192,18.36099585
Ovol2,0.011661993,0.414937759
Asf1b,0.01163013,1.504149378
Gm14525,0.011502677,0.414937759
Gpr180,0.011470813,4.538381743
Phc2,0.011319846,35.65871369
Rnf10,0.011311496,12.11099585
Mxd4,0.011279633,8.298755187
Ccndbp1,0.01124777,4.019709544
Sp3,0.011215906,11.02178423
Qars,0.011024726,3.708506224
Epha8,0.010992863,1.322614108
Spryd3,0.010960999,9.932572614
Ly6e,0.010929136,7.780082988
Errfi1,0.010833546,3.319502075
Snx31,0.010769819,0.440871369
P3h3,0.010737956,12.91493776
Gbe1,0.010674229,7.079875519
Gc,0.010610502,0.933609959
Rbm39,0.010557161,72.79564315
Rnf44,0.010514912,3.993775934
Snrnp27,0.010483049,9.491701245
Manbal,0.010451185,11.77385892
Hsf1,0.010419322,12.42219917
Spaca6,0.010387459,8.739626556
Pot1a,0.010355595,8.921161826
Slc28a1,0.010323732,0.363070539
Ankrd26,0.010291868,12.00726141
1110004F10Rik,0.010260005,12.18879668
Loxl1,0.010228142,2.748962656
Rab5c,0.010196278,7.468879668
Slfn5os,0.010164415,0.363070539
Ccdc84,0.010068825,8.532157676
Asb6,0.009973235,3.319502075
Tro,0.009909508,17.94605809
Clip2,0.009877645,12.81120332
Ralgds,0.009845781,8.584024896
Acsl3,0.009813918,10.06224066
Sdcbp,0.009782055,7.053941909
Tmem57,0.009754335,30.16078838
Nicn1,0.009750191,5.96473029
Tmem91,0.009718328,21.57676349
Sgms2,0.009686464,6.48340249
Gm14412,0.009654601,0.518672199
Dnajc10,0.009590874,17.79045643
Crk,0.009559011,16.31224066
Mllt6,0.009495284,13.17427386
Fam71e1,0.009367831,3.890041494
Fibin,0.009335967,0.622406639
Capn5,0.009304104,4.668049793
Tmem260,0.009240377,17.55705394
1110032A03Rik,0.009176651,11.92946058
Zc3h12c,0.009144787,13.97821577
Susd2,0.009112924,4.901452282
Fam109a,0.009049197,2.126556017
Ttc21a,0.009017334,1.089211618
Tor3a,0.00898547,1.737551867
Actn4,0.008953607,13.45954357
9530027J09Rik,0.008921744,0.881742739
Casp2,0.008858017,2.904564315
Abce1,0.008826153,7.650414938
Ttc28,0.008790944,35.65871369
Timm22,0.008762427,7.053941909
Lrrn3,0.0086987,5.523858921
Fam227a,0.008666837,9.491701245
Abhd5,0.008634973,1.737551867
Gm26945,0.00860311,1.711618257
Tsg101,0.008571246,14.65248963
Pgap2,0.008539383,12.70746888
Tmem5,0.00850752,9.232365145
Ccnb1,0.008443793,0.20746888
Sugt1,0.00841193,11.04771784
Tmem183a,0.008380066,5.912863071
Vps4b,0.008348203,7.209543568
Tet2,0.00831634,19.45020747
Jak2,0.008284476,13.82261411
Tmem106a,0.008252613,2.723029046
Ghrl,0.008188886,0.10373444
Kdelr2,0.008125159,5.96473029
B3gat3,0.008093296,9.413900415
Sgsm2,0.008068401,29.59024896
Mtss1l,0.007997706,8.246887967
Zdhhc8,0.007933979,10.58091286
Prdx2,0.007902116,16.44190871
1110019D14Rik,0.007870252,8.817427386
Tmed5,0.007838389,9.543568465
Ppp1r35,0.007806526,3.734439834
Abcf3,0.007774662,7.105809129
Tfe3,0.007742799,6.17219917
Crkl,0.007710936,5.523858921
Gm1305,0.007679072,0.752074689
Actn1,0.007647209,12.5
Nudt17,0.007615345,2.411825726
Sumf1,0.007583482,14.49688797
Coro2a,0.007551619,10.26970954
Necap2,0.007519755,4.123443983
Mib2,0.007487892,15.6379668
Kmt2a,0.007466281,36.12551867
Ddx31,0.007456029,6.664937759
Gyg,0.007424165,5.031120332
Vps52,0.007392302,3.215767635
Nop14,0.007296712,4.668049793
Loxl2,0.007264848,4.045643154
Entpd6,0.007232985,9.621369295
Atg10,0.007169258,20.90248963
Relb,0.007137395,1.478215768
Coro1c,0.007102247,16.77904564
Cept1,0.007073668,15.37863071
AI115009,0.007041805,0.28526971
Dlgap1,0.007024727,91.62344398
Gm973,0.006914351,3.112033195
Ccdc127,0.006850625,4.149377593
Ttpal,0.006818761,4.382780083
Ccdc28b,0.006755034,7.883817427
L3mbtl3,0.006691308,14.5746888
Unc5cl,0.006627581,1.426348548
March6,0.006597232,26.01141079
Gm28401,0.006595718,0.18153527
Prkrip1,0.006563854,4.434647303
1700023F02Rik,0.006531991,0.674273859
Pias4,0.006468264,11.69605809
Sh3gl3,0.006436401,9.232365145
Plekha3,0.006404537,5.549792531
Hrh3,0.006340811,1.504149378
Slc29a3,0.006308947,1.581950207
Rgs8,0.00624522,2.567427386
Rhbdd1,0.006213357,13.12240664
Ctnnbip1,0.006181494,10.52904564
Bmyc,0.006117767,11.25518672
Sbds,0.006085904,14.15975104
Rmnd5b,0.00605404,4.668049793
1810013L24Rik,0.005990314,7.079875519
Abca4,0.00595845,1.374481328
Sync,0.00586286,5.523858921
Igsf3,0.005830997,13.61514523
Commd10,0.005799133,12.16286307
Snx11,0.00576727,4.045643154
Sept11,0.005735407,14.80809129
Gad1,0.005703543,7.650414938
Plekhg3,0.00567168,2.437759336
Nacad,0.005639816,4.849585062
Cnot6,0.005607953,17.84232365
Gm29415,0.00557609,0.933609959
Hdac10,0.005544226,3.630705394
Psen2,0.005512363,6.48340249
Zfand2a,0.005416773,5.264522822
Sumf2,0.00538491,8.143153527
Esyt2,0.005378934,28.55290456
Rnf11,0.005321183,15.3526971
Ppox,0.005289319,7.883817427
Ccni,0.005257456,15.24896266
2810474O19Rik,0.005225593,10.24377593
Gsta2,0.005193729,0.855809129
Gm26624,0.005161866,10.76244813
Pacs2,0.005098139,15.94917012
1700030K09Rik,0.005066276,14.75622407
Slco6d1,0.005002549,0.778008299
C77370,0.004949597,24.2219917
Prox1,0.004906959,1.400414938
Spats2l,0.004843232,18.10165975
Rad23b,0.004811369,14.96369295
Tbc1d17,0.004779505,10.03630705
Wdr36,0.004747642,5.005186722
Hps4,0.004715779,10.71058091
Slc25a39,0.004652052,3.060165975
Sag,0.004620189,2.048755187
Jazf1,0.004576108,38.66701245
Tonsl,0.004556462,15.8973029
Egfr,0.004524599,0.881742739
Cep104,0.004492735,7.754149378
B4galt1,0.004460872,4.901452282
Jam2,0.004397145,1.192946058
Tox4,0.004365282,13.32987552
Sidt1,0.004333418,19.73547718
Tap2,0.004301555,4.745850622
Asah1,0.004269692,16.02697095
Ddx19a,0.004237828,2.852697095
Memo1,0.004205965,20.40975104
Sema3d,0.004174101,7.961618257
Dzip3,0.004134554,36.2033195
Tmem65,0.004110375,9.387966805
Rragd,0.004078511,5.809128631
Rhpn2,0.004046648,1.218879668
Plgrkt,0.004014785,7.831950207
Rab2a,0.003951058,22.95124481
Rnh1,0.003919194,6.768672199
Eif3b,0.003887331,4.771784232
Dtx2,0.003855468,3.086099585
Stau1,0.003823604,12.21473029
Ccdc107,0.003791741,13.20020747
Tcf7,0.003759878,0.518672199
Nup160,0.003728014,10.89211618
Srp72,0.003696151,9.647302905
Pnkp,0.003664288,10.78838174
Calm3,0.003568697,15.94917012
Ptprq,0.003536834,7.935684647
Megf8,0.003504971,13.61514523
Kmt2c,0.003492293,42.47925311
4930532G15Rik,0.003473107,5.886929461
Ppfia4,0.003441244,14.10788382
Nat10,0.003377517,6.613070539
Ebna1bp2,0.003345654,6.09439834
Map2k6,0.003281927,20.66908714
Tmco1,0.003250064,13.97821577
P4htm,0.003186337,20.12448133
Ddx60,0.003154474,0.803941909
4921534H16Rik,0.003090747,8.843360996
Cnrip1,0.003010597,25.64834025
Far1os,0.002995157,4.019709544
Ebf4,0.002963293,9.284232365
Oaz2,0.00293143,19.55394191
Os9,0.002899567,13.90041494
Rbbp6,0.002867703,21.10995851
Csk,0.00283584,5.031120332
Rps2,0.002803977,3.708506224
Aste1,0.002772113,6.53526971
Eif3a,0.002676523,12.60373444
Gm4221,0.002580933,4.434647303
Pknox1,0.00254907,10.78838174
Fcf1,0.002517206,10.81431535
St7l,0.002485343,16.59751037
Gucy2f,0.002453479,0.337136929
1700013F07Rik,0.002389753,8.350622407
Mtmr6,0.002357889,10.86618257
Zfp846,0.002326026,17.9719917
Nup43,0.002294163,5.212655602
Ube2l3,0.002262299,19.08713693
Ubxn2b,0.002198573,7.935684647
Plk2,0.002166709,3.734439834
Gmfb,0.002134846,7.572614108
Stub1,0.002102982,17.40145228
Dhrs13,0.002039256,3.526970954
Fkbp2,0.002007392,22.82157676
Dalrd3,0.001975529,17.89419087
Snx2,0.001911802,11.67012448
Sec16a,0.001879939,12.42219917
Dhrs1,0.001848075,4.564315353
Hdac6,0.001816212,8.973029046
Bcr,0.001784349,17.86825726
Kdm4b,0.001752485,12.2406639
Sppl3,0.001726076,27.30809129
Zfp438,0.001720622,7.754149378
6330418K02Rik,0.001688759,0.985477178
Cript,0.001656895,6.45746888
Fsd1l,0.001625032,15.24896266
Magt1,0.001593168,8.428423237
Rpain,0.001561305,4.460580913
Gpx4,0.001529442,17.60892116
Fam186a,0.001497578,1.763485477
Immp1l,0.001465715,21.03215768
Pold3,0.001401988,6.01659751
Akt1s1,0.001338262,3.993775934
Ddb1,0.001306398,8.687759336
Garnl3,0.00124438,54.04564315
Ephx2,0.001210808,1.970954357
Jmjd6,0.001178945,7.676348548
Anapc15,0.001147081,2.982365145
Gm26763,0.001115218,8.324688797
Mybbp1a,0.001083355,3.578838174
Scube2,0.001051491,0.907676349
Pwwp2a,0.001019628,13.7966805
Phf7,0.000987764,3.319502075
Prr14,0.000955901,20.8246888
Pik3r1,0.000924038,16.64937759
Tmem217,0.000892174,0.31120332
Bloc1s5,0.000860311,2.359958506
Txnl1,0.000828448,7.313278008
AI606181,0.000796584,0.700207469
Ist1,0.000732858,11.69605809
Dicer1,0.000669131,15.71576763
Nudt16,0.000637267,1.996887967
Ilkap,0.000605404,8.143153527
Tmem154,0.000573541,0.12966805
Pik3c2g,0.000541677,0.492738589
Carf,0.000509814,12.81120332
Gm4779,0.000477951,0.570539419
Zfp523,0.000414224,13.22614108
Snd1,0.00038236,25.67427386
Ssu72,0.000318634,10.11410788
D3Ertd751e,0.00028677,23.4439834
Ankra2,0.000159317,6.48340249
C530008M17Rik,0.000120424,45.20228216
Wdr77,9.55901E-05,4.045643154
Slc25a53,6.37267E-05,5.082987552
Dennd5a,3.18634E-05,19.45020747