gene,cellex_score,expr_proportion
Sh2d1b1,0.99440617,0.894854586
Gm27239,0.991754726,6.040268456
Platr19,0.991503249,1.565995526
Phox2a,0.989006105,4.250559284
Slc25a48,0.988666752,6.935123043
C030034L19Rik,0.987490809,16.10738255
Grpr,0.987436812,11.40939597
Rnf183,0.985647823,1.118568233
Smlr1,0.983671217,1.342281879
Gm31373,0.981496582,0.894854586
Mlph,0.97717428,2.684563758
Klk1b27,0.976302583,0.67114094
Ifi44l,0.975876377,0.67114094
Bpifa3,0.975332774,0.223713647
Gm14340,0.973551375,0.447427293
Dnase2b,0.972432394,0.894854586
Hottip,0.972042551,0.223713647
Gm26717,0.971665579,0.223713647
Gm17540,0.971438464,0.447427293
Hist2h2aa2,0.971287398,0.223713647
Atp6v1e2,0.970221749,0.223713647
Fam46d,0.969048432,10.06711409
BC028471,0.968616023,2.460850112
Fbp2,0.96853633,2.237136465
Gm19434,0.966652583,0.447427293
Gm2030,0.965855756,0.223713647
Gm11493,0.965192504,0.223713647
RP23-21B1.5,0.962807659,0.894854586
RP24-444C13.27,0.962775508,0.223713647
Gm14206,0.96247054,0.447427293
Cpa4,0.962261018,2.684563758
4930579O11Rik,0.960425629,0.223713647
Th,0.960238356,34.00447427
Prlh,0.958512663,59.50782998
Lrrc36,0.956499772,26.62192394
Agtr1a,0.956003694,29.75391499
Sall3,0.955785222,16.77852349
Stc1,0.955319098,4.474272931
Pla2g2d,0.954914525,1.565995526
Slc18a2,0.954423887,46.75615213
Olfr279,0.954312402,0.223713647
Nox3,0.95210849,2.013422819
Rnf138rt1,0.950512649,3.355704698
Gpat2,0.946345733,0.894854586
Pmfbp1,0.945201168,27.96420582
Gm805,0.944666694,9.172259508
Mc4r,0.941776954,4.474272931
Pde11a,0.939587864,39.14988814
1700120C18Rik,0.939548561,0.223713647
Peg10,0.937768408,18.34451902
Gabre,0.936478537,5.81655481
Rrad,0.936138447,2.908277405
Tph2,0.935547595,3.803131991
Nr4a3,0.934112132,3.355704698
Pik3c2g,0.933343391,3.131991051
Gm20649,0.931908428,13.87024609
Sec16b,0.931735425,8.724832215
Gm13912,0.931246722,37.80760626
Coch,0.93118796,6.487695749
Sh2d6,0.931130038,8.277404922
1110002J07Rik,0.93047639,1.342281879
Rdh19,0.929230249,0.223713647
Tmc3,0.929108263,3.579418345
Ctla2a,0.928217817,4.921700224
Nlrp2,0.927092357,1.342281879
Scimp,0.924886196,1.789709172
Cfap52,0.922691125,6.040268456
Elk3,0.920558757,18.12080537
Slc6a4,0.920517758,1.565995526
AI839979,0.918365885,1.118568233
2810471M01Rik,0.918074971,0.894854586
Btc,0.914995869,3.131991051
RP23-332G12.1,0.911949829,4.697986577
Gch1,0.91176908,15.8836689
Calcr,0.90991759,46.08501119
Glipr2,0.909877347,6.487695749
Abcb1b,0.907590189,23.71364653
4930470P17Rik,0.907227098,0.447427293
1700012B09Rik,0.906690151,4.474272931
D930028M14Rik,0.906559863,3.803131991
Mamdc2,0.906298468,5.81655481
Gapt,0.906059163,0.447427293
Hsd11b1,0.904956413,6.487695749
Slc6a2,0.904594327,14.09395973
Gm16001,0.904357624,0.67114094
Gsap,0.90390538,32.66219239
Smoc1,0.903514467,28.8590604
Dbh,0.902176348,25.27964206
RP23-407J24.3,0.899281738,0.447427293
Gm5106,0.899201775,9.172259508
Ndufa4l2,0.898747699,2.908277405
Cped1,0.896444742,17.44966443
Pparg,0.895919107,23.48993289
Bdnf,0.893827276,40.04474273
Got1l1,0.893545132,2.460850112
Ptger4,0.889799948,8.053691275
Tm4sf1,0.886850812,13.87024609
Uox,0.88520832,1.565995526
Tnfrsf11b,0.884994469,4.474272931
Onecut1,0.884837794,0.67114094
Gm16036,0.88247549,4.474272931
Rasl11a,0.881783793,1.789709172
Thegl,0.881300195,2.013422819
Gm42951,0.879731559,2.013422819
RP23-2D23.2,0.876415958,5.592841163
Gm14280,0.874344666,4.474272931
St3gal6,0.873551919,23.93736018
Frmd7,0.872841649,3.131991051
6530403H02Rik,0.871870114,25.05592841
Hist1h3a,0.869482566,0.223713647
9330185C12Rik,0.868312247,26.84563758
AI429214,0.867350356,0.67114094
Dntt,0.866948168,1.342281879
Ptgs1,0.866249505,3.355704698
Hr,0.865892423,4.474272931
Meig1,0.865342557,4.474272931
Stxbp6,0.865092296,66.21923937
Slc1a7,0.864931923,3.131991051
Pkp2,0.860375654,16.55480984
Col24a1,0.858258682,8.053691275
Snhg7os,0.856953478,0.894854586
Il1f6,0.856812656,0.223713647
Zbbx,0.855370219,23.04250559
Gm14002,0.8553208,1.342281879
F2rl2,0.854272743,1.565995526
Deptor,0.853043928,39.14988814
Gm44079,0.852536127,0.894854586
Samd11,0.851318997,4.921700224
Ammecr1,0.850519628,68.00894855
Cfap45,0.846923579,6.487695749
Enpp1,0.846744001,10.51454139
2010005H15Rik,0.846343657,3.579418345
Gm28182,0.844291278,0.447427293
Rgs14,0.840275675,1.342281879
Tubb6,0.839745634,1.118568233
Pgr15l,0.839528137,4.026845638
Ankrd34c,0.83933404,1.789709172
Btg3,0.839113047,2.908277405
Eya1,0.838974298,18.79194631
Col18a1,0.838955588,19.01565996
Mapkapk3,0.83868157,4.697986577
Shmt2,0.835635602,10.51454139
Hsd17b2,0.835189453,6.935123043
Clec12a,0.830530455,0.223713647
Ngb,0.830011086,9.172259508
Bet1,0.830010403,11.63310962
Kctd19,0.829728064,1.342281879
Wwtr1,0.828921568,6.935123043
Epb41l2,0.828677035,27.51677852
4930512B01Rik,0.825620666,4.921700224
Gm13490,0.825489472,1.565995526
Dab2,0.825334545,6.487695749
Fos,0.824392494,2.684563758
Rhox1,0.821156886,0.223713647
Rorb,0.819162572,14.54138702
Gm12500,0.819141857,0.894854586
Opn3,0.819065514,3.803131991
Alk,0.818520317,84.1163311
Gm16064,0.81821572,0.67114094
Scara5,0.817896499,3.355704698
Ptpro,0.817684606,47.20357942
Sdk1,0.815356163,85.01118568
Cd44,0.815211652,6.263982103
Klf5,0.814601142,4.474272931
Arl14epl,0.814566733,0.223713647
Gm26719,0.814540232,2.908277405
Efhb,0.81117531,10.73825503
Ptger3,0.810341708,4.697986577
Col22a1,0.809493686,3.579418345
Myl4,0.80883865,2.684563758
Gm11587,0.80861506,0.67114094
Abcb1a,0.805912039,3.579418345
Mtfr2,0.801153394,3.355704698
Sag,0.799378667,5.81655481
4930412O13Rik,0.797538874,0.223713647
Fam167a,0.795918734,4.697986577
H2-Q2,0.795486558,4.026845638
RP23-366O14.4,0.795210511,2.684563758
AI115009,0.794676601,0.894854586
Etv4,0.794414231,7.382550336
Nfkbiz,0.794178769,7.606263982
Asl,0.793095218,21.92393736
Gm16751,0.793076539,0.67114094
Gnb4,0.79248617,24.16107383
Dnah5,0.791500239,7.606263982
Gclc,0.785102204,32.2147651
Gm15473,0.783861561,1.118568233
Cnga3,0.77986079,4.474272931
Synm,0.779601431,3.579418345
Kl,0.777817018,3.579418345
E230001N04Rik,0.777764479,5.14541387
Slc7a3,0.77768431,10.06711409
4833427G06Rik,0.777023195,2.460850112
Chrnb3,0.776697878,0.67114094
Ccdc189,0.775540142,3.579418345
Onecut3,0.775082605,3.355704698
Fbp1,0.77419868,3.803131991
Tctex1d1,0.772957943,3.803131991
Anxa11,0.772699626,6.487695749
Mnx1,0.771460556,0.447427293
Galnt18,0.770980723,59.95525727
Rspo1,0.768861042,4.921700224
Cacng3,0.766525418,32.43847875
Gm16175,0.764070227,1.342281879
Dnaic1,0.763539893,10.06711409
Tm4sf4,0.762892779,4.474272931
Ptk2b,0.762253205,2.013422819
Gm43598,0.762008962,6.711409396
Plagl1,0.758486128,4.250559284
Pdzd3,0.75789702,0.894854586
Dgkg,0.757696503,52.34899329
Acsl1,0.757474683,47.20357942
C630028M04Rik,0.757147379,4.250559284
Tmem144,0.756035054,2.460850112
Ngf,0.755312194,1.789709172
Fhl2,0.755240784,6.711409396
Ap1s2,0.753994698,21.47651007
Tmem28,0.752131379,3.803131991
Gm13264,0.749380739,1.118568233
Tmem164,0.748476758,59.28411633
Gzmk,0.748415128,16.55480984
Lrrfip1,0.747570683,60.40268456
Cmtm8,0.74583366,3.131991051
Zdbf2,0.744641744,34.22818792
4932438H23Rik,0.744177403,2.013422819
Gm26580,0.742589127,0.447427293
Dhx34,0.739051875,3.579418345
Col12a1,0.736761067,17.89709172
Gm16008,0.733274081,5.369127517
Esr1,0.733212668,36.46532438
Gm26629,0.731641667,2.460850112
Gm37640,0.729899377,3.355704698
Mocs2,0.729723582,18.12080537
Galr1,0.729691977,5.81655481
Ttc21a,0.729186184,2.684563758
Eme2,0.727138669,6.487695749
Fam46a,0.726712382,5.14541387
Isg20,0.725455134,0.447427293
Gm26973,0.724570947,0.894854586
Ccdc13,0.72361883,4.250559284
Cdkn1a,0.721543992,3.131991051
Ceacam10,0.721172468,0.447427293
Cyb561,0.720674926,19.01565996
Fam198b,0.72022825,0.894854586
Gm43716,0.719421214,0.447427293
Agbl1,0.719144271,20.35794183
Prss2,0.719087305,0.223713647
Shf,0.71732837,7.382550336
Gm12434,0.715609637,0.223713647
Pus7l,0.714616598,1.342281879
Gm43782,0.713590562,0.223713647
Klkb1,0.713333104,4.474272931
1700016G22Rik,0.712450268,0.223713647
Dydc2,0.712448711,5.81655481
Gm16796,0.710857198,1.565995526
Rasgrf2,0.710019081,54.8098434
Tpd52l1,0.709987936,24.38478747
RP23-370I17.4,0.709959218,0.223713647
Gm21286,0.709254332,0.223713647
4933427D06Rik,0.709253354,4.026845638
Dap,0.709146111,6.263982103
Tes,0.708395964,8.948545861
Ttc39aos1,0.707603406,5.81655481
Tmem176a,0.707219941,4.026845638
Cd40,0.707140004,4.026845638
Gm14685,0.706921134,0.223713647
Gm44447,0.706921134,0.223713647
Rnf149,0.706700029,19.91051454
Ap1s3,0.706127262,10.96196868
Cfap161,0.705503921,4.026845638
Ltv1,0.704726647,4.921700224
Nfya,0.70351223,3.579418345
N4bp2l1,0.703341058,54.8098434
Cngb1,0.702840499,13.64653244
Ecm1,0.701325047,3.803131991
Rsph1,0.700185976,7.158836689
Itga8,0.696889344,11.85682327
Gm28644,0.696531183,0.223713647
D330045A20Rik,0.696165413,1.789709172
Thnsl2,0.695657344,3.131991051
Dkk3,0.695102793,19.46308725
Gm10505,0.695078895,0.223713647
2810459M11Rik,0.691572554,10.73825503
Gm14264,0.691507559,3.131991051
Il18bp,0.690125903,3.803131991
Pamr1,0.688584421,6.263982103
Taf9b,0.688181124,6.487695749
Gm28905,0.687600837,72.93064877
Parvaos,0.685995047,1.789709172
Tekt2,0.685612566,7.158836689
Dnah10,0.684417401,4.474272931
Slc39a11,0.68383636,21.25279642
Polr3d,0.683584307,8.053691275
Gm29282,0.682747327,0.894854586
Gm5860,0.682425893,0.894854586
Pi16,0.682366973,12.30425056
4930539E08Rik,0.681823933,2.013422819
Lncenc1,0.680809036,31.09619687
Cadps2,0.680254556,65.10067114
Zswim4,0.67900502,4.697986577
Gpr101,0.678716792,9.172259508
Gm21969,0.678293275,1.342281879
Dennd2d,0.678132684,3.355704698
Crhbp,0.677915117,1.565995526
Aadacl3,0.676552281,0.223713647
Plekhg4,0.676237014,3.803131991
Prkca,0.675093217,77.85234899
Arhgap24,0.674941365,61.96868009
Lmntd1,0.674353588,4.250559284
Rftn1,0.673628259,36.24161074
1700042O10Rik,0.67316844,36.46532438
Htr1d,0.672519143,0.894854586
Islr2,0.672047229,0.223713647
Tmem100,0.671742844,5.369127517
Zim1,0.671277968,20.80536913
Nudt6,0.670741105,3.131991051
Eya2,0.669719999,12.30425056
Ctbs,0.668873634,6.040268456
B230312C02Rik,0.667904352,18.56823266
Gm12082,0.66676455,7.829977629
Gm10371,0.666758494,8.724832215
Wdr66,0.666458271,18.79194631
Gper1,0.666328937,0.894854586
Tmem200a,0.665516516,18.34451902
Sept6,0.665412785,34.00447427
Galnt14,0.66508781,49.66442953
Gm21954,0.664120041,5.14541387
Ctdp1,0.663311247,7.606263982
Kcnj2,0.662654984,1.789709172
Sorcs1,0.661926225,94.63087248
Acvr1c,0.660983391,4.474272931
Maoa,0.658599933,27.74049217
Per1,0.6585074,10.51454139
Nek10,0.657800351,16.3310962
Gm2447,0.656746889,2.237136465
Gm12320,0.656394518,2.013422819
Cldn16,0.656166928,0.223713647
Fhad1,0.655312128,13.42281879
Parvb,0.654853032,21.92393736
Esm1,0.65343749,5.592841163
Insm1,0.652811323,2.237136465
Spag16,0.651553594,27.96420582
Lrrc6,0.650462223,11.63310962
Rbm47,0.649585061,1.789709172
Ttc39b,0.649360142,24.83221477
Hnf1b,0.648960622,3.131991051
Ephx1,0.647449228,3.355704698
BC030500,0.647363685,3.131991051
Klrg2,0.646467974,0.447427293
Whrn,0.645241844,17.44966443
Fam163b,0.644987778,8.948545861
Fndc3a,0.644110603,70.91722595
Ptchd2,0.64377499,14.31767338
Filip1,0.641996017,13.87024609
Myo1e,0.641938028,5.592841163
Qtrtd1,0.641684953,8.724832215
Rwdd3,0.640791033,9.843400447
4930455G09Rik,0.639950775,1.565995526
Lrriq1,0.63992391,17.44966443
Glp1r,0.639874528,4.474272931
Tfap2b,0.639061574,35.5704698
Sdr42e1,0.63886587,4.697986577
Fgf13,0.638043285,74.049217
B230112J18Rik,0.637923493,1.565995526
Gm42487,0.637707049,0.894854586
Slc13a1,0.637448456,1.565995526
Eif2ak4,0.637259707,36.01789709
B3gat2,0.636602677,11.63310962
Cdyl,0.63596164,12.52796421
Grin2a,0.635712558,75.61521253
Cfap206,0.635561511,9.172259508
Ccdc108,0.635294648,6.711409396
Nos1ap,0.634761853,32.66219239
Gpr176,0.634750562,50.78299776
Ddc,0.634379184,44.96644295
Ribc2,0.633827189,0.894854586
Gm13523,0.633675687,0.447427293
Ankrd33b,0.633578115,4.026845638
Gdpd2,0.63356459,5.592841163
Spred3,0.633226699,17.44966443
Shroom1,0.631788222,3.355704698
Fam150b,0.630337058,3.579418345
Lrrc73,0.630051744,8.501118568
Lzts1,0.629455827,16.3310962
Rph3al,0.62941194,20.80536913
Spata1,0.629227184,19.46308725
Rgs4,0.628954446,10.06711409
Mast4,0.628656104,90.3803132
Pirt,0.628116498,7.829977629
Adcy2,0.628025518,73.15436242
Ube2l6,0.627562309,2.684563758
Arhgap36,0.627474061,6.040268456
Snhg6,0.627203365,4.474272931
Mnd1,0.625203857,1.789709172
Gm10687,0.624978248,2.237136465
Prdm5,0.624336423,15.8836689
Cfap70,0.621898569,7.829977629
Sgms2,0.619846957,14.54138702
Sned1,0.619699916,12.30425056
Nr3c1,0.619678909,25.5033557
Slc12a1,0.619519184,6.935123043
Stk33,0.619309521,13.64653244
Ubash3a,0.618872007,1.118568233
Gm11099,0.618117759,25.5033557
Adck4,0.617220546,24.38478747
Tpm4,0.61649834,15.65995526
Etv5,0.615958198,13.42281879
Gm29325,0.615316631,4.026845638
Pde2a,0.614883747,23.26621924
Flywch2,0.614844297,11.85682327
Flt3l,0.614197396,14.09395973
Ankrd45,0.613559316,28.8590604
E530001K10Rik,0.61305791,9.843400447
Mks1,0.612443994,6.263982103
Dock6,0.612416303,15.43624161
Wwc1,0.612264974,25.05592841
Ttc23,0.611925021,5.81655481
Atp7a,0.610918409,25.950783
Gramd1b,0.609738759,64.4295302
Bbx,0.609461465,45.1901566
Rgag4,0.608782295,11.18568233
Gm44148,0.608640424,10.06711409
Golim4,0.608435348,20.58165548
Actn1,0.608310356,25.5033557
Epb41l4a,0.606829739,13.64653244
Tspan9,0.606572135,14.31767338
Creb3l1,0.606329522,1.118568233
Rundc1,0.606322217,11.63310962
Trim25,0.604769922,4.026845638
Cfap69,0.604762305,26.17449664
1520401A03Rik,0.604033638,1.565995526
Gm3294,0.603939101,13.42281879
Ppara,0.602769996,6.935123043
Fam81a,0.602527153,10.29082774
Rasa4,0.60239201,12.08053691
Kpna2,0.602257277,2.013422819
Myom3,0.601926447,1.118568233
Arhgap10,0.601586787,12.52796421
Gm11417,0.601553617,42.28187919
Gm10825,0.601474243,0.223713647
Fkbp11,0.600537602,3.131991051
Dera,0.599946463,5.592841163
D5Ertd615e,0.598844972,7.606263982
Fndc3b,0.598667279,29.08277405
Gm16223,0.597727056,5.81655481
Wdr95,0.596453501,3.803131991
Lrrn3,0.595411607,11.63310962
Gm5148,0.595306679,2.908277405
Nt5dc2,0.594504371,1.342281879
Samd4,0.594473933,57.94183445
Chrna6,0.594049821,2.908277405
Prkch,0.59390388,5.592841163
Zfp948,0.593430651,20.35794183
Mgmt,0.592906997,5.369127517
Cfap54,0.592787505,29.08277405
Gm13889,0.592779485,2.908277405
Tbc1d22b,0.592646975,19.91051454
Tiam1,0.591390134,20.13422819
Ccdc39,0.590909838,12.75167785
Ldb2,0.589529909,58.83668904
RP23-178C20.4,0.589191921,0.223713647
Gm44188,0.588620548,5.369127517
Gm16432,0.588261334,46.53243848
1700040L02Rik,0.587261588,8.277404922
Ercc1,0.586805026,14.76510067
Irf7,0.58589161,0.894854586
Mical1,0.585013141,3.131991051
Gm11454,0.584839358,2.684563758
Vgf,0.584818503,22.14765101
Tle1,0.58480183,21.92393736
G6pdx,0.584038541,7.606263982
Efemp1,0.583815971,5.369127517
Fam188b,0.583493272,15.65995526
Tlcd2,0.581504394,8.501118568
Gcnt4,0.581431922,0.67114094
Zadh2,0.581370167,13.87024609
Galnt10,0.581011674,18.12080537
Taco1os,0.580375292,4.250559284
Trim39,0.580276055,7.606263982
A230108P19Rik,0.579710895,0.894854586
Dnajb5,0.579092592,7.382550336
Cd5,0.579074775,0.67114094
Ldhd,0.578879277,12.30425056
Gm14635,0.578169836,4.697986577
1810030O07Rik,0.577813348,9.395973154
3110082I17Rik,0.577601994,18.12080537
Kctd15,0.577388984,5.14541387
Pir,0.577353846,11.18568233
Hps1,0.577001653,14.09395973
Lhfp,0.576126636,16.55480984
Atp10a,0.575685326,12.52796421
Mettl1,0.575653369,9.172259508
Saxo2,0.575553271,4.250559284
Eda,0.575361321,28.18791946
Dusp27,0.574694202,0.894854586
Dubr,0.574064439,4.026845638
Gm42722,0.57378418,18.56823266
Pdia5,0.572175832,13.87024609
Ccdc148,0.572101073,48.5458613
Mthfd1l,0.571979644,18.12080537
Wdfy1,0.571496088,28.18791946
Igsf9,0.571279939,10.29082774
Hif1a,0.570768641,24.38478747
Stk36,0.570748567,7.829977629
Gem,0.56895077,4.921700224
L3hypdh,0.568661917,6.487695749
Asb4,0.568260776,3.803131991
Itpr1,0.567813321,30.42505593
Tmed3,0.567806806,10.29082774
Jmjd6,0.567114143,15.65995526
Lrguk,0.566658062,9.619686801
5031425E22Rik,0.566020911,43.17673378
Pifo,0.565580014,12.08053691
Cfap74,0.565141133,13.87024609
Itga2b,0.564060038,5.14541387
Tinf2,0.564012924,1.789709172
Ikbip,0.563851562,15.21252796
Itga1,0.562803829,5.369127517
1700088E04Rik,0.562589965,17.00223714
Gm3173,0.562489823,6.040268456
Parp8,0.561898354,64.4295302
Lin7a,0.561808978,57.71812081
Slc9a5,0.561156711,13.64653244
Gm26888,0.559193452,0.223713647
Unc13a,0.558824975,49.66442953
Crem,0.55879172,23.04250559
Ppp1r14b,0.55728735,5.592841163
Uaca,0.556536414,3.803131991
Acot11,0.556462743,16.3310962
Ccdc155,0.55637697,1.342281879
Cobll1,0.556061686,6.263982103
Lca5l,0.555564702,13.64653244
P4ha1,0.554695345,26.62192394
Rab27a,0.553890918,32.43847875
Tcea2,0.553400232,20.80536913
Cerkl,0.553111853,8.277404922
Fam196b,0.553041616,17.67337808
Stac3,0.552955332,6.711409396
Slc16a3,0.552220893,2.684563758
Gm43948,0.551997387,1.789709172
Dlgap2,0.551602747,79.64205817
Rab3gap2,0.551327142,38.25503356
Kcnh4,0.551233103,4.026845638
Ubash3b,0.550956868,29.3064877
Cblb,0.550691031,38.25503356
Usp6nl,0.550229334,14.31767338
Fam118a,0.549946652,12.9753915
Mospd3,0.548992593,16.10738255
Impg2,0.548975381,8.948545861
Renbp,0.547832139,1.789709172
Casd1,0.547142993,22.37136465
Mob3a,0.54704777,5.369127517
Rims3,0.54677581,29.75391499
Stk32a,0.54666065,29.08277405
Celf6,0.546421387,38.9261745
Wdr90,0.54551431,6.711409396
Ptpn13,0.545441759,10.73825503
Rfesd,0.544052771,9.395973154
Scgn,0.543867453,0.67114094
Ttll3,0.543362925,7.158836689
Myo1d,0.543219483,27.29306488
Fgfr1,0.543196755,27.51677852
Wdr60,0.542666715,28.63534676
Kif9,0.542343686,14.76510067
Phf7,0.541340069,7.158836689
Gm4409,0.541091295,2.684563758
Tmem74,0.540948854,0.67114094
Nphp1,0.54063757,10.51454139
Sema3d,0.540211158,13.64653244
Ccdc17,0.540190597,3.355704698
Cep95,0.540085444,22.81879195
Dgkd,0.538831034,42.95302013
Gpx3,0.538747194,19.68680089
Cd160,0.538656366,0.894854586
Ticam1,0.538555915,3.579418345
Tcp11,0.538388964,1.789709172
Stac,0.537438458,21.02908277
Ccdc151,0.537030117,6.711409396
Msantd3,0.536148542,5.14541387
Gm20708,0.536148131,5.81655481
Sema3f,0.535430673,2.013422819
Fam229b,0.535134318,18.56823266
4933408N05Rik,0.534962779,4.026845638
Tbc1d8b,0.534944416,2.460850112
Ntsr1,0.534688148,3.579418345
Gm11973,0.534393183,2.460850112
Hacd3,0.534336635,46.97986577
Fam43a,0.534279262,2.013422819
Cdk18,0.533877798,8.277404922
Acd,0.533560337,10.96196868
Gm13936,0.533495873,4.250559284
Brca1,0.533352836,5.81655481
Slc22a15,0.532775296,15.65995526
Magel2,0.531394083,5.14541387
Dnajb2,0.531283014,15.8836689
Zfp442,0.530652664,9.843400447
Pde8a,0.530019926,6.040268456
Rad54l2,0.529719687,23.71364653
Prmt2,0.529565484,43.17673378
Crcp,0.529438008,14.54138702
Hpca,0.529377525,4.474272931
Tfe3,0.52929963,11.63310962
Kdm7a,0.528634696,27.06935123
Pygl,0.528481918,3.579418345
Arl6,0.528189004,10.51454139
Gm2897,0.528092007,6.935123043
Amer2,0.527909794,6.935123043
4930469G21Rik,0.527141585,12.08053691
Tead1,0.526855311,39.14988814
Slc41a2,0.526769464,26.39821029
Zfp213,0.526703435,4.250559284
Slc4a11,0.526176216,1.565995526
Gm15234,0.525722767,2.460850112
Pih1h3b,0.525564923,0.447427293
Dnttip1,0.525335678,23.71364653
Pvrl3,0.525230381,12.08053691
Uchl1os,0.524055552,9.843400447
Glyat,0.523929597,0.894854586
BC024139,0.523856886,2.460850112
Gm29266,0.523845066,2.460850112
Myl12b,0.523073905,20.13422819
Pam,0.522971693,97.0917226
Ddo,0.522904781,3.355704698
Ogdhl,0.522218964,2.908277405
Slc25a10,0.521492148,4.474272931
Rbm11,0.5208356,3.579418345
Ampd2,0.520818607,24.16107383
F13a1,0.520663004,6.935123043
Plin2,0.52033895,3.579418345
A330033J07Rik,0.520251695,18.12080537
Tshz1,0.51965042,25.05592841
Bmp1,0.51934079,6.040268456
Pde4b,0.519229171,94.40715884
Tmem163,0.519193318,48.99328859
Cntn3,0.519180249,63.08724832
Dbn1,0.51872421,38.9261745
Emb,0.518541566,22.37136465
Irf2,0.518524399,34.89932886
Cmc4,0.518407581,4.474272931
Sall1,0.518223637,2.237136465
G0s2,0.518215534,4.697986577
Rras2,0.51806132,9.395973154
Tub,0.516978337,29.08277405
Ttc39a,0.516607498,13.19910515
Tmem108,0.516545292,74.049217
Scpep1,0.51645536,14.31767338
Chd7,0.516429016,19.68680089
Cttnbp2nl,0.516266657,12.08053691
6030407O03Rik,0.51561359,4.250559284
Cpq,0.513731066,34.00447427
Nqo1,0.513406381,3.579418345
0610040B10Rik,0.513152139,8.501118568
Cxadr,0.511937617,14.54138702
Igsf21,0.511183027,16.77852349
Ak5,0.510783825,48.5458613
Lrp12,0.510368945,12.08053691
Vwa5b1,0.51008305,21.70022371
Ppp2r5a,0.509992416,9.619686801
Abracl,0.509353389,3.355704698
Zfp691,0.508366491,3.803131991
Met,0.5080584,4.697986577
Slc20a2,0.507847057,17.44966443
Fxyd5,0.506963784,5.369127517
Gm3604,0.50598406,6.040268456
Fank1,0.505829568,7.382550336
Ptprb,0.505799378,2.684563758
Ccdc138,0.504527461,17.00223714
Fbxo4,0.504475908,9.619686801
Card19,0.504093885,5.81655481
Myh7,0.503875963,2.684563758
Alg12,0.503505653,6.487695749
Heatr5a,0.503478893,29.08277405
Itga9,0.502986028,6.711409396
Cdhr2,0.502450437,2.460850112
Gbp7,0.501092101,1.565995526
Pde10a,0.500693368,87.91946309
Tmem106a,0.500375137,5.14541387
Ldlrad3,0.500269143,17.22595078
Oasl2,0.499618886,4.250559284
Col4a5,0.49908931,5.369127517
Wbp1l,0.498406678,12.52796421
Ccdc60,0.498289767,4.921700224
Gm27008,0.498249346,4.250559284
Wsb1,0.498080295,53.69127517
Dbhos,0.497547528,0.894854586
4930444P10Rik,0.497463233,6.711409396
Rgs3,0.497353524,14.31767338
6330416G13Rik,0.496871694,2.684563758
Slc35a2,0.496833051,12.30425056
Zmynd10,0.496330766,2.684563758
Mal2,0.495877752,6.935123043
Plekha3,0.495416841,10.51454139
Diaph3,0.495124147,8.724832215
Gm30524,0.495091939,3.803131991
Drc1,0.494272916,19.2393736
Hcrtr1,0.493959728,2.908277405
Eprs,0.49377789,24.83221477
Ppil6,0.493742398,8.277404922
St3gal4,0.493578717,30.20134228
Nod2,0.49355137,0.894854586
Sqrdl,0.493269628,1.789709172
Rgs2,0.492972297,6.040268456
Ppan,0.492652,8.277404922
Trpc3,0.492605981,24.38478747
Arhgef28,0.492391373,31.54362416
Snd1,0.492197305,41.8344519
Alkbh4,0.492116592,2.684563758
Slc16a6,0.49208177,6.263982103
Creb3l2,0.491971869,22.81879195
Dock2,0.491910062,4.026845638
Lrrc1,0.491875703,12.52796421
Gm10767,0.491788315,3.803131991
Kat5,0.491359805,8.501118568
Rgs9,0.491341628,39.82102908
Tbx15,0.491242045,1.342281879
Bbs12,0.491160529,8.501118568
Arap1,0.490955231,3.579418345
Irak1,0.490913039,20.13422819
Ercc5,0.490752734,11.85682327
Prrc2c,0.490638349,53.46756152
Hnf4a,0.490620855,0.67114094
Mmp2,0.490612932,1.789709172
Iqgap2,0.490053397,10.06711409
Gm42806,0.489526597,0.223713647
Phf10,0.489401176,9.395973154
Gm29367,0.48883379,1.118568233
Prrc1,0.4887649,16.55480984
Golt1b,0.487612665,8.724832215
Cetn4,0.487343949,7.382550336
Tvp23bos,0.487308469,0.447427293
Bbs2,0.486205717,12.08053691
Gm5544,0.486002593,1.789709172
Tmem194,0.485606909,9.172259508
Coasy,0.485572663,5.592841163
Gm26606,0.48550997,16.77852349
Rnaseh1,0.485475561,8.501118568
A930033H14Rik,0.485009198,4.474272931
Zfp608,0.484810446,58.38926174
Adam32,0.484386374,6.935123043
BC046251,0.484175519,1.342281879
Brcc3,0.484092983,12.75167785
Zfand2a,0.483036443,9.172259508
Airn,0.48286192,34.00447427
6330418K02Rik,0.482788814,2.013422819
Uprt,0.482721231,8.053691275
Trps1,0.48266363,73.37807606
1700010I14Rik,0.482499166,6.040268456
Nlrx1,0.482436498,3.131991051
Lrrc9,0.48208879,7.158836689
Tap2,0.481177522,8.948545861
Tbc1d25,0.481170392,6.487695749
Mfi2,0.480966415,0.894854586
AW551984,0.480844785,18.34451902
Pla2g4d,0.480776296,0.447427293
Sbspon,0.480689548,1.565995526
Zfp235,0.479849439,3.355704698
Shc4,0.479206155,3.131991051
Cog6,0.479081446,12.52796421
Zfp367,0.478923703,6.487695749
Gnl3,0.478682209,17.22595078
Taf6l,0.478590694,10.29082774
Prune2,0.47839835,79.86577181
Tgfa,0.477960419,4.026845638
Chrna7,0.477840232,18.12080537
Gm29480,0.477188787,3.803131991
Cep89,0.477055028,18.34451902
Slc22a3,0.476593295,1.565995526
Hoxb7,0.47630611,1.118568233
Itgb3,0.47628162,2.237136465
Trp53,0.476145771,7.829977629
Cfap77,0.475867899,4.921700224
Pgpep1l,0.475665277,7.158836689
Gart,0.475380973,16.77852349
Slc25a22,0.474875683,11.18568233
Edem2,0.474034327,11.40939597
Magt1,0.473756025,15.21252796
Gm26770,0.473677672,10.29082774
Cpsf1,0.473478579,6.263982103
Gm2824,0.473385375,14.98881432
Plcd3,0.473042824,5.14541387
Adcyap1r1,0.472796859,15.21252796
Gm16897,0.472732669,2.684563758
Tmem150c,0.472613525,22.37136465
Robo1,0.47223024,68.90380313
Catsper2,0.472127825,12.9753915
Gm14507,0.47195781,1.342281879
Cdh13,0.471510997,73.15436242
Sat1,0.47128411,8.053691275
4930452B06Rik,0.471271869,10.06711409
Sema3a,0.470972122,27.06935123
Aasdh,0.470918571,8.501118568
Gm9885,0.470133087,2.237136465
Cap2,0.469319427,35.34675615
Phlda1,0.469089829,6.040268456
4933427G17Rik,0.468388451,4.250559284
4930451G09Rik,0.468154198,5.592841163
Abhd11,0.467606536,9.395973154
Dus4l,0.467123522,6.711409396
Man2a1,0.46711341,27.74049217
Slco5a1,0.466746295,3.803131991
Fam78b,0.466542005,15.43624161
Icam5,0.466395938,3.355704698
Kif26a,0.466333999,2.908277405
Tbx3os2,0.466247598,0.894854586
Arfip2,0.465824617,13.42281879
Nwd2,0.465773167,23.04250559
F2r,0.465697902,3.355704698
Myh6,0.465241736,4.474272931
Ptprq,0.465065471,12.75167785
Mink1,0.465001413,20.80536913
Prr13,0.464986132,14.98881432
5330417C22Rik,0.464678474,53.69127517
1810044D09Rik,0.464437422,1.118568233
Adgrg1,0.464248294,7.829977629
Maml3,0.464200247,65.99552573
Map9,0.464007809,13.42281879
Pbxip1,0.463829595,4.697986577
Baiap2,0.463765961,15.8836689
Samd15,0.463305771,4.921700224
Slc26a4,0.463123919,0.67114094
Gm26742,0.462619479,18.56823266
Gm28807,0.46244113,1.118568233
Cacna2d3,0.462271001,73.60178971
Casp3,0.46213822,4.921700224
Ttf2,0.461987965,2.684563758
Fgf1,0.46189342,28.18791946
Ubl3,0.461752373,29.75391499
9230111E07Rik,0.461698949,1.789709172
Cdk5rap1,0.461419867,10.73825503
Spink2,0.461274015,9.395973154
Cthrc1,0.461257007,9.843400447
Fbxo36,0.461143053,24.83221477
4930444A19Rik,0.46109451,7.606263982
Coq10b,0.46046789,8.501118568
Gm14033,0.46045257,2.460850112
Casp2,0.460310319,5.14541387
Sspn,0.459947794,2.684563758
Kcnj9,0.459939688,7.158836689
Camk2a,0.459452531,48.098434
Hcrtr2,0.459358865,13.64653244
Aspdh,0.458961797,1.565995526
4732440D04Rik,0.458492587,7.829977629
Zkscan14,0.458361924,3.579418345
Gm15563,0.458252332,4.250559284
Syt17,0.457906081,25.05592841
Gale,0.457569405,7.158836689
Rogdi,0.457501867,34.22818792
Prss30,0.45722219,0.223713647
Gja5,0.456918305,2.684563758
Ssh3,0.456901918,15.65995526
Stk19,0.456576553,18.56823266
BC067074,0.456562524,3.131991051
Ssr4,0.456430925,26.62192394
Mtnr1a,0.455931786,1.565995526
Rel,0.455896699,4.474272931
Spag4,0.455849665,5.81655481
Rabl2,0.45539675,17.44966443
Kitl,0.454569791,8.053691275
Hunk,0.45417443,11.40939597
Nupl1,0.453430109,10.29082774
Nebl,0.452775355,68.00894855
Zfp956,0.452582956,15.65995526
Ier5l,0.452442019,1.789709172
Slc37a3,0.451814648,9.172259508
2610206C17Rik,0.451768697,2.684563758
Nufip1,0.451550774,8.948545861
Vps37a,0.451080998,17.67337808
Hjurp,0.450689458,22.37136465
Gm8237,0.450598009,4.474272931
Sept9,0.450506486,5.81655481
2010111I01Rik,0.450411511,72.03579418
Gabrq,0.449985542,6.040268456
Rab3c,0.44987248,78.07606264
Spink11,0.449184622,0.894854586
Nln,0.449176596,17.22595078
2210414B05Rik,0.448947765,5.592841163
Rint1,0.44795869,16.3310962
Herc6,0.447614313,8.277404922
Cntnap5c,0.447168201,60.40268456
Kif17,0.447161112,17.44966443
Ttc25,0.446888982,5.14541387
Bag2,0.446680701,6.040268456
Tmcc3,0.446640411,56.82326622
Hddc2,0.44649661,9.843400447
Fkbp7,0.44636292,4.026845638
Rttn,0.446350347,23.93736018
Gm15545,0.446216119,3.579418345
Dnhd1,0.446125178,8.277404922
Npy,0.446085017,6.040268456
Pkdcc,0.4458411,3.579418345
4930568G15Rik,0.445183464,2.684563758
Ltbp4,0.444845129,10.29082774
Gemin8,0.44440256,5.14541387
9530059O14Rik,0.444156666,58.38926174
Sspo,0.444055896,1.789709172
Brca2,0.44354254,8.948545861
Baiap3,0.443453672,55.25727069
Ak8,0.442967785,4.697986577
Gm4221,0.442590349,8.277404922
Dchs2,0.442136899,11.63310962
Ccdc30,0.442103245,42.50559284
Zdhhc16,0.441721823,7.829977629
Zfp277,0.441051538,13.42281879
Gm11508,0.441024474,24.16107383
Tsacc,0.440977667,7.382550336
Nrip3,0.440375703,19.01565996
Terf2,0.440246661,16.10738255
Gck,0.440155586,7.382550336
4933406C10Rik,0.440086508,6.040268456
Pvt1,0.440074183,34.67561521
Serping1,0.440007214,7.829977629
Gm15991,0.439903275,2.684563758
Rnf217,0.439610045,26.62192394
Rab13,0.439591406,7.382550336
Pnn,0.439041496,49.88814318
Dock11,0.438976326,41.38702461
Prr5,0.438950803,5.592841163
Ildr2,0.438882179,14.31767338
Ppm1h,0.437902004,62.19239374
Efhc2,0.437142084,8.948545861
Gm29019,0.436933928,1.789709172
Trit1,0.436641011,14.09395973
Gm37035,0.435912318,0.447427293
Znrf3,0.435902839,26.62192394
1700030J22Rik,0.435864863,3.131991051
2900076A07Rik,0.435778878,14.76510067
Tmprss7,0.435570105,2.908277405
Ankrd37,0.435489505,3.803131991
Rnf220,0.434829667,83.89261745
Gm42439,0.43460646,21.02908277
Gm16833,0.434528582,4.697986577
Ppp1r32,0.434363393,0.67114094
Smc4,0.434280508,3.131991051
Celf3,0.434130318,47.87472036
Ift43,0.434026956,20.58165548
Lta4h,0.433756904,12.08053691
Dapk1,0.433683952,58.83668904
Fnbp1l,0.433568376,28.8590604
Golgb1,0.43348459,47.20357942
Arntl2,0.433015568,14.54138702
Celf5,0.432866057,27.06935123
Brwd3,0.432728479,20.13422819
Pgm3,0.432407227,10.96196868
Plod2,0.431991244,6.263982103
Il3ra,0.431831206,2.013422819
Tgm4,0.431416302,1.565995526
Cep85,0.431401404,15.8836689
Katnal2,0.431082753,23.71364653
Kcnj5,0.430956068,0.894854586
2810001G20Rik,0.430895463,5.81655481
Nt5e,0.43076517,7.158836689
Dok5,0.430699929,30.64876957
Isyna1,0.430628312,10.06711409
Tepp,0.43023477,2.237136465
Ccdc65,0.430159438,6.040268456
Klhl1,0.429649732,44.74272931
Hsph1,0.429451008,19.46308725
Tom1,0.429381496,19.01565996
Kcnip1,0.428671175,47.87472036
Mmab,0.42790997,10.73825503
Mtmr1,0.427833664,31.99105145
Gm16701,0.4277332,2.908277405
Rhbdf2,0.42737256,1.789709172
Sdccag8,0.427359898,45.41387025
Gm13054,0.427098634,1.565995526
4933424G06Rik,0.426777709,9.395973154
Pou2f2,0.426654396,29.75391499
Bend7,0.426524314,21.25279642
Hap1,0.426431616,56.82326622
Rab8b,0.426329137,18.12080537
Uxs1,0.425791227,27.74049217
Thsd7a,0.42529186,50.33557047
Ndst4,0.425247577,31.54362416
Ercc6l2,0.425216413,23.71364653
Armcx2,0.42505821,7.382550336
Il12rb2,0.424818443,2.908277405
Phox2b,0.424614609,13.87024609
Prickle2,0.424588242,74.94407159
Zfp62,0.424514755,8.724832215
Bbs7,0.424429886,27.96420582
Nxf1,0.424395934,34.22818792
Dpyd,0.42422399,73.15436242
A630095N17Rik,0.424212989,1.565995526
9130008F23Rik,0.424068362,0.67114094
Bex4,0.424024443,4.697986577
Ap1s1,0.422932796,14.76510067
Il7,0.422793844,0.894854586
Ifrd1,0.422080801,15.8836689
Nnat,0.42188073,33.55704698
Cpeb4,0.421631535,37.58389262
Ppt2,0.421147023,12.30425056
Ppcs,0.420883149,5.81655481
Inppl1,0.420754406,3.131991051
Vmac,0.420562063,3.579418345
Rpusd4,0.42040859,2.460850112
Cuedc1,0.419931433,35.5704698
Gm12942,0.419790372,3.803131991
Upk1a,0.41972588,1.342281879
Gm26578,0.419676021,0.67114094
Nsdhl,0.419496761,11.18568233
Rgl2,0.419407415,27.51677852
B3galt5,0.419045584,8.501118568
Mpped2,0.418880047,59.95525727
4930524B15Rik,0.418849565,0.67114094
Stx3,0.418350769,30.64876957
Xrcc4,0.41789278,32.66219239
Hmgn3,0.417790124,41.61073826
Shc3,0.417694276,25.5033557
2810032G03Rik,0.417665613,8.277404922
Lmo3,0.417639789,12.52796421
Nde1,0.417580096,1.118568233
Mrap2,0.41757607,28.63534676
Ubxn11,0.417559186,24.83221477
Slc24a3,0.417554239,59.50782998
Tuba1c,0.417122391,0.223713647
RP23-407N2.2,0.416539572,41.8344519
Krtcap3,0.416447479,1.789709172
Galnt7,0.416117217,23.93736018
Efcab9,0.415940458,0.894854586
Setd7,0.415935138,28.8590604
Edrf1,0.415333037,5.592841163
2310069G16Rik,0.415316412,19.46308725
Mpdz,0.415207406,30.64876957
Sf3b1,0.415057497,48.32214765
Txndc11,0.415042201,33.10961969
Lpcat2,0.414966655,13.87024609
Ntng1,0.414799373,85.01118568
Efr3a,0.414780893,32.88590604
Ptpn12,0.414628998,50.11185682
Cdyl2,0.414141718,31.09619687
Mtcl1,0.413705468,30.64876957
Izumo4,0.413262081,37.80760626
Erf,0.413183558,2.013422819
Sorbs2os,0.4126076,20.35794183
Tpd52,0.412418493,19.91051454
Pnma3,0.412066319,21.70022371
Plscr3,0.411966969,5.81655481
Abcg2,0.411751936,9.843400447
Ptp4a3,0.411712143,7.158836689
Ptprf,0.411634849,28.41163311
Chuk,0.411421992,30.64876957
Sh3rf1,0.411340387,46.75615213
Rhoc,0.411286299,2.237136465
P3h3,0.41108204,21.25279642
Nova1,0.410946637,38.25503356
Epha4,0.410905911,17.22595078
Cyp2c65,0.410851563,0.894854586
Zfpm2,0.410768523,44.07158837
1810032O08Rik,0.410748322,2.684563758
Cfap44,0.410405041,8.277404922
Mgat5,0.410402573,45.86129754
Rab36,0.410247884,30.20134228
Cdr2,0.41024391,6.263982103
Ssbp4,0.410188704,26.17449664
Wdr78,0.40990654,20.13422819
Nadk2,0.409687745,8.053691275
Dbt,0.409634658,8.501118568
Camk1,0.409442111,23.93736018
Hipk4,0.409438607,2.908277405
Slc35b1,0.408828544,23.71364653
Map3k1,0.408686178,8.948545861
Sept10,0.408525879,10.51454139
Vezf1,0.408040495,9.843400447
Arpc2,0.407926678,34.00447427
Rsph14,0.40786233,4.026845638
Cdkl2,0.407755105,20.58165548
Pim2,0.407459836,17.67337808
Cbx7,0.407419729,18.56823266
Zcwpw1,0.407387501,2.460850112
Acbd4,0.407386371,19.01565996
Tmtc2,0.407346487,62.86353468
Cacng4,0.407318067,21.70022371
Gtf2ird1,0.40705558,34.00447427
Gns,0.406995008,24.38478747
6720427I07Rik,0.406937667,6.040268456
Slc16a12,0.406892794,1.789709172
Wdr75,0.406810152,8.948545861
Camkv,0.406563121,17.67337808
Pibf1,0.406320302,38.4787472
Nsun7,0.406182691,29.75391499
Ctnna1,0.406138808,10.73825503
Xpot,0.406091734,14.09395973
Dock4,0.406009959,84.1163311
Mok,0.405906486,25.27964206
Cacna2d1,0.405762351,90.15659955
Ndrg1,0.405428769,6.263982103
Tmem217,0.405299268,0.67114094
Gng4,0.405051816,8.948545861
Gm12089,0.404844077,1.565995526
Pfkfb4,0.404441227,17.22595078
Zfp804b,0.404413505,70.46979866
Rgs11,0.403983205,30.87248322
Npm3,0.403504548,3.579418345
Rnf138,0.403486003,36.46532438
Lbr,0.403315465,6.711409396
Trrap,0.403296767,27.29306488
Cc2d1a,0.403283188,13.42281879
Nbeal2,0.403200367,5.369127517
Hormad1,0.403055613,1.342281879
Cacng5,0.40294369,9.172259508
Zdhhc14,0.402873039,40.93959732
Clvs1,0.402802164,74.94407159
Chia1,0.402125185,1.342281879
Gpr35,0.402099408,2.013422819
Rbm24,0.401900126,5.592841163
Acr,0.401673685,5.592841163
Sec24a,0.4016209,37.58389262
Tmeff1,0.40162047,20.58165548
Ccnl1,0.40138261,21.47651007
Aida,0.401155091,14.09395973
Lrrc8c,0.400775791,18.12080537
AI846148,0.400323874,27.51677852
Ccdc146,0.400277282,2.460850112
Dlg4,0.400077463,38.03131991
Gm29296,0.399502114,2.013422819
Rbm28,0.399490303,25.27964206
1700010K24Rik,0.399202492,6.487695749
Kank2,0.399039371,4.921700224
Nol10,0.398091614,21.25279642
Rab31,0.398026085,17.89709172
Cfap61,0.39782114,9.172259508
Fam219a,0.397774134,55.03355705
Anxa7,0.397748108,25.5033557
Wdr34,0.397694487,22.14765101
2810029C07Rik,0.397190758,4.921700224
Helb,0.397181689,2.013422819
Tmem30c,0.396983588,2.013422819
Ttll4,0.396793001,17.89709172
Ddx50,0.396688777,36.46532438
Ggps1,0.396599422,33.10961969
Shc1,0.396544396,5.81655481
1190002N15Rik,0.396067669,2.684563758
Plcl1,0.396037099,53.91498881
Msln,0.395904274,0.223713647
Idnk,0.395622749,8.501118568
Lrriq3,0.395501258,2.460850112
Zmat1,0.395405655,30.87248322
Zfp3,0.395267361,9.172259508
Sec61a1,0.394884209,16.77852349
Gtf2f2,0.394682276,20.35794183
4930467D21Rik,0.394590779,2.684563758
Trib2,0.394321146,4.474272931
Mga,0.39426809,38.03131991
Srsf6,0.394005821,14.98881432
1110002L01Rik,0.393931807,10.29082774
Gm30667,0.393915906,2.684563758
BC005537,0.393905305,24.83221477
Cenpc1,0.393649965,44.07158837
Cenpa,0.393536679,0.447427293
Ppef1,0.393325415,2.237136465
Tm6sf2,0.393209885,2.013422819
Stt3a,0.392935116,18.79194631
Prkag1,0.392716894,20.13422819
Pick1,0.392674677,16.77852349
Lmbr1l,0.392581039,9.843400447
Pik3r1,0.392458769,25.950783
Myrip,0.392444271,19.68680089
Rhobtb1,0.392376348,13.87024609
Dcun1d5,0.392310838,25.05592841
Hook1,0.392072363,26.17449664
Adam10,0.391898433,40.49217002
Hotairm1,0.391789187,9.619686801
Rrbp1,0.391571373,16.55480984
Mafg,0.391280678,31.09619687
Frmpd4,0.390249974,93.95973154
Pyroxd1,0.39021906,7.829977629
Atp6v0a2,0.390169724,19.2393736
Mthfr,0.390007184,12.75167785
Ptbp3,0.389973138,17.44966443
Trappc6a,0.389881215,9.619686801
Fggy,0.389818477,30.20134228
1810024B03Rik,0.389176404,3.355704698
Klhl4,0.388958158,5.81655481
Rell1,0.388947382,4.921700224
Gm12828,0.388803448,3.131991051
Pced1b,0.388768873,40.93959732
Fbrs,0.388710859,10.51454139
Tyw5,0.388445706,10.51454139
Bloc1s2,0.388405281,16.10738255
Igf1r,0.388280015,49.44071588
Tpm1,0.388242426,18.56823266
Fam13c,0.388242072,25.5033557
Gm15440,0.387976578,11.40939597
Prrg2,0.3876791,2.460850112
Pcdh1,0.387621729,9.619686801
RP23-106P7.5,0.38757099,2.013422819
Gmds,0.387443473,69.57494407
Rnf170,0.387237132,18.12080537
Pkp4,0.387026883,57.49440716
6330562C20Rik,0.387000022,8.501118568
Dync1i2,0.386576738,55.25727069
Gm20521,0.386505826,19.68680089
Aldh7a1,0.386326522,17.22595078
Rgs20,0.38613234,26.39821029
Rlim,0.385988167,19.2393736
Smagp,0.385852955,0.894854586
Gm14862,0.385583886,0.223713647
Tbc1d32,0.385576356,22.81879195
Fam234a,0.385310277,19.91051454
Gm26981,0.385269354,12.9753915
Man1a,0.385185002,46.08501119
Arfgap3,0.385084918,25.5033557
Ift122,0.384973119,28.18791946
Nprl3,0.384592068,18.56823266
Srp72,0.38446141,15.43624161
Borcs5,0.384244979,19.01565996
Tbc1d4,0.38404842,31.09619687
Gfod1,0.383942172,19.01565996
Nek8,0.38389511,3.131991051
Sec23a,0.383617136,29.97762864
Gm28578,0.383569859,4.250559284
Rbp4,0.383529384,1.789709172
Cnrip1,0.383400111,38.03131991
Gm26782,0.383370317,25.05592841
Sec31a,0.383295442,14.54138702
Atg16l2,0.383279774,26.84563758
Calu,0.38320655,14.54138702
Neurl1a,0.383030959,18.12080537
Zswim7,0.382971522,6.935123043
BC016579,0.382862679,0.67114094
a,0.382744238,18.79194631
Xylt1,0.382663441,36.68903803
Arhgap1,0.382497644,9.619686801
Fam179b,0.382238302,22.81879195
Gfpt1,0.382233345,29.53020134
Eif3m,0.38222664,6.935123043
9330151L19Rik,0.382172528,6.263982103
Qsox2,0.381969164,12.08053691
Phldb1,0.381800581,9.843400447
Tshz3,0.381081885,44.29530201
Pdlim5,0.380874319,9.619686801
Chpf2,0.380724455,22.81879195
Gng12,0.380715721,24.83221477
Tox,0.380648002,30.87248322
Trmt1,0.380634701,21.92393736
Pak3,0.380372827,82.10290828
Tmem67,0.380310631,13.19910515
Ptprn,0.380271954,65.99552573
Erbb2ip,0.380261215,34.00447427
Ccl27a,0.380008418,13.87024609
Vat1l,0.379817438,55.25727069
Gria3,0.37981625,64.20581655
Pitpnm1,0.379661542,20.58165548
Adamts7,0.37936051,0.67114094
Tram1,0.379177436,18.34451902
Slc35e2,0.37911486,9.172259508
Cnot10,0.379067253,33.55704698
Fancb,0.378641776,1.342281879
Stau1,0.378517813,18.56823266
A230046K03Rik,0.378497366,21.70022371
BC005561,0.378330583,32.66219239
Gpr137,0.378151156,8.277404922
Cacna1g,0.378130599,12.75167785
Srsf1,0.378105213,33.78076063
Ipo5,0.377983456,10.96196868
Mybbp1a,0.377958751,6.040268456
Prepl,0.377764387,14.76510067
Rab21,0.377693366,13.42281879
Slc31a1,0.377398894,14.98881432
Mapk11,0.377302597,19.46308725
Map3k8,0.377186011,0.67114094
Asphd2,0.376782516,10.73825503
Nufip2,0.376623927,30.64876957
Fam151a,0.376248591,1.118568233
Trub1,0.376211757,11.18568233
Gm26771,0.376019354,4.697986577
Khdrbs1,0.375791349,30.42505593
Mtmr6,0.37569364,16.77852349
Srsf7,0.375654147,38.70246085
Zfp287,0.375639426,14.09395973
Rhbdd2,0.375545913,23.26621924
Casp7,0.375456903,4.474272931
Cpeb2,0.375340212,28.63534676
Ccr9,0.375143549,5.592841163
Ap1g1,0.375127345,23.04250559
Athl1,0.375063974,0.894854586
Tecpr1,0.37468833,28.18791946
Secisbp2l,0.374528491,11.85682327
Tctn1,0.37449966,9.843400447
Sec24d,0.374473956,20.58165548
As3mt,0.374297718,11.40939597
Mnt,0.374275551,4.250559284
Tcf19,0.374158475,0.223713647
Tspan32,0.373887591,1.118568233
Acsl4,0.373705434,23.04250559
Rmdn2,0.373609869,6.040268456
Dalrd3,0.373604365,26.84563758
Stk40,0.373598372,14.09395973
Btbd16,0.373581379,2.237136465
Lrp8,0.373326573,22.5950783
Inca1,0.373220199,3.803131991
Mest,0.373137315,10.06711409
Ccdc191,0.373050962,20.58165548
Dhx32,0.373013631,18.34451902
Pla2r1,0.372917321,0.894854586
Stx2,0.372814269,16.10738255
Stx16,0.372813109,54.36241611
Uso1,0.372801173,24.16107383
Blzf1,0.372765021,15.43624161
Gm13919,0.372741185,11.18568233
Gm4876,0.372653445,26.39821029
Mrpl38,0.37254264,20.80536913
Chordc1,0.372448914,22.14765101
Iqck,0.372277847,6.263982103
Plgrkt,0.372266711,12.9753915
Tmc4,0.372258286,15.65995526
Hspb11,0.372142116,12.30425056
Tmem208,0.37204425,22.37136465
Gnb5,0.371941176,13.19910515
Med14,0.371774393,23.26621924
Gnl2,0.371771618,20.58165548
AI467606,0.371535588,0.67114094
Rpia,0.371339324,8.501118568
Tmem29,0.371235303,21.70022371
Polr1a,0.370959283,14.76510067
Wdr43,0.370930696,18.34451902
Ap4m1,0.370866042,8.724832215
Sec24c,0.370778587,13.19910515
AB041806,0.370327321,2.237136465
Rpl22l1,0.370326856,16.10738255
Srsf5,0.370218872,48.76957494
Spred2,0.369836234,36.01789709
Osbpl10,0.369546728,32.43847875
Ncaph2,0.369273892,21.25279642
Ifit1,0.369210032,1.118568233
Fcf1,0.368821281,16.10738255
3110062M04Rik,0.368622215,5.369127517
Lins1,0.368521151,4.250559284
Crls1,0.368478248,7.158836689
Rela,0.368360143,7.158836689
Fam214b,0.368200649,19.68680089
Nudt7,0.368186876,6.487695749
Elk4,0.368064626,6.040268456
Gm42950,0.367781283,4.697986577
Shq1,0.367664729,9.843400447
Tmem181a,0.367637945,49.88814318
Fam222a,0.367413755,4.921700224
Dcaf11,0.367391041,11.40939597
Mamld1,0.367388926,22.14765101
Zc3h7a,0.367036686,33.10961969
Rfx2,0.366747523,7.158836689
Junb,0.36659434,3.803131991
Ndfip1,0.366561332,46.97986577
Nt5dc1,0.366553758,17.67337808
Slc6a3,0.36649556,0.447427293
Ugdh,0.366422302,16.55480984
Slc2a13,0.36636456,54.36241611
Ddx27,0.366323523,10.51454139
Fam189b,0.366285499,17.67337808
Mcm9,0.366019106,6.040268456
Setd4,0.365734481,19.46308725
Arid4a,0.365551826,33.33333333
Apbb1,0.365538906,22.81879195
Odf2,0.365493658,48.32214765
Bcl9,0.365443601,27.06935123
Akr1a1,0.36542295,26.39821029
Dtnbos,0.365199567,27.96420582
Lyplal1,0.364731365,5.369127517
Nsl1,0.364442441,0.447427293
Car7,0.364431746,5.81655481
Pih1d2,0.364250919,1.789709172
Peg3,0.364000463,58.61297539
Dync2h1,0.363814606,54.36241611
Mphosph8,0.363577106,30.42505593
Ddx23,0.363495269,12.75167785
Tpm3,0.363473457,25.950783
Atxn7l1,0.3634689,38.03131991
Jmjd1c,0.363442902,70.24608501
Rcn1,0.363428049,4.250559284
Slc38a11,0.363418178,4.697986577
Snrpa,0.36334317,11.63310962
Zfp386,0.363264396,8.053691275
Gnpda1,0.363005023,3.355704698
6720483E21Rik,0.362991052,2.460850112
Fam131a,0.36284458,10.29082774
Snx31,0.362735827,1.118568233
Nrd1,0.362732823,38.9261745
Armcx1,0.362568379,13.42281879
Rfx3,0.362559088,51.23042506
Dnah1,0.362329097,9.843400447
Tmc2,0.361924008,1.789709172
Entpd7,0.361899242,8.277404922
Kif3a,0.361830344,30.64876957
Fhitos,0.361817604,2.908277405
Bcdin3d,0.361772838,3.355704698
Ttpal,0.36174835,7.606263982
Fbxw11,0.361641712,34.22818792
Ppm1l,0.361626026,32.88590604
Shkbp1,0.361562944,7.382550336
H13,0.36155891,28.63534676
Cstf2,0.361405214,24.16107383
Mmd,0.361309873,10.96196868
Phf20l1,0.361308935,56.37583893
Rnf182,0.360931021,14.98881432
Tet2,0.360643131,27.74049217
Btrc,0.360622497,49.88814318
Speg,0.360471753,16.77852349
Myo1h,0.360320415,3.579418345
Spry2,0.360058993,4.921700224
B630005N14Rik,0.359974569,31.99105145
RP23-231J2.1,0.359731156,82.77404922
Smndc1,0.359482008,6.040268456
Cartpt,0.359471798,23.71364653
Erp29,0.359313934,21.02908277
Slc25a39,0.359305879,4.921700224
Cisd3,0.359154865,10.51454139
Yipf5,0.359151709,19.91051454
Rbm7,0.359091671,11.40939597
Plet1,0.359080059,0.67114094
Dnajc24,0.358749031,26.39821029
Gm43458,0.358643208,1.118568233
Prps2,0.358473063,3.131991051
Jarid2,0.358293541,37.80760626
Rims4,0.358208307,10.73825503
Cyld,0.358163272,28.18791946
Tspan13,0.358139047,29.97762864
Zfand3,0.358078103,47.20357942
Ppp1r9a,0.358042174,70.46979866
Trp53bp1,0.358015749,38.9261745
Plekha2,0.357562103,1.789709172
Pnck,0.357525285,28.41163311
Sergef,0.357507222,34.22818792
Gmip,0.357436097,8.948545861
Supv3l1,0.356738162,6.263982103
Cnksr2,0.356732432,38.4787472
Ip6k1,0.356723679,23.93736018
Sema3e,0.356600576,31.31991051
Amdhd2,0.356584463,10.96196868
Zdhhc1,0.356522136,24.16107383
Stxbp3,0.356391868,7.606263982
Efcab5,0.356327893,6.487695749
Copb2,0.356201036,9.619686801
Ston2,0.356058673,22.81879195
2210420H20Rik,0.356003388,0.894854586
Tbc1d23,0.355635761,32.66219239
Fam135b,0.355612947,70.02237136
Herc4,0.35520845,31.76733781
Snhg20,0.35498865,46.75615213
Mettl24,0.35490915,4.921700224
Srgap1,0.354872879,32.43847875
Akirin1,0.354594669,16.3310962
Socs5,0.354530134,16.77852349
Arl2bp,0.354420526,15.8836689
Rnf128,0.354362984,10.96196868
Sgsm1,0.354331403,37.80760626
Lrrc16a,0.353818719,47.42729306
Ppp1r16a,0.353801993,13.42281879
Ebna1bp2,0.353799803,10.06711409
2310033P09Rik,0.353761692,14.54138702
RP23-428N8.3,0.353718264,0.67114094
Diaph1,0.353653087,19.2393736
Cirbp,0.353528387,23.26621924
Zfp426,0.353443793,15.21252796
Tigd2,0.353417174,10.73825503
Hdac11,0.353361001,23.04250559
D430041D05Rik,0.353280612,47.65100671
Cyp4f17,0.353243801,4.474272931
Plekha1,0.353147753,27.06935123
Gm3248,0.352892269,8.501118568
Ankrd44,0.352791336,29.75391499
Gm12756,0.352740524,0.894854586
Hmgcll1,0.352245497,50.11185682
Gm7694,0.352036705,2.237136465
Rock2,0.351885302,44.96644295
Rbak,0.351706969,3.355704698
Pcbp3,0.351306291,46.08501119
Map2k1,0.351084291,37.58389262
Neil2,0.350752708,3.803131991
Gm33533,0.350588372,3.579418345
Intu,0.35050979,8.948545861
Rnf25,0.350504852,14.98881432
Rplp2,0.350323949,3.803131991
Htr1f,0.350246552,37.58389262
RP23-343H23.2,0.350246324,1.565995526
Basp1,0.350151034,31.99105145
Azi2,0.349789827,16.77852349
Gtf2a2,0.349776331,17.44966443
Gast,0.349750022,0.223713647
Wdr26,0.34964351,28.8590604
Map2k4,0.349067098,61.74496644
Ap4e1,0.349055941,15.43624161
Anapc10,0.348986653,21.47651007
Tubgcp3,0.348965983,14.76510067
Ablim2,0.348788108,44.51901566
Zfp53,0.348729299,15.65995526
Asap1,0.348701742,63.08724832
Ypel4,0.348625864,22.81879195
Utp15,0.348589043,4.026845638
Cdc42bpb,0.348465819,26.39821029
Recql4,0.348398448,1.118568233
Cdk2ap1,0.348353808,10.96196868
Ikbkg,0.348259301,13.19910515
Akap7,0.34796186,21.92393736
Mblac2,0.347961488,42.05816555
Pak6,0.347900888,16.3310962
Ggnbp2,0.347760939,46.75615213
Cerk,0.347603057,21.25279642
Mybl2,0.347567618,1.565995526
Gm16876,0.347352226,2.013422819
Mycbp,0.347239483,19.68680089
Polr2g,0.347215443,12.52796421
Nrn1,0.346933864,11.18568233
Psmb8,0.346825792,2.237136465
Susd1,0.346766886,12.52796421
Ppp1r10,0.346532802,23.04250559
Apba1,0.346191105,64.65324385
Ufsp2,0.346156512,17.22595078
Eftud1,0.346130301,15.8836689
Wipf2,0.346085247,31.31991051
Zc3h14,0.346056446,23.26621924
Ikzf2,0.345959341,19.2393736
Hoxb8,0.34585893,0.447427293
Cbarp,0.345828302,27.29306488
Cks2,0.34568566,1.118568233
Tmem40,0.345665932,1.118568233
Prkacb,0.345594997,35.79418345
Fbxo34,0.345413298,22.5950783
Pabpc4,0.345377758,24.16107383
Lpxn,0.345300616,1.342281879
Sncaip,0.345238969,30.42505593
Arl5a,0.344938219,7.606263982
Pkib,0.344923834,9.395973154
Trip4,0.344742565,34.22818792
Cfap97,0.344720289,11.63310962
Chst2,0.344671295,2.460850112
Srek1,0.344659967,38.70246085
Hrh1,0.34447134,2.460850112
Lrrc48,0.344078923,12.9753915
Prpsap2,0.344033062,13.19910515
Ccdc157,0.343957787,7.606263982
Klrk1,0.3439162,0.894854586
Taf1d,0.343903814,18.12080537
1810041L15Rik,0.343900807,6.711409396
Bbip1,0.343852793,27.74049217
Cox18,0.343850574,10.06711409
Gm8773,0.343762658,0.67114094
Katnb1,0.343576628,5.592841163
Dnaja1,0.343507281,22.5950783
Tmem72,0.343480468,0.447427293
Cpsf3,0.343367285,13.87024609
Pcbp4,0.343295231,30.64876957
Esco1,0.343251728,18.79194631
Eif2s3y,0.343070066,36.24161074
Mdn1,0.342909428,38.03131991
Cpeb1,0.342727154,35.12304251
Lztfl1,0.342598658,21.92393736
Sema4a,0.342515438,13.19910515
A530017D24Rik,0.342466386,4.697986577
Adcy6,0.342362132,8.724832215
Ahcyl1,0.342311342,24.38478747
Gm12930,0.342129378,2.460850112
Acot12,0.342107871,1.342281879
Gm12371,0.342010485,10.29082774
Zfp9,0.341970813,6.040268456
Ap3m1,0.341955909,20.13422819
Ttc26,0.341906252,14.54138702
Arhgef18,0.341892552,12.08053691
Mia3,0.341818902,25.5033557
Phc2,0.341747841,47.87472036
Uhrf1bp1l,0.341407889,30.64876957
Slc27a3,0.341392936,2.684563758
Notch4,0.341208457,0.67114094
Gm12905,0.341146739,12.30425056
Wbscr17,0.341079484,61.29753915
Dicer1,0.341033781,22.37136465
Fam98a,0.340787555,16.3310962
Acads,0.340568795,7.829977629
Arhgap12,0.340475829,28.8590604
Ccdc28a,0.340240705,15.21252796
Ipo4,0.340122762,16.77852349
Dhx36,0.339882106,20.80536913
Gpatch2l,0.339879118,18.12080537
D10Wsu102e,0.339842436,3.355704698
Mcfd2,0.339757175,7.829977629
Tsc22d2,0.339673426,26.17449664
Map3k7,0.339592796,18.12080537
Obfc1,0.339504238,8.053691275
Sel1l,0.339363472,29.53020134
Fkbp5,0.33928984,18.34451902
Rangap1,0.339029285,24.60850112
Rbfox2,0.339024152,62.86353468
Sox30,0.338986077,0.447427293
Grb10,0.338735639,63.08724832
Ufd1l,0.33871198,23.04250559
Vps13c,0.338655594,32.2147651
Nr1h2,0.338562229,11.63310962
Ccdc82,0.338533057,15.43624161
Zfp446,0.338530838,5.369127517
Pi4k2a,0.338415309,16.10738255
Dcun1d3,0.33835198,19.2393736
Arcn1,0.338157194,22.5950783
Zfp941,0.338127196,17.67337808
Atp2b1,0.338120884,55.48098434
Atrnl1,0.338108976,68.23266219
Diablo,0.33810634,14.54138702
Tpk1,0.33790462,24.16107383
Rnf115,0.337856374,23.71364653
Chn1,0.337718188,45.63758389
Gm17484,0.337480845,8.948545861
Slc38a10,0.337389124,11.63310962
Mdm2,0.337275163,18.12080537
Nucb2,0.337219547,12.08053691
Tmem175,0.337168163,36.68903803
Smarce1,0.337098606,8.501118568
Spred1,0.337088517,19.91051454
Parn,0.337069062,22.14765101
Ccdc173,0.336980283,11.40939597
Gstm4,0.336978801,1.565995526
Rnft1,0.33694117,11.85682327
Golga5,0.336845271,16.55480984
Pisd,0.33680574,10.29082774
Ocrl,0.336517673,44.74272931
Dpy19l4,0.336336764,22.81879195
Gm15892,0.336278976,24.16107383
Amz2,0.336202318,16.10738255
Cep164,0.336100275,25.5033557
Elp3,0.335937827,12.9753915
Btf3l4,0.335916571,9.843400447
Ccdc130,0.335880917,6.711409396
Morf4l2,0.335837176,26.17449664
Ccdc9,0.335764276,4.921700224
Rnf34,0.335478364,19.01565996
Vangl2,0.335467457,6.935123043
Lrrc8b,0.335367354,16.10738255
Dusp3,0.335288525,13.64653244
Pidd1,0.335280866,0.67114094
Riok1,0.335143192,21.25279642
Cnih2,0.334892372,8.277404922
Sec61a2,0.334861659,48.098434
Noxred1,0.334742402,2.684563758
Gm19412,0.334503967,4.026845638
3110045C21Rik,0.334446416,1.565995526
Trmt2a,0.334422792,14.31767338
Atp11a,0.334306038,20.58165548
Trim66,0.334006981,9.395973154
Atp9b,0.333867449,47.65100671
Elovl5,0.333719675,15.43624161
Otud7a,0.333705038,74.4966443
Mrps12,0.333566972,13.19910515
Flna,0.333421646,11.18568233
Bbc3,0.333059834,2.460850112
Zfp647,0.333033236,2.460850112
Ccdc53,0.332867828,10.29082774
Senp2,0.332845821,26.84563758
Cnot8,0.332570191,13.42281879
Whamm,0.332297959,12.30425056
Stk3,0.332059122,36.24161074
Ccdc81,0.33204738,2.684563758
Mapk9,0.331924472,18.34451902
Inha,0.33184245,15.21252796
Pex3,0.331812869,15.43624161
Ginm1,0.33164488,12.30425056
Dlst,0.33154344,23.04250559
Znhit6,0.331365101,10.29082774
Klhl20,0.331310896,12.08053691
Ddx17,0.33130141,41.38702461
Ralgds,0.331112731,12.9753915
Rnh1,0.331056549,10.29082774
Arhgap42,0.330991011,11.40939597
Mrpl3,0.330990417,15.43624161
D17Wsu92e,0.330893924,21.02908277
Zfp937,0.330821429,4.474272931
Map6,0.33073789,45.1901566
Zfp612,0.330689226,30.20134228
Rad17,0.330645333,23.93736018
Fam120c,0.330635615,35.12304251
Zkscan16,0.33050296,20.80536913
Hk3,0.330433675,1.118568233
Sav1,0.330213562,4.250559284
Zfp935,0.330080986,10.51454139
Timmdc1,0.330076447,22.81879195
Tbc1d8,0.329973578,16.3310962
U2af1,0.329936257,20.35794183
Diexf,0.329876301,6.711409396
Gm26582,0.32963165,16.10738255
Srek1ip1,0.32962163,11.85682327
Ppp1r12c,0.329357236,15.43624161
Scyl3,0.329156902,4.250559284
Txndc9,0.329138011,12.30425056
Gemin2,0.328996428,8.053691275
Src,0.328928328,10.73825503
Flywch1,0.328691459,21.70022371
Ubr7,0.328622533,10.96196868
Zc3hav1,0.328601278,7.829977629
Fam214a,0.328550294,26.84563758
Wars2,0.328411866,11.63310962
RP24-236C17.2,0.328371194,35.34675615
Flii,0.328331459,14.09395973
Pdik1l,0.328314343,6.935123043
Cmtm3,0.328078394,2.460850112
Ift57,0.327995266,9.395973154
Agk,0.32766609,26.17449664
Zscan26,0.327580921,39.14988814
Rnf19a,0.327543358,17.89709172
Slc7a6,0.327371424,28.18791946
Lrrc49,0.327122043,38.9261745
Fam83h,0.326925091,0.894854586
Echdc3,0.32681894,0.447427293
Sertad2,0.326447309,24.38478747
Iqgap1,0.326374838,31.31991051
Cpsf4,0.326239177,10.29082774
Ddx39b,0.325839905,31.76733781
Gm12258,0.325658773,8.501118568
Ap3d1,0.325381603,17.44966443
Dnaja2,0.325285481,12.75167785
Rimbp2,0.325244632,47.87472036
Map3k19,0.325146283,11.63310962
Unc5d,0.325033177,91.27516779
Ift52,0.324800809,24.16107383
Maged1,0.324766095,55.70469799
Cd209g,0.324642937,0.223713647
Abl1,0.324569091,21.92393736
Mprip,0.324529792,38.25503356
AW554918,0.324430311,36.01789709
Gpi1,0.324336195,38.70246085
Arfgap1,0.324323469,25.05592841
Aard,0.324278617,3.803131991
Fntb,0.324170757,20.35794183
Rnps1,0.324166414,30.20134228
Zfp335os,0.324013089,14.09395973
Nme5,0.323966421,11.85682327
Nop58,0.323894339,13.42281879
Ywhaq,0.323828253,28.41163311
Nedd1,0.323624492,7.829977629
Aprt,0.32342294,8.724832215
Dusp16,0.323358812,9.843400447
Ptges,0.323255186,3.803131991
Gatad2a,0.323227188,15.8836689
Sox8,0.323122408,2.460850112
Otud4,0.322901345,21.25279642
Ccdc62,0.322379091,9.172259508
Klf7,0.322232208,32.2147651
Apex2,0.322223882,43.40044743
Nkiras2,0.321946758,3.355704698
Ccnd3,0.3218861,7.158836689
Mdh1b,0.321820274,0.894854586
Gls,0.321807106,61.0738255
Gls2,0.321766563,22.81879195
Bdp1,0.321723877,25.05592841
Tmem8c,0.321553436,0.223713647
Rtca,0.321482005,14.76510067
Magi1,0.321297995,73.82550336
Ptpn1,0.321266957,14.31767338
Slc38a1,0.321143288,35.5704698
Invs,0.321085695,25.72706935
Atp2c1,0.321036474,48.32214765
Afg3l2,0.320895466,21.02908277
5430419D17Rik,0.320876099,3.579418345
Camk2g,0.320734846,37.13646532
Grip1os2,0.320710993,2.237136465
Chka,0.320688391,46.53243848
Ascc3,0.320538872,47.87472036
Kcnh7,0.320496993,91.72259508
Arf4,0.320485242,32.43847875
Psmb2,0.320449703,31.99105145
Gm26843,0.32039108,8.724832215
Gm15860,0.320192806,4.474272931
Hps4,0.320148651,15.8836689
Hgs,0.320134552,15.43624161
Plcd1,0.320133945,3.803131991
Gm14412,0.320039982,1.118568233
Gpr165,0.320032019,1.565995526
Gm42477,0.319972734,23.04250559
Pdcd11,0.319838697,17.00223714
Zim3,0.319779118,15.21252796
Gm26863,0.319771365,0.447427293
Sema4d,0.31973426,21.25279642
Slx4ip,0.319679878,36.91275168
Rcc2,0.319677845,8.724832215
Kpna4,0.319540467,25.72706935
Kcnb2,0.31933897,90.15659955
Tnfaip1,0.319079197,6.487695749
Zfp286,0.318853806,10.73825503
Usp12,0.318850428,10.96196868
Vcl,0.318841916,18.34451902
Gmeb1,0.318794255,17.89709172
Gm6483,0.318639371,17.67337808
Usp47,0.318347118,37.80760626
Zfp410,0.318183453,10.73825503
Btbd9,0.318161085,65.99552573
Mrgbp,0.317968006,7.158836689
Mettl15,0.317797269,19.68680089
Sil1,0.317710114,30.87248322
Frmd4b,0.317659705,55.25727069
Pcnp,0.31762036,26.62192394
H2-T23,0.317478539,2.013422819
Nagk,0.317385069,30.87248322
Myef2,0.31725661,36.91275168
BC030343,0.317226539,1.342281879
Ankrd42,0.317161073,18.56823266
B230217O12Rik,0.317121543,12.9753915
Chl1,0.317108103,75.16778523
Bag6,0.317011137,11.85682327
Mau2,0.316955966,23.71364653
Eif2a,0.316660103,22.5950783
Asph,0.316615031,24.60850112
Csnk1g2,0.31657921,8.948545861
Adrbk2,0.316387063,18.56823266
Scml4,0.316367014,22.5950783
Esr2,0.316308973,1.342281879
Frrs1,0.316086786,1.789709172
Ttc8,0.316051139,49.44071588
Odc1,0.3160112,24.38478747
Dock9,0.31584463,43.40044743
Alkbh1,0.315689719,22.81879195
Gga1,0.315601942,15.43624161
Inpp5b,0.31545284,22.37136465
Map3k14,0.31543436,17.00223714
Gm15336,0.315384703,12.75167785
Polg2,0.315366998,5.592841163
Zbtb46,0.315334072,13.42281879
Zfp653,0.314769939,7.606263982
Ncoa3,0.314737611,27.29306488
Zfp933,0.314734427,19.91051454
Pkd1,0.314733267,42.28187919
Dyx1c1Ccpg1,0.314565698,4.921700224
Cdk7,0.314549573,22.5950783
Ubxn4,0.314493604,43.84787472
Spats1,0.314350563,7.606263982
Utp14a,0.314279113,17.22595078
Dock10,0.314251945,38.4787472
Abhd18,0.314134003,46.75615213
Cog1,0.313969345,12.52796421
Iqcg,0.313903594,7.382550336
Kmt2a,0.313873094,48.32214765
Mipol1,0.313812503,23.93736018
Gm42485,0.313393096,2.237136465
Tpp2,0.313374082,28.18791946
P3h1,0.313230705,6.935123043
Cpne3,0.31315663,12.9753915
Dram1,0.312991332,9.619686801
March7,0.31289496,41.38702461
Kat2a,0.312873463,8.948545861
Dlec1,0.312835323,2.684563758
Zbtb21,0.312800008,13.19910515
Tra2b,0.312528815,46.75615213
P4ha2,0.312492828,8.277404922
Nras,0.312208095,13.19910515
Csad,0.312175906,8.501118568
Chst1,0.312155663,16.77852349
Slc25a51,0.312022637,18.79194631
Zfp868,0.311813725,9.619686801
Rprm,0.31168692,3.803131991
Dnah8,0.311646497,2.684563758
Rnmt,0.31161815,11.40939597
Glyr1,0.31134278,30.20134228
Actr8,0.311177139,9.619686801
Rasgrf1,0.311090837,75.39149888
Hs3st2,0.311058983,14.98881432
Foxk2,0.311053061,19.91051454
Taf15,0.310821751,36.68903803
Psmd7,0.310764762,27.51677852
Hs3st1,0.31069026,3.579418345
Chst8,0.310628915,17.00223714
Fam160a2,0.310616793,11.63310962
Rad18,0.310374939,9.395973154
2610301B20Rik,0.310190874,10.51454139
Dopey2,0.310107719,29.53020134
Cers4,0.310047963,44.07158837
Pla2g6,0.309985544,7.829977629
Tmem80,0.309858097,16.77852349
Snta1,0.309804096,19.68680089
Brwd1,0.309741973,39.82102908
Rpgr,0.309693291,18.34451902
Sfrp4,0.309569567,1.342281879
Gm9934,0.309552884,2.684563758
Mysm1,0.30955194,27.96420582
Cdc26,0.309517161,17.22595078
Aimp1,0.309378344,11.85682327
Begain,0.309261218,16.77852349
Slc22a20,0.309218074,0.894854586
Cmbl,0.309177875,4.250559284
Rbsn,0.309086063,9.395973154
Golga3,0.30907099,17.22595078
Gpcpd1,0.308772991,47.87472036
Tmem150a,0.30871951,9.843400447
Chkb,0.308238021,18.34451902
Zfp507,0.308227468,8.724832215
Acap3,0.308102184,10.06711409
Shisa7,0.308093839,11.63310962
Mat2a,0.308068287,41.61073826
Proser2,0.307894801,1.789709172
Zgpat,0.307844059,11.85682327
Gm11817,0.307706077,21.25279642
Dedd,0.307310738,6.711409396
Zwint,0.307152322,63.08724832
March4,0.306992639,24.38478747
Zfp516,0.306935427,12.52796421
4921511C10Rik,0.30685643,27.29306488
4933427D14Rik,0.306651286,14.98881432
Asun,0.306531338,8.501118568
Tagln2,0.306413706,2.684563758
Med17,0.306339142,9.843400447
Cfap36,0.306082828,29.08277405
Kat7,0.305992656,16.3310962
Clk2,0.305765291,12.52796421
Tut1,0.305705304,6.487695749
Serpini1,0.305565985,40.49217002
Dph3,0.305542484,6.711409396
Wdr31,0.305498386,6.263982103
Cog7,0.305454141,13.42281879
2310040G07Rik,0.30541124,8.948545861
Tonsl,0.305368981,21.92393736
Fam96b,0.30533875,8.053691275
Gm26902,0.30526645,0.67114094
Cage1,0.305243269,11.18568233
Mov10,0.305187449,6.935123043
Ffar4,0.305128214,0.447427293
Rnf152,0.304985758,19.01565996
Uba6,0.30497604,29.08277405
Nfx1,0.304945262,29.08277405
Cacul1,0.304929965,27.29306488
Rasa2,0.304857299,30.42505593
Zeb1,0.30482059,59.50782998
Atic,0.304736925,9.619686801
C230034O21Rik,0.304701068,1.789709172
Ing4,0.304610461,17.22595078
Rhbdd3,0.304511964,12.52796421
Tmem41b,0.30448436,11.63310962
1700109G14Rik,0.304313621,0.447427293
Mllt11,0.304263186,23.93736018
Styxl1,0.304018378,2.460850112
Unk,0.303658539,18.12080537
Ass1,0.30350682,8.501118568
Gpr137b,0.303422431,9.172259508
Ralgapa2,0.303390734,56.37583893
Mier1,0.303129788,24.83221477
Nktr,0.302921135,66.44295302
2810474O19Rik,0.302741376,14.31767338
Tcf3,0.302713949,9.395973154
Slc35b3,0.302702254,13.42281879
Mfap3,0.302675671,22.5950783
Golga4,0.302598429,25.27964206
Asphd1,0.302557886,8.948545861
Pakap,0.302479465,12.75167785
Ypel5,0.302394034,7.606263982
Cstf3,0.302392347,46.08501119
St13,0.302384198,36.68903803
Nars2,0.302376624,19.91051454
Lin37,0.302139509,7.829977629
Plxna1,0.301945117,10.96196868
Kpnb1,0.301841673,9.172259508
D430042O09Rik,0.301735861,22.5950783
Tiprl,0.301596654,14.98881432
Lamp2,0.301562711,16.55480984
Tardbp,0.301208688,26.39821029
Gm26608,0.301179819,1.342281879
Zfand6,0.301161036,33.78076063
Gm20732,0.301137367,13.64653244
Rptor,0.301061174,44.29530201
Dusp11,0.301036522,18.34451902
Lactb2,0.30099442,13.19910515
Fam50a,0.300940781,8.948545861
Fbxl2,0.300913038,38.4787472
Npas4,0.30089653,2.684563758
Gm16685,0.300682317,1.789709172
Rbfox1,0.300550095,88.59060403
Pank3,0.300449352,13.42281879
Mesdc2,0.300349861,10.96196868
Armc9,0.300311398,40.71588367
Zfp451,0.300148151,23.93736018
Lekr1,0.300076877,25.72706935
Brd4,0.300075104,43.84787472
Ccnk,0.299998196,7.606263982
Crip2,0.299852445,6.935123043
Me1,0.299758969,19.46308725
Cep162,0.299626909,16.55480984
Usp3,0.29962095,14.76510067
Gm26734,0.299590925,2.013422819
Dars,0.299464498,21.70022371
Slc25a37,0.299387624,2.684563758
Gramd1a,0.299349144,32.88590604
Nme8,0.2991555,0.67114094
Gm7467,0.299110994,6.263982103
Zbtb11,0.298983399,34.45190157
Pak1,0.298740153,32.2147651
Taf2,0.298729591,14.54138702
Gm8104,0.298614062,0.894854586
Gm43597,0.298434526,5.369127517
Tnpo1,0.298405176,33.78076063
St8sia2,0.298327167,6.040268456
Lztr1,0.298325539,25.5033557
Urm1,0.298323126,11.18568233
Tmem56,0.298317176,12.52796421
Tmed5,0.298283224,13.64653244
Pus7,0.297856126,17.89709172
Ptprr,0.297842269,53.91498881
Abi2,0.297445531,46.30872483
Rad52,0.29742423,13.64653244
Ccdc12,0.297302937,23.04250559
Rnf165,0.29727433,18.34451902
Prpf18,0.297271741,15.21252796
Mcu,0.297250931,31.31991051
Tmem39b,0.297091639,14.76510067
Gm4792,0.297050177,0.223713647
Uimc1,0.297014415,22.81879195
Tmem53,0.296951234,7.829977629
Efcab1,0.296940709,7.829977629
Lig3,0.296826739,9.172259508
Fbxl21,0.296306169,3.803131991
Ice1,0.296144301,18.34451902
Arhgef33,0.296057907,9.843400447
Grb14,0.296049795,17.44966443
Fam71d,0.295938157,4.921700224
Fbxl12,0.295869488,18.34451902
Tmem179,0.29572435,21.47651007
Sik2,0.295683084,44.07158837
Prox1os,0.295561991,0.67114094
Hivep1,0.295552769,9.843400447
1110046J04Rik,0.295512087,20.58165548
Tmem186,0.295511679,14.76510067
Sgsm3,0.295434251,20.13422819
Gm13844,0.29506444,3.131991051
Usp37,0.29501133,35.34675615
Chic1,0.29494878,35.79418345
Rbm18,0.294828211,10.96196868
BC003965,0.294790871,8.724832215
Ccnt1,0.294717647,28.63534676
Psmg1,0.294700708,6.487695749
Larp7,0.294592987,8.053691275
Qars,0.294222148,5.592841163
Sptlc1,0.294208499,14.54138702
Gm26549,0.293928516,12.52796421
Atp6v1c1,0.293899743,18.12080537
Nvl,0.29389203,33.33333333
Ak4,0.293846875,3.803131991
Fam184a,0.293843375,29.75391499
Gm5141,0.293793895,11.63310962
C87436,0.293736088,6.711409396
Mum1l1,0.293458296,6.040268456
Lyzl4,0.293436213,0.67114094
Ogdh,0.293385499,40.04474273
Trim46,0.293319562,27.96420582
Tubg2,0.293179919,9.172259508
2010107G23Rik,0.293064158,8.724832215
Gm21781,0.292986094,3.355704698
Ik,0.292973039,16.10738255
Zfp445,0.292930184,3.579418345
Lrrc43,0.292814391,2.460850112
Zfp169,0.292314604,14.54138702
Prr14,0.292200058,27.74049217
Trip12,0.292152629,54.8098434
Ppp1r2,0.291939131,23.71364653
Rcan3,0.291933367,14.76510067
Tpr,0.291877593,30.87248322
Kmt2b,0.291796137,9.843400447
Dnal1,0.291718124,21.25279642
Ccl25,0.291512618,21.47651007
Ttc22,0.29148521,1.118568233
Eif4a1,0.291418492,21.70022371
Atcay,0.29123762,31.76733781
Agap1,0.291075032,60.85011186
Ankrd13c,0.291010858,25.72706935
Aldh18a1,0.290955604,7.158836689
Acadsb,0.290924112,48.76957494
Cyth3,0.290888553,29.97762864
Sumf2,0.290704441,11.85682327
Plat,0.290656932,5.14541387
Gm11250,0.290634133,6.711409396
Map3k2,0.290567471,30.20134228
Nup160,0.29055831,14.98881432
C530044C16Rik,0.290538442,0.67114094
Dhx33,0.290527504,6.711409396
Pml,0.290445092,6.040268456
Tspan17,0.290415966,24.38478747
Capza1,0.290281938,28.63534676
Ell,0.290223918,13.42281879
Arhgap26,0.290220623,83.22147651
Abca7,0.290153062,20.13422819
Pou6f2,0.29006508,25.72706935
Oxr1,0.289847721,86.80089485
Hs2st1,0.289777199,37.80760626
Rbbp4,0.289694174,23.04250559
Dtnb,0.289630483,63.31096197
Bbs9,0.289532969,39.14988814
Rgp1,0.289531122,9.843400447
Slc33a1,0.289464814,13.64653244
Dnah7a,0.289356376,7.829977629
Slc5a10,0.289136115,0.447427293
Taf1,0.288891993,29.3064877
Ddr1,0.288872316,20.58165548
4931406P16Rik,0.288803437,30.64876957
RP23-218K15.3,0.288625078,4.250559284
Atf6b,0.288594301,11.85682327
Jun,0.288563102,4.697986577
Pdlim7,0.288346749,36.01789709
Zfp780b,0.288198566,12.52796421
Ppcdc,0.288037937,12.75167785
Spef2,0.287956157,3.355704698
Stx17,0.2879176,11.63310962
Vac14,0.287767731,9.172259508
Pbdc1,0.287736709,12.52796421
Ppig,0.287700231,43.40044743
Dnaaf5,0.287443416,6.935123043
Gadl1,0.287370663,1.118568233
Zfp60,0.287350487,9.172259508
Sqstm1,0.287340983,17.44966443
3010026O09Rik,0.287239701,10.96196868
Nfic,0.287195437,13.64653244
Eea1,0.287168464,31.76733781
Zcchc9,0.287086618,11.85682327
Ptrh1,0.287068847,1.118568233
Gm27003,0.287068732,10.29082774
Rad50,0.287045119,13.42281879
Sh3d19,0.286916484,24.83221477
Ext1,0.286842444,51.901566
Zfp609,0.286635935,48.32214765
Scg2,0.286562461,49.21700224
Gpsm1,0.286559445,21.47651007
Rundc3b,0.286555305,37.13646532
Sft2d2,0.286395005,2.237136465
Atg7,0.28634578,13.87024609
0610043K17Rik,0.286265335,7.829977629
Larp4,0.286096807,19.46308725
Srpk1,0.285980656,30.87248322
Nxn,0.285846805,17.22595078
Mbd6,0.285793388,18.79194631
Zfp322a,0.285726653,13.87024609
Gm43150,0.28568211,1.118568233
Sorbs2,0.285591112,79.19463087
Trappc13,0.285583297,14.76510067
Rrp12,0.28551644,4.474272931
Slc38a2,0.285497144,24.60850112
Fam174a,0.285469513,13.42281879
Fam193b,0.285103804,35.5704698
Ubtd1,0.284918291,7.829977629
Hnf4g,0.284882148,8.501118568
Gmeb2,0.284864503,14.54138702
Rrnad1,0.284761272,30.64876957
Atp1a1,0.284625852,29.75391499
Snx1,0.284401671,24.60850112
D15Ertd621e,0.284399638,7.829977629
Amn1,0.284388964,31.54362416
Nrp1,0.284377065,29.3064877
Hpcal4,0.284375988,6.487695749
Fibp,0.284361138,12.9753915
Kcnc2,0.284282382,86.35346756
Ldha,0.283793635,13.42281879
Pnkp,0.283775583,14.09395973
Anapc1,0.283754949,25.27964206
Atp13a3,0.28362171,22.81879195
Otoa,0.283498782,1.342281879
Fnip1,0.283497039,40.49217002
Pafah2,0.283285687,4.921700224
N4bp2l2,0.283259761,49.88814318
Gas2l1,0.283248159,6.040268456
Xbp1,0.283212434,11.18568233
Mrps5,0.283154673,16.10738255
Snx4,0.283104441,16.10738255
Tubgcp2,0.283040276,9.843400447
Cdh6,0.283011726,29.53020134
Bdkrb2,0.282989608,4.026845638
Pip4k2b,0.282883434,17.22595078
Dnajb4,0.282853074,27.51677852
Ccnl2,0.282843356,34.45190157
Guf1,0.282786533,16.3310962
Acap2,0.282715083,34.45190157
Bud31,0.282655643,6.935123043
Rchy1,0.28260567,29.75391499
Suv420h2,0.282512509,12.52796421
Cdk20,0.28226208,5.369127517
Snx8,0.282182498,13.42281879
Scaf11,0.282161058,16.55480984
Nespas,0.282157445,4.026845638
Dync1i1,0.282152184,66.66666667
Git2,0.281867811,30.20134228
Zfr,0.28179715,63.31096197
Atf6,0.281780628,25.5033557
Wbp11,0.281722812,10.29082774
Eri3,0.281471287,38.70246085
Trim2,0.281461978,66.89038031
Ccnt2,0.281202851,66.44295302
Cdc27,0.281192688,29.75391499
Srsf11,0.281067821,53.24384787
Tmod3,0.280959977,28.41163311
Gm26944,0.280889232,8.277404922
Zfp719,0.280787968,9.619686801
Fam71e1,0.280655509,6.263982103
Chid1,0.280524089,14.98881432
Gm12709,0.280519179,42.95302013
Slc37a4,0.280510557,5.81655481
Spidr,0.280246084,10.29082774
Riiad1,0.280020909,9.172259508
Slc44a2,0.279868235,12.9753915
Tspyl2,0.279758664,27.96420582
Adamts3,0.279704218,9.843400447
Erich3,0.279528496,12.30425056
Fut8,0.279292852,44.74272931
Kcnn3,0.279069832,21.70022371
2700046G09Rik,0.279050634,2.908277405
Tubgcp4,0.279016202,12.52796421
Slc22a18,0.279013735,0.447427293
Tmem234,0.278975325,25.27964206
Psma7,0.27870248,18.79194631
Zgrf1,0.278566645,4.474272931
Inpp4b,0.278305019,70.24608501
Katnbl1,0.278259056,8.053691275
Tatdn1,0.278200099,11.85682327
Slc25a42,0.278169515,9.843400447
Cacng8,0.278066284,20.58165548
Foxo1,0.277921889,5.14541387
Crlf2,0.277868287,10.96196868
Fam114a1,0.277805648,0.894854586
Ybx1,0.277736078,20.35794183
Cttn,0.277674902,14.54138702
Ift81,0.277478947,26.39821029
Nckap5,0.277468821,29.97762864
Bicd2,0.277445357,9.395973154
Msantd2,0.277440827,26.39821029
Clpp,0.277388812,36.24161074
Gm28050,0.277342497,10.51454139
Hrk,0.277320348,3.355704698
Nmt2,0.277266702,36.24161074
Arfgef3,0.277168214,38.4787472
Fam161b,0.27710559,5.369127517
Csrp2,0.277064127,2.908277405
Sin3b,0.277034539,16.55480984
Lims1,0.277004011,43.40044743
R3hcc1l,0.276886821,16.55480984
Skiv2l,0.276866948,10.51454139
Thoc5,0.276818888,10.51454139
Prpf4b,0.276804631,23.04250559
Drap1,0.276779366,10.06711409
Sh3bp5l,0.276759132,12.75167785
Hdac7,0.276683496,21.47651007
Nudcd1,0.276620343,17.44966443
Dtx3,0.276584645,47.20357942
Tigar,0.276538731,2.908277405
Hnrnpll,0.276428935,20.58165548
Zranb2,0.27619189,49.44071588
Ehmt2,0.276171387,17.44966443
Picalm,0.27597106,27.74049217
P2rx4,0.275930925,16.77852349
Nck1,0.275883264,18.12080537
Plcxd1,0.275800824,4.921700224
Rcor3,0.275537576,17.44966443
Cmip,0.275516386,59.06040268
4632428C04Rik,0.275491907,1.789709172
4930555F03Rik,0.275466534,51.67785235
Slc18a1,0.275413422,2.908277405
Kansl2,0.275395408,18.12080537
Thrb,0.275177418,41.16331096
Cwf19l2,0.274846005,30.64876957
Txlng,0.274678619,34.89932886
Nptx1,0.274678136,5.369127517
Stub1,0.274565419,23.71364653
Phf8,0.274464156,24.16107383
Ric8b,0.274462365,21.92393736
Tmed8,0.274299118,12.52796421
Lonp2,0.274275143,37.80760626
Tra2a,0.2742571,67.7852349
Efr3b,0.27412245,35.34675615
Snrnp35,0.274101715,5.14541387
A830011K09Rik,0.274050207,1.118568233
Ssbp1,0.274007032,13.42281879
Spice1,0.273998465,5.592841163
Nek11,0.273918837,6.935123043
Srp68,0.273904571,12.75167785
Hid1,0.273788216,14.31767338
Cd2bp2,0.273730186,5.14541387
Rap1b,0.273622203,7.606263982
Orai2,0.273529275,11.40939597
Gpr158,0.273315916,78.97091723
Upf3b,0.27323523,20.58165548
Rqcd1,0.273030689,12.30425056
Gm37768,0.272972493,5.592841163
C230037L18Rik,0.27286528,6.711409396
Zbtb24,0.27282419,14.09395973
Fscn1,0.272582327,10.06711409
Plekha5,0.272378287,56.59955257
Xpa,0.272346646,13.42281879
Phf1,0.272331981,23.48993289
Qtrt1,0.272146328,23.26621924
Mospd2,0.272042457,13.42281879
Ccdc64,0.271965047,27.96420582
Slc25a25,0.271926881,12.9753915
Snca,0.271899128,38.03131991
Pura,0.27177067,45.1901566
1700111E14Rik,0.271554573,10.06711409
1500035N22Rik,0.271433809,4.921700224
Hist1h1c,0.271411516,4.697986577
Dscr3,0.271285719,10.96196868
Rfx8,0.27123822,0.447427293
Cnot2,0.27122084,42.50559284
Zscan22,0.270895349,14.76510067
Rsrp1,0.27068058,78.97091723
Sik3,0.270538802,69.35123043
Ogg1,0.270496004,5.81655481
Ddit3,0.270357632,11.63310962
Sms,0.270346336,23.04250559
Papola,0.270329889,43.62416107
Vps35,0.270280213,16.55480984
Cdk8,0.270245286,30.42505593
Hs3st3b1,0.270177217,2.908277405
4930599N23Rik,0.269943009,6.040268456
Pcsk4,0.269819469,3.803131991
Lclat1,0.269732778,22.81879195
Stip1,0.269613638,22.5950783
Copb1,0.269447032,17.67337808
Atg10,0.269440497,27.74049217
Gm26542,0.269315965,11.63310962
Gm28750,0.269213457,4.474272931
Ubr4,0.269094995,26.84563758
Dhx40,0.268689691,11.85682327
Dot1l,0.268680984,21.02908277
Chchd6,0.268613683,29.3064877
Gm7967,0.268532757,0.447427293
Supt3,0.26841097,41.61073826
Haus2,0.268405726,6.263982103
Pithd1,0.268217697,7.606263982
Pde1c,0.268143704,41.16331096
Eif2b5,0.26809994,6.935123043
Mpp2,0.268016953,9.395973154
Ears2,0.267824329,6.040268456
Taok1,0.267594486,46.08501119
Psd,0.267528122,21.25279642
Abcb4,0.267494133,7.606263982
Brms1,0.267428001,6.935123043
Dusp18,0.26728865,2.460850112
Lat2,0.267230597,1.342281879
Gpr137b-ps,0.267112887,8.277404922
Csnk1g1,0.267099669,52.57270694
Fkbp2,0.26693543,29.08277405
Zfp28,0.266880946,5.14541387
6430573F11Rik,0.266817956,4.250559284
Dzip3,0.266730926,46.53243848
Ecd,0.266617299,17.00223714
Atp8b3,0.266514189,1.118568233
Mrrf,0.266232053,7.829977629
Gfra1,0.26621839,16.55480984
Chd4,0.266017877,33.55704698
Evi5,0.265910265,43.84787472
Fam111a,0.265906831,11.63310962
Cdk5rap3,0.265504135,8.724832215
Dclk1,0.265269131,83.6689038
Riok3,0.265185085,27.29306488
Apobec1,0.264964485,2.460850112
Zbtb7b,0.264788055,1.565995526
Pik3r5,0.264737163,0.894854586
Uty,0.264691688,51.901566
Enkd1,0.264673106,4.026845638
Gm4128,0.264252961,6.935123043
Nubp1,0.264158398,5.369127517
Tmem107,0.264152106,8.501118568
Inhbc,0.264134432,1.118568233
Itsn2,0.26412517,42.28187919
Ammecr1l,0.264120966,20.58165548
Lin54,0.263987114,9.395973154
Lncpint,0.263927433,75.16778523
Zcchc6,0.263924184,16.10738255
Psd3,0.263833483,37.58389262
Tmem39a,0.263674961,7.382550336
Lrtm1,0.263318108,6.040268456
Skap2,0.263021343,30.87248322
Fam151b,0.262849206,2.237136465
Dnajc2,0.262696846,9.172259508
Ccdc84,0.26269407,11.85682327
Ngdn,0.262496481,8.053691275
Ankrd26,0.262367837,16.55480984
Pde6d,0.262280858,15.21252796
Nemf,0.262109351,35.5704698
Fam208b,0.262091056,21.25279642
Rab5c,0.262029871,10.51454139
Ptpn9,0.261867321,49.21700224
Rab22a,0.26171395,8.053691275
Mex3c,0.26148459,6.487695749
Gm16075,0.261242605,0.447427293
Gm20696,0.261234466,33.33333333
Prmt3,0.261178238,12.08053691
Zfp64,0.260902868,23.48993289
Lyst,0.260607014,33.55704698
Dtd1,0.260600275,44.51901566
Smg7,0.260427904,28.18791946
Luc7l3,0.260413044,55.70469799
Ube2w,0.260412228,37.80760626
Rnf11,0.260402268,20.80536913
Gstz1,0.260291083,23.04250559
Ubxn6,0.260224125,9.843400447
Tmem263,0.260064071,6.263982103
Ankrd35,0.260026018,5.369127517
Creld2,0.25995942,5.592841163
Spata5,0.259945181,23.71364653
Hist1h4c,0.259924152,0.223713647
Ino80,0.259846721,36.68903803
Phkg2,0.25949306,21.92393736
Stk10,0.259407845,9.395973154
Pten,0.25904571,32.88590604
Cers5,0.258976014,32.66219239
Hook3,0.25897166,43.84787472
Gm10069,0.258807792,16.10738255
Myh3,0.258641167,6.935123043
Ttc5,0.258578051,11.63310962
Garnl3,0.258349183,67.33780761
Cfap20,0.258345739,15.8836689
Tmem130,0.258166677,39.82102908
Vstm5,0.258119572,13.87024609
Dnaja3,0.258091179,15.8836689
Tnrc6a,0.258077943,61.96868009
Pigl,0.258010354,13.19910515
Zc3h4,0.257921584,11.40939597
Tsnax,0.257911272,13.42281879
Pin1,0.257899345,9.395973154
Atg2b,0.25777924,15.43624161
Ulk4,0.257777476,29.97762864
Plekhb2,0.257450222,16.3310962
Gm2762,0.257447613,8.277404922
Clk4,0.25742621,24.16107383
Zfp944,0.257349125,8.948545861
Wdr36,0.25732787,7.382550336
D1Ertd622e,0.257239459,7.158836689
Gnai3,0.257095382,14.31767338
Tmed4,0.257038197,15.65995526
Actn2,0.256932587,5.592841163
Kremen1,0.256906286,3.131991051
Kdm5b,0.256864694,36.91275168
Smad4,0.256832079,13.42281879
Usp9y,0.256670039,6.935123043
Slc7a1,0.256653359,10.29082774
Ranbp3,0.256646816,13.87024609
Rnf14,0.256579932,28.8590604
Zfp14,0.256434348,11.18568233
Hoxb4,0.256348557,11.85682327
Epc2,0.256234996,14.09395973
Glt8d1,0.256220525,24.60850112
Sgta,0.256116264,15.43624161
Kras,0.256097821,23.04250559
Cd63,0.256079499,8.948545861
Papss1,0.255945295,12.30425056
Arl13b,0.255790411,14.54138702
Slc7a4,0.255772915,7.382550336
Dhrs7,0.255766566,6.487695749
Arrdc1,0.25569649,11.18568233
Pcgf5,0.25538416,16.77852349
Usp31,0.254984072,21.02908277
Mid1,0.254956274,23.26621924
Cbl,0.254916566,27.51677852
Agl,0.25486096,20.35794183
Ankzf1,0.254856969,11.85682327
Nit1,0.254811692,13.42281879
Lamtor3,0.254722514,7.606263982
Fam20c,0.254597842,15.43624161
Extl2,0.254060914,9.395973154
Paqr7,0.253941375,8.501118568
Vgll4,0.25380976,19.68680089
Mfsd8,0.253645307,6.711409396
Smc5,0.253497839,29.08277405
Sharpin,0.253398896,6.487695749
Faf2,0.253390607,26.39821029
Cdk17,0.253366586,31.76733781
Pspc1,0.253363384,19.2393736
Wdr27,0.253194743,3.355704698
Tmtc1,0.253192462,42.28187919
Dcaf6,0.253023692,47.65100671
Rubcn,0.252860826,19.68680089
Fpgs,0.25286078,6.935123043
Chil5,0.252719634,1.342281879
Grb7,0.252708471,0.223713647
Stk35,0.252652081,4.921700224
Ggt7,0.25243255,31.76733781
Hacl1,0.252422349,6.263982103
Ddx19b,0.2524182,11.40939597
RP23-430B14.2,0.252373351,19.91051454
Prkar1b,0.252344791,38.4787472
Vps39,0.252035385,12.52796421
Mios,0.252028833,17.22595078
Ago3,0.251947089,57.04697987
Mbip,0.251905906,10.51454139
Mycbpap,0.251744849,7.829977629
RP24-127M20.8,0.251729451,42.72930649
Cdc16,0.251718072,14.31767338
Cd27,0.251684927,14.54138702
Tulp4,0.251422681,56.59955257
Polr2a,0.251296942,21.02908277
Vrk3,0.251295299,6.263982103
E430024P14Rik,0.251150375,10.06711409
Smyd4,0.251112663,14.98881432
Zscan18,0.251031411,4.921700224
Zfp131,0.250787599,12.75167785
Rnls,0.25076239,12.08053691
Ankrd34b,0.250694199,2.013422819
Gm28873,0.250512554,2.684563758
Tmem45a2,0.250396016,0.447427293
Dhx57,0.250337297,25.72706935
Ptp4a2,0.250279686,18.34451902
Ufl1,0.249928605,10.73825503
Wdr1,0.249842814,8.277404922
Tex10,0.24982814,10.51454139
Nup155,0.249801529,11.63310962
Morn1,0.249734645,19.68680089
Pld1,0.249702161,4.026845638
Gm9833,0.249678639,4.474272931
Nup214,0.249618875,19.68680089
Phyh,0.249513815,12.52796421
Tab3,0.249463954,8.724832215
Lmna,0.249419903,12.08053691
Syn3,0.249351274,58.1655481
Nfxl1,0.249217144,9.172259508
Gm15997,0.249190693,0.894854586
Slit3,0.249069101,55.25727069
Trafd1,0.249028335,14.09395973
Pappa2,0.24888652,6.487695749
Gm3002,0.248755861,4.921700224
Snx2,0.248743201,15.8836689
Wrn,0.248519039,21.02908277
Lsamp,0.248226628,100
Tspan5,0.248151715,29.53020134
Brdt,0.248080794,16.10738255
1700016C15Rik,0.247744624,0.223713647
Zfyve27,0.247632459,24.38478747
Rbm27,0.247428132,23.26621924
Fbxo16,0.247247399,9.619686801
Col7a1,0.247243788,3.579418345
Pmpca,0.247165775,8.724832215
Fzr1,0.247015876,8.053691275
Cdc40,0.246927347,19.46308725
Prkcsh,0.24675855,12.75167785
Sccpdh,0.246739476,10.51454139
Iglon5,0.246723001,11.63310962
Cabyr,0.246682295,2.460850112
Gpr61,0.246483718,8.277404922
Anapc5,0.246462343,35.12304251
Blvrb,0.246327983,4.474272931
Chp1,0.246278658,25.05592841
G3bp1,0.246203374,17.67337808
Hbs1l,0.245977819,17.89709172
Recql,0.245945407,6.711409396
Adal,0.245876908,8.501118568
Bop1,0.245876704,7.606263982
Heatr6,0.245826499,14.31767338
Ptprd,0.24577119,98.43400447
Josd1,0.245693826,6.935123043
Pgls,0.245648755,6.711409396
Hsd17b12,0.245625179,25.72706935
Gm3411,0.245609282,1.789709172
Zmynd12,0.245524834,4.697986577
Shox2,0.245422894,2.237136465
Azin2,0.245283436,17.22595078
Snap25,0.245271008,92.84116331
Tor1aip2,0.24522963,18.79194631
Glud1,0.24519073,29.53020134
Auts2,0.245134594,94.63087248
Usp32,0.245070235,54.58612975
Tmem214,0.245044358,19.01565996
Usp29,0.245043652,91.94630872
2700097O09Rik,0.24503167,19.2393736
Ruvbl2,0.244992881,4.250559284
Murc,0.244898734,2.908277405
Pcdh7,0.244770826,94.85458613
Med11,0.244735015,1.342281879
Plpp3,0.244622569,10.51454139
Map1s,0.244617028,10.29082774
Galntl6,0.24454347,87.69574944
Dmtf1,0.244526318,19.91051454
Cep126,0.244482452,25.950783
Gm16194,0.244418204,0.67114094
Srp54b,0.244410343,16.55480984
Azin1,0.24434164,13.87024609
Itgb1,0.244281893,24.60850112
Unc5a,0.244256619,6.263982103
Cltb,0.244230677,27.29306488
Dcc,0.244179702,96.86800895
Gm26820,0.24407932,9.395973154
Klhdc10,0.243895719,45.41387025
Tsc22d1,0.243882613,41.38702461
Cds1,0.243822393,9.843400447
Elp6,0.24372112,11.18568233
Rc3h2,0.243644528,36.68903803
Rb1,0.243642736,32.2147651
Rock1,0.24343645,50.55928412
Agbl4,0.243315751,93.95973154
Tmem237,0.243197112,12.9753915
Kmt2c,0.243192815,54.58612975
Cux1,0.243169778,46.75615213
Lingo2,0.243133867,99.77628635
Rab3gap1,0.243069675,27.96420582
Swi5,0.242814279,15.21252796
Csnk1g3,0.242773226,29.53020134
4930532G15Rik,0.242685004,8.277404922
Abcb10,0.242651469,15.8836689
Tmem55b,0.242512085,16.77852349
Kctd4,0.242494766,8.053691275
Tasp1,0.242422962,36.46532438
Ppfia2,0.242315387,87.47203579
Ahi1,0.242178974,89.93288591
Xpo6,0.242160058,30.42505593
Cdk12,0.241989516,45.41387025
Clpx,0.241984318,26.62192394
Rbm5,0.241826102,53.46756152
Ddx42,0.241779202,25.72706935
Paqr9,0.241776566,7.606263982
Snhg11,0.241724263,100
Stxbp5,0.241641229,42.28187919
Pot1a,0.241607212,12.30425056
Tbccd1,0.241503526,4.474272931
Cacna1i,0.241483487,8.948545861
RP24-236C17.3,0.24138381,10.51454139
March8,0.241211106,23.71364653
2610035D17Rik,0.240735752,25.05592841
Coro1c,0.240693251,22.14765101
Ranbp2,0.24068073,19.46308725
Znfx1,0.240651521,10.73825503
Usp4,0.240650964,23.26621924
Ppp1r18,0.240529135,1.342281879
Sh3bgrl2,0.240375687,5.14541387
Lrrtm4,0.24031466,96.42058166
2610002M06Rik,0.240043096,6.711409396
Sorl1,0.240002061,26.84563758
Syt14,0.239848366,25.950783
2310061I04Rik,0.23969208,14.54138702
Ctso,0.239604257,4.921700224
Birc6,0.239597435,61.96868009
Bcr,0.239375583,23.71364653
Csmd1,0.239359767,97.53914989
Arl3,0.239345436,38.9261745
Nrg1,0.239314296,97.53914989
Gm12689,0.239313957,2.013422819
Mlec,0.239309432,14.09395973
Lrrfip2,0.239216541,23.48993289
D830030K20Rik,0.239180129,5.14541387
Sdf2l1,0.238882288,5.81655481
Ctnna2,0.238541288,98.65771812
Smg5,0.238444127,23.71364653
Ppme1,0.238431615,21.47651007
Atp6v1a,0.238337313,32.2147651
Smarca1,0.238248728,17.89709172
Numb,0.237913993,40.04474273
1810013L24Rik,0.237431613,9.843400447
Sgip1,0.237222626,84.34004474
Ttc19,0.237209484,40.26845638
Zfp942,0.237199097,13.64653244
Clk1,0.237109,35.34675615
Cisd2,0.237029344,17.67337808
Gm16586,0.236932258,15.8836689
Tvp23b,0.236910186,14.54138702
Fgfr1op2,0.236907011,11.18568233
Rab3b,0.236683851,19.2393736
Spata17,0.236573984,4.474272931
Rhd,0.236422952,11.18568233
Nlgn2,0.236330589,15.21252796
Rnf40,0.236237828,5.592841163
Gm26917,0.236162656,34.67561521
Snapc1,0.23605418,12.30425056
Rims1,0.236040378,91.49888143
Daam1,0.236018492,33.78076063
Tmem87b,0.235930501,21.70022371
Fam155a,0.235903965,98.88143177
Gm17210,0.235758013,0.447427293
5730455P16Rik,0.235711667,14.09395973
Gab1,0.235680471,8.053691275
Sri,0.235667384,12.08053691
Klhl22,0.23552981,23.26621924
Hhla1,0.235529496,1.342281879
Asic2,0.235494725,90.82774049
Clvs2,0.23546132,31.76733781
Zdhhc21,0.235319728,26.62192394
Snx17,0.235302594,8.501118568
Casc4,0.235226438,44.74272931
Ncbp2,0.235136396,6.040268456
Eif4e2,0.235088753,9.395973154
Eif2b4,0.234989689,13.19910515
Klhl23,0.234877269,6.935123043
Tomm70a,0.234746666,20.13422819
Adcy10,0.234503021,18.12080537
Nucb1,0.234456947,13.87024609
Gm973,0.234339357,4.697986577
Lcor,0.234047373,51.4541387
Eif2ak2,0.233990166,2.237136465
Ctnnd2,0.233812295,93.51230425
Zfp688,0.233804868,2.908277405
Nbas,0.233767771,33.10961969
Snrnp70,0.233766824,80.31319911
Appbp2,0.233719692,22.37136465
Soat1,0.233547897,7.382550336
Hdac4,0.233238389,23.93736018
Camta1,0.233221171,78.52348993
Ppm1m,0.233183311,4.697986577
Mlx,0.233168628,6.487695749
Gm15688,0.232963203,0.67114094
Ccser1,0.232948345,95.74944072
Stx5a,0.232848826,33.33333333
Gpatch1,0.232846023,25.5033557
Ubn2,0.232811932,81.20805369
Simc1,0.232778128,34.00447427
Fam222b,0.232704672,40.71588367
Spink10,0.232611734,26.17449664
Bsdc1,0.232600374,14.98881432
Atxn1,0.232584576,79.86577181
Id4,0.232556638,4.697986577
Usp24,0.232524746,23.71364653
Wdpcp,0.23251462,21.70022371
Zfp286os,0.232487479,1.118568233
Serpinb6a,0.232453073,30.64876957
Ist1,0.23242624,16.10738255
Map2,0.23231175,90.82774049
Samd12,0.232266279,81.87919463
Trmt2b,0.232235983,8.277404922
Adam19,0.232197492,13.64653244
A430027H14Rik,0.23201417,3.131991051
Gipc1,0.232013009,10.51454139
Rab34,0.231966749,13.64653244
Cacng7,0.231937994,28.41163311
Smyd2,0.231918679,9.172259508
Sbno1,0.231873495,46.97986577
Pms2,0.231684984,8.724832215
Dhrs11,0.23168044,4.697986577
Ercc8,0.231662717,7.158836689
Krcc1,0.231606962,11.85682327
Pdcd6ip,0.231590886,16.77852349
Ublcp1,0.231463578,8.948545861
Gm12681,0.231384633,0.223713647
Syt1,0.231356857,95.52572707
Hp1bp3,0.231214216,17.67337808
Enkur,0.231099364,3.131991051
Ankrd16,0.231079557,10.96196868
Ndufaf4,0.231021797,12.52796421
Edem3,0.230799416,19.01565996
Dst,0.230674791,77.4049217
Tcaim,0.230669547,11.85682327
Bmyc,0.230646315,14.76510067
Rab24,0.230616947,23.04250559
2810403A07Rik,0.230565926,28.8590604
Adck5,0.230556356,12.30425056
Pacrgl,0.230505502,8.277404922
Ubap2l,0.230413056,44.07158837
Adpgk,0.230269013,6.263982103
Zfp646,0.230255208,2.908277405
Slc9a3r2,0.23022731,6.711409396
Kcnip4,0.23022008,95.97315436
Sync,0.230213962,7.382550336
Nedd4,0.230136071,53.91498881
Pfkl,0.229934658,13.19910515
Nle1,0.229927883,6.487695749
1110032A03Rik,0.229881446,15.8836689
Aff4,0.229833664,57.94183445
Mapk10,0.22981084,74.4966443
Ints8,0.229744448,19.91051454
Cadm2,0.229719898,91.27516779
Bbs4,0.229392189,16.55480984
Fam114a2,0.229223995,14.54138702
Zdhhc20,0.229196261,46.53243848
Cpt1c,0.229182135,26.84563758
Pja2,0.229168472,55.48098434
Snx19,0.229134222,8.053691275
Mrpl33,0.229126491,11.85682327
Dpp8,0.228969463,20.58165548
Cyp7b1,0.228892972,8.724832215
S100pbp,0.22885785,15.43624161
Syt6,0.22885268,18.34451902
1700013F07Rik,0.228825466,11.40939597
Agpat4,0.228817753,21.02908277
Utp11l,0.228813966,11.18568233
Copa,0.228766537,28.41163311
Pstk,0.228713102,14.31767338
Ankrd24,0.228413906,31.99105145
Sec23b,0.228405117,13.87024609
Arhgef1,0.228293161,25.950783
Sept11,0.228282422,19.68680089
1500009L16Rik,0.228197002,9.619686801
Cdk2ap2,0.228063364,5.592841163
Zc3h11a,0.227958509,3.803131991
Ubn1,0.227762776,17.67337808
Irf1,0.227730151,3.803131991
Hnrnpc,0.22764049,31.99105145
Adsl,0.227588401,7.829977629
Gm10681,0.22757884,2.460850112
Mras,0.227541974,14.09395973
Adipor1,0.227533026,10.96196868
Hsf2,0.227513989,16.77852349
Abi1,0.227403407,31.09619687
Zc3h12b,0.227261258,42.05816555
Mbnl2,0.227143528,56.82326622
4930432B10Rik,0.226930374,8.724832215
Immp2l,0.226918549,53.46756152
Dgki,0.226900691,64.20581655
Usp45,0.226893906,33.33333333
Rnf141,0.226663701,8.724832215
Txnl1,0.226594209,10.29082774
Syt9,0.22644728,15.43624161
Zfyve19,0.226395247,10.06711409
Gm7535,0.226258632,1.565995526
Pbx1,0.226218625,75.83892617
Fam189a2,0.226172049,4.697986577
Rac1,0.226149226,10.96196868
Gm17178,0.226138115,10.96196868
Cflar,0.225953428,5.369127517
Mup6,0.225720834,0.894854586
Tenm4,0.225400146,78.97091723
Rbks,0.225388135,9.843400447
Katna1,0.225311069,6.040268456
Grip1,0.225309203,79.41834452
Raph1,0.225283771,52.12527964
Fibcd1,0.225274508,3.803131991
Taf1a,0.225251518,8.501118568
Wwox,0.225218261,72.70693512
Tanc2,0.22517279,82.77404922
Prcp,0.224970579,15.65995526
Trank1,0.224927103,27.51677852
Bclaf1,0.224823891,46.30872483
Zfp346,0.224820475,19.2393736
Gm28156,0.224798582,0.894854586
Colgalt1,0.224771598,12.08053691
Capn10,0.224748588,18.12080537
Ddx46,0.224689417,17.44966443
Smpd4,0.224590706,11.18568233
Trpm3,0.224581666,76.06263982
Hspa9,0.224482714,17.67337808
Gm21092,0.224445253,79.19463087
Ift20,0.224417398,23.04250559
Psmc5,0.224395141,14.31767338
Ube2j2,0.224355035,17.89709172
Nmnat2,0.224336629,55.48098434
Yipf2,0.224274377,6.263982103
Zfand2b,0.224268241,7.829977629
Suv420h1,0.224228748,21.70022371
Tgfb3,0.224150767,2.684563758
Daam2,0.224129211,3.131991051
Cnbd2,0.224124505,19.01565996
Tank,0.224015668,12.30425056
Skil,0.223976554,11.63310962
Ift74,0.223960488,17.89709172
Cnih4,0.223945572,7.382550336
Ift88,0.223856458,24.83221477
Ogfr,0.223812305,5.592841163
Sys1,0.223780729,4.026845638
Tacr3,0.223776172,8.277404922
Gfm2,0.223564363,19.01565996
Ept1,0.223495641,13.87024609
Gbf1,0.22348261,58.38926174
Bin1,0.2234671,39.14988814
4732463B04Rik,0.223422548,9.395973154
Ivns1abp,0.223320087,6.935123043
Park2,0.223263005,83.89261745
Tceal5,0.223150325,10.96196868
Gm42567,0.22298667,5.14541387
C2cd3,0.22295358,22.5950783
Micu1,0.222922032,29.53020134
Uba5,0.222887216,10.96196868
Sh3yl1,0.222872922,5.81655481
Srr,0.222841411,32.88590604
Vegfa,0.222822467,6.040268456
Traip,0.222687428,4.250559284
Cdc14b,0.222599966,34.67561521
Camkk2,0.222564974,16.55480984
Cacna1e,0.222560881,63.98210291
Extl1,0.22240401,1.342281879
Hn1l,0.222094326,5.369127517
Vim,0.222075847,3.131991051
Atxn2l,0.222033466,36.68903803
Tmem26,0.222023256,5.592841163
Cd24a,0.221947193,4.921700224
Adnp2,0.221874907,3.803131991
Dbnl,0.221856102,13.64653244
Trip11,0.221840862,35.5704698
Ctbp1,0.22181478,11.40939597
Far1,0.221671081,29.97762864
Tox4,0.221569381,17.44966443
Fxr2,0.221288823,23.48993289
St7l,0.221074573,21.25279642
Ngly1,0.22102073,10.73825503
Ephx4,0.220896197,3.579418345
Usp34,0.220807566,70.91722595
Ttll12,0.220801496,4.250559284
9030617O03Rik,0.220634622,4.250559284
Lmnb1,0.220497121,10.96196868
Prkd2,0.220383921,7.829977629
Prdx6,0.220378176,9.619686801
Cpsf6,0.220294836,31.31991051
Gm20449,0.220242631,2.460850112
Anapc16,0.22021299,14.98881432
Gm26848,0.220080029,75.83892617
Arpc1a,0.219966783,21.70022371
Sybu,0.219943616,67.11409396
Mbtd1,0.219942808,48.99328859
Cntnap5a,0.219625318,86.35346756
Prrc2a,0.219614728,16.10738255
Rbck1,0.219534283,8.277404922
Mfsd7b,0.219500943,18.12080537
Kidins220,0.2194754,49.88814318
Ppm1k,0.219381776,11.18568233
Mbd5,0.219307021,78.52348993
4932438A13Rik,0.219263322,52.79642058
Zbtb20,0.219170607,85.23489933
Kcnj6,0.219169354,25.05592841
Mad1l1,0.219125136,64.20581655
Camta2,0.219117702,12.52796421
Sestd1,0.219073428,14.54138702
Zfp160,0.219043058,15.21252796
Dgkh,0.21902443,27.29306488
Akap10,0.218987897,32.43847875
Prkcg,0.218935613,11.40939597
Dhx9,0.218913773,10.96196868
Sez6l,0.218834211,34.00447427
9530052E02Rik,0.218792443,11.40939597
G3bp2,0.218715646,23.04250559
Rnf213,0.218669578,6.263982103
Safb2,0.218666611,29.3064877
Gm13481,0.218415169,9.172259508
Cacna1d,0.218261186,64.65324385
Psma3,0.218152544,38.9261745
Grhpr,0.218127836,4.697986577
Sun1,0.217974975,18.12080537
Lsg1,0.217914598,8.277404922
Cpsf7,0.217888832,29.08277405
Fkbp4,0.217878882,15.8836689
Smc2os,0.217830957,1.118568233
2210408I21Rik,0.217802289,52.34899329
Cdc42ep3,0.217586341,4.250559284
Nf1,0.217533649,67.11409396
Ube2d3,0.217421609,27.06935123
Ptprt,0.217397235,78.97091723
Rpgrip1l,0.217371729,13.64653244
Crmp1,0.217228605,21.02908277
Zdhhc5,0.217094308,6.487695749
Enah,0.217033467,57.27069351
Bcl2l15,0.217020545,2.013422819
Tbc1d1,0.217016713,17.00223714
Camkmt,0.217015581,44.74272931
Grina,0.216866043,36.46532438
Slc38a6,0.216792541,21.25279642
Gm26569,0.216752331,0.894854586
Gm15337,0.216663229,5.369127517
Uggt2,0.2166375,34.45190157
Akap6,0.216533285,83.89261745
Slc24a5,0.216482022,34.89932886
Mtmr12,0.21639005,13.64653244
Rnf168,0.216349126,9.395973154
Dazap2,0.216261749,7.382550336
Pnpt1,0.216253441,22.81879195
Msrb2,0.216233346,7.158836689
Ubr3,0.216144289,51.23042506
Lrrtm3,0.216033103,71.36465324
Wdfy2,0.216003856,17.44966443
Gm20499,0.215976791,4.474272931
A930015D03Rik,0.215907011,56.37583893
Tceal3,0.215652766,11.63310962
Samd8,0.215648404,11.63310962
Hiatl1,0.215574744,13.42281879
Ap2a2,0.215533673,27.29306488
Dtna,0.215530935,59.73154362
Ostc,0.215517931,12.08053691
Syt13,0.215517337,12.30425056
Slc35c2,0.215464106,7.158836689
Zfp800,0.215443093,11.18568233
Rgs13,0.21538856,0.447427293
Tcaf1,0.215375049,45.1901566
Hif1an,0.215313789,6.711409396
Plekhm1,0.215311998,6.487695749
Xpc,0.215242524,9.843400447
Sltm,0.21507821,63.31096197
Ppil4,0.214954652,22.14765101
Tuft1,0.214762382,5.592841163
Mrpl40,0.214666093,7.382550336
Zfp950,0.214585556,40.49217002
Fam219b,0.214541969,4.921700224
4930593A02Rik,0.214526691,5.81655481
Wbscr22,0.214491161,10.96196868
Gk5,0.214452428,10.06711409
Lin52,0.214378416,23.71364653
5330434G04Rik,0.214350673,75.16778523
Snx18,0.214305276,5.14541387
Uspl1,0.21427073,4.921700224
Arhgap5,0.214223773,44.96644295
Faxc,0.214205062,15.8836689
Stam2,0.214188967,14.09395973
Pnma1,0.214106605,0.894854586
Ptk2,0.214104847,59.73154362
Spdef,0.214033739,1.118568233
Mllt10,0.213986904,68.45637584
Ccar1,0.213982514,46.30872483
Wasl,0.213867495,17.44966443
Pggt1b,0.213654406,8.277404922
Cfap46,0.213471361,17.89709172
B4galt3,0.213414743,9.172259508
Ilk,0.213383779,8.948545861
Mpzl1,0.213374451,13.64653244
Grid2,0.213304838,97.98657718
Rsrc2,0.213212875,38.9261745
Pdxdc1,0.213064925,26.17449664
Nosip,0.213017325,4.474272931
Ifitm7,0.212956644,5.592841163
Tmem2,0.212938424,17.67337808
Ints7,0.212928669,10.51454139
Irak3,0.212894304,0.67114094
Zcchc7,0.212850127,64.20581655
Atp6v1b2,0.212753607,38.9261745
Scaf8,0.212738515,42.72930649
E130304I02Rik,0.212728048,1.565995526
Ttc28,0.21268689,44.07158837
Stag2,0.212653903,32.2147651
Ccdc136,0.212562571,27.06935123
Socs7,0.212465456,19.68680089
Frmd6,0.212456267,5.81655481
Tfam,0.212423308,6.711409396
Dip2c,0.212304474,78.52348993
Relb,0.212199131,2.460850112
Ppp2r2b,0.212168061,89.26174497
4930404N11Rik,0.212127389,0.894854586
Ssh2,0.212031648,72.48322148
Elavl4,0.211940706,56.82326622
Scrn3,0.211767648,7.829977629
Cacna1c,0.211667879,69.35123043
Puf60,0.211613999,15.65995526
Nae1,0.211539745,19.91051454
Sra1,0.211533777,13.42281879
Neo1,0.211113669,42.28187919
Mapk8,0.21111068,34.00447427
9330182L06Rik,0.211042571,34.67561521
Creld1,0.210971853,17.44966443
Rnf121,0.21078698,15.21252796
Fuz,0.210687258,7.382550336
Luc7l2,0.210667515,78.52348993
Ikbkap,0.210642613,13.19910515
Ankrd17,0.210622044,60.17897092
Gm26905,0.210582096,34.67561521
Plpp1,0.210516549,19.2393736
Ptbp2,0.210487989,38.70246085
Nkiras1,0.210452004,17.89709172
Mmp23,0.210249198,2.237136465
Npepps,0.210148668,53.24384787
Mllt3,0.210121862,53.69127517
Pvr,0.210085599,4.250559284
Wnt5b,0.210051284,9.619686801
Gm13830,0.209993914,15.43624161
Exosc8,0.209969652,5.14541387
Lrch3,0.20992884,41.8344519
Sec22b,0.209737934,8.053691275
Stau2,0.209728309,57.27069351
Fbl,0.209692305,14.76510067
Ranbp10,0.209650036,24.60850112
Wdr59,0.209554082,12.9753915
Synrg,0.209383159,25.05592841
Whsc1,0.2093816,40.04474273
Mapre1,0.209361487,13.64653244
Tbck,0.209301555,30.42505593
Gm28198,0.209218372,36.46532438
Trim36,0.209211228,4.026845638
Exoc6,0.208938556,18.34451902
Elfn1,0.208729235,6.040268456
U2surp,0.2086205,39.14988814
Orc4,0.208617279,19.2393736
Tspan31,0.208524908,7.829977629
Terf1,0.208513844,21.02908277
Dner,0.208440815,51.23042506
Grk6,0.208408162,9.395973154
Tia1,0.208315308,44.29530201
Fam178a,0.207814523,35.79418345
Zmynd8,0.207802837,64.87695749
Mief1,0.207632982,11.40939597
Gm16638,0.207526335,6.040268456
Lgals8,0.207524581,14.31767338
Agpat5,0.207517824,14.31767338
Ntrk3,0.20748454,66.89038031
Afm,0.207348981,2.908277405
Mon2,0.207293281,25.950783
Exosc10,0.207170345,17.89709172
Ovgp1,0.207146658,4.250559284
Ftx,0.207120771,67.56152125
C2cd5,0.207102291,46.75615213
Stim1,0.207072506,48.098434
Reps1,0.207045868,27.74049217
Slc35f4,0.207030609,42.05816555
Nop56,0.206996842,36.46532438
Vps8,0.206912638,29.75391499
Fbxo11,0.206857867,51.901566
Ctif,0.206581448,37.13646532
Chd9,0.206484176,76.73378076
Ppih,0.206416169,5.14541387
Tmem51,0.206335375,1.565995526
Fam185a,0.20630477,7.606263982
Pqlc1,0.20619158,4.697986577
Phb2,0.206186651,11.18568233
Farp1,0.206135091,46.30872483
Mycbp2,0.205756639,74.27293065
Gm10563,0.205695797,14.31767338
Smyd3,0.205665697,68.45637584
Pank2,0.205614805,16.55480984
Ralgapa1,0.205438341,68.90380313
Gapdh,0.205396252,1.789709172
Orc1,0.205356031,6.263982103
Usp16,0.20535269,14.31767338
Ap2b1,0.205346786,41.16331096
Lars,0.205237355,26.17449664
Arid5b,0.205153588,47.87472036
Cxxc1,0.205145754,7.382550336
Them4,0.205113212,11.85682327
Capns1,0.205063008,24.16107383
Foxa3,0.205041673,0.67114094
Cd276,0.20495611,3.803131991
Sf3b6,0.204776064,17.00223714
Xrcc5,0.204636077,14.76510067
Arih1,0.20452892,58.1655481
Fam159a,0.204485689,0.894854586
Josd2,0.20444647,24.83221477
Rbpj,0.204445644,11.85682327
Gkap1,0.204412137,34.67561521
Rnf146,0.204354099,10.06711409
Srrm2,0.204301564,76.51006711
Sars,0.204293972,25.72706935
Akt1s1,0.204293907,6.040268456
Mtch2,0.204247702,22.14765101
Ccdc15,0.204065957,9.395973154
Gmppa,0.204038372,7.606263982
C530008M17Rik,0.204028738,54.13870246
Nin,0.203790207,22.14765101
Atg12,0.203766734,8.277404922
Celsr3,0.203749488,16.3310962
Imp4,0.203694244,5.592841163
Kif6,0.203674186,6.935123043
Bcl7b,0.203669628,5.81655481
Alg1,0.203654546,6.263982103
Hspa4l,0.203501722,32.66219239
Gmpr,0.203475659,11.18568233
Slc2a9,0.203412265,4.474272931
Cap1,0.203325537,10.73825503
Tsc2,0.203264166,10.29082774
Trp53inp2,0.203226845,10.06711409
Apaf1,0.203086078,12.08053691
1700024B18Rik,0.203083489,11.63310962
Tnks2,0.202938193,32.2147651
Gm13402,0.202858509,6.935123043
Dtd2,0.202777267,4.026845638
Gm826,0.202714812,0.223713647
Jkamp,0.202674676,20.80536913
Galnt13,0.202664605,82.77404922
Vps37c,0.202602724,5.14541387
Xrcc6,0.20239151,15.21252796
Rapgef2,0.202145749,48.32214765
Taf11,0.202090652,8.501118568
Scfd1,0.202073481,52.79642058
Syne1,0.20202801,57.27069351
Herpud2,0.201920918,14.09395973
Nav1,0.201891597,55.92841163
Mapk1,0.201887597,30.42505593
Pmm2,0.201815459,10.96196868
Plekhg2,0.201654912,0.894854586
Rabgap1,0.20161877,58.1655481
Pim3,0.201177843,4.474272931
Efhd2,0.20113873,4.474272931
Lonrf3,0.201042888,1.565995526
Rassf1,0.200948928,9.619686801
C330018D20Rik,0.200945717,5.14541387
Sptlc2,0.200915793,19.01565996
Rab6a,0.200877496,30.64876957
Irak2,0.200877227,6.263982103
Adprhl2,0.200836156,9.843400447
Dennd5b,0.200800291,57.94183445
Galk2,0.200694015,21.25279642
Slc6a17,0.2006265,26.84563758
Snx15,0.200576416,9.395973154
Gm13660,0.200449071,0.447427293
Kdm5d,0.200434081,21.02908277
Hspa4,0.200294095,21.25279642
5430402O13Rik,0.200289064,6.711409396
Celf4,0.200118225,86.57718121
Rbm6,0.200072754,66.66666667
Tfb2m,0.200023811,7.829977629
Cacna1a,0.19993634,78.29977629
Commd2,0.199930261,3.355704698
Gpank1,0.199896299,2.908277405
Zbtb37,0.199865567,7.382550336
Ccdc57,0.199676573,26.84563758
Cdkl1,0.199634444,11.18568233
Iqcd,0.199484806,2.237136465
Pdzd11,0.199460662,6.711409396
Cope,0.199457349,17.22595078
4932443I19Rik,0.199427889,3.579418345
Fip1l1,0.19942619,22.14765101
Aak1,0.199345216,56.37583893
Gm17359,0.199292144,14.76510067
Bora,0.199183084,3.803131991
Trmt11,0.199055052,17.44966443
Mtfr1,0.198983985,3.579418345
Crk,0.198916866,20.13422819
Gap43,0.198849397,55.25727069
Jazf1,0.198799563,45.63758389
Doc2b,0.19873293,5.592841163
Snx30,0.198677184,19.01565996
Pinx1,0.198671996,8.277404922
Prim2,0.198527053,10.29082774
Bet1l,0.198499439,7.829977629
Cdk14,0.198481266,62.19239374
Appbp2os,0.198408441,2.684563758
Sike1,0.198366813,8.948545861
Aste1,0.198343767,9.172259508
Ptgis,0.198016452,1.118568233
Ppp2r2d,0.197950621,9.395973154
Pbx4,0.197905967,17.89709172
Rab7,0.197883143,17.22595078
Tppp3,0.197784637,16.55480984
Thoc1,0.197782715,50.78299776
Prickle1,0.197753729,56.37583893
Syt10,0.197748095,12.08053691
Gm37494,0.197670648,12.9753915
Sec63,0.197575176,24.83221477
B3gat3,0.197558265,12.52796421
Snx3,0.197436554,18.79194631
Nudcd2,0.197429779,9.619686801
Zfp810,0.197159356,14.09395973
Zfp92,0.197100705,2.460850112
Zfp715,0.19705528,6.040268456
Psmd1,0.19703035,37.36017897
Caps2,0.196852383,0.67114094
Osbpl6,0.196798836,60.17897092
Cd52,0.196501664,4.250559284
Ddb1,0.196463581,11.63310962
Ppp5c,0.196421098,11.85682327
Zfp943,0.19641655,17.22595078
Utp20,0.196386728,10.73825503
Ispd,0.196286718,36.01789709
Klc1,0.196176535,47.65100671
Pip5k1a,0.196107404,26.84563758
Trpc1,0.196038098,26.84563758
Bfar,0.19591854,16.10738255
Rnf111,0.195894733,26.39821029
Erich1,0.195854747,5.592841163
Atg3,0.195776762,17.00223714
Ccdc59,0.195666542,10.29082774
Nf2,0.195603826,20.58165548
Hnrnpa3,0.195603436,25.27964206
Prkra,0.19559743,8.277404922
1700049G17Rik,0.195531122,6.263982103
Plekha6,0.195484528,39.82102908
Sars2,0.195454521,5.592841163
Dagla,0.195374651,9.843400447
Mtf1,0.195273972,11.63310962
Nek7,0.19514116,14.09395973
Gm15879,0.195127525,3.579418345
Unc79,0.195070935,69.35123043
Rnf114,0.19504644,14.98881432
Trim35,0.195029204,30.64876957
Gm15726,0.19501707,0.67114094
Nefm,0.194958329,27.51677852
Hps5,0.194945947,10.06711409
4931429I11Rik,0.194908547,2.908277405
Fgf7,0.194831051,1.118568233
Atg16l1,0.194691657,31.99105145
Mapk8ip3,0.194605875,35.5704698
Grm7,0.194570753,93.95973154
Fbxw9,0.19454663,8.948545861
Rps6kl1,0.194313548,15.65995526
Socs6,0.194233929,15.8836689
Ank3,0.194206984,93.06487696
Polr3f,0.19418326,8.501118568
Tbkbp1,0.194086981,12.75167785
Xpr1,0.193943273,39.82102908
Tctn3,0.193770642,5.81655481
Orc5,0.193736318,20.13422819
Zpr1,0.193657266,6.711409396
Sbf2,0.19361586,58.38926174
Aatf,0.193560226,24.16107383
Nbea,0.193433976,89.26174497
Sptbn1,0.193297563,62.86353468
Tbc1d15,0.193231347,9.172259508
Eif1a,0.19323053,5.369127517
Dcakd,0.193224636,19.01565996
Mapk12,0.193194814,7.158836689
Mllt6,0.193178562,17.00223714
Klb,0.193125821,2.460850112
Gm43713,0.192979265,53.46756152
Arhgef17,0.192968471,11.63310962
Micall1,0.192934323,11.40939597
Vmn2r2,0.192896509,0.447427293
Gpc6,0.192888323,68.68008949
Brix1,0.19286976,8.053691275
Pacrg,0.19275191,50.78299776
Tex2,0.192713743,21.92393736
Orc2,0.192658165,31.31991051
Rfwd2,0.19259025,29.08277405
Hsbp1,0.192520712,15.8836689
Arl16,0.19245199,8.277404922
Paip2,0.192388707,30.42505593
Aup1,0.192388661,12.30425056
Ap3b2,0.192241973,31.09619687
Gnb1,0.192160786,48.99328859
Irgm1,0.192104754,1.342281879
Celf1,0.19205852,45.63758389
Gpr89,0.192045544,11.40939597
St3gal2,0.191975439,10.51454139
Vps13b,0.191887959,64.87695749
Mrps18c,0.191756623,9.619686801
Fam135a,0.191714196,35.5704698
Gca,0.19170834,5.14541387
Acvr1,0.191669496,23.04250559
Dennd1a,0.191660604,73.15436242
Zfp808,0.191588866,16.77852349
Ubr2,0.191454058,20.13422819
Iqce,0.191317636,19.91051454
Cspp1,0.191251364,54.58612975
Ccdc163,0.19121769,4.474272931
Reep3,0.191074789,19.91051454
Ube2r2,0.191069257,35.34675615
Ahctf1,0.19097114,20.58165548
Zfand4,0.190635142,10.51454139
Ascc2,0.190572017,14.98881432
Cactin,0.190469297,3.579418345
Gm43507,0.190456946,1.118568233
Mapt,0.190387414,74.4966443
Myo9a,0.190296471,67.33780761
Ddx5,0.190287329,42.50559284
Mgat1,0.190089656,5.369127517
Fmn2,0.190069116,58.61297539
Mrps23,0.190004859,3.579418345
Fbxo45,0.189990379,7.382550336
Coq9,0.189988031,9.843400447
Akr1b10,0.189901637,5.81655481
Rit2,0.189659876,78.52348993
Ppp2r4,0.189653491,30.20134228
Dld,0.189624272,16.77852349
Usp14,0.189587776,33.33333333
Atg13,0.189534527,18.56823266
Nr3c2,0.189477992,51.23042506
Prkaa1,0.189397891,9.619686801
Rgs19,0.18939209,3.579418345
Ddx21,0.189209435,5.369127517
Kcnq1ot1,0.189205166,74.72035794
Gm19710,0.189201174,29.08277405
Tbc1d20,0.189042253,8.053691275
Wbp5,0.188890766,11.18568233
Mfn1,0.188847718,25.27964206
Ccdc34,0.188799026,13.87024609
Zfhx3,0.188750455,54.36241611
Usp9x,0.188704984,47.42729306
Nyap2,0.188523099,64.65324385
Adat1,0.188456317,16.55480984
Gm20655,0.188356079,0.67114094
Tpcn1,0.188352845,10.29082774
Drosha,0.188322865,12.30425056
Madd,0.188110648,29.08277405
Cacfd1,0.188015678,8.053691275
Dpf1,0.188011325,11.40939597
Tmem248,0.187984315,10.29082774
9330159F19Rik,0.187977446,44.96644295
Asxl2,0.18787041,38.70246085
Usp28,0.187738099,12.30425056
Rsrc1,0.187699246,38.70246085
Zfp408,0.187532389,10.29082774
Grin2b,0.187522736,69.57494407
Glod5,0.187353437,3.579418345
Dynlt1a,0.187262105,4.697986577
3110002H16Rik,0.187147755,6.711409396
Plaa,0.187107713,27.29306488
Slc25a1,0.187098302,6.711409396
Fhit,0.187068025,51.901566
Tmeff2,0.186977083,67.11409396
Nlk,0.186931611,56.82326622
F420014N23Rik,0.186830337,2.013422819
Sstr2,0.186807617,6.487695749
Rbm33,0.186764773,22.5950783
Rbms1,0.186749727,58.61297539
Huwe1,0.186613314,53.69127517
Zfp523,0.186484781,17.67337808
Cyb561d1,0.186482121,2.460850112
Atrx,0.18643143,49.88814318
Cep170,0.186383944,27.29306488
Oaz2,0.186256256,24.60850112
Dcaf15,0.186231372,6.935123043
Zfp711,0.186193669,9.172259508
Rcc1,0.185914104,16.3310962
Rad51c,0.185906531,7.158836689
Ldlrad4,0.185885777,50.11185682
B230354K17Rik,0.185878314,4.921700224
Ppp2r3c,0.185864048,8.277404922
N6amt1,0.185752436,5.369127517
Ptprn2,0.185749363,81.20805369
Pycr2,0.185650188,9.619686801
Uckl1,0.185644833,10.73825503
Kif21a,0.185567479,57.27069351
Pitpnb,0.185547551,11.18568233
Pbx3,0.185431066,75.83892617
1810022K09Rik,0.185269211,29.97762864
Cc2d1b,0.185168876,9.172259508
Klhl2,0.185167735,24.60850112
Rbm43,0.18516249,3.355704698
Tbk1,0.185139917,14.98881432
Sidt1,0.185044817,24.83221477
Ssu72,0.184872827,13.64653244
Stox2,0.184839942,50.11185682
Sec16a,0.184836303,16.55480984
Nipal2,0.18461435,29.08277405
Pdrg1,0.184590078,11.40939597
Iws1,0.184565463,17.44966443
Rbm26,0.184476173,56.82326622
Srpk2,0.184430702,67.56152125
Klhl15,0.184381008,15.65995526
Dnajc1,0.18433976,47.87472036
Pprc1,0.184249328,8.724832215
Ube2v2,0.184244799,19.2393736
Coq10a,0.184227275,4.697986577
Gon4l,0.184148937,44.07158837
1110008L16Rik,0.184051981,14.31767338
Gm4944,0.183981653,6.487695749
Ptbp1,0.183978265,6.935123043
Il22ra1,0.183647838,0.223713647
Fbxl17,0.183566752,70.6935123
4933408B17Rik,0.183346042,6.487695749
Snx14,0.183253355,14.98881432
Prkg1,0.183157512,68.23266219
Zfp57,0.183138159,8.948545861
Trappc8,0.183094944,28.18791946
Acaca,0.182975628,55.92841163
Fnbp4,0.182956322,19.91051454
Mpv17,0.182887609,14.54138702
Rab9b,0.182839131,7.829977629
Mtmr2,0.182667178,6.935123043
Fam195b,0.182301024,10.96196868
Ubxn10,0.182299381,2.013422819
Zfp641,0.182284966,14.31767338
Nadk,0.1822393,16.10738255
Gm20388,0.182202619,90.60402685
Tbc1d5,0.182157148,45.86129754
Pdcd10,0.182064164,19.46308725
Golga7,0.181999201,8.724832215
Erc2,0.181929793,77.85234899
Dram2,0.18190709,13.19910515
Tars2,0.181906291,8.948545861
Eif4g1,0.181884322,46.53243848
C77370,0.18181082,30.42505593
Tbrg1,0.181800424,5.369127517
Mta1,0.181723395,9.172259508
Nbeal1,0.181702437,49.66442953
Gdi1,0.18156104,33.55704698
Mast3,0.181545855,4.250559284
Kmt2d,0.18135609,19.2393736
Snapin,0.181307798,7.158836689
Clasp2,0.181293198,69.35123043
Chd8,0.181180601,38.70246085
Psmd14,0.181165908,37.80760626
Ddx1,0.181118609,18.34451902
Tob2,0.180840575,5.592841163
Rae1,0.180826318,16.10738255
5530401A14Rik,0.180590173,4.026845638
Gria2,0.180520189,84.34004474
1700001O22Rik,0.180439714,1.118568233
Sh3glb1,0.180342454,30.87248322
Whsc1l1,0.180338305,58.1655481
D330050G23Rik,0.180290065,1.342281879
Pdcd6,0.180194058,8.948545861
Nol4,0.180110949,62.41610738
Scn3a,0.180020007,53.02013423
Tgfbrap1,0.17995162,9.619686801
Mms19,0.179623818,16.3310962
Gm16541,0.179492352,9.172259508
Trim26,0.179399043,16.77852349
Prkrip1,0.179324538,6.263982103
Kdm2a,0.179201528,47.65100671
Tjp1,0.179156057,68.68008949
Fam227a,0.178964965,12.52796421
Tab1,0.178800734,6.263982103
Herc1,0.178792288,62.41610738
Lrrc42,0.178731038,7.382550336
Dync1h1,0.178701346,45.86129754
Pafah1b1,0.178610404,64.87695749
Rars,0.178563448,6.487695749
Rffl,0.178464208,15.43624161
Vps33a,0.178402447,10.96196868
Sobp,0.178383048,51.67785235
Thsd1,0.178370727,3.131991051
Thnsl1,0.178322179,5.592841163
Npdc1,0.178313129,32.66219239
Rspry1,0.17828275,31.09619687
AI314180,0.178201164,50.33557047
Zkscan2,0.178186388,10.29082774
Spdl1,0.178121514,0.447427293
Focad,0.178110222,46.53243848
Fbxl19,0.177999955,15.8836689
Cpne2,0.177991175,6.263982103
Cox7b,0.177941026,29.75391499
Map1b,0.177928338,79.19463087
Slmap,0.177909848,30.42505593
Nipbl,0.177882866,47.42729306
Srrm1,0.17761004,46.30872483
Arglu1,0.177519098,58.1655481
Pcgf2,0.177446552,11.18568233
Apbb2,0.177428156,54.13870246
Ndfip2,0.177361996,22.81879195
Alg5,0.177210231,7.158836689
Wdr74,0.177150057,4.921700224
Caprin1,0.177141416,31.99105145
Ppm1b,0.177132246,17.00223714
Dpagt1,0.177110155,6.040268456
Rbm39,0.177109858,78.52348993
Adam22,0.177018916,57.94183445
Cox19,0.176991052,12.08053691
Scmh1,0.176927974,59.95525727
Kcna6,0.176905865,11.63310962
Pdzd4,0.176746089,49.44071588
Gm28153,0.176655147,41.38702461
Anxa9,0.176413554,1.565995526
Kdm5c,0.176291379,46.53243848
Zfp207,0.176179785,41.61073826
BC003331,0.175981147,11.18568233
Fam76a,0.175683325,19.01565996
Map4,0.175654784,52.34899329
Eno3,0.175654468,3.579418345
Gosr1,0.175623152,15.65995526
Scfd2,0.175603326,24.83221477
Gak,0.175420253,25.27964206
Gsk3b,0.175381957,54.13870246
Fam179a,0.175365166,4.026845638
Fbxo38,0.175302283,17.89709172
Tmem167,0.175228419,18.12080537
Tgds,0.175073467,2.460850112
Amigo2,0.174980727,2.460850112
Ppp6c,0.174897016,18.34451902
Snx21,0.174893052,20.80536913
Suv39h1,0.174775221,2.684563758
Gm17276,0.174630983,36.01789709
Bach2,0.174608949,52.34899329
Rapgef6,0.174563478,60.62639821
Zfp106,0.174541786,18.12080537
Setd5,0.174336122,55.25727069
Bpifb5,0.174243241,0.67114094
Rab26os,0.174193267,7.829977629
Gpx7,0.17415809,2.460850112
Pkd2,0.174145253,18.56823266
Lrsam1,0.174144854,13.87024609
Mboat7,0.173773744,17.89709172
Ggnbp1,0.173621041,14.76510067
Caml,0.17355515,29.53020134
Adss,0.173490587,14.31767338
Gm26694,0.173472172,54.58612975
Tnfrsf1b,0.173420755,2.237136465
Tdp2,0.173393444,5.81655481
Kifap3,0.17336752,39.14988814
Ncor1,0.173335758,61.74496644
Erc1,0.173153874,48.098434
Adipor2,0.173120237,11.18568233
Cnbp,0.173107354,15.8836689
Tmem218,0.173059646,5.369127517
Spata24,0.173050513,3.803131991
Pmvk,0.173047181,14.54138702
Gm44053,0.172966105,2.908277405
Dpy19l3,0.172937926,5.369127517
Pxmp2,0.172902181,2.460850112
4930516K23Rik,0.172719722,4.697986577
Tmod2,0.172708074,31.99105145
Pacs1,0.172699163,54.8098434
Ly6e,0.172498335,10.51454139
Nprl2,0.172401833,8.948545861
Baz2a,0.172396923,29.08277405
Nkx6-3,0.172378802,0.223713647
Gtf3c3,0.172115715,9.843400447
Cfap43,0.172097412,3.803131991
Appl1,0.172042111,39.37360179
Gm15489,0.172036282,6.711409396
Slc25a53,0.171941349,7.158836689
Tmem126a,0.171607857,50.78299776
Hsp90b1,0.171571696,27.51677852
Ret,0.171568484,8.501118568
Midn,0.171561876,3.803131991
Hmgxb3,0.171542264,13.19910515
Pnisr,0.171425973,69.35123043
Crebl2,0.171364742,11.40939597
Cotl1,0.171243801,8.277404922
Hdac3,0.17121409,31.31991051
Ace,0.1712128,3.355704698
Arl15,0.171198618,48.098434
Mvd,0.171069453,4.474272931
Mtfr1l,0.171026776,7.158836689
Naip5,0.170902225,0.223713647
Prpf40b,0.170899143,18.12080537
Mapkap1,0.170860847,32.88590604
Zcrb1,0.17085486,17.89709172
Kif2a,0.170698436,37.58389262
Prosc,0.170642179,13.64653244
Rad23b,0.170481365,18.79194631
Qsox1,0.170416801,9.843400447
Cab39,0.170242685,22.37136465
Tsfm,0.17014158,8.501118568
Lrif1,0.170104694,21.02908277
Cnot7,0.169994855,10.51454139
Rsph3a,0.169919376,7.829977629
Bik,0.169916539,0.223713647
Zfp273,0.169877487,4.921700224
Cep83os,0.169709303,9.619686801
Gnai1,0.169675991,20.80536913
Wdr7,0.169561659,42.95302013
Pias1,0.169537434,42.05816555
Nxpe2,0.169532978,5.592841163
Crebzf,0.169479005,14.31767338
Ube3c,0.169470717,48.5458613
Tssc4,0.169460924,10.29082774
Pop1,0.169383645,5.14541387
Dvl1,0.169363634,13.19910515
Faf1,0.169334303,53.69127517
Senp6,0.169285649,41.16331096
Rnf123,0.169238925,12.52796421
Lasp1,0.169086816,8.501118568
Ccdc186,0.16891606,10.73825503
Rexo2,0.168864825,9.843400447
Sntg1,0.168834121,88.14317673
Nme7,0.168783434,14.54138702
Gm38165,0.16875893,1.342281879
Ssb,0.168675813,21.02908277
Gabrg3,0.168652237,84.1163311
Nalcn,0.168606766,71.81208054
Timm9,0.168593632,26.62192394
Acat3,0.16854306,1.118568233
Dpp6,0.168515824,91.05145414
Ica1,0.168288469,53.69127517
Fastk,0.168233419,16.55480984
Ift46,0.168209574,10.06711409
Ring1,0.168186184,29.3064877
Ythdf2,0.168169264,12.30425056
Ash2l,0.168150988,9.619686801
Kin,0.168146412,6.263982103
Fubp1,0.168106584,44.29530201
Rpn2,0.167946892,20.58165548
Tnrc6b,0.167833758,65.54809843
Nup98,0.167800186,31.31991051
Add1,0.167717393,41.16331096
Phyhipl,0.167631389,24.16107383
Rsad1,0.167612463,6.263982103
Map3k12,0.16759106,19.46308725
Ip6k2,0.167484645,19.68680089
Safb,0.167442757,25.72706935
Pde4dip,0.167379047,65.32438479
Usp39,0.167265968,5.81655481
L2hgdh,0.167256844,8.501118568
Dnah7b,0.166945536,14.98881432
Hydin,0.166924118,4.026845638
Rps21,0.166863485,6.040268456
Cog3,0.16684327,11.63310962
Gpr173,0.166688163,7.158836689
Znrf1,0.166606039,44.51901566
Tshz2,0.166287741,66.66666667
Zmpste24,0.166237035,8.948545861
Kif1bp,0.166217414,17.89709172
Acox1,0.166139753,16.55480984
Ghr,0.166060386,44.74272931
D430019H16Rik,0.166037061,7.382550336
A730017C20Rik,0.16602299,17.67337808
Ucp2,0.166010971,2.237136465
Map4k4,0.165905678,23.04250559
Kdm4a,0.165840688,6.711409396
Dis3l2,0.165813372,44.07158837
AW209491,0.165751156,9.843400447
Pqlc2,0.165696134,6.040268456
Csf2ra,0.165552621,26.62192394
Serpinb3b,0.165545399,4.250559284
Gigyf2,0.165514733,46.08501119
Usp54,0.165490647,13.19910515
Ndor1,0.165389754,5.81655481
Trim11,0.165322638,7.382550336
Gnaq,0.165287377,59.06040268
Lzts2,0.165276369,7.382550336
Fam134c,0.165196584,17.44966443
Nmrk1,0.165063716,7.829977629
Zfp282,0.165062955,16.55480984
Dgkq,0.165001371,12.52796421
Coq4,0.16499957,5.369127517
Haghl,0.16496908,35.34675615
Gnaz,0.164772827,12.75167785
Ednra,0.164767017,1.565995526
Zmat3,0.164713267,14.09395973
Gm15050,0.164676465,1.118568233
Pgap1,0.164607269,24.38478747
Atrn,0.164423427,44.07158837
Akap8l,0.164105129,55.03355705
Stambp,0.163939451,9.619686801
Zmym4,0.163923245,55.25727069
Micu2,0.163819772,26.17449664
Myo18b,0.16378859,1.118568233
Ddx49,0.163694209,7.606263982
Slc30a10,0.163488267,3.355704698
Ksr1,0.163459735,10.06711409
Gm3510,0.163389983,3.803131991
Nckap1,0.16328665,44.07158837
Bcar3,0.163234329,5.81655481
Urb1,0.163125705,4.921700224
Gm14525,0.162890386,0.67114094
Chmp1a,0.162735159,6.040268456
Efcab2,0.16270064,17.00223714
Immt,0.162674651,24.38478747
Psme4,0.162650055,54.8098434
Man1b1,0.162630758,20.35794183
Impact,0.162497742,35.5704698
Rp9,0.162451667,22.81879195
Zbtb48,0.162338208,4.474272931
1700030K09Rik,0.162231626,19.46308725
Farsb,0.16221477,23.48993289
Ncam1,0.162195344,82.99776286
Gm38155,0.16213013,7.382550336
Lyrm4,0.162079183,39.14988814
Rad51d,0.162077912,7.382550336
Pde4d,0.162013459,97.98657718
Srsf9,0.16200544,7.829977629
Orc3,0.161890895,19.46308725
Chd1,0.161879803,26.17449664
Prpf40a,0.161857982,38.70246085
Tssc1,0.161710616,18.56823266
Hmbs,0.161709771,8.277404922
Ldlr,0.161614318,23.26621924
Adrm1,0.161557848,4.474272931
Pgap2,0.161437372,16.3310962
Erlec1,0.161402835,20.80536913
Zfp280c,0.161309906,21.47651007
Rpl10a,0.161291027,12.9753915
Ino80d,0.161282729,29.08277405
Gm3264,0.161104307,2.237136465
Pemt,0.16107016,3.131991051
Mgrn1,0.160964617,26.84563758
Timm23,0.160957257,15.8836689
Gm27246,0.160760739,0.894854586
Nyap1,0.160754507,11.85682327
Herc2,0.160694798,39.59731544
Cyb5b,0.160609184,19.68680089
Map2k2,0.160481328,25.5033557
Zfp27,0.160456221,5.592841163
Rere,0.160285558,77.4049217
Baz2b,0.160240087,58.83668904
Cyp46a1,0.160202097,13.42281879
Fmnl2,0.160149145,56.82326622
Rnf31,0.160116483,4.697986577
Trim44,0.160109819,32.66219239
Ash1l,0.160058203,49.21700224
Rfc2,0.160026794,19.01565996
Nr6a1,0.160012732,57.94183445
Carf,0.160011897,15.8836689
Zcchc11,0.159967261,51.67785235
Tor3a,0.159947583,2.460850112
Tgfbi,0.159787076,0.447427293
Ntan1,0.159665624,27.51677852
Snf8,0.15946862,14.09395973
Ccdc88a,0.159467079,64.4295302
Fus,0.159421608,71.36465324
Jakmip1,0.159285195,37.13646532
Sik1,0.159165136,2.013422819
Nisch,0.159123164,37.80760626
Zfp639,0.159104415,8.277404922
Zfp1,0.159056001,13.42281879
Myo5a,0.158921426,48.99328859
Platr15,0.158909982,1.118568233
Sgtb,0.158697774,10.29082774
Dennd4c,0.158686506,31.76733781
A530083I20Rik,0.158603797,2.013422819
Sap130,0.158528838,25.27964206
Tada2a,0.158455354,21.25279642
Dscam,0.158421244,82.55033557
Cfap57,0.158393869,2.237136465
Nudt12,0.158333356,2.908277405
Elp5,0.158245068,17.00223714
Vezt,0.158193889,40.71588367
Tmco3,0.158165654,17.67337808
Cacnb4,0.158102947,52.34899329
Pabpc1,0.157991492,17.67337808
E2f1,0.157948343,0.67114094
Zfp661,0.157789929,1.118568233
Gm20686,0.157701239,0.447427293
Osbp2,0.157670632,15.21252796
Rgmb,0.157594309,2.908277405
Rbm25,0.157466351,62.63982103
Glis1,0.157389842,7.606263982
Ap2a1,0.157312424,15.43624161
Abcc8,0.157190898,14.54138702
Hsf4,0.157164074,8.501118568
Ube2i,0.157037796,11.18568233
Tysnd1,0.15695931,3.355704698
Plcxd3,0.156920698,55.25727069
Armcx4,0.156787163,4.921700224
Setd3,0.156767569,22.37136465
Ankrd52,0.15671354,11.85682327
Rsf1,0.156647872,42.50559284
0610037L13Rik,0.156520917,8.501118568
Chm,0.156465988,35.12304251
Elavl1,0.156374034,26.39821029
Klhl29,0.156193161,54.36241611
Fat4,0.156070773,9.619686801
Faim,0.156060637,9.395973154
Dmc1,0.155912492,3.803131991
Nol8,0.155902189,7.158836689
Matk,0.155874864,39.37360179
Xrn1,0.155783921,40.93959732
Fgfr2,0.155692979,57.49440716
Jakmip3,0.155509675,19.2393736
AU040320,0.155459646,27.29306488
Ccz1,0.155383379,17.22595078
Edem1,0.155332506,8.053691275
Abcd3,0.154990818,19.2393736
Fbxo10,0.154904053,21.47651007
Kctd5,0.154902809,6.487695749
Apopt1,0.154845856,16.3310962
Ankra2,0.154787855,8.724832215
Nploc4,0.154607809,25.05592841
Soga3,0.15446526,43.84787472
Nsmf,0.154278364,17.22595078
Clint1,0.154135815,22.5950783
Trmu,0.154057366,14.09395973
Fst,0.153959992,0.447427293
Sclt1,0.153919607,48.32214765
Ppp2r5c,0.153828665,37.80760626
Adk,0.153606665,29.97762864
Atp6v0a1,0.15360131,61.0738255
Taf7l,0.153548589,6.040268456
Ythdc2,0.1535018,23.26621924
Garem,0.153234543,23.93736018
Fam76b,0.153154859,7.829977629
Ubr1,0.153106882,34.00447427
Gm29642,0.153077209,4.026845638
Pate2,0.153038096,6.935123043
Ctr9,0.15300199,14.76510067
Mroh5,0.152990406,2.013422819
Snupn,0.152930892,13.87024609
Gpld1,0.152774616,7.829977629
Pwwp2a,0.152754586,17.89709172
Cdc42,0.152737359,36.46532438
Tmx1,0.152649721,12.08053691
Fbxw2,0.152621152,19.68680089
Pef1,0.152542685,6.711409396
Dennd1b,0.152510004,34.89932886
Mchr1,0.152475779,1.118568233
Fam45a,0.152472041,18.34451902
Slc1a4,0.152458527,12.08053691
Larp1,0.152239915,18.12080537
Stk25,0.152187307,23.71364653
Gm20517,0.152155684,5.14541387
Clip1,0.152146235,46.53243848
Prpf38b,0.152133074,11.40939597
Klhdc4,0.152000791,5.592841163
Epb41l1,0.151964351,48.76957494
Gm16845,0.151772851,6.040268456
Atp6v1h,0.151736995,31.76733781
Dctn5,0.151650545,7.158836689
Hs3st5,0.151464169,51.67785235
Gm13404,0.151459482,2.684563758
Lst1,0.15139121,1.118568233
Sdhaf2,0.151385469,9.172259508
Spock1,0.151327756,51.901566
Hcfc1,0.151289738,5.14541387
Sirt5,0.151245696,12.75167785
Htt,0.151218937,36.91275168
Mpp5,0.151174236,19.68680089
Cops8,0.151148786,9.619686801
Gpr45,0.151128589,30.42505593
Snrnp48,0.1511004,42.95302013
Ccdc109b,0.151082626,3.355704698
Tmed9,0.151081716,27.06935123
Pnpla8,0.15098579,16.3310962
1700029J07Rik,0.150896964,4.921700224
4930447C04Rik,0.150736632,28.8590604
Gpr153,0.150727795,5.81655481
Brat1,0.150713112,5.592841163
Bre,0.150687383,32.88590604
Svil,0.150663492,12.52796421
Xpo7,0.150645689,46.08501119
Stx18,0.15056246,19.91051454
1700125H20Rik,0.150489896,0.67114094
Marf1,0.150418334,37.36017897
Igf2r,0.150241935,8.053691275
Ddost,0.150113476,9.172259508
Ube2h,0.150009094,45.1901566
Sirpa,0.149954444,16.55480984
Npat,0.149881963,14.54138702
Pcyt1b,0.149823182,12.9753915
Hdac6,0.149755277,11.40939597
Arl8a,0.149578154,13.64653244
Wdr37,0.149557344,25.27964206
Morc2a,0.149527531,12.9753915
Rbbp6,0.149512866,25.27964206
Nptxr,0.149441119,7.829977629
Tecpr2,0.149315695,26.62192394
Ankrd12,0.149236086,53.46756152
Nphp4,0.149112518,12.52796421
1600012H06Rik,0.149104805,2.237136465
Hoxb6,0.149090047,4.921700224
Ahsa2,0.149077573,12.30425056
Hnrnpr,0.149054202,48.5458613
Zkscan1,0.149038645,9.843400447
Dock7,0.14900873,46.97986577
Tmem127,0.148931618,10.51454139
Syn1,0.148872317,50.33557047
Smg1,0.148826846,46.75615213
Clip2,0.148732284,16.3310962
Endov,0.148683806,6.040268456
Eif4e,0.148397131,24.16107383
Hdlbp,0.148310171,23.26621924
Acot8,0.148304351,8.724832215
Strn3,0.148281193,59.28411633
Edc4,0.14819672,8.053691275
Pds5b,0.148053838,41.16331096
Nacc1,0.147823429,6.040268456
Nrxn2,0.14773554,44.96644295
Espn,0.147734231,2.237136465
Slc39a14,0.147608798,11.63310962
Tmem138,0.147594894,10.06711409
Ercc2,0.147569658,6.935123043
Mllt4,0.147553656,35.12304251
Rprd1a,0.147413651,24.38478747
1110051M20Rik,0.147371772,58.38926174
Cabin1,0.147299272,26.39821029
Pecr,0.147286101,4.474272931
Ankef1,0.147133612,8.053691275
Noct,0.146989263,9.843400447
Cnot4,0.146780648,51.901566
Coq6,0.146706088,4.921700224
Birc2,0.146701567,11.40939597
Zdhhc6,0.146677138,13.19910515
Dffb,0.146576264,9.395973154
Atf2,0.146325937,41.61073826
Stard7,0.146190479,17.89709172
Trim37,0.146189523,35.79418345
Polr3gl,0.146183527,18.56823266
Dcaf10,0.146137852,16.10738255
Zswim8,0.146135894,21.02908277
Wac,0.146098581,38.03131991
Gstt2,0.146050214,2.684563758
Ly6h,0.146007639,51.00671141
Gm3383,0.145956497,3.355704698
Hip1r,0.145947419,9.172259508
Gpt,0.145827435,2.908277405
Ric3,0.145536221,20.80536913
Gm27198,0.145337959,2.237136465
Tab2,0.145332887,18.34451902
Pkn2,0.145330325,26.39821029
Fyttd1,0.145291212,26.17449664
Lrp5,0.145284752,2.684563758
Atxn10,0.14518916,44.29530201
Gm26733,0.145143689,57.71812081
Zfp113,0.145143011,4.697986577
Spire1,0.145138918,29.08277405
C030039L03Rik,0.145063188,5.14541387
Cenpo,0.144978567,2.237136465
Lrrc45,0.144953061,23.71364653
Ptchd4,0.144916333,47.42729306
March6,0.144803347,30.64876957
Ssc4d,0.1447329,2.237136465
9430020K01Rik,0.144672382,1.342281879
Spata7,0.144643507,38.03131991
Gm5441,0.144590991,5.369127517
Ep300,0.144507093,34.00447427
Spag8,0.144468259,1.342281879
Arhgef40,0.144448257,14.09395973
Pan3,0.144416151,54.13870246
Isca1,0.14433903,6.263982103
Csgalnact2,0.144337823,5.369127517
Rala,0.144264423,24.60850112
Zranb1,0.144101613,22.37136465
Atp2b2,0.144097854,38.9261745
Phf3,0.144082548,27.96420582
Phlpp2,0.144053357,24.83221477
Kif3b,0.144052745,17.89709172
Tbce,0.143788884,29.08277405
Scn9a,0.143779556,51.67785235
Zfp292,0.14377498,29.3064877
A230050P20Rik,0.143703697,25.72706935
Trappc11,0.143697283,9.395973154
Ewsr1,0.143643143,36.91275168
Rtn4,0.143552201,51.4541387
1110004F10Rik,0.143480073,15.43624161
Slc17a6,0.143393317,21.02908277
Sugp1,0.143390142,15.43624161
Rlf,0.143324845,36.68903803
Ola1,0.14329842,23.71364653
Unc45a,0.143151073,17.89709172
Fbxl18,0.142956445,8.053691275
2810432F15Rik,0.142937334,0.894854586
Mettl8,0.142817053,9.395973154
Fam20b,0.142807362,19.68680089
Ankhd1,0.142733721,50.11185682
Nek9,0.142665195,23.04250559
Smarcc1,0.142415424,31.09619687
Nelfb,0.142170758,17.89709172
Stag1,0.142142597,69.57494407
Ccm2,0.141982312,18.79194631
Kif27,0.141967749,2.460850112
Yme1l1,0.141895964,27.29306488
Dhx30,0.141869771,49.44071588
Kif1b,0.1418243,69.35123043
Uhrf2,0.141795109,31.09619687
Tpm2,0.141687649,0.223713647
2810004N23Rik,0.141682856,9.395973154
Homer2,0.141513502,12.52796421
3110043O21Rik,0.141477127,6.487695749
Hnrnpl,0.141359453,27.74049217
Cct3,0.141262914,15.8836689
Zkscan8,0.14121103,3.355704698
Iqsec2,0.14120754,22.37136465
Zfp513,0.14120133,5.81655481
A330070K13Rik,0.141164523,0.223713647
2510009E07Rik,0.141148527,12.75167785
Kctd21,0.141124097,7.158836689
Uri1,0.141096762,41.16331096
Rab18,0.141069493,11.18568233
2210404O09Rik,0.141069484,5.81655481
Anks1b,0.140914878,90.82774049
Fnip2,0.140841181,17.00223714
Lin28b,0.140772497,26.84563758
Cnnm1,0.140682715,15.8836689
Sdad1,0.140642971,8.053691275
B3galt1,0.140642052,75.39149888
Ttc14,0.140596581,55.70469799
Rufy3,0.140460167,47.65100671
Lrrc59,0.140404895,6.263982103
Sptbn2,0.140168248,15.43624161
D3Ertd751e,0.140008622,28.18791946
Fbxl20,0.139823572,35.12304251
Stk16,0.139818551,11.18568233
Mlxip,0.139807877,27.74049217
Nlrp4c,0.139773423,1.789709172
Actr10,0.13975861,17.44966443
Gpatch2,0.13973263,34.67561521
Ssr1,0.139673803,13.87024609
Eml6,0.139550746,71.1409396
Ddx47,0.139493524,10.29082774
Cxxc4,0.139489162,21.47651007
Gtf2h1,0.139457567,10.96196868
Cct7,0.139431968,15.65995526
Otud5,0.139327911,12.75167785
Crocc,0.13918138,17.89709172
D5Ertd579e,0.139154203,29.08277405
Rnf169,0.139152199,24.38478747
Lrig2,0.139050564,40.49217002
Cdc42se2,0.13896933,20.35794183
Parp9,0.138950795,3.803131991
Dnajb9,0.138914457,7.382550336
Net1,0.138701776,2.684563758
Lsm1,0.138685561,14.76510067
Ppp4r2,0.138490561,12.9753915
Gabrb3,0.13845944,78.07606264
Macrod1,0.138437368,23.26621924
Dpp7,0.138411704,5.81655481
Arid1a,0.13830037,25.27964206
Golph3,0.138258017,4.697986577
Slirp,0.138221902,11.18568233
3110052M02Rik,0.138038375,1.789709172
Syngap1,0.138034031,6.263982103
Arid4b,0.137913787,54.36241611
Zfp958,0.13783467,4.026845638
Mus81,0.137833101,5.14541387
Mfsd11,0.137767823,20.58165548
Actr1b,0.13761771,24.38478747
Bod1l,0.137554743,16.77852349
Kif5c,0.137550018,38.9261745
Acvr2a,0.137495386,17.67337808
Pum1,0.137459076,50.11185682
Gtpbp3,0.137265228,10.96196868
Sgf29,0.137262434,8.724832215
Mkln1,0.137140778,41.8344519
Pcm1,0.137049836,47.20357942
Sdf2,0.137024182,17.44966443
Fgf14,0.137004365,99.32885906
Scn2a1,0.136867952,61.0738255
Mrpl10,0.136754279,6.040268456
Esf1,0.136742844,20.80536913
Zdhhc22,0.136660543,1.789709172
Adgrd1,0.136600992,2.460850112
Urgcp,0.136504183,40.26845638
Tbc1d16,0.13646004,8.724832215
Glmn,0.13643187,16.3310962
Drc7,0.136400932,1.118568233
Rfx1,0.136375641,7.829977629
Snx10,0.136253587,25.950783
Cltc,0.136185886,35.34675615
Slc25a40,0.13595053,8.501118568
Napepld,0.135900863,4.697986577
Hnrnpdl,0.135763132,25.27964206
Eaf2,0.135715656,18.12080537
Stard3nl,0.1354047,15.43624161
Pds5a,0.135321935,34.67561521
Atg2a,0.135311168,10.51454139
Ppp1r13b,0.135208151,25.5033557
Syngr1,0.135181141,25.27964206
Ttf1,0.13508618,10.51454139
Trim33,0.135003638,37.36017897
Dnajb14,0.134922395,16.77852349
Mcc,0.134821753,36.46532438
Chd6,0.134730811,41.8344519
Tert,0.134717613,6.711409396
E130311K13Rik,0.134708071,2.908277405
Ppp1r7,0.134634244,9.172259508
Gps2,0.134422427,21.02908277
Ythdc1,0.134417229,12.30425056
Erp44,0.134379721,18.56823266
Dsel,0.134306387,4.250559284
Mphosph10,0.134291304,5.81655481
Rps6ka3,0.1342761,29.75391499
Cadm1,0.134185158,84.34004474
Gm26737,0.134029977,2.013422819
Bicd1,0.133912332,66.44295302
Zfp871,0.133806251,8.501118568
Dynlt1c,0.133775232,5.369127517
Ulk2,0.133730447,50.55928412
Plekhm3,0.133639505,29.3064877
Leng8,0.133594034,35.34675615
Atat1,0.133593032,23.93736018
Adprm,0.133541945,9.395973154
Synj1,0.133366679,35.12304251
Pla2g2c,0.133292509,1.118568233
Mss51,0.133282392,4.697986577
Zfp407,0.133275737,32.88590604
Neurl1b,0.133241478,1.118568233
Ccser2,0.133230266,26.84563758
Ank2,0.13300291,95.97315436
Ankfy1,0.132909778,24.83221477
Ccdc50,0.132802945,24.60850112
Vcpkmt,0.132782166,2.684563758
Inpp4a,0.132775555,35.5704698
Smpd2,0.132763349,5.369127517
Dhx37,0.13256719,5.81655481
Atp4a,0.132527046,1.118568233
Gm16702,0.132476016,2.908277405
Foxn2,0.132462149,6.935123043
Ganc,0.132454593,5.592841163
Ppp2r3d,0.132288015,8.724832215
N4bp1,0.132273749,14.54138702
Mocs1,0.132272533,5.81655481
Col4a1,0.132193109,7.158836689
Gaa,0.13213896,42.28187919
Hmgcr,0.132027124,14.54138702
Cdh22,0.132003707,12.75167785
Dpf2,0.131967759,16.55480984
Nif3l1,0.131933388,10.51454139
Dnm2,0.131820662,36.46532438
D2Wsu81e,0.131787851,12.30425056
Xrcc3,0.131761584,2.013422819
Igf2bp2,0.131671635,2.460850112
Cep120,0.131661787,18.12080537
Etnk1,0.131638778,42.05816555
Sap30l,0.131587858,4.474272931
Slc30a7,0.131542424,10.73825503
Ppp2r5b,0.131480868,12.08053691
Sec23ip,0.131458416,8.724832215
Myo1a,0.131404368,0.894854586
Setd6,0.131280476,3.803131991
Ccdc80,0.131200245,0.894854586
Itfg1,0.131184067,47.20357942
Mettl21b,0.131149214,1.118568233
4933406I18Rik,0.131093125,42.95302013
Gm3696,0.131056889,4.697986577
B230219D22Rik,0.130875042,10.96196868
Plcb4,0.130865769,46.30872483
Tsen2,0.130747381,14.98881432
Bcl7c,0.130707479,14.09395973
Dap3,0.130633792,9.395973154
Wdr45,0.130562895,0.67114094
Dlg3,0.130433409,4.921700224
Usp33,0.130411059,34.67561521
Camsap2,0.130216857,23.04250559
Casp9,0.130209627,4.026845638
Atp8a2,0.130092761,44.51901566
Kif5b,0.13004729,45.41387025
Cpsf2,0.130011063,4.697986577
Rhno1,0.12979363,6.040268456
Dnajc16,0.129791263,6.935123043
Ifi30,0.129751481,1.342281879
Mrps28,0.129630662,11.18568233
Creb3,0.129626662,7.158836689
Ppp3cc,0.129460927,24.38478747
Fzd6,0.129414166,0.447427293
Gm3468,0.12932224,3.579418345
9430038I01Rik,0.129273391,3.803131991
Supt6,0.129223631,23.71364653
Me2,0.129203555,12.30425056
Iqcb1,0.128955984,31.54362416
Eif2d,0.128878705,12.30425056
9930021J03Rik,0.128819571,40.04474273
Sft2d1,0.128725798,11.18568233
Gk,0.12856618,15.8836689
Vasp,0.128456155,7.158836689
Caly,0.128455997,35.79418345
Sarnp,0.128455802,35.5704698
Eif4b,0.12843709,10.06711409
Zfp512,0.12836486,31.76733781
Ergic1,0.128270131,23.71364653
Plet1os,0.128138396,1.342281879
Anxa2,0.127988487,5.369127517
Ppp1ca,0.1278529,9.619686801
Knop1,0.127776084,12.75167785
Ush1c,0.127699993,3.803131991
Pold4,0.127529822,4.697986577
Rps6ka5,0.127517774,22.5950783
Zfyve16,0.1275102,12.52796421
Cul1,0.127364496,38.4787472
Scrib,0.127176207,9.395973154
Tgfb2,0.127175771,2.908277405
Pi4k2b,0.12716881,2.013422819
Ankib1,0.12709167,32.43847875
9230110C19Rik,0.12702072,11.18568233
Vamp2,0.126947887,16.10738255
Ttll5,0.126909785,36.01789709
Tm9sf4,0.126864314,28.41163311
Nol6,0.126862625,2.684563758
Neu1,0.126839634,9.172259508
Med10,0.126700223,4.474272931
Kdelr2,0.126700019,8.501118568
C030037D09Rik,0.126647791,1.565995526
Exoc6b,0.126591488,63.98210291
Pyurf,0.126554853,3.131991051
Gm16083,0.126409603,30.87248322
Gm2464,0.126301286,0.894854586
Vps41,0.12627319,33.55704698
Sprtn,0.126260482,2.013422819
Nrbp1,0.126229668,15.65995526
Slu7,0.126222883,4.921700224
Arhgap33,0.12621556,12.08053691
Gm21992,0.126136777,32.43847875
Skiv2l2,0.126039031,11.18568233
Thada,0.125636595,32.88590604
Sirt7,0.125591124,24.60850112
Ddx24,0.12540924,43.17673378
Gm26521,0.125357522,5.14541387
Frem2,0.1253317,1.565995526
AW549877,0.125329157,9.172259508
Col6a3,0.125288962,0.894854586
Gm26699,0.125272826,49.44071588
Gm3252,0.125167621,1.118568233
Zzef1,0.125136413,37.13646532
Amph,0.125090942,65.54809843
Ccndbp1,0.125087684,5.592841163
Zscan21,0.124999137,9.395973154
Spns1,0.124997577,13.87024609
Ccdc85a,0.124818116,70.6935123
Chmp4b,0.124802587,14.76510067
Barx2,0.124799867,1.118568233
Thrap3,0.124757729,20.58165548
Yae1d1,0.124704461,4.921700224
Clip4,0.124601843,13.19910515
Mre11a,0.124583567,12.08053691
Gm28062,0.124566238,0.894854586
Glrx3,0.124359794,14.31767338
Slc6a8,0.124214628,8.501118568
Unkl,0.124119528,10.51454139
Mapk6,0.123999376,9.395973154
Rngtt,0.123908694,32.66219239
Ttc3,0.123817752,80.53691275
Pld3,0.123677756,28.63534676
Usp25,0.123625324,18.79194631
Atp6v0d1,0.123598722,24.38478747
3110083C13Rik,0.123572631,2.908277405
Iqsec1,0.123544925,35.12304251
Nbr1,0.123539542,18.56823266
Tax1bp1,0.12352665,25.72706935
Pbrm1,0.123408512,40.93959732
Zmym1,0.123363041,45.63758389
Gphn,0.123272099,85.90604027
Kansl1,0.123226628,73.82550336
Rmnd5b,0.123224382,5.81655481
6330408A02Rik,0.123137375,3.131991051
Syngr3,0.12290833,27.96420582
Nars,0.122731384,17.89709172
Pomgnt2,0.122646744,7.606263982
Fam193a,0.122590033,41.61073826
Gm29415,0.122576036,1.342281879
Cdk16,0.122496872,15.43624161
Lrrc4,0.122481585,15.65995526
Stam,0.122285788,14.54138702
Ilkap,0.122285184,10.73825503
Psmb1,0.122226635,15.65995526
Epm2aip1,0.122194038,7.158836689
Ttc38,0.122128676,3.355704698
Gatsl2,0.121997702,22.5950783
Gata2,0.121912635,0.223713647
Ces4a,0.121897942,2.460850112
Tcf20,0.121817024,51.67785235
Col4a2,0.121783647,13.19910515
Ehbp1,0.121726082,65.10067114
Yeats2,0.12163514,29.08277405
Mbtps2,0.121593809,17.22595078
Gbas,0.121533672,25.27964206
Clca3a1,0.121482691,0.67114094
Kif13a,0.12138316,31.09619687
Kng1,0.121344732,0.447427293
Gm10406,0.121288561,6.935123043
A430105J06Rik,0.121256205,3.355704698
Gm14391,0.121176568,4.026845638
Tnfrsf23,0.121163462,2.237136465
Tbc1d19,0.12108015,23.48993289
K230010J24Rik,0.120987964,6.263982103
Rtcb,0.120832894,11.18568233
Gm29114,0.120738926,2.908277405
Lias,0.120643074,14.54138702
Apc,0.120452892,54.58612975
Anapc15,0.120440501,4.026845638
Ccdc127,0.120357903,5.592841163
Gm13497,0.120318794,1.342281879
Acer3,0.120316479,34.00447427
Lmf1,0.120316237,10.06711409
Pcdh17,0.120271008,41.61073826
Lysmd3,0.120204801,4.474272931
Alcam,0.119998181,52.57270694
Rnf112,0.119982681,22.14765101
Gm15687,0.1199319,1.118568233
Zfp395,0.119927046,7.382550336
Fam220a,0.119914367,19.46308725
Gnl3l,0.119775569,21.47651007
Bcl2l1,0.119755901,18.12080537
Pkig,0.119654832,19.01565996
Dmxl1,0.119634413,42.50559284
Arhgap27,0.119616248,2.237136465
Pitpna,0.119588941,35.5704698
Rhoj,0.119556307,4.250559284
Lrp6,0.119524601,24.60850112
Tceb1,0.119486239,10.29082774
Luc7l,0.119225173,26.39821029
Lancl1,0.11908876,27.51677852
Nrg2,0.119043288,42.28187919
Phf21a,0.118770462,53.46756152
Rabac1,0.11867952,29.97762864
Pcolce2,0.118628025,8.277404922
Spg11,0.118534725,13.87024609
Zfp672,0.118337146,12.30425056
Nt5c2,0.118315751,38.9261745
Mavs,0.118055743,2.684563758
Sorcs3,0.117906511,54.58612975
Cdhr1,0.117726326,2.237136465
Mtss1,0.117724627,37.58389262
Fam199x,0.117673355,10.29082774
Sept2,0.117633685,30.87248322
Alkbh6,0.117612393,9.172259508
Ogfod1,0.117589003,25.950783
Cops3,0.117584418,16.10738255
Srpk3,0.117523984,2.237136465
Trmt6,0.117518861,10.73825503
Tmem255a,0.11740633,27.74049217
Mif4gd,0.117184849,4.250559284
Nfatc3,0.117178974,28.41163311
Cox11,0.117077859,9.843400447
Fam53c,0.11692098,6.263982103
Zfp654,0.116906148,26.84563758
Ddx31,0.116814352,8.724832215
Tep1,0.116759534,3.579418345
Sema4g,0.116737304,11.63310962
Ppp3cb,0.116587646,28.63534676
Ecel1,0.116549322,19.2393736
Cnst,0.116526257,10.29082774
Vars2,0.11641224,4.697986577
Ppdpf,0.11633381,5.369127517
Ppfia3,0.116133139,30.87248322
N6amt2,0.116072344,13.87024609
Slc52a2,0.116048861,3.355704698
Pced1a,0.116025843,7.606263982
Aloxe3,0.11599306,2.237136465
Ap3b1,0.115951255,27.96420582
Ucn,0.115944482,0.223713647
Rab40c,0.115860313,31.31991051
Yars,0.115782263,17.00223714
Csnk1a1,0.115678429,42.50559284
Stx12,0.11558589,21.70022371
Polr1c,0.11550164,7.606263982
Esyt2,0.115405602,33.10961969
Pdcl3,0.115390445,5.14541387
Polr1d,0.115334254,7.382550336
Gm16105,0.115160296,7.158836689
Dock3,0.115041833,74.27293065
Paxbp1,0.115029099,17.22595078
Rabep1,0.114996362,53.24384787
Cnppd1,0.114845015,8.053691275
Cd99l2,0.114838081,19.46308725
Nsd1,0.114814478,67.56152125
Ankrd11,0.114723536,26.62192394
Gm42413,0.114649217,7.382550336
Grik5,0.114541652,29.08277405
Lypla2,0.11438454,9.843400447
Hoxaas3,0.114309043,5.81655481
Rmst,0.114268825,78.74720358
Unc13c,0.114132412,40.04474273
2610008E11Rik,0.114043809,12.75167785
Ccny,0.113859585,33.55704698
Ncoa2,0.113814114,42.50559284
Ralb,0.113684801,7.606263982
Rbbp8,0.113655416,8.948545861
Fam160b2,0.11357021,6.487695749
Gm26779,0.11352057,1.118568233
Bin3,0.113483843,6.040268456
Arhgef11,0.113450346,35.79418345
Wdr41,0.113409803,12.52796421
Acin1,0.113359403,32.2147651
Atxn3,0.113332765,12.9753915
Kdm3a,0.113263858,13.42281879
Pdia6,0.113066705,21.47651007
Lca5,0.112928259,9.172259508
Pard3,0.112722808,44.07158837
Cebpg,0.112698518,8.053691275
Vwc2,0.112672557,17.00223714
Hectd1,0.112663238,25.5033557
Ide,0.112535559,22.5950783
Elac2,0.112522964,4.474272931
Eif5,0.112374698,17.67337808
Zfp280b,0.112357183,5.14541387
Wnt5a,0.112256961,2.013422819
Kdm5a,0.112222626,29.53020134
Thoc2,0.112131684,39.59731544
Zfos1,0.112129837,9.843400447
Slc4a1ap,0.112099282,14.98881432
Gbe1,0.112087355,9.172259508
Mthfd2,0.11203276,10.29082774
Foxp1,0.111995271,33.10961969
Lypd1,0.111910594,3.131991051
Fam49b,0.111813387,60.40268456
Apc2,0.111625311,13.42281879
Specc1l,0.111586031,29.08277405
Klhl24,0.11153061,14.54138702
Senp8,0.111495089,27.29306488
1810062G17Rik,0.111395621,0.223713647
Crebrf,0.111313205,27.96420582
Ankrd55,0.111222263,29.53020134
Pex1,0.111185507,17.89709172
Cdc123,0.111174388,19.01565996
Ccdc170,0.111050326,1.565995526
Map3k3,0.111040378,29.53020134
Armc6,0.111002602,10.96196868
Nmi,0.110941008,2.460850112
Sp1,0.110927179,17.89709172
Mapkbp1,0.110871581,18.79194631
Dhfr,0.110846892,3.131991051
Ralyl,0.110585668,52.34899329
Unc5b,0.110583793,1.565995526
Abl2,0.110540196,29.53020134
Rassf8,0.110449254,30.64876957
Nhlrc2,0.110298918,14.31767338
Map7d2,0.11026737,43.17673378
Usp11,0.110111066,19.01565996
Platr31,0.11004709,1.565995526
Cnot1,0.109906172,25.05592841
Cit,0.109903601,56.59955257
Krit1,0.10985813,52.12527964
Olfm2,0.10983152,22.14765101
Cd109,0.10981833,1.789709172
Map4k5,0.109812659,26.84563758
Mtch1,0.109767188,21.92393736
Bdh1,0.109752068,10.96196868
Snap91,0.109676246,58.61297539
Trim14,0.109616991,3.131991051
Slc25a3,0.109403419,31.09619687
Dync2li1,0.109394203,4.026845638
Fyn,0.109267006,34.67561521
Hoxb3,0.109253065,17.22595078
Pcmtd1,0.109221535,34.67561521
Tmem170,0.10920596,1.789709172
Coro7,0.109102971,18.34451902
Ttc21b,0.109002515,19.2393736
Kdm4d,0.108910319,6.711409396
Mnat1,0.108857766,31.76733781
Glg1,0.108675882,62.63982103
Cilp,0.108593591,0.67114094
Pias2,0.108493998,30.20134228
Pck2,0.108436758,7.158836689
Aspscr1,0.108420115,15.43624161
Igf2bp3,0.108357585,48.32214765
RP24-158L15.3,0.108338436,0.223713647
Myl3,0.108327691,0.223713647
Dhdds,0.108312113,25.950783
BC004004,0.108299175,12.52796421
Ubap1,0.10819315,12.30425056
Ylpm1,0.108039287,45.63758389
Irf3,0.107789878,13.87024609
Mark3,0.107766461,48.76957494
Zfp263,0.107695929,13.19910515
Adam23,0.107584576,50.78299776
Taf3,0.107493634,24.60850112
Xlr3b,0.107450103,5.369127517
Emsy,0.107402692,26.39821029
Arfgef2,0.107357221,32.88590604
Jund,0.107255094,7.606263982
Mical3,0.107175336,51.23042506
Cul2,0.107087764,20.13422819
Ccdc90b,0.107065896,12.30425056
Rab2a,0.106993452,26.17449664
Eif1,0.106857039,29.08277405
Hivep3,0.106720626,45.41387025
Ubxn7,0.106667599,25.950783
Ehhadh,0.106661204,8.948545861
Dgcr8,0.106589345,17.00223714
Zfhx2,0.106589132,10.06711409
Slc48a1,0.1065677,9.843400447
Dmtn,0.106447799,26.84563758
Sae1,0.106399339,19.68680089
Med12,0.106399265,3.579418345
Unc45b,0.106348234,0.67114094
Fah,0.106265915,27.96420582
Zbtb43,0.106104617,4.921700224
Htr2b,0.10609308,2.684563758
Tbl3,0.106073672,10.06711409
Wdr19,0.106049029,9.843400447
Pi4kb,0.105947617,22.81879195
Vimp,0.1059158,9.843400447
Maats1,0.105888957,2.684563758
Trappc9,0.105856675,29.75391499
Stat3,0.105811204,27.96420582
Gm14296,0.105801811,7.606263982
Nfkbia,0.105786895,2.908277405
Bach1,0.105662214,5.14541387
Aox2,0.105531741,2.237136465
Pi4ka,0.105492907,59.06040268
Zfp462,0.105447435,35.34675615
Cnih3,0.10542968,3.803131991
Cul5,0.105356493,26.62192394
Fam173a,0.105108087,26.62192394
Ncoa7,0.105083667,47.65100671
Ubr5,0.104856311,38.25503356
Zfp260,0.10485569,14.54138702
Tsta3,0.104830248,7.829977629
Bscl2,0.104813207,20.58165548
Aldh9a1,0.104803025,6.263982103
Fam168b,0.104637857,9.843400447
Malsu1,0.104536204,13.64653244
Adgb,0.104294499,7.158836689
Pcf11,0.104241918,14.31767338
Smap1,0.104219716,20.80536913
Arih2,0.104128774,23.26621924
Taco1,0.104128106,5.14541387
Med26,0.104108067,8.501118568
Fbxo18,0.104044561,13.64653244
Naa16,0.103817809,17.00223714
C130021I20Rik,0.103745662,2.237136465
Desi2,0.103719534,37.36017897
Kdsr,0.103514362,8.948545861
Zfp148,0.103446708,40.04474273
Fam133b,0.103401237,22.37136465
Supt5,0.103318806,17.00223714
Fbxl4,0.103198264,10.73825503
Mrpl24,0.103174615,5.369127517
Sfi1,0.103173881,27.06935123
Sdcbp,0.103151392,8.948545861
Fam65a,0.103073945,7.829977629
Gt(ROSA)26Sor,0.103043186,9.172259508
Nudt16l1,0.103020121,5.369127517
Abcg4,0.103002291,11.40939597
Celrr,0.1029802,2.013422819
Phka1,0.102901055,28.8590604
Mroh1,0.102855584,25.05592841
Sp4,0.102783678,17.67337808
Cdk6,0.102742045,0.894854586
D730003I15Rik,0.102677607,5.369127517
Sgms1,0.102628228,32.88590604
Casc1,0.102520923,1.342281879
Maea,0.102469548,9.843400447
Arsg,0.102432579,5.81655481
Pex13,0.102400873,23.71364653
Cdv3,0.102335298,9.619686801
Cklf,0.102111739,12.30425056
Micu3,0.101900691,29.75391499
Psmd11,0.10185522,33.55704698
Gosr2,0.101700912,13.64653244
Rmnd1,0.101673336,20.80536913
Hirip3,0.101663933,5.81655481
Mocos,0.101602368,1.118568233
Acaa1a,0.101535892,13.19910515
Tusc3,0.101355038,40.93959732
Vps4b,0.10132581,8.724832215
Lbh,0.101296786,5.14541387
Crabp1,0.101288305,0.67114094
Copg1,0.101249784,18.12080537
Fam168a,0.101082212,57.27069351
Ctdspl2,0.10099127,30.42505593
Sv2c,0.100900327,21.92393736
5730559C18Rik,0.100880162,0.67114094
Efna5,0.100763914,73.15436242
Rpf2,0.10072055,5.369127517
Wapl,0.100672972,34.45190157
Mto1,0.100554602,13.64653244
Gm44257,0.100545822,6.935123043
Wdr73,0.100457488,13.64653244
Mcur1,0.100326597,2.908277405
Dopey1,0.100218261,30.87248322
Ebpl,0.100013284,8.053691275
Samd13,0.100006592,1.118568233
B4galnt2,0.099993458,8.277404922
Mtpn,0.099940237,11.18568233
Srsf4,0.099920588,11.85682327
Meaf6,0.099897959,18.56823266
Zfp280d,0.09976355,41.16331096
Canx,0.099718079,38.4787472
Gnptg,0.0997107,13.19910515
Harbi1,0.09970708,3.579418345
Apip,0.099676107,4.921700224
Ddhd2,0.099672608,34.67561521
Cdc73,0.099581666,22.14765101
2310035C23Rik,0.099445253,43.62416107
Ambra1,0.099399782,62.19239374
9330160F10Rik,0.099372122,4.474272931
Actr6,0.099336991,10.29082774
Plk3,0.09925495,3.803131991
Ptprs,0.099081484,51.23042506
Ube2z,0.099081039,8.277404922
Tro,0.099071748,21.02908277
Mtif2,0.098854129,34.45190157
Rad9a,0.098744642,2.908277405
C1rl,0.098709297,0.223713647
Ube4a,0.098672244,23.26621924
Gnao1,0.098626773,45.1901566
Adam33,0.09856422,0.67114094
Gm4793,0.098489488,2.237136465
Tspear,0.098432507,2.237136465
Comt,0.098353947,42.05816555
Dda1,0.098326696,10.06711409
Ddx3y,0.098314425,22.5950783
Bub3,0.098223845,11.40939597
Vti1b,0.098172063,33.10961969
Gm26799,0.09817197,0.223713647
Ttll9,0.098081241,5.81655481
Trpm7,0.09808112,44.74272931
Zmym5,0.098050528,15.65995526
Crip3,0.097900543,2.013422819
1110037F02Rik,0.09774296,18.56823266
Gm26534,0.097519902,3.803131991
Supt20,0.097353583,25.72706935
Slc25a36,0.097262641,35.34675615
Pfkp,0.09721717,29.3064877
Adam9,0.097182753,7.382550336
Rev3l,0.097171699,53.46756152
Fbxw17,0.09697308,8.053691275
Msi1,0.096918874,7.158836689
Purg,0.096898872,29.53020134
C2cd4c,0.096805471,1.342281879
Negr1,0.096671517,95.30201342
Ncs1,0.096489633,19.2393736
Prx,0.096397224,1.342281879
Elp2,0.096374437,14.09395973
Zfp157,0.096346843,17.44966443
Bex2,0.096216806,28.8590604
Sumo1,0.096171335,27.74049217
Mib1,0.096080393,29.75391499
Mppe1,0.096040008,2.237136465
Dlgap4,0.09594398,23.71364653
Nudcd3,0.095807566,41.16331096
Gopc,0.095729507,15.65995526
Gm26904,0.095671153,52.12527964
Ankrd13b,0.095582355,9.843400447
Eps15l1,0.09553474,39.37360179
Ccdc187,0.095478669,0.67114094
Sec11c,0.095404248,14.54138702
Fam120a,0.095398327,21.47651007
Ncbp1,0.095356178,7.606263982
Csnk1d,0.09520949,20.35794183
Tada3,0.095192765,9.172259508
Ak2,0.094978329,11.85682327
Zbtb8os,0.094864332,6.263982103
Ube2k,0.094761732,49.66442953
Apool,0.094662176,3.579418345
Rsph4a,0.094611145,0.894854586
Rpl21,0.094599079,13.19910515
Ptdss2,0.094471196,13.64653244
Parp12,0.094407022,5.369127517
Helz,0.094397963,33.78076063
Ntn4,0.094310938,9.619686801
Ep400,0.09426155,30.42505593
Zbtb10,0.094253929,3.803131991
Stard5,0.094205117,9.843400447
Taf13,0.094193802,9.172259508
Fsd1,0.094125136,25.950783
Tcp11l1,0.094079665,33.55704698
Senp5,0.094034194,30.20134228
Smg9,0.094009542,11.85682327
Metap1,0.093857805,6.040268456
Rps6kb1,0.09385231,33.33333333
Pstpip1,0.093768532,0.894854586
Dzank1,0.093761368,39.82102908
Gemin7,0.093603848,7.158836689
Ptpn11,0.093579483,21.70022371
Echdc1,0.093306657,20.80536913
Nckipsd,0.093157286,5.592841163
Fam13b,0.093124773,30.87248322
Rundc3a,0.093081483,22.5950783
Pex14,0.093079302,24.83221477
Gm15952,0.092978586,11.18568233
Rmi1,0.092876097,2.013422819
Psmd12,0.09272604,17.22595078
Fdft1,0.092624591,20.80536913
Pigp,0.092308447,10.06711409
D630023F18Rik,0.092212696,1.342281879
Scai,0.09216988,41.8344519
Hsf1,0.092112073,15.21252796
Itch,0.092033467,43.17673378
Git1,0.09200163,4.697986577
Pcgf1,0.091957542,3.803131991
Top1,0.091897053,45.41387025
Dirc2,0.09164008,11.85682327
B230303O12Rik,0.091600327,2.013422819
Pskh1,0.091422053,8.053691275
Gm1976,0.091396872,25.05592841
Gpd2,0.091294977,14.54138702
Mark2,0.091214987,34.89932886
Gm4349,0.09119208,1.789709172
Anapc4,0.091129596,17.22595078
RP23-32A8.5,0.091117455,8.948545861
Tbc1d12,0.090987632,33.10961969
Ndel1,0.090949503,20.13422819
Kif1a,0.090805748,44.74272931
Noa1,0.090783833,4.026845638
Sipa1l1,0.090760276,29.3064877
Iffo2,0.090621812,4.697986577
Pfkfb2,0.09057971,4.474272931
Eml2,0.090578392,31.99105145
1700017B05Rik,0.090273525,1.118568233
Dlc1,0.090260095,45.63758389
Atxn2,0.090214623,42.50559284
Exoc1,0.090151666,14.54138702
Edc3,0.090110149,10.51454139
Zcchc14,0.090037696,22.14765101
Fra10ac1,0.090001553,10.51454139
Dclk2,0.089896326,41.16331096
Ptch1,0.089715611,14.09395973
Fbxl6,0.0896987,6.711409396
Pcdh10,0.089623499,21.47651007
Prkar1a,0.089550425,20.58165548
Rrm2b,0.089504127,10.06711409
Shoc2,0.089487086,27.51677852
Adamts6,0.089396144,22.5950783
Tlk2,0.089259731,30.42505593
Ddx54,0.089150847,3.131991051
Map1lc3a,0.088926323,14.31767338
Gm26763,0.088801215,10.51454139
D930016D06Rik,0.088776015,19.2393736
Gm13427,0.088741041,10.29082774
Hibadh,0.08872181,18.34451902
Phactr1,0.088668607,69.12751678
Tmprss9,0.088640539,2.460850112
Zfp444,0.088577256,18.56823266
Fgd4,0.088532194,38.9261745
9130011E15Rik,0.088441251,37.36017897
Gm26722,0.088411225,7.158836689
Elavl3,0.08839578,61.96868009
Srgap2,0.088304838,51.67785235
Tvp23a,0.088300643,10.29082774
Spag5,0.088259367,66.66666667
Rnf181,0.088214434,6.935123043
Hk1,0.087941069,26.84563758
Scaper,0.087895598,55.03355705
Nap1l5,0.087850127,45.41387025
Tmem136,0.087811339,3.803131991
Zcchc18,0.087804656,53.91498881
Rabggtb,0.087800247,6.935123043
Cdc42bpa,0.087713714,58.61297539
Zbed3,0.087670953,1.565995526
Ybx3,0.08746683,4.026845638
Pdpk1,0.087440888,25.950783
Kcmf1,0.087077119,31.99105145
Ero1lb,0.087051251,7.829977629
Nfat5,0.086986177,46.97986577
Zfp638,0.086849764,45.41387025
Zfp112,0.086785024,16.77852349
Cep44,0.086602508,7.158836689
Cdc42bpg,0.086599306,0.447427293
Yaf2,0.086510406,17.22595078
Zyg11b,0.086440524,33.55704698
Syn2,0.086349582,51.901566
Gm3739,0.086293121,2.908277405
Anks3,0.08625864,27.96420582
Eif2s2,0.086144057,21.47651007
Aco1,0.08608367,8.277404922
Sfswap,0.086076755,32.2147651
Clcn5,0.086031266,12.9753915
Large,0.085985813,70.91722595
Zfp182,0.085894871,23.48993289
Gab2,0.0858494,44.07158837
Cep131,0.085785802,5.14541387
R3hdm2,0.085712987,38.25503356
Rab10os,0.085639308,18.12080537
Rpl22,0.085626165,7.829977629
Ptpn4,0.085622044,36.91275168
Nabp1,0.08557869,2.237136465
Slc35d1,0.085393464,14.54138702
Atxn7,0.085349218,19.68680089
Blvra,0.085345589,7.158836689
Atp6v0b,0.085303747,55.48098434
Gm10010,0.085272505,1.342281879
Col8a1,0.085148436,7.382550336
Slc44a1,0.085121862,29.53020134
Pdss2,0.08503092,33.55704698
Rem2,0.08496632,0.67114094
Nsun2,0.084928033,12.52796421
Ipo9,0.084865112,20.80536913
Preb,0.084849621,18.12080537
Ece1,0.08476383,15.43624161
8030462N17Rik,0.084712623,17.89709172
Kctd9,0.084688555,4.697986577
Mctp1,0.084667152,41.16331096
Rrn3,0.08457621,17.22595078
Camk1g,0.084507042,3.355704698
2900093K20Rik,0.084481842,7.158836689
Proser1,0.08447115,10.29082774
Ldlrap1,0.084302919,0.447427293
Opa3,0.08427991,8.948545861
Lsm7,0.084260678,17.00223714
R3hdm1,0.084257912,64.65324385
Ctsl,0.084161967,11.63310962
Tyw1,0.083973548,16.3310962
Smek2,0.083803201,21.25279642
Zfp141,0.083712259,17.89709172
Triqk,0.08369234,6.040268456
Metap2,0.083453132,20.80536913
Kcnd3,0.08334849,40.26845638
Hcfc1r1,0.083290071,9.843400447
Klhdc8b,0.083178078,4.921700224
Mrm1,0.082949711,3.803131991
Uncx,0.082925087,3.355704698
Gm8257,0.08286198,10.73825503
Prkx,0.082792266,6.935123043
Gxylt1,0.082764263,5.369127517
Oxct1,0.082757366,41.16331096
Msn,0.082674555,10.29082774
Ghdc,0.08251684,4.026845638
Btaf1,0.082393598,42.28187919
Ptp4a1,0.082312717,4.474272931
Papd5,0.082302656,26.62192394
Srd5a1,0.082261686,1.565995526
Cobl,0.082257184,26.17449664
Nup88,0.082174949,8.053691275
Capzb,0.082120771,20.13422819
Trmt10c,0.082057563,3.355704698
Golga1,0.082029829,22.81879195
Med24,0.081992062,8.277404922
Mecr,0.081984358,19.01565996
Tctex1d2,0.081854442,5.369127517
Dph1,0.081649316,4.250559284
Kbtbd2,0.081646541,6.935123043
Ninl,0.081496623,6.040268456
Chek1,0.081445193,1.565995526
Zfp518a,0.081327854,7.606263982
Fbxo8,0.081225439,17.67337808
Commd3,0.081103487,7.829977629
Ube4b,0.081029465,33.55704698
Nrip1,0.081017353,15.43624161
Gm26790,0.080938523,27.74049217
Guca1b,0.080917229,1.342281879
G6pc3,0.08089321,11.40939597
Kri1,0.080683341,10.51454139
Rtn1,0.080665697,77.18120805
Igsf10,0.0806287,1.342281879
Ece2,0.080574754,37.13646532
Itpa,0.08053579,8.724832215
Scamp1,0.080529283,28.41163311
Ncoa5,0.080502079,24.60850112
Tmem143,0.080475607,4.697986577
Limk1,0.080256457,21.25279642
Rapgef1,0.080120044,28.41163311
Fam120b,0.080029101,36.01789709
Bean1,0.079997906,9.395973154
Ccdc28b,0.079957781,10.06711409
Kantr,0.079938159,27.29306488
Gm43824,0.079914268,3.803131991
Cyth2,0.079786803,5.592841163
Hmgb1,0.079766401,22.14765101
Maz,0.079462955,6.935123043
Mri1,0.079368643,9.395973154
Gpr63,0.079225259,4.026845638
Arl14ep,0.079213759,7.158836689
Kctd10,0.079145641,2.684563758
Mtrf1l,0.079140675,3.579418345
Ndufs4,0.079074209,35.34675615
Atl1,0.078892324,26.17449664
Ppp2r5e,0.078846853,38.9261745
Pik3ca,0.078755911,22.81879195
Lgi1,0.07874339,20.13422819
Bptf,0.078619498,34.67561521
Loxl1,0.078485405,3.579418345
Yap1,0.078434374,2.237136465
Acadvl,0.078346672,15.43624161
Cramp1l,0.0783012,20.80536913
Pxdn,0.078257084,8.277404922
Nek1,0.078164787,40.04474273
Tma7,0.078105013,19.91051454
Mob1a,0.078077159,2.237136465
Vcpip1,0.077966019,16.3310962
Ppm1g,0.07784649,21.47651007
Txlna,0.077810699,6.487695749
Gm16062,0.077770974,2.908277405
Fam117b,0.077710076,31.09619687
Flt4,0.077668912,1.118568233
Ehd2,0.077608967,1.118568233
Gdap1,0.077482721,23.48993289
Cinp,0.077480688,4.697986577
Exoc5,0.07743725,23.93736018
Fbxw4,0.077346308,31.76733781
Pomt2,0.07730674,7.158836689
Men1,0.077082559,4.921700224
Ptpn2,0.07702801,18.79194631
Acat1,0.076937068,35.34675615
Szrd1,0.076822068,7.606263982
Fam21,0.076777005,15.43624161
Ppwd1,0.076714047,12.9753915
Epn2,0.07661877,22.81879195
Ccne2,0.07661554,5.81655481
Kctd6,0.076597265,2.684563758
Magi3,0.076573299,44.07158837
Cbx1,0.076391415,20.58165548
Gm26805,0.076342111,2.237136465
Hdgfrp3,0.076073117,24.83221477
Cyp4f16,0.076056986,3.579418345
Adcy9,0.076027646,29.3064877
Pdk1,0.075907077,8.724832215
Borcs8,0.075874146,14.76510067
Usp50,0.075845762,21.47651007
Gm13008,0.075815726,5.81655481
Nipa2,0.075771666,12.9753915
Ica1l,0.075730177,14.76510067
Spop,0.075663878,41.8344519
Fbxw5,0.075659896,15.21252796
Top2b,0.075646205,17.67337808
Myo10,0.075618407,41.8344519
Shprh,0.075481993,23.48993289
Tmie,0.075474587,4.250559284
Gm4890,0.075423556,1.789709172
Plpp7,0.075405716,8.053691275
Sub1,0.075394996,13.64653244
BC005624,0.074952008,12.9753915
Wdr45b,0.074751867,15.43624161
Ttll7,0.074708985,25.05592841
Usp40,0.074663514,27.29306488
H2-K1,0.074607063,4.250559284
Vav2,0.074571161,9.619686801
Zdhhc18,0.07455309,13.64653244
Lin7b,0.074459957,10.51454139
Gtpbp2,0.074445477,17.00223714
Btbd7,0.074436159,33.55704698
Vmn2r79,0.074300878,2.460850112
Gm26760,0.074278063,7.829977629
Nelfa,0.074264354,6.040268456
Eps8,0.074217287,5.81655481
Fbxo3,0.074178619,18.34451902
Gm15800,0.074117861,42.05816555
Slc25a46,0.073976259,9.619686801
Rheb,0.073890506,24.38478747
Kcnb1,0.073810275,19.46308725
Desi1,0.073799563,17.67337808
Stxbp4,0.073708621,21.47651007
Tpbg,0.073688508,3.579418345
Nptx2,0.073637477,0.447427293
BC031181,0.073572208,19.01565996
Gm26561,0.073526737,22.37136465
Nip7,0.073484385,4.026845638
Usp48,0.073481266,19.01565996
Slain1,0.073404005,12.9753915
Spen,0.073311077,9.843400447
Smarcd2,0.073280261,3.803131991
Vps51,0.0731782,5.369127517
Pus10,0.073065473,14.54138702
Gzf1,0.073025107,5.369127517
Snx11,0.072974076,5.592841163
Gprasp1,0.0727992,31.54362416
Fgf18,0.072749016,1.342281879
Slc11a2,0.07252693,10.73825503
Tmem169,0.072506102,11.85682327
Wipi1,0.072494361,6.263982103
Fam175b,0.072447339,12.52796421
Vcp,0.072435431,23.93736018
Ccdc106,0.072308114,8.053691275
Aftph,0.072299018,30.87248322
Mdm4,0.072208076,29.75391499
Fiz1,0.072133571,4.474272931
Cog4,0.072071662,19.2393736
Psma1,0.071935249,29.53020134
Slc29a2,0.071902429,2.460850112
Pbld2,0.071893305,4.697986577
Zfp760,0.071851398,4.250559284
Hmg20a,0.071798836,33.78076063
Ighmbp2,0.071708237,4.474272931
Thap8,0.071698306,1.118568233
2210016L21Rik,0.071662423,18.56823266
Heatr3,0.071647321,17.89709172
Stard13,0.071494182,2.013422819
Smpdl3b,0.071392121,1.118568233
Araf,0.071389596,38.25503356
Galnt3,0.071257271,1.118568233
Gba,0.071187998,2.684563758
Mettl2,0.07110345,12.52796421
Slc15a2,0.070983874,7.382550336
Ctxn2,0.070884996,8.053691275
Zfat,0.07088146,14.98881432
Eno2,0.070616588,24.38478747
2310039L15Rik,0.070575628,1.565995526
RP24-274B19.1,0.070525646,57.94183445
Tmcc3os,0.070474568,0.447427293
Gja3,0.070473566,0.447427293
Hmgcs1,0.070471635,20.13422819
Cul9,0.070434704,29.53020134
Eif2b3,0.070291728,14.98881432
Luzp1,0.070252819,35.5704698
Kansl3,0.070207348,21.25279642
Spag9,0.070161877,56.15212528
Id2,0.07011635,5.14541387
Gm20498,0.070077061,8.501118568
Optn,0.069990509,12.75167785
Iars,0.069934522,16.77852349
Flot2,0.069798108,27.06935123
Stk24,0.069670801,7.829977629
Hars,0.069609643,11.63310962
Irf5,0.069566689,0.447427293
Vwc2l,0.069525282,26.84563758
Synj2,0.069504974,4.921700224
Donson,0.06950398,4.026845638
Ska2,0.06945295,4.250559284
Slc7a6os,0.069388869,19.2393736
Pptc7,0.069382501,14.09395973
Aim1,0.069350888,2.908277405
Tnfrsf8,0.069299857,0.223713647
Slc9a7,0.069252455,30.64876957
Drg1,0.069116042,49.66442953
Gm14966,0.069050885,7.829977629
Abcc5,0.0690251,41.8344519
Incenp,0.06884058,3.131991051
Tpra1,0.068829284,10.29082774
Hscb,0.068787191,7.606263982
Cfdp1,0.068661331,25.5033557
Platr25,0.068636456,4.250559284
Vamp4,0.068524918,27.51677852
Ergic2,0.068479447,23.48993289
Dmxl2,0.068433976,38.70246085
Lrrc14,0.068432333,4.697986577
3110056K07Rik,0.068388505,17.00223714
Wsb2,0.068312014,7.382550336
Taz,0.068297563,29.3064877
Mrps17,0.068220701,10.06711409
Dnajc8,0.06816115,21.25279642
Gm14009,0.068160723,7.382550336
Rictor,0.068115678,22.14765101
Exoc7,0.068084687,10.51454139
Nmur2,0.067978068,10.29082774
Gm26826,0.067973056,1.342281879
Gm13599,0.067870994,2.460850112
Gm38392,0.067845772,1.565995526
Lmo2,0.067768932,2.460850112
Endog,0.067717902,3.355704698
Cbwd1,0.06770384,12.9753915
Ypel1,0.067576328,4.921700224
Kif13b,0.067524554,20.58165548
Mccc1os,0.067513778,1.118568233
Larp1b,0.06734267,17.22595078
Ncoa6,0.067297199,18.12080537
Peli1,0.067267609,16.3310962
Cgrrf1,0.067207593,5.369127517
Psmd4,0.066747573,19.46308725
Ush2a,0.066493162,2.684563758
Arhgap23,0.066387777,25.05592841
Taf4b,0.066359338,5.81655481
Tmem216,0.066351031,12.08053691
Ctdspl,0.066296835,22.5950783
Eif3b,0.066289039,6.487695749
Wdr12,0.066287303,14.98881432
Arhgap39,0.066251364,36.68903803
Opa1,0.066160422,22.14765101
Guk1,0.066055158,8.724832215
Hspa14,0.066048215,12.30425056
Pnmal1,0.065931823,5.14541387
Akap8,0.065887595,29.53020134
2310022A10Rik,0.065871269,7.606263982
Xiap,0.065842124,23.26621924
Dnlz,0.065824833,8.948545861
Gm3558,0.0657277,2.684563758
Tacc1,0.065705711,28.41163311
Gm14308,0.065676669,2.684563758
Gm26804,0.065614769,38.03131991
Exoc3,0.065591537,17.67337808
Ralgapb,0.065569298,36.24161074
Adgrb1,0.065478356,20.13422819
Catsperg2,0.065421515,0.447427293
Clk3,0.065385214,10.29082774
Rnf166,0.065286512,9.395973154
Nudt3,0.065210876,10.29082774
Pitrm1,0.065166175,6.935123043
6030458C11Rik,0.065039907,12.08053691
Lman2l,0.065023645,25.950783
Wbp4,0.065023227,13.64653244
Rreb1,0.065013268,4.921700224
Vps13d,0.064841761,38.9261745
Axin1,0.064750818,19.68680089
Agtrap,0.064707083,2.013422819
Lonp1,0.064688436,8.053691275
Oaz1,0.06438705,35.5704698
Zfp771,0.064294892,12.08053691
Dcun1d2,0.06422501,12.9753915
6330403K07Rik,0.064159694,36.01789709
Wrnip1,0.063994647,6.263982103
Accs,0.063992652,4.026845638
Ephb2,0.063932339,28.41163311
Atp7b,0.06389059,2.013422819
Mthfd1,0.063639436,9.395973154
Uvrag,0.063614041,27.96420582
Ski,0.063590002,11.63310962
Naa40,0.06356857,27.96420582
Thap3,0.063432157,32.88590604
Brpf1,0.063431313,4.026845638
Eif2b1,0.063394585,6.040268456
Hnrnpa2b1,0.063341215,31.99105145
Enpp6,0.06327822,1.118568233
Hpcal1,0.063262979,21.47651007
Trmt1l,0.063159331,27.51677852
Pcnx,0.063068389,27.06935123
Ergic3,0.062989754,19.2393736
Cdc37l1,0.062977446,19.2393736
Rab11fip5,0.062974421,8.277404922
Pex12,0.062921004,1.789709172
Dctn1,0.062706198,11.63310962
Gm26691,0.06270462,41.8344519
Slc28a1,0.062702024,0.447427293
Agbl3,0.06266585,6.487695749
Lmf2,0.062461727,2.460850112
Eno1,0.062386322,19.01565996
Gm15675,0.062288422,0.894854586
Nmb,0.062206573,2.908277405
Dolpp1,0.06205348,3.131991051
Grik2,0.061931611,90.82774049
Bak1,0.061900388,2.908277405
Upf2,0.061795198,26.62192394
Gm14306,0.061749727,19.91051454
Dnajc7,0.061704256,28.41163311
Gna13,0.061698074,6.487695749
Hspb8,0.061696265,2.908277405
Gripap1,0.061658785,26.17449664
Dedd2,0.061645234,4.026845638
Ctnnal1,0.061466969,17.00223714
Sp7,0.061439314,0.894854586
Tmem135,0.06143143,31.09619687
Serpine2,0.061385726,11.40939597
Fam216a,0.061378979,8.501118568
Phrf1,0.061295016,18.12080537
Gm26551,0.061249545,16.77852349
Tenm3,0.061204074,68.00894855
Srbd1,0.061127008,10.06711409
Ugp2,0.061113132,16.3310962
Gm14211,0.061032864,5.369127517
Ireb2,0.06102219,20.13422819
Exoc4,0.060749363,71.1409396
Mapk1ip1l,0.060711633,13.19910515
Tnfaip8l1,0.060573586,1.118568233
Atraid,0.060385595,22.14765101
Arhgap44,0.060340124,29.53020134
Slc7a14,0.060112768,36.01789709
Nup153,0.060081192,13.87024609
Mast2,0.060021826,50.11185682
Sgpl1,0.05987666,12.75167785
4930570N18Rik,0.059859155,1.342281879
Fkbp15,0.05969796,13.87024609
Hnrnph1,0.059430702,20.13422819
Trove2,0.059385231,21.02908277
Serf2,0.059174555,15.8836689
Cwc22,0.059169366,11.40939597
Eif4g3,0.059066933,52.34899329
Rap2c,0.058991631,3.131991051
Tmem260,0.058885049,20.80536913
Zfp799,0.058839578,16.3310962
Tmem35,0.058787508,5.592841163
Sf3b2,0.058748636,22.81879195
Cd151,0.058688425,6.487695749
Cfap53,0.058685446,1.789709172
Eftud2,0.05852128,17.22595078
Isoc2b,0.058430292,2.684563758
Napa,0.05822899,17.67337808
Spsb2,0.058175138,2.460850112
Cbx5,0.058157512,29.3064877
Erap1,0.05810882,4.921700224
Tcerg1,0.05806657,23.93736018
Gorasp2,0.058021061,9.395973154
Bbs5,0.057916252,16.55480984
Prmt7,0.057884685,15.65995526
Brd2,0.057767689,8.501118568
Sh3gl1,0.057748272,16.10738255
Chic2,0.05765733,17.00223714
Plekhg5,0.057636251,8.277404922
Nap1l1,0.057611859,16.55480984
Uchl1,0.057475446,40.93959732
Morn4,0.057454562,7.158836689
Eral1,0.057358645,5.81655481
Atp6v1d,0.057202619,19.01565996
Alg2,0.057144803,8.501118568
Hccs,0.057103491,4.026845638
Rhbdd1,0.057100752,15.65995526
Napb,0.057066206,25.27964206
Lnpep,0.056975264,31.99105145
Them6,0.056950398,4.697986577
Pigk,0.056929793,26.84563758
Rbm17,0.056797306,7.606263982
Gm17227,0.056746275,6.040268456
Asb2,0.056644213,1.118568233
Eif3a,0.056611495,14.54138702
Gpr107,0.056587261,15.8836689
Cars,0.056520553,16.77852349
Slc50a1,0.056475082,21.47651007
Poldip3,0.056373197,9.843400447
4931428F04Rik,0.056356508,4.921700224
Zfp7,0.056338028,4.474272931
Arhgef7,0.056293198,26.62192394
Patl1,0.056254846,9.619686801
Zc3h13,0.056247726,20.58165548
Elp4,0.056156784,31.99105145
Fam92a,0.056147038,14.76510067
Rab28,0.056111313,28.41163311
Zfyve26,0.056103953,13.19910515
Gpbp1,0.056065842,20.13422819
Mirg,0.056020371,56.37583893
Rxra,0.055980812,2.684563758
Plppr4,0.0559749,22.5950783
Adam8,0.055878751,2.684563758
Dhx35,0.055762794,5.14541387
Cenpi,0.055623597,1.565995526
Det1,0.055572566,4.921700224
Ubqln1,0.055521173,12.75167785
Clec16a,0.055520189,24.60850112
Zfp266,0.055474718,21.47651007
Bmpr2,0.055292834,37.36017897
Poglut1,0.055272767,13.87024609
E4f1,0.055199896,11.40939597
Idh2,0.055171494,14.09395973
Mfsd6,0.055156421,21.47651007
Gtf2h5,0.055075595,10.73825503
Acbd6,0.055065478,31.09619687
Gm44151,0.055019014,22.14765101
Rrp9,0.055011227,4.474272931
Nub1,0.054883594,18.34451902
Apeh,0.054863898,5.592841163
Rabif,0.054848212,8.277404922
Polg,0.054703872,8.948545861
Stard3,0.054694526,6.487695749
Myh9,0.054692762,11.18568233
Bri3,0.054657826,14.98881432
D16Ertd472e,0.054654011,0.67114094
Cited2,0.05460298,2.908277405
Mospd1,0.054551949,5.14541387
Cct4,0.05449896,9.619686801
Pycrl,0.054449888,5.81655481
Suclg1,0.054428883,18.56823266
Zfp637,0.054347826,6.263982103
Mtf2,0.054337941,30.87248322
Zfp78,0.054296795,2.237136465
Foxj3,0.05429247,27.74049217
Rab2b,0.054246999,12.75167785
Laptm4a,0.054201528,22.5950783
Pcbd1,0.054194734,4.474272931
Rfc3,0.054092672,3.579418345
Myo9b,0.054065115,18.79194631
Hace1,0.054019644,24.38478747
Meg3,0.053974172,100
Rbm19,0.05393958,2.908277405
Saraf,0.053928701,33.78076063
Prss56,0.053825322,0.223713647
Cd2ap,0.053792288,21.47651007
Gm26533,0.053582364,5.592841163
Ubac1,0.053413622,10.73825503
Ttc37,0.053383048,22.14765101
Usp20,0.053337577,24.83221477
Wnk2,0.053292106,41.38702461
RP23-205F19.4,0.053276179,2.908277405
Pcid2,0.053249986,9.172259508
Acot7,0.053246635,30.64876957
Rab14,0.053201164,24.83221477
2010300F17Rik,0.053174117,7.158836689
Egf,0.053046048,4.026845638
Dusp1,0.053021025,2.013422819
Sos2,0.05301928,27.51677852
Insig2,0.052928338,16.55480984
Nfasc,0.052791924,42.50559284
Fam160b1,0.05271703,4.250559284
Rab10,0.052700982,29.53020134
Cstad,0.052640487,0.223713647
Rpap2,0.052579243,9.619686801
AY036118,0.052552419,6.040268456
Mynn,0.052447796,11.63310962
Acsl5,0.052341149,8.053691275
A930012L18Rik,0.052306593,1.789709172
Gm13883,0.052204532,2.013422819
Tfcp2,0.052155329,18.79194631
Mthfsd,0.052109858,13.19910515
Ap3s1,0.052064387,20.35794183
Coil,0.052030397,9.172259508
Polb,0.051973445,35.5704698
Habp4,0.051882503,14.76510067
Stt3b,0.051791561,16.3310962
Mapre2,0.051700618,30.64876957
Rhpn2,0.051694223,1.565995526
Eef1g,0.051682547,17.44966443
Krr1,0.051643192,3.803131991
Fam49a,0.051542931,12.75167785
Rnf214,0.051473263,22.37136465
Brd8,0.051291379,24.38478747
Plcb3,0.051285977,1.342281879
Gm11659,0.051200437,19.01565996
Mgea5,0.051154965,26.62192394
5330439A09Rik,0.051081853,1.565995526
Csde1,0.050973081,24.83221477
E2f4,0.050928761,4.697986577
Mapk1ip1,0.050927796,13.64653244
Reep1,0.050882139,48.5458613
Cops5,0.050856113,10.29082774
Scyl2,0.050752464,9.619686801
Asb3,0.050745726,34.67561521
Syap1,0.050679974,8.724832215
Gm28501,0.050622576,1.342281879
Sugp2,0.05051837,23.71364653
Scap,0.050472899,15.8836689
Prrg3,0.050469484,3.579418345
Mapk4,0.050427428,16.3310962
Shcbp1l,0.050418453,2.237136465
Copg2,0.050381957,40.49217002
1600002K03Rik,0.050367422,4.250559284
Srsf2,0.050336486,42.05816555
RP23-54G8.4,0.050291015,38.4787472
Dmkn,0.050214329,0.894854586
Samd4b,0.050109131,13.87024609
Txnrd2,0.050066407,6.040268456
Smyd5,0.05006443,11.18568233
Qser1,0.05006366,15.43624161
Ydjc,0.050030069,4.697986577
Mef2a,0.049881775,33.33333333
Commd4,0.049790833,16.10738255
Stk38,0.049699891,31.09619687
Ppp2r3a,0.04965442,39.37360179
Etv3,0.04965299,4.697986577
Ermard,0.049608949,31.99105145
Doc2g,0.04960196,1.789709172
Dpysl3,0.049518007,32.88590604
Lhpp,0.049499898,2.237136465
Ift172,0.049427064,13.87024609
Eml5,0.049381593,48.5458613
Oca2,0.049295775,2.460850112
Morf4l1,0.049199709,31.99105145
6430550D23Rik,0.049142682,3.803131991
Glb1,0.049108767,17.44966443
Dpysl5,0.049063296,23.71364653
Gm15496,0.048938559,1.342281879
Metap1d,0.04883594,19.46308725
Ikbke,0.048734436,0.894854586
Ythdf1,0.048584926,7.829977629
Ppp1r42,0.048581343,1.789709172
Wwp2,0.04838123,22.5950783
Ppp1r9b,0.048359761,6.263982103
Gm16894,0.048326189,5.369127517
1700007B14Rik,0.048275158,5.14541387
Abcb6,0.048071035,4.026845638
Cenpt,0.047974765,16.3310962
Gabrr3,0.047968973,0.447427293
Sbds,0.047926519,16.10738255
Zzz3,0.047892362,13.87024609
Arntl,0.047860786,13.64653244
Htr5b,0.047611758,0.67114094
Fars2,0.047608221,34.22818792
Gm26658,0.047560727,2.684563758
Cep83,0.047426337,20.80536913
Xrn2,0.047335395,21.47651007
Pla2g10,0.047305573,1.789709172
Psmd9,0.047244453,18.12080537
Man2c1,0.047198981,14.31767338
Slc23a2,0.04715351,23.93736018
Gm29536,0.047108039,13.64653244
Ogfrl1,0.04704627,9.619686801
Gtf3c5,0.046897326,4.921700224
Akap9,0.046880684,35.12304251
Fem1b,0.046841738,7.829977629
Rec114,0.046779588,2.908277405
Tubgcp5,0.046744271,17.22595078
Nat10,0.046700554,8.501118568
Wls,0.046653328,14.31767338
Slc1a2,0.046646553,15.21252796
Lonrf2,0.046607857,14.98881432
Alkbh5,0.046580643,11.63310962
Zfp248,0.046562386,11.18568233
Zfp704,0.046471444,32.2147651
Enthd2,0.046438049,3.355704698
Prkci,0.046389422,9.172259508
Rpl6,0.04628956,17.44966443
Gm26903,0.046182894,3.131991051
Smarcb1,0.045966287,13.64653244
Vwa8,0.045925791,39.14988814
Cog5,0.045834849,49.88814318
2010109A12Rik,0.045825679,2.460850112
Phldb2,0.045570525,2.684563758
Zfp955a,0.045519494,1.565995526
Arf3,0.045425609,18.79194631
Prdm10,0.045380138,21.92393736
Arrb2,0.045334667,17.22595078
Sh3pxd2a,0.045289196,15.43624161
Gm9962,0.045206775,5.592841163
Ciapin1,0.045152783,13.87024609
Ubp1,0.044925427,15.8836689
Zfp960,0.044907124,1.342281879
Psmd13,0.044904571,14.98881432
Man2c1os,0.044834485,19.2393736
Nsmce2,0.044789014,31.54362416
Ric8,0.044755628,7.606263982
5031415H12Rik,0.044754031,5.369127517
Sox11,0.04474294,16.55480984
Ipo8,0.044652601,25.5033557
Kmt2e,0.04460713,51.00671141
Pcnxl4,0.044554688,12.08053691
A330017A19Rik,0.044516188,16.3310962
Ifi35,0.044508215,5.592841163
Copz1,0.044425246,17.00223714
Pop5,0.044205817,7.382550336
Slc30a5,0.044152419,11.63310962
Tmem117,0.044106948,42.28187919
Spag6,0.043988569,1.118568233
Pabpn1,0.043937538,6.040268456
Ptpra,0.043925064,28.41163311
Gm7173,0.043895464,7.382550336
Hspe1,0.043791212,10.51454139
Cep350,0.04378865,27.29306488
Fan1,0.043784446,6.487695749
Sort1,0.043743179,20.80536913
1110059E24Rik,0.043711195,11.85682327
Arfrp1,0.04368916,9.172259508
Erlin1,0.043652237,17.44966443
Ddhd1,0.043606766,19.01565996
Bad,0.043529292,6.263982103
Actr1a,0.043515824,20.80536913
Tbcel,0.04346419,11.85682327
Ei24,0.043424882,17.44966443
Rrp15,0.043325168,4.474272931
Ppp6r3,0.043242997,32.43847875
Arv1,0.043214382,7.382550336
Clp1,0.043172076,3.803131991
Fbxo25,0.043062895,13.64653244
Anapc7,0.043018983,6.040268456
Map3k10,0.042994573,10.96196868
Kctd20,0.042991203,11.40939597
Yes1,0.0429247,19.01565996
Nsun5,0.042916922,4.697986577
5830454E08Rik,0.042865891,1.342281879
Mccc2,0.042731288,13.19910515
Qpct,0.04267944,9.395973154
E130309D14Rik,0.042661768,7.829977629
Gatad2b,0.042651873,35.79418345
Mrpl4,0.042560931,13.42281879
Tbc1d2b,0.04242747,6.263982103
Setd2,0.042424518,29.53020134
Por,0.042379047,22.5950783
Gm44040,0.042304552,0.447427293
Sfxn1,0.042288105,15.65995526
Mtmr9,0.042253521,4.250559284
3300002I08Rik,0.042170933,10.06711409
Zfp740,0.042151692,17.22595078
Mrs2,0.042049398,4.697986577
Use1,0.042033712,8.053691275
D930015E06Rik,0.042015278,16.55480984
Fbxw8,0.041833394,17.44966443
Tmcc1,0.041787923,58.61297539
Ablim1,0.041742452,46.75615213
Nsmaf,0.041606039,15.21252796
Hoga1,0.041437028,6.040268456
Ptk7,0.041433659,11.18568233
Prdx1,0.041424154,18.56823266
Slmo1,0.041378683,22.37136465
Minos1,0.041333212,16.10738255
Hdac8,0.041287741,39.37360179
Ppa2,0.041222602,10.73825503
Ebf4,0.041202739,11.63310962
Mrpl1,0.041198776,10.73825503
Fhl1,0.041196799,16.10738255
Cdc7,0.041107221,9.395973154
Cnot3,0.041105857,20.58165548
Ube2j1,0.041028781,6.487695749
Hipk3,0.041022451,13.42281879
Gm26854,0.040977751,2.237136465
Myl6,0.040969443,33.10961969
Dcaf5,0.040923972,25.72706935
Clcn3,0.040878501,34.00447427
Tcof1,0.040824658,6.711409396
Rab12,0.040787559,20.80536913
Actr3,0.040742088,16.77852349
Ankrd13a,0.040696617,20.13422819
Cab39l,0.040651146,30.87248322
Fut7,0.040622884,0.223713647
Zfp667,0.040620535,6.711409396
Sfxn5,0.040469262,28.8590604
Actl6b,0.04042379,17.22595078
Prr3,0.040349899,8.501118568
Slbp,0.040241906,12.08053691
Gm17296,0.040110227,4.697986577
Larp4b,0.040105493,23.04250559
Gpm6b,0.040060022,31.76733781
Smg6,0.03996908,53.46756152
Kdm6a,0.039878138,23.04250559
Gm26510,0.039855072,0.894854586
0610007P14Rik,0.039832666,14.76510067
Dcaf12,0.039741724,12.52796421
Faap20,0.03970198,5.81655481
Pcmt1,0.039696253,36.68903803
Ikbkb,0.039650782,14.09395973
Vipas39,0.039634697,14.54138702
Mtor,0.039605311,18.12080537
D130017N08Rik,0.039599918,4.250559284
Ubap1l,0.03955984,15.21252796
Smap2,0.039514369,14.54138702
March2,0.039423427,17.00223714
Gm42456,0.039344764,4.697986577
Tex9,0.039318766,14.76510067
Spx,0.039293733,2.237136465
Miat,0.039287013,44.07158837
Alkbh8,0.039196071,22.37136465
Gm28836,0.039038268,1.565995526
Prpsap1,0.038968716,14.98881432
Zcchc4,0.038877774,12.08053691
Ppp1r15a,0.038783425,1.789709172
Fto,0.03874136,46.30872483
Foxred1,0.038732394,6.935123043
Nfkb1,0.038695889,23.71364653
Tpp1,0.038681364,6.040268456
Tom1l2,0.038650418,53.46756152
Psme1,0.038630333,4.250559284
Dym,0.038559476,28.18791946
Tex36,0.038528271,0.223713647
Zcchc12,0.038514005,17.00223714
Smarca5,0.038423063,18.79194631
Snrnp200,0.038403386,7.158836689
Slc8a3,0.038377592,38.4787472
Sepsecs,0.038375179,6.487695749
Mfap3l,0.038356337,7.829977629
Slc30a9,0.038332121,18.34451902
Dnajc17,0.03828665,21.47651007
9530077C05Rik,0.038220518,11.18568233
Mtmr10,0.038205425,5.592841163
Ing3,0.038120024,6.711409396
Tmem131,0.038013823,21.70022371
B4galt5,0.037968352,14.98881432
Kdm4c,0.03787741,49.21700224
Dctn6,0.037785066,9.619686801
Phax,0.037771561,11.18568233
Cep170b,0.037679821,9.843400447
Glt1d1,0.037650055,20.35794183
Pepd,0.037581537,9.843400447
Gtf2i,0.03746817,36.24161074
Pxdc1,0.037354562,0.67114094
Mark1,0.037331757,17.22595078
Ube2l3,0.037286286,21.25279642
Suz12,0.037240815,19.46308725
Rpain,0.037099408,6.040268456
Hadhb,0.037041453,14.31767338
Ttc4,0.036967988,21.47651007
Arhgap35,0.036831575,33.78076063
Sphk2,0.036742192,3.579418345
Hmgxb4,0.036698522,10.73825503
Cwc15,0.036671716,10.73825503
Ttbk1,0.036513278,13.19910515
Dus2,0.036376864,15.65995526
Smc6,0.036285922,30.64876957
Tbc1d9,0.036104038,18.34451902
Ipo13,0.036104029,9.395973154
Trpm4,0.036063709,7.382550336
Dnajc18,0.036058567,19.68680089
Fads1,0.035954704,10.06711409
Clca4b,0.035925699,1.789709172
Runx1t1,0.035922154,54.8098434
Actl6a,0.035892953,9.395973154
Clasrp,0.035876682,22.81879195
Kif21b,0.035875884,11.63310962
Chd2,0.035740269,35.12304251
Gadd45g,0.035721576,7.829977629
Mapre3,0.035694798,25.950783
Fopnl,0.03552085,9.619686801
Klhl7,0.035512914,35.5704698
Nrsn2,0.035421972,14.54138702
Mns1,0.03536436,4.250559284
Syvn1,0.035340933,6.487695749
Tmem246,0.035331029,18.79194631
Ppp4r1,0.035240087,15.43624161
Prox2os,0.035109206,1.565995526
Miip,0.035070501,7.606263982
Chst11,0.035058203,16.10738255
Smad5,0.035058175,4.697986577
Arhgef25,0.035012732,13.87024609
B230307C23Rik,0.035007144,2.460850112
Tmem183a,0.034828639,7.382550336
Entpd5,0.034678544,8.948545861
2900060B14Rik,0.034649929,5.81655481
Fgf2,0.034598898,2.460850112
3300002A11Rik,0.034558021,14.54138702
Uck1,0.034401726,4.921700224
Heca,0.034292713,5.81655481
Iqch,0.034190651,3.131991051
Susd2,0.03408859,6.487695749
Cdkl3,0.033966897,18.34451902
Vmn2r56,0.033935497,3.131991051
Zmym6,0.033875955,19.91051454
C1qtnf7,0.033827044,1.565995526
Alas1,0.033811196,6.487695749
Rce1,0.033782405,6.263982103
Atm,0.033777467,12.75167785
Pitpnc1,0.033739542,40.49217002
Agfg1,0.033557657,21.25279642
Lrrc19,0.033547123,12.08053691
Jag2,0.03352725,3.355704698
Ipmk,0.033512186,12.52796421
Uchl3,0.033375773,19.68680089
Magix,0.033287955,0.223713647
Sptan1,0.03323936,46.30872483
Ikzf1,0.033170035,0.894854586
Dcp1a,0.033135108,13.42281879
Sox5,0.033102947,13.87024609
Itga3,0.033078118,8.277404922
Naa15,0.032966533,26.62192394
Plekhj1,0.032955405,11.63310962
Dbndd2,0.03286385,6.711409396
Abca1,0.032761788,3.355704698
Mff,0.032693707,19.91051454
Dcaf7,0.032602765,17.00223714
Trpc4ap,0.032557294,24.16107383
Atad2b,0.032329938,41.38702461
Caap1,0.032284467,15.21252796
Ghrh,0.032200449,0.67114094
Il6st,0.03210455,8.277404922
Rpp21,0.032102583,17.44966443
Faap100,0.032018964,7.829977629
Syncrip,0.031875227,15.21252796
Dnpep,0.031829543,8.277404922
Gm28410,0.031792202,0.447427293
Rnf208,0.031759243,8.053691275
Rad9b,0.031730451,13.19910515
Las1l,0.031647872,19.91051454
Gmpr2,0.031602401,11.18568233
Gm16386,0.031434987,2.013422819
Phf12,0.031329574,23.26621924
Ube2f,0.031293626,12.52796421
4931406C07Rik,0.031230863,8.053691275
Furin,0.031179833,6.935123043
Eml4,0.031102219,27.74049217
Slc4a8,0.031056748,12.75167785
Zfp474,0.03102674,0.894854586
Gm12120,0.030924679,1.342281879
Ubtd2,0.030799784,8.053691275
Secisbp2,0.030783921,10.96196868
Tmem110,0.03073845,14.98881432
Bax,0.030692979,13.64653244
St8sia4,0.030556566,14.31767338
Errfi1,0.030516432,4.026845638
Pnpla7,0.030511095,12.08053691
Sec22a,0.030465624,16.10738255
Gm15886,0.030312309,6.935123043
Tbca,0.030192797,16.77852349
Psmf1,0.030159216,6.711409396
Prkaca,0.030056384,15.8836689
Sppl3,0.030010913,30.64876957
Mkrn2,0.030006124,4.474272931
Rhot1,0.029965442,28.8590604
Klhdc2,0.029919971,14.09395973
Dnajc27,0.0298745,12.9753915
Wasf1,0.029829029,11.40939597
Dnajb6,0.029783558,19.46308725
Plekhm2,0.029738087,23.26621924
Anxa6,0.029692615,19.2393736
Wdr20,0.029647144,16.55480984
Eny2,0.029409449,10.06711409
Armc8,0.029328847,22.14765101
Stox1,0.029291692,5.81655481
Cyb5r4,0.029237905,13.87024609
Kat6b,0.029192434,35.5704698
Capn15,0.02905602,29.97762864
Herc3,0.029010549,26.62192394
Ccdc152,0.028793097,0.223713647
Prpf39,0.028737723,19.46308725
Maged2,0.028692252,10.06711409
Hs1bp3,0.028679322,3.131991051
Rap1gds1,0.02860131,28.8590604
Ltf,0.028577261,6.711409396
Stat1,0.028475199,5.81655481
Tmco1,0.028419425,16.3310962
Zbtb4,0.028373954,12.9753915
Bex1,0.028326682,9.619686801
Ttc13,0.028283012,12.9753915
Klhdc1,0.02819207,13.19910515
Zfp143,0.028066952,6.040268456
Ppp2ca,0.028019913,12.9753915
Tmem109,0.027964891,5.14541387
Wdfy3,0.027964714,44.74272931
Hexdc,0.027919243,12.9753915
Lemd3,0.027828301,17.22595078
Tnk2,0.02778283,24.38478747
Evpl,0.027760768,2.237136465
Smim4,0.027737359,18.56823266
Arvcf,0.027691888,15.21252796
Zfp239,0.027646417,13.87024609
Tango2,0.027600946,40.71588367
Vps29,0.027464533,13.87024609
Cacna1b,0.02737359,53.91498881
Immp1l,0.027237177,23.26621924
Nom1,0.027134512,9.172259508
Mtmr11,0.027097367,3.579418345
Arl5b,0.027046336,5.592841163
Msrb1,0.026995305,2.908277405
H3f3b,0.026964351,26.17449664
Fer,0.02691888,30.42505593
Rtn3,0.026827937,72.48322148
Bsn,0.026782466,24.38478747
Slc10a4,0.026740151,3.131991051
Adamts17,0.026600582,15.21252796
Timp4,0.026587059,5.81655481
Mib2,0.026555111,18.12080537
Arhgef10,0.026536028,4.474272931
Cask,0.026464169,44.51901566
Nradd,0.026433966,2.013422819
Cnep1r1,0.026191342,12.9753915
Gata4,0.026127781,1.565995526
Abcc1,0.0261004,14.09395973
Hlcs,0.026009458,17.22595078
Plod3,0.025974689,5.14541387
Mrps26,0.025963987,12.52796421
Znhit1,0.025918516,19.68680089
Osbp,0.025834321,12.08053691
Mapk14,0.025736632,23.93736018
Prdm4,0.025617473,2.237136465
Cacybp,0.025463805,8.501118568
Vps54,0.025418334,26.84563758
Kdm1b,0.025311288,2.684563758
Cbfa2t2,0.025281921,34.67561521
Zap70,0.025209226,1.342281879
Abi3bp,0.025056134,3.579418345
Slc26a8,0.025034099,6.487695749
Sfmbt1,0.024963623,27.74049217
Dynll1,0.02482721,21.70022371
Adra1a,0.024781739,18.56823266
Wdr70,0.024736268,25.05592841
Flnb,0.024690797,36.24161074
Itfg2,0.024508912,17.22595078
Zfp788,0.024494804,6.935123043
Necap2,0.024392733,5.14541387
Dlg5,0.024372499,14.54138702
Zdhhc17,0.024327028,24.83221477
Msi2,0.024281557,65.99552573
Irx5,0.024239641,0.894854586
Golga2,0.02421225,11.40939597
Setx,0.024190615,32.66219239
Tmem120b,0.024145144,15.65995526
Aldh16a1,0.024086548,1.789709172
Tmco4,0.023984487,2.460850112
Frs2,0.023917788,17.44966443
Tmem79,0.023882425,1.342281879
Klf10,0.023831394,3.131991051
Xpnpep1,0.023735904,12.75167785
Tha1,0.023729333,2.013422819
Skap1,0.023644962,19.46308725
Ehd3,0.023627271,4.474272931
Tcea1,0.023608225,11.85682327
Eri2,0.023474178,5.592841163
Gpatch11,0.023423148,5.81655481
Scarb2,0.023417606,14.98881432
Wdr13,0.023372135,9.843400447
Raf1,0.023326664,24.60850112
Cdc23,0.023275429,12.75167785
Htra2,0.023235722,12.08053691
Bnip2,0.023219024,4.250559284
Rnf6,0.023158081,7.158836689
Vamp7,0.023116963,6.487695749
Ahsa1,0.023099309,14.98881432
Ube2n,0.023053838,11.63310962
Abcd1,0.023014901,4.474272931
Fbrsl1,0.022962896,14.54138702
Epb41l5,0.022917425,19.2393736
Nt5c3,0.022912839,7.606263982
Gm14325,0.022861809,3.131991051
Rmdn1,0.022826482,39.14988814
Dysf,0.02273554,8.053691275
Rabgap1l,0.022644598,64.65324385
Sgpp2,0.022417243,10.51454139
Bms1,0.022402531,6.935123043
Gcc2,0.022235358,21.25279642
Ap1b1,0.022098945,15.21252796
Slc17a5,0.022053474,15.65995526
Ncstn,0.021962532,10.29082774
Abcf3,0.021900372,8.277404922
Nat9,0.021892223,3.803131991
Hprt,0.021735176,15.65995526
Tdrd7,0.021722266,8.724832215
Ppp2r2a,0.021689705,25.05592841
Gm17058,0.0216881,3.131991051
Shank1,0.021644234,39.14988814
Nme6,0.021637069,6.935123043
Morc4,0.021535007,3.579418345
Bnip1,0.021483976,7.158836689
Tlr4,0.021432945,2.237136465
Rdh12,0.021330884,0.894854586
Rabepk,0.021325937,7.606263982
Prpf19,0.021280466,17.67337808
Gm14827,0.021237371,10.73825503
Bzw2,0.021234995,15.8836689
Vps18,0.021228822,4.026845638
Gm26777,0.021177791,7.158836689
Plek,0.02107573,5.81655481
Grid1,0.021007639,68.23266219
Gstm1,0.020973668,5.369127517
Ints9,0.020916697,21.47651007
Gtf2b,0.020871606,6.487695749
Csnk2a2,0.020871226,13.64653244
Vps53,0.020825755,17.89709172
Snx13,0.020780284,17.44966443
Tfpt,0.020769545,5.81655481
Dgke,0.020734813,15.43624161
Svop,0.020689342,35.12304251
Fam149a,0.020667483,2.460850112
Gtf3c1,0.02064387,15.65995526
AA543186,0.020616452,3.803131991
Fxyd4,0.020598399,11.63310962
Taf4a,0.020565422,6.263982103
Pdhx,0.020552928,16.10738255
Tbl1x,0.020507457,34.89932886
Ccdc43,0.02046336,4.250559284
Gltscr1l,0.020371044,23.48993289
Dctn2,0.020325573,16.77852349
Farp2,0.020234631,9.172259508
D130043K22Rik,0.020098218,26.62192394
Senp7,0.020052746,36.91275168
Zfp329,0.019916333,18.12080537
Zc3h12c,0.01977992,16.55480984
Cs,0.019734449,23.48993289
4933434E20Rik,0.019688978,20.35794183
Clasp1,0.019643507,42.05816555
Ythdf3,0.019598036,21.92393736
Mzf1,0.019544805,4.474272931
Cep19,0.019474524,9.172259508
Commd7,0.019442743,8.724832215
Clock,0.019416151,35.5704698
Rragc,0.019383777,7.829977629
Cnot6l,0.019188796,20.13422819
Aifm2,0.019136558,4.026845638
Camk2n1,0.019085528,8.724832215
Gm3448,0.019052383,15.65995526
Gm20045,0.018881404,5.592841163
Rmdn3,0.018870498,7.382550336
Cherp,0.018779556,19.46308725
Fam63b,0.018688614,25.950783
Sdccag3,0.018643143,16.10738255
Phc1,0.01862625,6.935123043
Tprkb,0.018575219,10.73825503
Zfp532,0.018552201,34.22818792
2010315B03Rik,0.018524189,7.382550336
Gcn1l1,0.018461259,17.67337808
Ehbp1l1,0.018422127,5.14541387
Slc38a9,0.018370316,28.8590604
Mettl25,0.018188432,12.9753915
RP23-474J16.2,0.018170426,1.342281879
Kank4,0.018115942,3.803131991
Eif3j1,0.01809749,13.64653244
Rasgef1a,0.018052019,22.37136465
Babam1,0.017961077,11.40939597
Osgep,0.017862189,9.619686801
Fut1,0.017860788,0.447427293
Fnta,0.017824664,12.9753915
D630045J12Rik,0.017779192,25.05592841
Rnf185,0.017733721,13.64653244
Ccni,0.017551837,17.22595078
Sos1,0.017506366,26.62192394
Arf5,0.017460895,16.3310962
Trappc1,0.017430701,8.277404922
Sec24b,0.017415424,37.58389262
Ctxn1,0.017299449,4.921700224
Mettl23,0.017233539,41.8344519
Chfr,0.017188068,25.950783
Pld5,0.017006184,56.37583893
Thsd4,0.016915242,28.63534676
Mtmr3,0.0168243,36.24161074
Ulk3,0.016782003,4.697986577
Pccb,0.016733358,12.08053691
Med15,0.016687887,27.74049217
Ppp1cb,0.016596944,22.14765101
Rnft2,0.016506002,11.85682327
Zbtb7a,0.016460531,19.01565996
Nhej1,0.016329863,4.250559284
E130309D02Rik,0.016176771,3.131991051
Klf12,0.016142234,42.50559284
Prpf6,0.016051291,29.75391499
Sytl5,0.015870586,5.369127517
Rcan1,0.015768524,9.619686801
Selenbp2,0.015741368,0.447427293
Lrrtm1,0.015615432,5.14541387
C730034F03Rik,0.015564401,5.369127517
L1cam,0.015551109,18.12080537
Il34,0.015462339,4.026845638
Vps72,0.015460167,8.948545861
Zfp365,0.015411308,3.131991051
Inafm1,0.015309247,6.935123043
Pfn1,0.015187341,10.96196868
Map4k2,0.014959985,23.48993289
Keap1,0.014914514,9.843400447
Msl1,0.014849969,3.579418345
Rims2,0.014823572,74.72035794
4933411O13Rik,0.014798939,1.118568233
Tenm1,0.014778101,82.32662192
Extl3,0.014776709,13.64653244
Grb2,0.014641688,20.13422819
Stard6,0.014543784,4.026845638
Nudt5,0.014505275,9.843400447
Tatdn3,0.014361705,10.06711409
Gm19265,0.0142376,5.592841163
Cr1l,0.014186977,12.9753915
Eif4enif1,0.014141506,12.52796421
Etf1,0.014096035,11.18568233
Atad3a,0.014050564,12.08053691
Oscp1,0.013914151,14.09395973
D830026I12Rik,0.013880384,0.223713647
Snx6,0.013777737,21.70022371
Shank3,0.013732266,18.12080537
Vta1,0.013641324,14.09395973
Arhgef2,0.013421106,9.395973154
Tmem63c,0.013368498,17.44966443
Lysmd4,0.013323027,11.40939597
Gm16272,0.013268014,2.237136465
Scg3,0.013186613,26.84563758
Mrpl41,0.013141142,19.46308725
Mrpl57,0.013114921,5.592841163
B4galt2,0.013063891,4.474272931
Bcas2,0.012959258,14.09395973
Has3,0.012863913,0.894854586
Phf6,0.012822845,20.13422819
Plppr5,0.012686431,14.76510067
Mlf2,0.01264096,21.25279642
Stradb,0.012553582,7.606263982
Iars2,0.012550018,12.52796421
Lrp1,0.012459076,27.51677852
Aktip,0.012413605,20.58165548
Skp2,0.01240049,4.921700224
Adar,0.012368134,28.18791946
Slc6a6,0.012322663,23.26621924
Irs2,0.012247397,4.921700224
Snx9,0.012158052,9.843400447
Fastkd2,0.012145336,5.14541387
Nkain2,0.012049836,94.18344519
Zfp697,0.011958894,13.19910515
Nasp,0.011934864,8.501118568
Med27,0.011913423,15.43624161
Rfc1,0.011909051,10.06711409
Pvrl2,0.011839151,3.803131991
Chchd7,0.011822481,12.52796421
Adgrb3,0.011731539,95.97315436
Cntn1,0.011640597,70.6935123
Gm29666,0.011481935,2.908277405
Bbof1,0.011458712,16.10738255
Pigx,0.011430904,8.501118568
Alg13,0.011413241,8.724832215
Coa7,0.011379873,2.908277405
Tcp1,0.01136777,9.619686801
9430065F17Rik,0.011328843,2.684563758
Srrm3,0.011322299,41.38702461
Qrich1,0.011094944,36.68903803
Stat5b,0.011049473,26.17449664
Zfp553,0.011022658,5.81655481
Mtg2,0.01095853,14.09395973
Cdadc1,0.010913059,12.30425056
Tspan7,0.010867588,45.63758389
Mob2,0.010776646,15.65995526
Ppp2r2c,0.010731175,20.35794183
Gm26641,0.010716473,1.118568233
Cyfip2,0.010685704,28.18791946
Klhdc3,0.010614411,8.053691275
Eya3,0.010594762,24.38478747
Ssna1,0.010569738,10.06711409
Sec13,0.010512349,6.263982103
Sf1,0.01050382,11.18568233
Nop14,0.010461319,5.369127517
Hook2,0.010412877,20.35794183
Dlk2,0.010359257,5.81655481
Gm27241,0.010321935,23.48993289
Atg4b,0.010230993,17.44966443
Dgat1,0.010185522,21.92393736
Tmem17,0.010053072,6.487695749
Usp8,0.009958167,14.09395973
Hspa12b,0.00989998,3.803131991
Gabrg1,0.009821753,13.64653244
Chac2,0.009503456,10.29082774
Wdr33,0.009412514,44.07158837
Gm10516,0.009367043,14.09395973
Ppa1,0.009338641,11.85682327
4930570G19Rik,0.00928761,10.29082774
Syce3,0.009185548,1.565995526
Odf2l,0.009185158,12.08053691
Csk,0.009134517,5.81655481
Rcbtb1,0.009094216,13.42281879
Ss18l1,0.009003274,8.501118568
Golph3l,0.008981425,10.73825503
Txndc17,0.008930394,5.369127517
Fbxo44,0.008912332,11.18568233
Gsk3a,0.008879363,7.606263982
Sh3gl3,0.008775919,10.73825503
Naa25,0.008730447,12.52796421
Prrt1,0.008726271,7.829977629
Snrpc,0.008663331,6.263982103
Msh3,0.008639505,14.09395973
AI987944,0.008624209,2.908277405
Npc2,0.008522147,8.053691275
Ttc39d,0.008471117,1.342281879
Arhgap21,0.008366679,32.66219239
Atg4c,0.008093852,14.98881432
Vwa3a,0.00806287,4.250559284
Tchp,0.008011839,3.803131991
Sugt1,0.007955054,13.42281879
Wdyhv1,0.007866497,9.619686801
Neto1,0.007821026,21.92393736
Manf,0.007730084,25.27964206
Mpp3,0.007705654,5.81655481
Pacs2,0.007548199,16.77852349
Gfod2,0.007502728,23.93736018
Ppp1r14c,0.007457257,14.98881432
Gm29771,0.0074505,0.67114094
Snhg18,0.007447529,0.67114094
Ccdc77,0.007370083,11.18568233
Btbd10,0.007366315,28.18791946
Cic,0.007320844,8.948545861
Ptcd2,0.007246377,3.131991051
Epg5,0.007195346,10.73825503
Atl3,0.007184431,21.02908277
Ints2,0.00713896,13.19910515
Polh,0.007093489,7.606263982
Nup43,0.007088523,5.81655481
Aars,0.007002546,13.64653244
Dag1,0.006911604,24.16107383
Abtb1,0.006889161,5.81655481
Gm3005,0.00683813,3.355704698
Pcdh15,0.006820662,81.20805369
Ubfd1,0.006736069,5.369127517
Rpl36,0.006593307,11.85682327
Bloc1s5,0.006582976,2.684563758
Jak1,0.006547836,18.12080537
Syt5,0.006480914,14.76510067
Colq,0.006429884,1.565995526
Lats1,0.006411422,8.053691275
Snx24,0.00632048,19.91051454
Pcgf6,0.006138596,12.52796421
Atr,0.006093125,21.70022371
Wdr77,0.006021637,5.14541387
Higd2a,0.006002183,11.63310962
Tmem59,0.00591124,27.74049217
Hira,0.005817514,5.81655481
Diras2,0.005766483,2.460850112
Bmpr1a,0.005729356,21.92393736
Cand1,0.005683885,10.06711409
Tmem38a,0.005592943,14.98881432
Zbtb1,0.00556236,4.026845638
Mecp2,0.005547472,29.3064877
Cyp20a1,0.00545653,10.73825503
Npr2,0.005409267,6.711409396
AI504432,0.005358236,6.040268456
Tnip2,0.005229174,12.08053691
Ppp1r21,0.005183703,10.73825503
Braf,0.005092761,49.21700224
Xpo5,0.00494999,3.803131991
Gpd1l,0.004898959,4.250559284
Gdi2,0.004865406,22.81879195
4930505A04Rik,0.004796897,1.565995526
Gm26836,0.004774463,24.83221477
Gpalpp1,0.004745867,5.592841163
Capn7,0.004683521,15.8836689
Entpd6,0.004592579,10.73825503
Clmn,0.004547108,9.619686801
4930402H24Rik,0.004501637,74.72035794
Lrrc7,0.004456166,71.1409396
Snrnp40,0.004319753,15.65995526
Abhd17b,0.004274282,14.98881432
Ubxn2b,0.004251643,9.619686801
Wnk3,0.00422881,25.05592841
Vrk1,0.004184527,7.158836689
Tmem55a,0.004183339,18.12080537
Lrp8os2,0.004137868,9.172259508
Pcnt,0.004031435,6.263982103
0610010F05Rik,0.004001455,23.48993289
Emc9,0.003955984,13.42281879
Uba3,0.0037741,9.843400447
Nup35,0.003728629,9.843400447
Klhl8,0.00372525,5.81655481
Ctnnbl1,0.003683158,24.16107383
Mkrn1,0.003637686,10.51454139
Irgq,0.003623188,2.460850112
6030443J06Rik,0.003501273,16.77852349
Tnrc6c,0.003410331,51.67785235
Coq3,0.00336486,17.89709172
Kifc2,0.003228447,22.81879195
Memo1,0.003182976,21.92393736
Tpd52l2,0.003092033,10.29082774
Gm20479,0.002959788,2.013422819
Nipa1,0.00295562,15.65995526
Dido1,0.002910149,13.64653244
Lmbr1,0.002819207,30.87248322
Tmem229b,0.002806695,6.935123043
Slc25a12,0.002728265,33.10961969
Nol11,0.002704634,11.85682327
Vmp1,0.002637323,40.26845638
2410131K14Rik,0.002602572,4.921700224
4632415L05Rik,0.002551541,4.474272931
Ankrd13d,0.002546381,14.54138702
Smox,0.00250051,5.592841163
Gm26573,0.002455438,17.22595078
A530013C23Rik,0.002449479,0.894854586
Dclre1a,0.002398449,2.013422819
Nell2,0.002364496,36.01789709
Itpkc,0.002347418,2.237136465
Rnf24,0.002228083,19.01565996
Klf6,0.002194325,4.474272931
Ccdc18,0.002143295,3.579418345
Nptn,0.002137141,49.88814318
Kifc3,0.002092264,6.711409396
Parva,0.00209167,10.29082774
Tnpo3,0.002000728,27.96420582
Strada,0.001864314,18.79194631
Lnp,0.001818843,27.29306488
Gpr161,0.001735048,2.237136465
Sgsm2,0.001636959,29.97762864
Usp2,0.001546017,10.51454139
Nrbf2,0.001530925,3.579418345
Spcs2,0.001500546,23.93736018
Stk32c,0.001428863,7.158836689
Tjap1,0.001409603,9.172259508
Vps45,0.001364132,12.08053691
Trp73,0.001326801,3.131991051
Rbm10,0.001318661,18.12080537
Ccdc160,0.001275771,3.355704698
Tmtc3,0.00127319,12.9753915
Csrp1,0.00122474,5.14541387
Epdr1,0.001182248,14.54138702
Lmbrd1,0.001136777,18.56823266
Vps11,0.001091306,8.948545861
Zmym3,0.001045835,13.64653244
Stx8,0.001000364,23.93736018
Rtn4rl1,0.000969586,7.606263982
Wbscr27,0.000918555,6.040268456
Ift80,0.000909422,8.053691275
Dph6,0.000863951,19.2393736
Rhobtb2,0.000818479,12.75167785
Rasal2,0.000773008,51.00671141
Gm14410,0.000727537,17.89709172
A330074K22Rik,0.000714432,4.250559284
Hsd17b4,0.000682066,19.46308725
Gm38251,0.000636595,10.06711409
Man2b1,0.000591124,8.501118568
Fam65b,0.000500182,18.79194631
Kcnh2,0.000459277,6.711409396
Bzrap1,0.000454711,21.70022371
Hnrnpk,0.000227355,17.89709172
Hspd1,0.000136413,10.96196868
Hgsnat,0.000102062,9.395973154
Zfp74,9.09422E-05,13.19910515
Fbln1,5.10308E-05,1.342281879
Brd7,4.54711E-05,14.31767338