gene,cellex_score,expr_proportion
Gm12534,0.99645744,0.709219858
RP24-158L15.3,0.991542587,4.964539007
Evx1os,0.991337771,4.964539007
H2-Q7,0.983417416,6.382978723
Evx2,0.981169907,1.063829787
Oas1e,0.980434989,0.709219858
Crhbp,0.978153375,7.092198582
4930579F01Rik,0.977625605,1.773049645
Rhox3a,0.975896959,0.354609929
Gm36831,0.975532595,0.709219858
Gm11697,0.97484011,0.354609929
Ccl8,0.972962034,1.773049645
Gm42953,0.972364594,1.418439716
Fbxw26,0.971828633,1.418439716
H2-Q6,0.970811956,4.964539007
H2-Q4,0.969333467,10.28368794
Klk1b8,0.96887971,0.354609929
Gm10556,0.968772775,1.063829787
2310057J18Rik,0.968320984,0.354609929
Hsd17b13,0.968183868,0.354609929
Gm44174,0.967201793,1.063829787
Cpb2,0.966410745,2.836879433
Panx3,0.962161109,0.709219858
P2ry10,0.961568909,0.354609929
Treh,0.959986631,0.354609929
Gm43248,0.95950062,7.092198582
Hist1h4a,0.959214154,0.354609929
Tex13,0.95908912,0.354609929
Gm26889,0.956548636,3.191489362
Vgll3,0.956085325,7.446808511
Gm26719,0.95540088,8.156028369
Gm9857,0.953194609,0.354609929
Olfr857,0.953194609,0.354609929
Olfr658,0.951274336,1.063829787
Asb4,0.949969029,17.0212766
Svep1,0.94992806,12.05673759
Gcg,0.946958117,75.17730496
Casp1,0.946596125,2.127659574
Gm7347,0.945322666,0.354609929
Gm136,0.945148555,0.354609929
Gm10706,0.944832924,0.354609929
Nlrc5,0.944451804,12.05673759
Aicda,0.942823649,0.354609929
0610033M10Rik,0.942545548,0.354609929
Ccdc80,0.940715118,6.382978723
1700092M07Rik,0.940388766,0.709219858
Chil4,0.938855696,1.063829787
Clec12a,0.93506932,0.354609929
Il20ra,0.93182659,1.418439716
Gm43612,0.929305885,0.354609929
Prlr,0.928990915,41.13475177
Socs3,0.928575113,6.382978723
Il1f6,0.92609646,0.354609929
Gm42954,0.924405806,9.929078014
Moxd1,0.924272157,3.191489362
Defb1,0.920539469,2.127659574
Gm14254,0.920381924,0.709219858
CR974586.5,0.918668617,0.354609929
Gm7967,0.917165048,2.482269504
Sulf1,0.916277694,32.26950355
Lepr,0.91616603,40.42553191
2610028E06Rik,0.916081055,6.028368794
Slc12a3,0.915698108,7.092198582
Nov,0.915437779,1.418439716
Iqcf3,0.914242474,4.609929078
Slc35d2,0.909104953,4.964539007
Nnmt,0.907826295,1.773049645
Iltifb,0.907770517,0.709219858
B230112J18Rik,0.907406125,3.546099291
Lypd3,0.901431185,0.354609929
Lce1g,0.896399266,0.354609929
Fst,0.895611624,2.482269504
9130008F23Rik,0.889424233,3.191489362
Tnc,0.883607209,2.482269504
Tnfrsf11b,0.881421176,4.255319149
Sectm1b,0.881314262,0.354609929
Adamtsl1,0.881103719,42.90780142
Lat2,0.88068393,5.673758865
Snx31,0.880014287,3.191489362
H2-K1,0.878929182,18.08510638
Sbno2,0.878008793,25.53191489
Pappa,0.875240405,35.46099291
Slc25a48,0.873674824,3.191489362
Itgb6,0.872952836,6.737588652
Fos,0.868713721,3.191489362
Stac,0.868644048,52.12765957
Gm16001,0.868059815,0.354609929
Lsp1,0.867764239,2.127659574
Olfr920,0.866055042,1.418439716
Frem3,0.865760821,4.964539007
Gm15726,0.864898842,2.836879433
Them7,0.864509715,2.836879433
Prss30,0.863708745,0.354609929
9130409J20Rik,0.858471424,0.354609929
Hrh1,0.858126969,6.737588652
Gldn,0.858066526,5.319148936
5730508B09Rik,0.855852295,3.90070922
RP23-191I16.3,0.855236379,0.709219858
C530044C16Rik,0.854317159,2.482269504
A530020G20Rik,0.85394406,0.354609929
AI481877,0.853019165,3.90070922
Col18a1,0.852353248,20.92198582
Gm12973,0.848342327,1.773049645
Otp,0.846906976,1.773049645
Ptpn14,0.845046427,1.773049645
Ccdc109b,0.844859156,12.05673759
Lcp2,0.844714303,2.127659574
Ctla2a,0.84300524,4.609929078
Eps8,0.842982232,24.82269504
Mansc1,0.840932446,1.063829787
Gm27199,0.840537809,7.446808511
Runx2os1,0.838643844,1.063829787
Gm7030,0.838310706,4.964539007
RP23-267I20.3,0.834620421,0.354609929
Mir17hg,0.832817254,1.063829787
Cpn1,0.830262564,1.773049645
Smagp,0.82968468,1.773049645
Gm12648,0.82770011,12.76595745
Esm1,0.825269056,8.510638298
Slc7a12,0.824675557,0.354609929
Tnfrsf23,0.824658157,7.446808511
Gm19684,0.822481627,1.418439716
4930538E20Rik,0.822397242,1.418439716
Iigp1,0.821817202,0.709219858
Tnfrsf26,0.820345521,1.773049645
Mlph,0.820165946,1.063829787
Igfbp3,0.818578772,1.773049645
Psmb8,0.818032376,4.609929078
Sema3c,0.817324392,32.62411348
Bcl3,0.815382173,2.836879433
Gm42951,0.814698987,1.418439716
Gm12092,0.814299468,3.191489362
Fam19a3,0.814161376,1.773049645
Agpat9,0.812053368,15.24822695
Tctex1d1,0.811201753,4.964539007
Amz1,0.808895943,8.510638298
Bcl11b,0.80824488,39.71631206
Elk3,0.807427505,13.82978723
Prr33,0.807342011,1.063829787
Gm28513,0.805357354,1.418439716
Erich2,0.80488743,5.319148936
Lhx5,0.804114195,6.028368794
Parp3,0.803710398,3.191489362
Rgs20,0.800448632,53.90070922
Col6a3,0.799702796,2.482269504
Racgap1,0.799572964,15.24822695
Sh3bgrl2,0.799526642,13.4751773
Lpxn,0.799034373,2.127659574
Tnfrsf11a,0.798384763,8.865248227
Dera,0.795351535,8.865248227
Gm16796,0.790350496,1.773049645
Vim,0.789341088,7.446808511
Adamts1,0.787606885,2.127659574
Lhx1,0.786733274,3.546099291
Gtf2a1l,0.786221865,1.063829787
Lhx1os,0.783752765,6.382978723
Gm28307,0.781003402,4.609929078
Hs3st3a1,0.780056657,4.609929078
Kcnh8,0.777193645,30.4964539
Pros1,0.776772553,18.08510638
B2m,0.772405974,21.9858156
Tnfrsf22,0.772073908,5.673758865
H2-T23,0.772057521,3.90070922
Pxdc1,0.770479735,2.482269504
Dennd2c,0.766304167,1.773049645
Tap1,0.765751999,2.127659574
Frem2,0.757436005,3.90070922
Klf5,0.75712442,3.90070922
BC024139,0.755339349,4.609929078
Gstm6,0.754404601,3.90070922
Gm10814,0.752820738,1.418439716
Il12rb2,0.752594825,5.673758865
Slc34a3,0.745811683,0.354609929
Frrs1,0.745626438,3.90070922
Nwd2,0.743166895,41.13475177
Gm2762,0.729956541,15.95744681
Tox3,0.728929458,14.18439716
2310001H17Rik,0.728481837,2.482269504
9330158H04Rik,0.724072984,32.26950355
Dbpht2,0.722948281,6.737588652
Fam169b,0.721667787,0.709219858
Arhgap29,0.720932715,8.156028369
Stat5a,0.719509124,2.127659574
Pla2g4d,0.719093647,0.354609929
Pvr,0.71875065,7.446808511
Cped1,0.718564787,13.12056738
Unc13b,0.717611477,52.12765957
Stat3,0.715110092,54.96453901
Gm4794,0.71461832,1.418439716
Trhr,0.713148649,18.08510638
Gm43154,0.710781214,13.4751773
Cfap54,0.70387223,35.81560284
Glyat,0.703525385,0.709219858
Junb,0.699252083,5.319148936
Sprr2i,0.699066702,0.354609929
Sv2c,0.698742266,49.64539007
Atp4a,0.698120084,2.836879433
Agtr1a,0.697373955,13.4751773
Lrrc39,0.694396121,2.482269504
Ryr1,0.69302151,10.28368794
Tigd2,0.690337353,18.79432624
Fbxw19,0.689266462,0.354609929
Gm14114,0.688139437,1.418439716
Ism1,0.687132882,4.609929078
Slc6a4,0.68614872,1.063829787
Egln3,0.684794928,1.418439716
Barx2,0.684192754,2.482269504
Gm28675,0.684153264,1.773049645
Dsel,0.682922794,7.80141844
C1ql3,0.682381753,24.46808511
Ripk1,0.679051229,6.028368794
9430020K01Rik,0.678999008,2.836879433
Stxbp2,0.677976546,9.219858156
Pkd1l3,0.675356256,4.964539007
Gm11750,0.673381005,3.546099291
Pik3c2g,0.672632013,1.773049645
Arhgap15,0.670948386,47.16312057
BC030867,0.670420983,1.418439716
Col23a1,0.667322104,8.510638298
Gm1604b,0.666500644,12.05673759
D5Ertd615e,0.666456251,9.574468085
Otogl,0.665962394,1.418439716
Gzmk,0.660469103,14.53900709
Esr1,0.658429002,33.33333333
Ndst4,0.657147186,53.19148936
Cdca7,0.656501725,0.709219858
Gm28644,0.656067538,0.354609929
Chek1,0.651959034,2.836879433
Vmn2r2,0.651838986,1.063829787
Prex2,0.650481804,27.30496454
Gpr165,0.648908711,3.546099291
Bcl6,0.648610598,10.63829787
Csgalnact1,0.647838618,37.23404255
Sema6a,0.647351841,46.09929078
Ccl7,0.645311107,0.354609929
Sec16b,0.645007625,4.255319149
Rsu1,0.644704832,31.56028369
C1qtnf6,0.643939579,0.709219858
Tmem200a,0.643096567,20.56737589
Glis3,0.642940806,7.80141844
Gxylt2,0.642804373,2.127659574
Kcnk13,0.640578254,14.18439716
Pde6b,0.640556123,1.418439716
A830018L16Rik,0.640094829,62.41134752
Chrm2,0.639285198,78.0141844
Myo3b,0.637879847,9.929078014
Maml2,0.63754652,16.66666667
Ecm1,0.637070527,3.191489362
Nptx2,0.637038621,1.063829787
Epb41l2,0.636547495,22.69503546
Nck2,0.635446356,28.0141844
Twf1,0.634776342,5.673758865
Pdcd1,0.633939863,0.354609929
Tha1,0.633506568,3.546099291
A330074K22Rik,0.633060424,8.156028369
Phxr4,0.632685397,6.737588652
Rbm46,0.630891757,0.354609929
Lamb1,0.629515672,1.773049645
Dach2,0.62933128,18.43971631
Avpr1a,0.628860276,1.418439716
Slc28a1,0.627975382,0.709219858
Aff1,0.626067475,20.21276596
Adamts6,0.622014899,42.90780142
Nudt16,0.621120998,4.609929078
2310016D03Rik,0.620124619,0.354609929
Eda,0.619668253,34.39716312
Kcnh4,0.618596556,5.673758865
2210414B05Rik,0.618527161,6.382978723
Chrna7,0.617948281,25.88652482
P4ha3,0.617407783,10.9929078
Cntnap5c,0.617181981,76.24113475
Fgd3,0.616549658,4.255319149
Lancl3,0.616492807,8.510638298
Pcdh11x,0.616069103,67.0212766
Oprm1,0.615819824,56.73758865
Ptchd1,0.615242237,38.65248227
Irf5,0.614646105,1.063829787
Ptpn13,0.614216981,13.4751773
Stk31,0.613671542,2.482269504
Gm28050,0.612454927,15.24822695
Gm26665,0.611734712,1.773049645
Sh3pxd2b,0.609717416,18.08510638
Tusc5,0.608826179,1.063829787
Panct2,0.608499961,3.546099291
Fut10,0.606690555,3.546099291
Zdhhc14,0.606466645,57.09219858
Htr1f,0.605775258,51.77304965
Cav1,0.604640685,1.063829787
Sh3bgrl,0.604158611,18.08510638
Runx2,0.604138489,22.69503546
4930445B16Rik,0.603543695,13.12056738
Gad2,0.603390379,40.07092199
Svil,0.603167744,22.34042553
Catsperg1,0.60288157,10.28368794
Mpped1,0.60251931,10.28368794
Dock1,0.602391189,18.79432624
2810049E08Rik,0.602374914,8.156028369
Kcnj2,0.601923181,2.482269504
Adamts3,0.601815296,17.0212766
Zbtb16,0.600840296,21.27659574
Mme,0.600408255,4.964539007
Adam12,0.599928565,21.27659574
6330416G13Rik,0.599733142,2.482269504
Pou3f4,0.596832285,1.063829787
Opn3,0.596806562,3.191489362
Pear1,0.596315632,1.773049645
Serpinb1b,0.596060397,3.90070922
Rorb,0.595590771,10.63829787
Spred3,0.594912445,17.73049645
2010005H15Rik,0.593139218,2.482269504
Birc3,0.593112415,3.546099291
H2-D1,0.592981507,30.4964539
Tinf2,0.592628666,1.773049645
Trpc6,0.591849977,15.95744681
Maf,0.590107893,6.382978723
Gm42722,0.589241562,21.27659574
RP23-184M3.2,0.589116306,0.354609929
Zfp445,0.588760327,4.964539007
B230307C23Rik,0.588585667,5.319148936
Gm5868,0.588570442,0.709219858
Fibin,0.588192557,1.773049645
B3glct,0.587987123,17.73049645
Lix1,0.587959799,9.929078014
Serping1,0.585979231,10.63829787
Prkd1,0.58560137,41.84397163
Trim63,0.585069619,0.354609929
Camk1,0.584377719,35.10638298
Npy1r,0.583993839,3.191489362
Col25a1,0.583803022,46.80851064
Acyp1,0.583189187,7.446808511
Calca,0.582136666,10.28368794
Trpc4,0.581869741,30.14184397
RP23-332G12.1,0.581263689,1.773049645
Glra3,0.580021079,49.64539007
Vgf,0.579869566,25.17730496
Mrpl45,0.578405935,18.08510638
Pknox2,0.578093279,40.42553191
Ccdc74a,0.577854602,4.964539007
Socs2,0.576674918,21.63120567
Dok5,0.576336164,41.84397163
Wwc2,0.576156508,20.21276596
Glra2,0.574995743,24.46808511
Ppp1r15a,0.574465468,3.191489362
Styk1,0.574426312,5.673758865
Fxyd5,0.574336756,6.737588652
Syngap1,0.573936461,10.28368794
H2-T22,0.570783093,11.70212766
Arhgap6,0.569801601,36.87943262
Vwa5a,0.569686852,6.737588652
Dhdh,0.569245345,4.964539007
Nif3l1,0.568806913,15.24822695
Inhba,0.568342546,2.482269504
Diaph3,0.566849962,10.9929078
Shisa5,0.565923477,12.05673759
Gm13912,0.564899008,14.53900709
Lmo1,0.563952074,3.546099291
Rab40b,0.563552259,19.85815603
Grm1,0.563191306,48.93617021
Gm26995,0.56205269,0.354609929
Rbm45,0.562003971,9.574468085
Fam132a,0.560222762,8.156028369
Far2os1,0.559934087,1.773049645
Atp2b4,0.557460538,39.36170213
Nkx6-1,0.557360002,0.709219858
Cntnap3,0.557206871,13.4751773
Zeb2,0.556906102,73.40425532
St6galnac5,0.556491865,48.58156028
Gm26588,0.555661455,0.354609929
Gpc6,0.555608875,91.13475177
Abcb1b,0.554868515,11.34751773
Scnn1a,0.554505978,1.418439716
Plekha7,0.554223759,27.65957447
Msc,0.551931015,1.063829787
Hif1a,0.551826989,25.53191489
Syt16,0.549882961,67.37588652
Rasgrf2,0.54985441,42.55319149
Fam13a,0.549696759,56.38297872
Bcl11a,0.548745786,46.45390071
Gramd1c,0.548505157,3.191489362
Tbc1d19,0.547719218,37.94326241
Shroom4,0.547050171,7.092198582
Sntg2,0.546481334,13.4751773
Cpne2,0.54568673,10.63829787
Mocos,0.545315851,1.773049645
St8sia5,0.54523846,9.219858156
Gpc1,0.543918435,9.219858156
Gm16272,0.543587032,4.609929078
Rnf152,0.543513276,26.24113475
Gm3764,0.54329094,35.10638298
Gm15155,0.543231544,41.13475177
Gm15234,0.542778558,2.836879433
Nxpe4,0.540543204,7.80141844
Nfkbid,0.540325889,3.546099291
Map3k5,0.538968225,32.9787234
Gm28578,0.538631112,5.319148936
Plk2,0.537430941,8.156028369
Fndc3b,0.537000419,28.36879433
Kcna4,0.534370626,11.34751773
Rps6ka2,0.534339235,36.5248227
Etv5,0.533736479,12.41134752
Prkg2,0.53366056,9.929078014
Chdh,0.533130296,1.418439716
Thrb,0.532933908,55.31914894
Sipa1l1,0.532662595,47.5177305
Rtfdc1,0.532653845,10.63829787
Gm26525,0.532337043,0.354609929
Slc16a3,0.53179407,2.836879433
5330439A09Rik,0.531743236,3.191489362
Rab31,0.530871176,22.69503546
Aox2,0.530708402,3.546099291
Hepacam,0.52881139,9.574468085
Hs3st4,0.528134533,59.57446809
Rfc5,0.524555724,2.482269504
Dkkl1,0.524477937,2.482269504
Glipr1,0.523384337,4.255319149
Adcy1,0.521668805,12.76595745
Gm20186,0.520825314,2.836879433
Pvt1,0.520639888,40.42553191
Camk4,0.51972881,52.4822695
Mab21l3,0.519616876,2.127659574
Syt10,0.518333412,19.85815603
Gm1604a,0.517946009,14.89361702
Plod2,0.517365616,7.446808511
Acpp,0.516839982,4.609929078
Tctn1,0.516815924,10.9929078
Slitrk2,0.516592202,4.255319149
Xrcc3,0.515164441,2.482269504
Flrt3,0.513461607,22.69503546
Tacr1,0.513411484,12.76595745
4930512B01Rik,0.512971919,3.90070922
Gm20045,0.51283559,9.219858156
Pde1a,0.512595333,60.9929078
Samd11,0.512131745,2.836879433
Foxo6os,0.512057385,1.063829787
Vdr,0.511376316,1.418439716
Cbfb,0.510986217,23.04964539
Ctbp2,0.510586795,4.255319149
Gm15261,0.510189924,9.929078014
Tvp23bos,0.510125642,0.354609929
Plcl1,0.510027741,64.53900709
Txnrd1,0.508874561,12.05673759
Nkain3,0.508722007,70.21276596
Pls3,0.507950447,26.95035461
Fndc1,0.507669076,6.737588652
Zfp57,0.506828135,12.76595745
Stk32a,0.506643539,30.4964539
Rwdd3,0.506053957,8.156028369
Synj2,0.505864892,8.865248227
Trim6,0.50487897,1.063829787
Pex5,0.504664774,11.34751773
Cp,0.502575344,7.092198582
Yap1,0.501965035,4.255319149
Zfp536,0.500969873,44.32624113
Ace,0.500811249,4.609929078
Il4ra,0.500508361,2.482269504
Pitpnm3,0.50038708,19.14893617
Gpank1,0.500072686,3.90070922
Micalcl,0.499428607,1.418439716
Etl4,0.499003539,80.14184397
Ldb2,0.498913548,56.02836879
Rgs22,0.498741568,3.90070922
Lrrk2,0.497231593,18.08510638
Gm17750,0.497140052,5.673758865
Dhx32,0.496730717,21.63120567
Pifo,0.496077402,12.05673759
Irf9,0.494957409,5.319148936
Best3,0.494434754,0.709219858
Ndc80,0.493964712,1.063829787
Ffar4,0.49386404,0.354609929
Anxa4,0.493130889,6.028368794
Tcf7l1,0.493100967,2.127659574
Col7a1,0.492719544,4.255319149
1700086L19Rik,0.492213843,3.90070922
Zfos1,0.491821252,13.12056738
Cd1d1,0.491052779,3.546099291
Galnt7,0.490410716,26.24113475
Adck4,0.490029203,21.9858156
Rsph3a,0.487958999,11.34751773
Dact3,0.487883599,5.673758865
Htr2b,0.487827807,4.255319149
Gm26704,0.486555391,11.34751773
Fam150b,0.48590576,2.836879433
Kctd10,0.485512247,4.255319149
Dpyd,0.485390721,80.4964539
Chil5,0.485240447,1.773049645
Gm11973,0.48395365,2.836879433
Nxpe2,0.483009203,8.510638298
Cand2,0.482759898,5.673758865
Rsph1,0.482655944,5.673758865
Gm42906,0.482648854,7.446808511
Reck,0.480880606,18.43971631
Gadd45g,0.47984826,11.70212766
Zim1,0.479420359,14.53900709
Tcirg1,0.479022296,8.156028369
Rps6ka5,0.47811274,32.62411348
Gmip,0.47807031,11.70212766
Orai2,0.477794988,14.53900709
Edrf1,0.477525069,6.382978723
4930444P10Rik,0.477009848,6.382978723
Gm12064,0.476956479,10.28368794
Cd4,0.476483113,0.354609929
Adcy5,0.476271007,19.85815603
Gm26604,0.474362229,1.773049645
Gm14280,0.474299338,2.127659574
Gm13942,0.474061417,0.354609929
Naf1,0.473596356,7.092198582
Wipi1,0.472737882,8.865248227
Mapk15,0.472720789,3.90070922
Ifitm7,0.472306274,8.865248227
Dzip1l,0.471009949,8.865248227
Rab26,0.470637732,13.12056738
6330418K02Rik,0.470202941,2.482269504
Mid1,0.470145743,32.9787234
Cntnap4,0.469203576,60.28368794
Agtr1b,0.468639084,1.418439716
Met,0.468616672,4.609929078
4933406J08Rik,0.468500356,0.709219858
Sdk2,0.467812841,33.68794326
Gm26883,0.467716876,44.68085106
Abca6,0.466122874,4.964539007
Cck,0.464910511,8.156028369
Stat2,0.46357652,16.31205674
Gm29367,0.462327605,1.063829787
Tpm4,0.462208665,13.4751773
Agtpbp1,0.461736256,40.42553191
Satb1,0.460614242,18.43971631
Itgb8,0.460582613,10.63829787
2010013B24Rik,0.459185501,3.90070922
Serpina3g,0.459129615,0.354609929
4732440D04Rik,0.458807637,7.446808511
Tmem28,0.458492126,2.482269504
Rnf217,0.457622296,27.30496454
Gm43821,0.456982785,4.609929078
Ptprk,0.456046147,48.93617021
Mavs,0.455835848,3.90070922
Scyl3,0.455719702,5.319148936
Gm14862,0.455479294,0.354609929
Rab11fip1,0.455335547,2.836879433
Adgrg4,0.454197742,3.546099291
Timp4,0.454171038,9.574468085
Pbxip1,0.453030812,5.673758865
Arhgap42,0.451897639,13.4751773
Donson,0.451734292,6.382978723
Lipa,0.451136689,7.446808511
Prrg4,0.451056952,6.382978723
Pigk,0.450885112,42.90780142
Rplp2,0.450756078,3.90070922
Mdga1,0.450041585,16.31205674
Gm26612,0.449796247,2.127659574
Mpg,0.448573023,7.80141844
Gata2,0.448134523,0.709219858
Slc35f6,0.447378446,5.319148936
Nbeal2,0.446572332,6.028368794
Zfp27,0.446538433,6.737588652
Nop14,0.446530087,9.574468085
H2-M3,0.446426634,2.482269504
Ccdc64b,0.445497155,0.354609929
Tle1,0.44509476,19.14893617
Ube2f,0.444884505,17.0212766
Gm26901,0.444680391,7.446808511
Abcg2,0.444335909,10.63829787
Kri1,0.443725295,15.60283688
Rac3,0.443176615,15.60283688
Wdyhv1,0.44287664,15.24822695
Sh3yl1,0.442803587,7.80141844
Gda,0.442349149,10.28368794
Dgkh,0.441106515,36.17021277
Adcyap1,0.440874118,16.66666667
Syne3,0.440230926,4.255319149
Gm3510,0.439327237,5.319148936
Gpatch4,0.438682946,5.319148936
Rdm1,0.437812612,4.964539007
Gm4409,0.437543376,2.482269504
Gm11837,0.437497809,2.127659574
Gca,0.437311189,6.382978723
March5,0.437135349,8.156028369
Ubxn2b,0.437133928,14.18439716
Btbd9,0.436904415,75.17730496
Slc29a3,0.436743561,3.191489362
Dnajc21,0.436677257,13.12056738
Plekhm1,0.435911862,7.80141844
Khdrbs2,0.435848368,90.42553191
Taco1os,0.435377884,3.546099291
Slco4c1,0.434300838,6.382978723
Dtd2,0.432448794,5.319148936
Zfp831,0.432086617,5.319148936
Kremen1,0.431228254,3.90070922
4930500L23Rik,0.431214653,1.418439716
Gpr101,0.429383544,4.964539007
Cyb5a,0.429364041,15.24822695
Rnft1,0.426928247,14.18439716
Ankrd37,0.426658878,4.255319149
Maob,0.425702829,5.319148936
Slc38a6,0.42495414,28.0141844
Pdgfc,0.424196023,19.14893617
Rrp15,0.424191339,6.737588652
Prr11,0.4225182,1.418439716
Cyfip2,0.421767427,46.09929078
Hist3h2ba,0.421328379,8.865248227
Nod2,0.420607172,0.709219858
Grik3,0.419983752,34.04255319
Gm16141,0.419681165,8.156028369
Cald1,0.419315164,20.56737589
Camk1g,0.419260577,4.255319149
Gm26594,0.418687,4.964539007
Gdap1l1,0.417432036,9.219858156
Zfp90,0.417059662,6.382978723
Mtfr1l,0.417046078,9.219858156
Arap2,0.416978014,8.865248227
Synpr,0.41697307,43.97163121
Gm42418,0.41661621,30.85106383
Mettl4,0.416606621,3.90070922
Tek,0.416482887,22.34042553
Clec18a,0.4163682,1.418439716
Neto1,0.414722225,35.10638298
Rhoj,0.414173145,5.673758865
Dnajc17,0.413910958,31.20567376
Adal,0.41346081,11.70212766
Gga2,0.41338295,16.66666667
Narfl,0.413204716,7.092198582
Smco3,0.412105888,1.418439716
Jak2,0.410934938,21.9858156
Rhpn2,0.410430396,2.482269504
Csmd2,0.409981753,67.37588652
Gabrb2,0.409910088,40.07092199
Gm15398,0.409383304,52.4822695
Klf8,0.409179378,23.75886525
Khdrbs3,0.408790555,41.4893617
Kcnk4,0.408656455,1.773049645
Gm44079,0.40813309,0.354609929
Myo1c,0.407463526,14.18439716
Ppme1,0.407434016,27.65957447
Chrna9,0.407389634,3.191489362
Manea,0.406808277,7.092198582
Tmco4,0.406533504,3.90070922
Mthfr,0.406334694,13.4751773
Tktl1,0.406089434,2.127659574
Plek2,0.405885577,18.08510638
N4bp2l1,0.405780856,40.42553191
Lrp5,0.405765544,3.546099291
Rell2,0.405595692,19.85815603
Peg10,0.405293213,4.964539007
Gulp1,0.405053093,19.14893617
Ubash3b,0.40504251,26.95035461
Cnppd1,0.404973929,10.9929078
Fhod3,0.404513954,45.74468085
Mdh1b,0.404449289,1.063829787
Gm28308,0.403737008,2.482269504
Narf,0.403705143,19.5035461
Gpc5,0.403660089,72.34042553
Gm21781,0.403295088,3.546099291
Ptpn9,0.403111845,59.92907801
Cinp,0.403104817,6.382978723
Fam214a,0.401917593,33.33333333
Lrrc17,0.401730859,3.546099291
Atf7ip,0.401730382,30.14184397
Rgs17,0.400727401,62.05673759
Gprin3,0.400622549,25.17730496
Utp15,0.399944888,3.546099291
Gm28153,0.399713569,51.77304965
Cerkl,0.39949097,7.80141844
Eln,0.399477226,6.382978723
Nrip1,0.399057009,20.92198582
Gm43064,0.398779687,1.418439716
C130071C03Rik,0.398694612,41.13475177
Pqlc1,0.398324151,6.028368794
Paip2b,0.398084658,12.41134752
Rnf138rt1,0.397346928,1.063829787
Mlip,0.396849562,4.255319149
Ptprm,0.396531848,65.95744681
Thtpa,0.396490209,23.04964539
9530059O14Rik,0.396184123,57.80141844
Tnip2,0.395595004,20.21276596
Nt5m,0.395419113,12.41134752
Acsl4,0.395191591,25.17730496
Penk,0.39495712,38.29787234
Lactb2,0.394764484,15.60283688
Gpr6,0.394751525,0.354609929
Btbd16,0.394483663,2.127659574
Fgf13,0.393724468,59.57446809
Ly6e,0.393411218,14.18439716
Fam19a1,0.393242763,70.21276596
Gm43507,0.393195225,1.418439716
Spata24,0.393026792,5.673758865
Grm8,0.39253316,57.09219858
Guca1b,0.392509618,2.482269504
Syt4,0.392498746,48.58156028
Epha7,0.392401037,32.62411348
Nudt7,0.392138539,6.382978723
Tgds,0.391639824,3.191489362
A930033H14Rik,0.391478489,4.609929078
Snx7,0.391090397,14.53900709
Fank1,0.390799506,7.446808511
Wdr54,0.390788001,4.964539007
Mars2,0.389750149,2.482269504
Rgs12,0.389038439,7.446808511
Lix1l,0.388998812,10.9929078
Syt9,0.388547838,19.5035461
Il7,0.388370269,0.709219858
Gzf1,0.386885467,6.382978723
Fam46a,0.386205974,3.191489362
Tac1,0.385726797,9.929078014
Polr3c,0.38556443,12.05673759
Adcy2,0.384971483,57.80141844
Gpatch11,0.384707323,9.219858156
Gm29088,0.384363861,4.255319149
Tbc1d4,0.384169217,32.62411348
Gtpbp6,0.383751301,10.28368794
Gm29374,0.383681117,2.836879433
Ctdspl,0.383122851,31.56028369
Kl,0.38282281,1.773049645
Gm29480,0.382742004,3.546099291
Fam210b,0.382721435,7.446808511
Mief2,0.382158634,4.964539007
Rab34,0.382064406,17.73049645
Lbr,0.381743493,6.382978723
Tpm2,0.381500149,0.354609929
Gm28928,0.381268734,58.5106383
Fam151a,0.381194224,1.063829787
Ndor1,0.381085595,7.092198582
Slc17a6,0.38075777,28.36879433
Calcrl,0.380614909,4.609929078
Cfap52,0.380363863,1.418439716
Pmepa1,0.379537967,13.82978723
RP23-407N2.2,0.378667546,40.78014184
Stard4,0.378653539,5.319148936
Ext1,0.378635693,59.92907801
Chrm3,0.378292796,57.44680851
Rgag4,0.37792626,8.510638298
Vwa5b1,0.3778547,19.5035461
Pitpnc1,0.377680492,55.67375887
Tcta,0.377567926,13.12056738
Ppfibp1,0.377270079,7.092198582
Ndst3,0.377181908,41.4893617
Malrd1,0.377162116,9.219858156
Agbl3,0.37699124,8.510638298
A730017C20Rik,0.376977818,20.56737589
Arntl2,0.376655839,13.4751773
Gm14025,0.375981388,1.063829787
C77080,0.375646921,7.446808511
2510009E07Rik,0.375544623,17.37588652
Fam118a,0.375381629,11.34751773
Col6a5,0.375201266,2.482269504
Pfkl,0.374255687,17.37588652
Spop,0.374224622,58.5106383
Aacs,0.373960375,18.79432624
Rgs9,0.3735406,35.10638298
Kitl,0.37346695,7.80141844
Gm26863,0.372857226,0.709219858
AA543186,0.372832505,6.382978723
Megf6,0.372546877,4.609929078
Vwc2,0.372431322,22.69503546
Gm10419,0.372376375,14.89361702
Gm28401,0.372368323,0.354609929
Ephb1,0.371927418,40.07092199
Tgfb1i1,0.371733162,2.482269504
Gnal,0.371521307,37.94326241
Ddah1,0.371369331,22.34042553
4930408O17Rik,0.371154649,1.773049645
Tnfrsf1b,0.370717282,2.836879433
Cadps2,0.370585251,33.33333333
Mkl2,0.370362968,43.61702128
Cntn6,0.369535064,84.75177305
Gm2824,0.369336541,12.76595745
Cep192,0.368824592,23.40425532
Prkcg,0.368559062,14.53900709
Shc3,0.368519163,25.88652482
Ifi30,0.367944758,2.127659574
Galns,0.367855238,21.63120567
Stra6l,0.36763884,0.709219858
Fmn1,0.367050404,40.42553191
Arhgap33,0.366922236,15.95744681
Rmi2,0.366271474,2.127659574
Tnfrsf21,0.3659495,19.5035461
Wdr81,0.365537128,3.191489362
Chia1,0.36525854,1.418439716
Dpysl5,0.36524873,32.26950355
Gm43597,0.365069792,5.673758865
Nek1,0.365054755,53.19148936
Fam214b,0.364855656,20.56737589
Kctd4,0.364194245,10.63829787
Psme1,0.364099536,6.028368794
Tmem218,0.363798662,5.673758865
Gm30667,0.363204555,2.836879433
Gm42487,0.363199301,0.709219858
C1rl,0.362492561,0.709219858
Msln,0.362399569,0.354609929
RP24-445D7.2,0.362370539,5.673758865
Fdft1,0.362232105,28.0141844
Dnajc12,0.362126384,9.219858156
Rex2,0.361525443,0.354609929
Cnot8,0.361309686,15.60283688
Nnat,0.360836214,32.9787234
Myo5c,0.360133693,0.709219858
Katnal2,0.359904986,21.63120567
Adgra1,0.35978355,23.04964539
Fbxo22,0.359384561,8.510638298
Gm4792,0.359275033,0.354609929
Arid5b,0.359024229,55.67375887
Smad3,0.358568858,3.546099291
Rai14,0.35844709,3.546099291
Arhgef28,0.357245083,27.65957447
Rspo3,0.356959784,8.156028369
Aff2,0.35571311,60.28368794
Mtmr10,0.355677095,8.510638298
Prkcq,0.355447323,3.546099291
Tgfb1,0.354895105,1.418439716
Zfp395,0.354786933,11.34751773
Cdhr3,0.354599951,1.418439716
Gm10101,0.35448594,0.709219858
Lacc1,0.353996786,1.418439716
Mfap3,0.353847435,25.53191489
Eif2ak4,0.353337587,25.53191489
Fyco1,0.352390432,23.40425532
Gng12,0.351839405,25.17730496
Aen,0.351616815,1.773049645
Itga7,0.351595757,3.191489362
Dmkn,0.351515124,1.773049645
Usp46,0.350988597,16.66666667
Nras,0.350909949,15.60283688
Gm44257,0.350807034,10.63829787
Tshz2,0.350804407,80.4964539
Cdh10,0.350215912,74.11347518
Lrrc3b,0.350120878,28.0141844
Sdk1,0.349937673,55.31914894
Jazf1,0.34957724,54.60992908
Nol10,0.349554581,19.5035461
Robo1,0.349405627,65.24822695
Auh,0.349294666,28.0141844
Gm826,0.348897114,0.354609929
Krt77,0.348646035,0.354609929
Gm12756,0.348283366,0.709219858
Cdon,0.348153239,14.53900709
Zfp711,0.348041568,11.34751773
Slc7a14,0.347662175,47.16312057
Gm26521,0.346696048,6.382978723
Efcab11,0.346590434,1.773049645
Aatf,0.346164486,28.72340426
Fam129b,0.346047966,6.028368794
Usp13,0.345991428,29.78723404
Greb1l,0.345734567,40.78014184
Tm6sf2,0.34512021,2.482269504
Atp12a,0.345041729,2.482269504
Pi4k2a,0.344360251,17.73049645
Dagla,0.343791064,13.12056738
Ttc9c,0.34326289,13.4751773
Zbbx,0.342729238,9.574468085
Maml3,0.342656172,52.83687943
Tvp23a,0.342566294,13.82978723
Dennd6b,0.342522849,32.26950355
Fam65b,0.342414778,25.17730496
Snca,0.341646132,43.26241135
Herc3,0.341392817,35.81560284
Ell2,0.341093365,11.70212766
Cwc25,0.340299119,6.382978723
Ankrd28,0.340018797,47.16312057
Cdkn1a,0.33993376,2.127659574
Rbpj,0.339919264,14.18439716
Btg1,0.339403637,10.28368794
4930522L14Rik,0.339342907,9.574468085
Hhla1,0.33861109,1.773049645
Slamf8,0.338472698,0.709219858
Tmem184c,0.338295012,10.9929078
Igsf11,0.338233082,11.70212766
Gm26658,0.338066574,3.90070922
Gm1992,0.338062881,35.10638298
Atg2b,0.337538092,18.08510638
Gm2087,0.336965524,16.66666667
Spred2,0.336821232,36.17021277
Tasp1,0.336707842,41.4893617
Ecel1,0.336498924,23.75886525
Tmem217,0.33585032,0.709219858
Lrp8os2,0.335831157,13.12056738
Otoa,0.335713474,1.418439716
Nedd4l,0.335313067,61.34751773
Acvr2a,0.335161584,21.9858156
Stambp,0.334888665,12.41134752
Hoga1,0.334683512,7.092198582
Enpp3,0.334297976,2.127659574
Dynlt1c,0.334238487,6.382978723
Mapk7,0.333537554,8.510638298
Rnf34,0.33348729,20.21276596
Fchsd1,0.33295719,4.609929078
A230077H06Rik,0.332429891,4.255319149
Cox18,0.33167501,9.574468085
Ribc2,0.331637777,0.354609929
Gm11725,0.331624493,2.127659574
Cc2d1a,0.330916511,13.12056738
Grem2,0.330761535,7.80141844
Ece1,0.330565075,19.5035461
Ablim3,0.330554928,35.81560284
Rnf17,0.33044163,4.609929078
Rcn1,0.33043176,4.609929078
Ltn1,0.330415825,14.53900709
Ncoa7,0.329946795,62.41134752
Gm37336,0.329880226,0.709219858
Itpr1,0.329643961,24.46808511
Bmp3,0.329433864,1.063829787
Ccdc157,0.329289832,7.446808511
Lyplal1,0.329165754,5.673758865
B3galnt1,0.328991956,12.05673759
Aard,0.32881056,4.609929078
Zdhhc12,0.328476642,2.127659574
March4,0.328438663,26.59574468
Ndufaf5,0.328258217,15.24822695
Uts2b,0.328103578,2.836879433
Armc7,0.328032561,4.255319149
Rlim,0.327825244,17.73049645
Tmem154,0.327657715,0.354609929
Bzw1,0.327655571,9.574468085
Baiap3,0.327586706,47.5177305
Ttll1,0.327098493,6.028368794
Zdhhc19,0.326978872,1.773049645
Terf1,0.325602813,24.82269504
Gm20721,0.325392215,4.609929078
Cog4,0.325231444,24.82269504
Fam126a,0.324899975,14.18439716
Btbd1,0.324746521,25.53191489
Ccdc60,0.323850647,3.191489362
Klhl1,0.323740487,38.65248227
Grm5,0.323711359,87.94326241
Frmd6,0.323444396,7.092198582
Abhd14b,0.322827286,17.73049645
Ap3s1,0.322090329,26.59574468
RP23-231J2.1,0.321232888,85.46099291
6720483E21Rik,0.320986087,2.127659574
B3galt2,0.32071713,14.18439716
Ccdc138,0.320622884,15.24822695
Ppp1r14c,0.320586039,19.85815603
Zmym3,0.320284156,18.43971631
Dnah9,0.320002371,18.43971631
A930011G23Rik,0.319832663,47.87234043
Gab2,0.319788594,56.38297872
Cdkn3,0.319285935,3.191489362
Agpat4,0.319119382,24.11347518
Sytl5,0.318933648,8.156028369
Sf3b3,0.318659711,24.11347518
Plod3,0.31850043,7.092198582
Riok3,0.31837937,30.4964539
P4ha2,0.318363587,9.219858156
Fam78a,0.318256212,1.418439716
Dennd4c,0.318017,35.10638298
Dock9,0.317969548,45.74468085
Fnbp1l,0.317778495,24.46808511
Abcb10,0.317774325,18.79432624
Setd3,0.317611545,25.53191489
Zfp1,0.317206255,17.0212766
Ggact,0.316909823,23.04964539
Usp39,0.316456297,7.092198582
Wls,0.315975048,18.79432624
Kcnk9,0.315727668,2.127659574
Iqgap1,0.315645483,31.20567376
Soga3,0.315394894,51.06382979
Gm8257,0.314866427,14.18439716
Prmt6,0.314548492,2.836879433
Kdm3a,0.314330834,15.60283688
Rwdd1,0.314206837,13.4751773
Vmn2r84,0.314183157,0.709219858
Efcab9,0.313997173,0.709219858
Oxr1,0.313974703,90.78014184
Olfm3,0.313160083,60.63829787
Gm16083,0.313124223,36.5248227
Acd,0.312773642,9.219858156
Msrb2,0.312515828,8.510638298
Ptpn5,0.312314267,32.26950355
Lppos,0.312314016,1.063829787
Elovl7,0.312264343,8.156028369
Zkscan5,0.312056925,5.673758865
Ubtd1,0.311606141,8.865248227
Nupr1,0.310779646,0.709219858
Stat5b,0.31076397,32.9787234
Gm15494,0.310629482,6.737588652
Klhdc1,0.31051325,17.0212766
Trim46,0.310406919,30.14184397
Adcy7,0.309812865,12.76595745
Dpf1,0.309106752,13.82978723
Stat6,0.308748815,2.127659574
RP23-350G1.5,0.308408347,1.773049645
Dnm3,0.30831571,85.46099291
Prpf39,0.308285827,25.17730496
Tmem29,0.30825913,21.27659574
Ddr2,0.308016487,5.319148936
Ctns,0.307887875,11.34751773
Nipsnap3b,0.307799229,2.836879433
Gna15,0.307292442,1.418439716
Zfp697,0.307219338,16.66666667
Rps6kl1,0.307129426,17.0212766
1700088E04Rik,0.306708209,13.12056738
Edil3,0.306562604,85.81560284
Zfp442,0.30618342,9.574468085
Nagk,0.3048359,31.56028369
Flot2,0.304399873,34.75177305
Sgpl1,0.304393142,15.60283688
Ptk2b,0.304177206,1.063829787
Vat1l,0.304112932,52.4822695
BC035947,0.304106678,5.319148936
Cacna2d1,0.304065153,82.9787234
Chfr,0.304050539,34.39716312
Mtpn,0.303523025,13.4751773
Qsox2,0.303315224,11.70212766
Nxph3,0.303256584,1.063829787
Stx2,0.303140229,14.89361702
Sumf2,0.302844783,12.05673759
Pcid2,0.302827575,10.9929078
Smyd5,0.302574261,13.82978723
Ube2m,0.302438376,7.80141844
Ankle1,0.302419655,0.709219858
C77370,0.302233103,34.39716312
Dgkb,0.301400751,85.10638298
Gm11417,0.300952541,29.78723404
Gm15738,0.300699883,15.60283688
BC035044,0.299667088,1.063829787
Fgf11,0.299577798,4.255319149
Gm26532,0.29926364,4.964539007
Wdr41,0.299154414,15.24822695
Map3k19,0.299000665,11.70212766
Mtmr1,0.29897088,26.24113475
Gorasp2,0.298967695,11.70212766
Cradd,0.29888839,12.05673759
Asxl3,0.2987219,39.36170213
Cers6,0.298646306,36.5248227
3110099E03Rik,0.298281506,0.354609929
Gtf2f2,0.298073278,19.5035461
Rnps1,0.297611013,30.4964539
Tcf7,0.297193498,1.063829787
Etnk2,0.296970272,10.63829787
Nek8,0.296732132,3.191489362
Ndufab1,0.296682871,10.28368794
Fam184b,0.296264216,10.9929078
Hdac11,0.296233151,22.34042553
Rhd,0.296123635,15.60283688
Ktn1,0.296006829,49.29078014
Madd,0.295763497,31.56028369
B230118H07Rik,0.29558998,12.05673759
Kdm1a,0.295067424,17.37588652
Slc9a9,0.294995508,32.26950355
Fam179b,0.29440606,21.27659574
Tmem74,0.294357239,1.063829787
Arfgap3,0.294327084,24.82269504
Eqtn,0.294313169,2.127659574
Uxs1,0.293200435,24.46808511
Adam19,0.29292896,15.60283688
Ubxn10,0.292704048,2.482269504
Ccnb1,0.292488097,0.354609929
Cthrc1,0.292354947,8.510638298
Rbks,0.292268582,11.70212766
RP23-291B1.2,0.292266844,2.836879433
Snapc1,0.292186552,14.18439716
Slc12a2,0.29204469,14.18439716
Pdzd3,0.29197664,0.354609929
Tcf20,0.291848908,63.4751773
Acvr1c,0.291696133,3.191489362
Noc3l,0.291438065,7.092198582
E2f3,0.291132442,11.70212766
Smpd2,0.289233961,7.446808511
Ptprq,0.28922654,12.76595745
Rpl22,0.2890567,9.574468085
Celf5,0.288769102,23.04964539
Ptpro,0.288665202,21.9858156
3830406C13Rik,0.288618243,17.0212766
Sntb2,0.28858639,26.24113475
Jak3,0.287868025,1.418439716
Wtip,0.287858717,3.90070922
Ppm1l,0.287364673,31.56028369
Gba2,0.287075204,12.05673759
Edc4,0.287044336,9.929078014
Pcsk4,0.286619086,3.191489362
Pxk,0.28654828,28.0141844
Acsl6,0.285842388,18.43971631
Sfxn1,0.285281871,18.79432624
A830031A19Rik,0.285063317,2.482269504
Dgcr14,0.284686133,2.836879433
Sema4a,0.284653182,12.41134752
Rnf32,0.284618274,18.43971631
Pam,0.284401574,89.0070922
Micall2,0.284061235,1.773049645
Sergef,0.283609974,34.04255319
Arv1,0.283566102,9.574468085
Chl1,0.283369499,75.17730496
Ier2,0.283244681,1.063829787
Gm29536,0.283127645,17.73049645
Aimp2,0.283041313,5.673758865
Fstl5,0.282730499,75.53191489
Akap17b,0.282456956,24.11347518
Nr4a3,0.282138075,1.063829787
Rmst,0.28183641,90.78014184
Ndufaf6,0.281795461,13.4751773
Gstm1,0.281461265,8.156028369
Fam102b,0.281284446,4.964539007
D930032P07Rik,0.281198854,1.063829787
Kcnb2,0.281186474,90.07092199
Pdk1,0.281005765,10.9929078
Gm26905,0.280966162,39.71631206
Cpne3,0.28083205,13.4751773
Echs1,0.280269136,9.574468085
Sphk2,0.280113289,4.255319149
3110002H16Rik,0.28000377,8.510638298
Ntrk2,0.279265302,69.5035461
Lztr1,0.278986603,25.53191489
Phax,0.278913768,13.4751773
2410131K14Rik,0.278643739,6.382978723
Pfkfb3,0.27840229,6.382978723
Nhlh2,0.278261199,2.836879433
Homer1,0.277958075,19.14893617
B4galt1,0.277863369,7.80141844
Arl6ip4,0.277801764,9.929078014
Rala,0.277483594,26.59574468
Strada,0.277211627,23.75886525
Tcaim,0.277130582,13.12056738
Gm26668,0.276693274,12.41134752
Taf1d,0.276357601,18.08510638
Prpf31,0.276339606,8.865248227
Gm5106,0.276310872,3.90070922
2310040G07Rik,0.275858393,9.219858156
Tnnt2,0.275442642,1.063829787
Adra1a,0.27531088,24.82269504
Cbfa2t3,0.2752786,5.319148936
Gm20521,0.275147313,17.37588652
Ipmk,0.27457169,15.60283688
Slain1,0.274434984,15.95744681
Pnma2,0.273835013,6.028368794
Camk2g,0.273736119,36.87943262
Mfsd9,0.273610698,1.063829787
Nup37,0.273581615,7.446808511
Npbwr1,0.273536304,0.354609929
Trim26,0.273321995,18.79432624
Map2k3,0.273163912,9.219858156
Ildr2,0.27277261,12.05673759
Filip1,0.272718887,9.219858156
Rgma,0.272653407,13.4751773
Doc2b,0.272478609,6.382978723
Slc6a15,0.272261909,32.62411348
Sec61a1,0.272181193,13.82978723
Rasl10b,0.272063772,3.90070922
Casc1,0.271860073,1.418439716
Vps53,0.271774753,20.21276596
Fgd4,0.271584619,46.80851064
Isyna1,0.271216206,8.865248227
Ifrd1,0.270999211,13.12056738
Csdc2,0.270942105,21.63120567
Ankrd55,0.270646954,35.46099291
Klhl5,0.270500003,9.929078014
Lrpap1,0.270422274,34.04255319
Gm29398,0.270337375,0.354609929
Rpusd4,0.270080132,2.836879433
Rnf169,0.269713,26.95035461
Leprot,0.269664877,4.964539007
Adprm,0.269663644,9.929078014
Ppp2r5a,0.26941115,8.156028369
Nop58,0.268812344,12.05673759
Klhdc3,0.26878292,10.28368794
Cpa3,0.268710013,0.709219858
Ddx19b,0.268513515,12.05673759
Man1b1,0.268358288,23.40425532
Gabarap,0.268320032,13.12056738
Aggf1,0.268164838,7.092198582
Gpsm1,0.267895564,21.27659574
Ugdh,0.267652396,14.89361702
Rnf121,0.267299516,16.66666667
Pparg,0.266518194,8.510638298
Drg2,0.266425721,7.80141844
Rab9b,0.266304285,8.865248227
Ift52,0.266121868,23.04964539
Ikzf4,0.266073005,12.41134752
Kremen2,0.265976045,1.773049645
Chac2,0.265970221,12.76595745
Fbxo38,0.265928713,20.21276596
Qsox1,0.265644859,11.70212766
Mtnr1b,0.264885252,2.836879433
Scfd2,0.264868791,26.95035461
Sept6,0.26482666,20.92198582
Tpm3,0.264688016,24.82269504
Ubl3,0.264541656,25.53191489
Dhx57,0.264384032,26.59574468
Ypel1,0.26419623,6.382978723
Prmt2,0.264129108,32.26950355
Ift140,0.263949319,15.24822695
Morn3,0.263846526,1.063829787
Casp9,0.263683794,4.609929078
Plin2,0.263636211,3.191489362
Mief1,0.263472933,12.76595745
Slc52a2,0.263228598,4.609929078
Adam2,0.263131242,2.482269504
Ptger4,0.263047006,3.191489362
Acot9,0.26301231,6.382978723
Pacs1,0.262867493,61.34751773
Slc7a6,0.262664224,28.36879433
Ndfip1,0.262373737,43.97163121
Rnf19b,0.262093298,7.446808511
Dnal1,0.261940796,20.92198582
Gm26917,0.261639045,36.87943262
Sil1,0.261376733,29.78723404
Fam160a2,0.26123717,12.41134752
Errfi1,0.261211293,5.673758865
Slc23a2,0.261186139,29.43262411
Ankra2,0.261153695,10.28368794
Fam184a,0.26061646,29.78723404
Peli3,0.260608917,6.382978723
Gm11639,0.26058201,2.836879433
Nbr1,0.260153112,21.63120567
Atg3,0.259948693,18.08510638
Tcf4,0.259704179,64.53900709
Far2,0.259446399,18.08510638
Cdc42ep3,0.259154806,5.319148936
Ctso,0.259119681,4.964539007
Map2k1,0.258721657,36.5248227
Fnbp4,0.258656375,21.9858156
Srpk1,0.258536055,31.56028369
Slc44a2,0.258309635,13.82978723
Topaz1,0.258174007,0.709219858
Tm4sf1,0.25796677,5.319148936
Cdc42se2,0.257903983,23.04964539
Mrps11,0.257651385,6.382978723
Rab15,0.257516885,13.4751773
Slc25a51,0.257400901,18.08510638
C030005K15Rik,0.257361349,0.354609929
Dcbld2,0.257317918,10.63829787
Nup93,0.257301006,25.88652482
Cd99l2,0.256870299,21.63120567
Uhrf2,0.256688539,35.81560284
Rbm42,0.256642434,7.80141844
Tpx2,0.256562294,2.836879433
Ldlr,0.256093936,25.17730496
Kcnn2,0.255981169,50.70921986
Shank3,0.255353137,21.63120567
Clk3,0.255108524,12.41134752
Prr16,0.254560026,59.92907801
Celf3,0.2544711,39.36170213
Clcn6,0.254420627,18.08510638
Cttnbp2,0.254237225,61.70212766
Nsun7,0.254186753,25.53191489
Cpa4,0.253543,0.709219858
Wwp1,0.253375811,32.62411348
Flywch2,0.253037149,8.156028369
Setd4,0.252914728,17.73049645
3110045C21Rik,0.252203913,1.773049645
Ppt1,0.252083492,38.29787234
Timm9,0.25201949,28.36879433
Zfp948,0.252006322,14.53900709
Herpud1,0.251617746,15.24822695
Meis1,0.251367124,52.12765957
Zfyve1,0.251050629,23.40425532
Aim2,0.250896913,6.737588652
Cep290,0.250893169,24.11347518
Cenpi,0.249644857,2.127659574
Rnf38,0.249479579,30.85106383
Akap3,0.249256063,0.709219858
2900011O08Rik,0.249203737,38.65248227
Gm26903,0.249061619,3.90070922
Stk33,0.248761175,7.446808511
Coro1a,0.248531832,7.092198582
Zdhhc18,0.248215435,15.24822695
Ncam2,0.248213924,97.16312057
Slit2,0.24813127,66.66666667
Ctnna2,0.248073836,99.29078014
Arhgap23,0.248027075,29.07801418
Man1a,0.24765344,40.78014184
Gm21992,0.24740029,35.81560284
Wdr75,0.247281809,7.80141844
Syt5,0.247207003,17.0212766
Rcl1,0.247095879,10.28368794
Lrrc4c,0.247030498,100
Suclg2,0.24702299,6.028368794
Gm14966,0.246976544,10.28368794
Smap2,0.246790121,18.79432624
Pak6,0.246756659,14.53900709
Lrrc69,0.246600077,7.446808511
Taf15,0.246511193,34.75177305
Cnot2,0.24636145,42.90780142
Pcdh7,0.246227929,98.22695035
1810032O08Rik,0.24551715,2.482269504
Pcdh15,0.245425361,95.39007092
Atp8b5,0.245277983,5.319148936
Farp1,0.24526117,50.35460993
Men1,0.245166989,5.673758865
Sat2,0.245108767,10.28368794
Il1rapl1,0.24494382,95.74468085
Galnt1,0.244618655,26.59574468
Gnb4,0.244153074,11.34751773
Macrod2,0.243980738,98.22695035
Pitrm1,0.243955092,8.510638298
Nrg1,0.243418941,98.22695035
Lrrtm4,0.243097913,99.29078014
Gpaa1,0.243000843,10.28368794
Shroom3,0.242744803,5.673758865
Cers5,0.242235547,33.68794326
Kif3a,0.242158836,28.36879433
Nhlrc3,0.241746408,6.382978723
Gfod2,0.241579667,28.72340426
Grik2,0.24141252,95.03546099
2900076A07Rik,0.241147219,13.12056738
Ak5,0.241141538,41.13475177
Tut1,0.240836503,6.382978723
Samd12,0.240770465,85.81560284
D130043K22Rik,0.240707449,32.26950355
Malat1,0.240529695,100
Ccdc58,0.240236055,19.85815603
Usp8,0.240175107,15.95744681
Lrrd1,0.23992644,2.127659574
Nhsl2,0.239763216,21.9858156
4933427D14Rik,0.239703385,13.82978723
Galntl6,0.23964687,93.61702128
Abl1,0.239608482,22.34042553
Kcnj3,0.239587531,62.05673759
Cnot7,0.239474042,11.34751773
Grid2,0.239085072,99.29078014
Gm16175,0.238524773,0.354609929
5031425E22Rik,0.238430506,31.20567376
Pvrl3,0.238405615,9.219858156
Ptpn23,0.238298989,11.34751773
Stk36,0.238037333,6.382978723
Ripk4,0.237892427,0.354609929
Ppp2r2b,0.23788122,94.32624113
RP23-428N8.3,0.237706442,0.709219858
Mrm1,0.237625854,4.609929078
Smap1,0.237416131,24.82269504
Arhgap26,0.237399679,83.33333333
Gm26573,0.237258015,20.56737589
Csmd3,0.237239165,95.74468085
Iqgap2,0.236947988,7.80141844
Btaf1,0.236928121,47.16312057
Gm20715,0.236562639,0.709219858
Chp1,0.236529759,26.24113475
Abi1,0.23643663,32.62411348
Asap1,0.236403956,59.21985816
Plekhb2,0.236340479,17.73049645
Kif26b,0.236328855,46.09929078
Klhl24,0.236181246,16.66666667
Xkr4,0.23611557,91.4893617
Tenm2,0.235955056,94.68085106
Ptdss1,0.235724794,19.5035461
Hp1bp3,0.235659971,17.73049645
Rab11a,0.235042217,18.08510638
Erc2,0.234991974,85.81560284
Mknk1,0.234929319,8.510638298
Armc9,0.234698794,41.13475177
Ganc,0.234182412,5.673758865
Gm12258,0.234180638,7.80141844
Nebl,0.233939638,59.92907801
Efnb2,0.233883911,7.446808511
Crem,0.233635063,15.60283688
Atp6v1a,0.233424339,32.62411348
Stim1,0.23340792,49.64539007
Gm43016,0.233322606,4.609929078
Napb,0.233308223,29.07801418
Cers4,0.233287141,44.32624113
Slc35f5,0.232823989,10.28368794
Usp53,0.232178552,14.18439716
Ints10,0.23210552,19.5035461
Xylb,0.232006026,1.773049645
Ppp1r18os,0.231820042,1.773049645
Etv6,0.231528748,20.56737589
Efcab5,0.231345773,6.028368794
Ubxn4,0.231228606,43.26241135
Mmp16,0.231139647,80.85106383
5730522E02Rik,0.231033513,45.74468085
Usp45,0.230854348,35.10638298
Cntnap5a,0.23081862,87.94326241
Clcn5,0.230525472,14.53900709
Sh3bp5,0.230392641,15.24822695
Txndc11,0.230011421,26.95035461
Ccdc174,0.229940983,21.9858156
Kif3b,0.229900461,19.5035461
Ctxn1,0.229631909,6.737588652
Foxp4,0.229425553,6.028368794
Car10,0.229133226,82.26950355
Ube2e2,0.22905297,84.75177305
Litaf,0.22878317,7.446808511
Gm26944,0.22862571,8.156028369
Pycr2,0.228475968,9.929078014
Fancl,0.228390884,10.63829787
Cacnb2,0.228250401,81.56028369
Gm16833,0.227824265,4.609929078
Ldha,0.227739339,13.82978723
Tex14,0.227406096,10.9929078
Camkmt,0.227226536,47.87234043
Galk2,0.227164964,23.04964539
Sbds,0.226450862,18.79432624
Lrrc7,0.226324238,79.43262411
Dusp12,0.2262405,15.24822695
Cep95,0.22594085,18.79432624
Taf13,0.225609873,10.28368794
Fndc3a,0.225607246,45.74468085
Npdc1,0.225253742,34.04255319
Vstm5,0.225220641,13.82978723
Isg20,0.224817735,0.354609929
Car2,0.22466193,10.9929078
Gm4211,0.224445767,2.127659574
Thap2,0.224245179,16.66666667
Anxa6,0.224146401,22.69503546
Ccdc90b,0.224018562,13.82978723
Nkd2,0.223952909,0.709219858
Nkain2,0.223836276,97.87234043
Grm7,0.223756019,94.68085106
Pbk,0.22358306,6.737588652
Myocd,0.223218271,1.773049645
Hsf5,0.222666608,6.028368794
Gm11077,0.222527237,3.546099291
Zfp521,0.222434474,22.69503546
Gabrb1,0.22223114,89.71631206
Pgr,0.222230549,16.66666667
Hs2st1,0.222118734,37.58865248
4933407L21Rik,0.222111665,1.063829787
Actn1,0.221972571,17.0212766
Trim2,0.221829856,66.66666667
Cdk17,0.221620314,32.26950355
Myo1d,0.221613254,19.85815603
Pcdh9,0.221589085,98.22695035
Mrpl33,0.22158787,12.41134752
Ank2,0.221268058,98.22695035
Nfe2l1,0.221233545,12.05673759
Garem,0.221168525,24.82269504
Armcx2,0.220969623,5.673758865
Cpne4,0.220655459,40.42553191
Stpg1,0.220651978,5.673758865
Fbxo18,0.220480825,15.95744681
Rnaseh2a,0.220325631,8.156028369
Traf5,0.220182949,22.34042553
Amph,0.219983949,70.21276596
Rbm11,0.219814569,2.482269504
Nadk2,0.219665253,7.092198582
Sema6d,0.219582665,80.4964539
Itgb1,0.21941913,24.82269504
Pbx1,0.219341894,78.0141844
Camk2d,0.219261637,60.28368794
Sh3kbp1,0.219180428,43.97163121
Fyttd1,0.219144897,28.72340426
Slc16a9,0.219038337,3.90070922
Meg3,0.219020867,100
Rab3c,0.21894061,65.95744681
Tmed3,0.2189214,7.446808511
Kcnip4,0.218780096,95.74468085
Plcxd1,0.218582048,5.319148936
Zfp451,0.218528916,24.11347518
Tlcd2,0.218464237,6.382978723
Bcl7b,0.218401733,6.028368794
Adgrl3,0.218378812,95.74468085
Trappc6a,0.218356055,8.510638298
Napg,0.218114924,23.40425532
Snap25,0.217977528,88.65248227
Nckap5,0.217902131,30.14184397
Nrg3,0.217897271,100
Nanos2,0.217406264,1.063829787
Cpt1c,0.217303817,27.65957447
Lxn,0.21720192,4.255319149
Ptprn,0.217094703,60.28368794
Mapt,0.217014446,77.65957447
Cacna1a,0.216773676,80.14184397
Sgsm3,0.216752331,20.56737589
Pak3,0.216613162,70.92198582
Slc24a2,0.216532905,67.73049645
Chrna1os,0.21651354,1.063829787
Thsd7a,0.216500428,40.07092199
R3hdm1,0.216452648,71.27659574
Cadm2,0.216211878,92.19858156
Runx1t1,0.215971108,59.57446809
Rab5c,0.215960402,10.9929078
Tln1,0.215919387,8.865248227
Ntng1,0.215890851,72.34042553
Cdh12,0.215840674,59.92907801
Ppp1ca,0.215610904,10.28368794
Pcsk1,0.215441853,14.89361702
Sntg1,0.214686998,90.78014184
BC017643,0.214623313,4.609929078
Sike1,0.21456901,9.574468085
Zfp408,0.214563067,11.70212766
Astn1,0.214526485,62.76595745
Tmem41b,0.214473484,12.41134752
Chd1l,0.21445759,4.964539007
Kctd8,0.214446228,60.9929078
Rit2,0.214365971,81.56028369
Ahi1,0.21364366,85.10638298
Fancm,0.21338335,8.865248227
Slc25a24,0.212933343,1.418439716
Dsc3,0.212700863,1.063829787
Sptbn1,0.212520064,68.08510638
Pde4b,0.212439807,79.07801418
Kansl1l,0.212384179,27.30496454
Wdr13,0.212285632,12.41134752
Pnpt1,0.212208724,22.69503546
Mrgpre,0.211863934,2.127659574
Mysm1,0.211753388,28.36879433
Trappc13,0.211678944,13.82978723
Gm33533,0.211671893,3.546099291
D16Ertd472e,0.211519863,0.709219858
Dhx9,0.211445431,11.70212766
Rbm39,0.211235955,82.26950355
Card9,0.211073501,0.354609929
Amotl1,0.210909542,8.510638298
Ccdc67,0.210868918,1.418439716
Zfp788,0.210822192,8.156028369
Ccnk,0.210745318,6.737588652
Faf2,0.210684797,26.24113475
Slc2a13,0.210674157,49.29078014
Clpx,0.210602767,25.53191489
Pid1,0.2105939,58.15602837
Ncoa6,0.210531048,19.85815603
Pde4dip,0.210513644,70.21276596
Ears2,0.21025028,5.673758865
Tmem130,0.210158694,41.4893617
Polr3a,0.210038276,10.28368794
Rasgrf1,0.209951846,69.5035461
Inpp4b,0.209791332,70.56737589
Gap43,0.209069021,56.38297872
Ppp2r3a,0.208815706,45.74468085
Actr8,0.208600254,9.219858156
Alcam,0.20858748,59.92907801
C530008M17Rik,0.208346709,57.09219858
Gm9947,0.208265139,1.773049645
Tspan4,0.207953244,3.546099291
Tmem108,0.207945425,55.31914894
Reep1,0.207704655,57.09219858
Cacng8,0.207683146,20.21276596
Sarm1,0.20762801,8.510638298
Dennd5b,0.207624398,57.44680851
Myo10,0.207544141,47.87234043
Zhx2,0.207505786,9.219858156
Kidins220,0.207303371,53.19148936
Parp8,0.207166501,47.5177305
Mum1,0.20716302,10.63829787
Stk35,0.207129755,4.609929078
Mrpl24,0.20712831,6.737588652
Zmynd8,0.206982343,66.31205674
Il20rb,0.206972549,1.773049645
Spag5,0.206902087,72.34042553
Skp2,0.206854241,6.382978723
Srrm4,0.20682183,54.60992908
Hmgn3,0.206467045,32.9787234
Mapkbp1,0.206459985,20.21276596
Gnas,0.206420546,79.07801418
Lamtor1,0.206301605,10.28368794
Pdgfb,0.206256509,1.418439716
Zar1l,0.206042628,0.354609929
Nmnat2,0.205858748,57.09219858
Gm14703,0.205821181,9.219858156
Dner,0.205778491,51.77304965
Gm16845,0.205778261,7.446808511
Tmod3,0.205604809,28.72340426
Supt3,0.205591444,41.13475177
Micu2,0.205589047,27.65957447
Gm9268,0.205568368,0.709219858
Syn2,0.205457464,58.15602837
Clpp,0.205443967,35.46099291
Nrip3,0.205385449,16.66666667
Ints9,0.20535954,24.11347518
Gmds,0.205136437,59.57446809
D3Ertd254e,0.205064783,6.382978723
Pcyox1,0.205000913,11.34751773
Ercc1,0.204989649,9.574468085
Snrpc,0.204517763,7.092198582
Dync1li1,0.204501639,25.88652482
Cables1,0.204443483,6.737588652
Zfp3,0.204173585,7.80141844
Whsc1l1,0.203932584,59.92907801
Zfp54,0.203702385,3.546099291
Cpsf2,0.203661011,4.609929078
Gpr45,0.203357454,33.33333333
Gm38392,0.203308659,2.127659574
Dock5,0.203262163,2.836879433
Dip2c,0.202808989,76.24113475
Unc13a,0.202729389,36.17021277
Macf1,0.202648475,86.87943262
Ppp1r12b,0.202327448,45.74468085
Sec24d,0.202130943,18.43971631
Ube2ql1,0.202017618,6.028368794
Lmna,0.201898547,11.70212766
Ercc2,0.20187799,7.446808511
Mypn,0.201709195,2.482269504
Ascc2,0.201615316,15.95744681
2210408I21Rik,0.201605136,51.77304965
Cul4a,0.201276918,17.0212766
Xpo1,0.201210945,29.43262411
Tox4,0.201139719,17.37588652
Phip,0.200802568,50
Eif4g3,0.200722311,58.5106383
Epha4,0.200605276,13.82978723
Myo7b,0.20028461,4.964539007
Ncam1,0.200160514,86.5248227
Lgals9,0.200146928,1.773049645
Gabrb3,0.200080257,82.62411348
Sgip1,0.2,80.14184397
Zfp128,0.199814171,3.546099291
Fmnl2,0.19975923,60.9929078
Kcnq4,0.199640322,3.90070922
1700025G04Rik,0.199638122,40.07092199
Tmx1,0.199600062,12.41134752
Wrnip1,0.199460631,7.092198582
Ttc37,0.199259693,24.11347518
Zc3h12c,0.19924508,18.79432624
Kif21a,0.199197432,59.21985816
Zc3h7a,0.199155464,29.07801418
RP24-236C17.2,0.199074091,33.33333333
Arnt,0.199037739,31.20567376
Psma4,0.199031204,7.80141844
Insc,0.198993825,1.418439716
Phf21a,0.198956661,58.5106383
Gria2,0.198715891,87.23404255
Aifm2,0.198603715,4.964539007
Rabep1,0.198555377,56.38297872
Fam98a,0.198523097,15.60283688
Tpd52l2,0.198483855,11.70212766
Krcc1,0.198257074,11.70212766
Map1b,0.19823435,81.20567376
Pde10a,0.198154093,69.14893617
Ubr4,0.198074986,25.88652482
Asic2,0.197913323,90.07092199
N4bp2l2,0.197752809,47.87234043
Zfp617,0.197722335,6.382978723
Klf7,0.197676263,30.14184397
5330434G04Rik,0.197512039,72.69503546
Msl2,0.197498739,10.9929078
Ak4,0.197421273,4.255319149
Rerg,0.197368141,14.18439716
Lamp2,0.197169831,17.0212766
Lrrc24,0.197144282,10.63829787
Nphp3,0.197028659,6.028368794
Unc13c,0.196904727,41.84397163
Wnt5b,0.196869064,8.865248227
RP23-106P7.5,0.196678322,1.773049645
Fam172a,0.196629213,54.25531915
Rad51d,0.196589873,7.446808511
Gm27217,0.196501637,0.354609929
Ifnar2,0.196384502,6.028368794
St6galnac4,0.196341831,3.90070922
Map2k4,0.196308186,55.31914894
Rsph3b,0.196270159,5.319148936
Capn2,0.196238733,18.08510638
Ccdc64,0.196187735,28.0141844
Sqle,0.196018093,14.53900709
Gm13849,0.195934385,2.836879433
Rnf214,0.195873308,25.88652482
Efna5,0.195826645,77.30496454
Gm44148,0.195692271,6.382978723
Abcb6,0.195423415,4.255319149
Agbl4,0.195264848,92.19858156
Lcorl,0.195187973,41.84397163
4930402H24Rik,0.195184591,78.72340426
Grb10,0.195104334,56.73758865
Rpl5,0.195102922,17.73049645
Afg3l2,0.195041153,19.85815603
Grin2a,0.195024077,52.12765957
AW551984,0.194987791,13.82978723
Prpf38b,0.194933739,12.05673759
Them4,0.194916696,12.41134752
Gm38304,0.194767249,19.5035461
B4galnt1,0.194517513,8.156028369
Zdhhc20,0.194462279,46.80851064
Exd2,0.194357919,21.63120567
Rap1b,0.194311486,7.446808511
Ppp1cc,0.194302455,11.34751773
Diaph2,0.194301766,47.87234043
Sbf2,0.194060995,59.57446809
St8sia4,0.193931087,16.66666667
Tnfsf4,0.193925755,0.709219858
Hgf,0.193870662,1.063829787
D6Wsu163e,0.1936162,6.737588652
4930578G10Rik,0.193468329,28.72340426
Lnx1,0.193390667,18.79432624
Neto2,0.193268902,30.4964539
Atpaf1,0.19326135,19.85815603
Rtn4,0.193258427,52.12765957
Acap2,0.193189598,33.68794326
Rab8b,0.193172916,13.4751773
Ppargc1a,0.193077357,20.56737589
1700007G11Rik,0.192888733,8.156028369
Tmem163,0.192820495,34.75177305
Syn1,0.192776886,53.90070922
Platr31,0.192764443,2.127659574
Scn3a,0.192616372,54.25531915
Mrps5,0.192557231,16.31205674
Rock2,0.192536116,41.13475177
Trim23,0.192442067,14.18439716
9330159F19Rik,0.192375602,45.03546099
Fgf2,0.192320834,3.90070922
Tbc1d10b,0.192302175,9.929078014
Mical3,0.192295345,55.67375887
Usp29,0.192134831,84.39716312
Gm16432,0.192053458,32.26950355
Gm16552,0.191913928,8.156028369
Wwp2,0.19152046,26.59574468
Usp36,0.191393901,16.66666667
Hfm1,0.191376726,10.28368794
Ogfrl1,0.191341327,10.9929078
Mirg,0.191011236,60.63829787
Fam216a,0.19100503,9.929078014
Rpp30,0.190786622,9.219858156
Rabif,0.190764095,8.865248227
Capza1,0.190420343,28.36879433
Gm20642,0.190208668,75.17730496
Maz,0.190014134,8.510638298
Trim58,0.189810591,0.354609929
Hspb11,0.189706931,10.63829787
Hps1,0.189705158,11.34751773
Celf2,0.189486356,66.31205674
Cmip,0.189325843,55.31914894
Tspyl2,0.189227426,27.65957447
Cnih4,0.189033844,8.865248227
Gnai1,0.188952898,22.34042553
Akt2,0.18883537,9.929078014
Hirip3,0.188693049,7.446808511
Nfat5,0.188683788,53.54609929
Gria4,0.188603531,93.61702128
Arfgef2,0.188584879,36.87943262
A230046K03Rik,0.188507545,19.14893617
Anln,0.188504195,9.574468085
Fshr,0.18840417,6.028368794
Araf,0.188282504,43.97163121
Erp44,0.188273047,19.85815603
Dhps,0.188145043,10.9929078
Cdk19,0.188071846,16.66666667
AI839979,0.188020756,0.354609929
Stxbp3,0.187940329,6.737588652
Rabepk,0.187935797,8.865248227
Crtc3,0.187332623,29.78723404
Magi2,0.187319422,98.93617021
Gm13963,0.187116055,6.382978723
Jakmip2,0.187078652,54.25531915
RP23-353F16.3,0.18691049,5.673758865
Golph3l,0.186813482,11.34751773
Gm15892,0.186397224,22.34042553
Acox1,0.186046774,17.0212766
Ldlrad4,0.186035313,52.12765957
Bpifc,0.185714551,0.354609929
Zbed4,0.185605295,10.63829787
Aida,0.185298093,12.05673759
Slc6a7,0.185007474,16.31205674
1110051M20Rik,0.184911717,60.9929078
Gm28156,0.184682339,1.063829787
Copb1,0.184650554,16.66666667
Meis2,0.184510433,62.76595745
Mapk10,0.184430177,71.27659574
Gnaz,0.184350774,12.76595745
Zzef1,0.18434992,38.65248227
Wapl,0.183948636,38.29787234
Gtpbp3,0.183905585,12.05673759
Pcgf6,0.183785593,15.24822695
Gfod1,0.183666883,15.60283688
Kat2b,0.183577924,25.53191489
Tnr,0.183547352,60.63829787
4930451G09Rik,0.183259064,4.964539007
Mbtd1,0.183146067,49.64539007
Adam23,0.183065811,52.83687943
Pdlim7,0.182985554,35.10638298
Acvr1,0.182907727,23.40425532
Ptbp2,0.182905297,39.71631206
Pcmt1,0.18282504,43.26241135
Ccdc88a,0.182744783,65.60283688
Sav1,0.182713357,3.90070922
Gm17276,0.182664526,37.23404255
Mcph1,0.182451767,23.04964539
Cic,0.182415448,10.63829787
Cep44,0.182384744,8.510638298
Ano2,0.182175478,2.127659574
Plxnb1,0.182102991,4.255319149
Cpeb1,0.182102729,31.91489362
Ppp1r8,0.182001784,6.737588652
Ube3a,0.18105939,93.97163121
Mia3,0.180966293,23.40425532
Dbt,0.180896545,7.80141844
U2af2,0.180846828,11.34751773
Ctsa,0.180767687,11.70212766
Dus1l,0.180724768,6.737588652
Zfp787,0.180713012,4.609929078
Gskip,0.180694359,10.63829787
Luc7l3,0.180577849,53.54609929
Mboat2,0.180516113,20.21276596
Mad1l1,0.180417335,62.05673759
Synrg,0.180400621,25.17730496
Sf3b1,0.180256822,38.29787234
Hmgcs1,0.180245263,21.63120567
Trip12,0.180016051,50
Dok6,0.179695024,71.63120567
Fat3,0.179614767,35.10638298
Cep112,0.17953451,50.35460993
Anks6,0.179372074,3.90070922
Stox1,0.17929929,7.446808511
Ankib1,0.17929374,35.81560284
Dync1h1,0.179133226,46.45390071
Fut9,0.178972713,35.81560284
Gm26820,0.178873048,8.865248227
Pea15a,0.178745176,16.31205674
Tuft1,0.178608503,6.028368794
Hopx,0.178518625,2.127659574
Vrk3,0.178323828,6.382978723
Fut8,0.178250401,41.13475177
Hmgcr,0.17799423,15.24822695
Zbtb38,0.177849117,36.5248227
Matk,0.17776886,40.07092199
Zfp142,0.177742557,5.319148936
Rimklb,0.177697174,14.89361702
Pde4a,0.177475187,26.95035461
Cdc16,0.17742038,14.18439716
Dnajc1,0.177287319,47.87234043
Acads,0.177128316,7.092198582
Smu1,0.177074921,9.574468085
Heca,0.177037945,7.446808511
Mnd1,0.176954694,1.063829787
Ggnbp2,0.176805778,42.55319149
Sfxn5,0.176565008,33.33333333
Alk,0.176324238,42.90780142
Fbxo11,0.176243981,51.77304965
A230087F16Rik,0.175799153,8.156028369
Dalrd3,0.175739946,23.75886525
Kif5a,0.175682183,41.84397163
Mbnl2,0.175601926,55.67375887
Rev1,0.175521669,39.0070922
Zfp286os,0.175392427,1.063829787
Arhgap9,0.175345931,0.354609929
Cntnap5b,0.174719101,67.0212766
RP23-240M8.2,0.174536899,4.609929078
Rps6kb1,0.174317817,37.58865248
Plk3,0.17431276,4.255319149
Gne,0.174250498,7.80141844
Tbl1xr1,0.174231485,19.5035461
Flt3l,0.174160423,8.865248227
Itch,0.174077047,47.5177305
Spred1,0.174038002,19.14893617
Nespas,0.173995906,3.90070922
Pdzd11,0.173802584,6.737588652
Pced1b,0.173675762,35.10638298
Mum1l1,0.173659278,5.673758865
Mink1,0.173645715,15.60283688
Gm13481,0.173554228,8.865248227
Sipa1l2,0.173450656,7.80141844
Akap11,0.173391251,33.33333333
Gcn1l1,0.173371483,19.5035461
Samm50,0.172967966,12.05673759
Ccdc34os,0.172844443,1.418439716
Dctn4,0.172792937,31.91489362
F630040K05Rik,0.172751451,1.063829787
Ehbp1l1,0.1724173,6.382978723
Ppfia2,0.171990369,83.33333333
Maged2,0.171989614,12.05673759
Rbm5,0.171829856,50.70921986
Slc25a12,0.171749599,39.36170213
Kcnt2,0.171669342,45.03546099
Postn,0.171660928,0.709219858
Dld,0.171645567,16.66666667
Pcmtd1,0.171508828,37.23404255
Pabpc1,0.171474118,17.0212766
Sept2,0.171428571,31.20567376
Zfp444,0.171266153,20.21276596
Lgals8,0.171018322,15.24822695
Avl9,0.170966536,15.24822695
Srsf11,0.17094703,48.93617021
Bdh1,0.170921975,11.70212766
Usp9x,0.170866774,47.87234043
Gm17484,0.170272072,7.446808511
Dock4,0.170224719,68.43971631
Gjc1,0.170147671,1.418439716
Fbxl20,0.169903692,36.87943262
Cask,0.169823435,49.29078014
Tmem117,0.169341894,49.29078014
Dync1i1,0.169261637,61.34751773
Nacc1,0.16918982,7.092198582
Tnip1,0.169147984,6.737588652
Rbfox2,0.169101124,54.60992908
Zdhhc24,0.169073978,2.836879433
Gpi1,0.16894061,34.39716312
Dlg2,0.168860353,98.58156028
Stx5a,0.168780096,34.75177305
Hjurp,0.168697606,17.0212766
Plcl2,0.168624738,29.43262411
Sh2b2,0.168603262,7.446808511
Nsmf,0.168518441,17.0212766
Pcca,0.168378812,43.97163121
Tmem8c,0.168325026,0.354609929
Nktr,0.168298555,59.57446809
Banf2,0.16828542,15.24822695
Pcdh17,0.168218299,42.55319149
Socs5,0.168084515,13.82978723
Amd1,0.168072792,15.60283688
Arhgap17,0.167915004,12.05673759
Deptor,0.1678777,17.0212766
Chchd6,0.167714887,27.65957447
Arpc1a,0.167602318,21.27659574
Med13,0.167146653,33.68794326
Sgsm1,0.166613162,35.10638298
Tmem68,0.166412487,11.70212766
Tmem120a,0.16626905,5.319148936
Dnah1,0.16626373,7.80141844
Lca5,0.16619536,8.865248227
Ciapin1,0.166114775,16.66666667
2310022A10Rik,0.165888027,8.865248227
Cd276,0.165879522,4.255319149
Azin1,0.16587256,14.18439716
Cit,0.165730337,57.80141844
Snapin,0.165571827,7.80141844
Pds5b,0.165489567,41.13475177
Dirc2,0.165408226,12.76595745
Pi4ka,0.165248796,62.05673759
Nek4,0.165074523,8.156028369
Lrfn2,0.165060304,26.59574468
Usp32,0.164927769,50
Atcay,0.164918443,29.43262411
Mynn,0.164684141,12.41134752
Vps45,0.164664373,14.53900709
Smurf2,0.164526485,36.5248227
Samd4,0.164285714,39.36170213
Gm26854,0.164224074,3.191489362
Hcn1,0.164044944,69.14893617
Scn9a,0.163964687,52.4822695
PISD,0.163804173,78.0141844
Inhbc,0.163768412,1.063829787
Dcaf12,0.163760466,14.89361702
Gsta2,0.163740515,1.418439716
Ascc3,0.16364366,43.26241135
Gm10118,0.163517334,0.709219858
Kcnma1,0.163402889,81.56028369
Anapc10,0.163177421,20.56737589
Gfra1,0.163043934,15.95744681
RP23-466J17.3,0.162866278,4.255319149
Resp18,0.162760835,60.63829787
Lsamp,0.162680578,100
Malt1,0.162625147,10.9929078
Hibadh,0.162593261,19.14893617
Kdm5b,0.162520064,36.5248227
Gm20532,0.162438625,1.418439716
Wipi2,0.162040001,15.60283688
Arid4b,0.162038523,54.60992908
Ehhadh,0.161850721,9.574468085
Gpcpd1,0.161797753,42.19858156
2010007H06Rik,0.161750484,0.354609929
Abcf1,0.161692933,13.82978723
Tra2a,0.161637239,62.05673759
Wbscr22,0.161605287,10.9929078
2310033P09Rik,0.161190474,12.41134752
Zwint,0.161155698,56.38297872
Snx2,0.161106999,15.60283688
Atp6v1e1,0.16106871,19.5035461
Peak1,0.160834671,29.43262411
Ablim1,0.160674157,52.12765957
Gm805,0.16049509,2.127659574
Epc1,0.160480674,31.20567376
Slc2a3,0.160386592,27.30496454
Nf1,0.16035313,64.53900709
Wdr45b,0.160202139,17.73049645
Dync1i2,0.160032103,46.80851064
9230110C19Rik,0.160018475,10.9929078
Aff4,0.159951846,54.25531915
Lnp,0.159711075,33.33333333
Gm26790,0.159630819,29.07801418
Slbp,0.159624908,14.18439716
Elp6,0.159494802,11.34751773
Maged1,0.159470305,49.29078014
Ank3,0.159069021,93.61702128
Arl4a,0.159052864,5.319148936
Cables2,0.158839744,4.255319149
Gsk3b,0.158747994,54.25531915
Timmdc1,0.158552606,21.9858156
Ythdf3,0.158531195,24.11347518
Snap47,0.158411532,25.17730496
Nfix,0.158135625,3.546099291
Sirt7,0.158105939,25.88652482
Rbms1,0.157945425,57.44680851
Elavl3,0.157784912,62.76595745
Pcnx,0.157624398,30.85106383
Myo1f,0.157572543,3.546099291
Rhoc,0.157240366,1.773049645
Acat1,0.1570626,38.29787234
Arpc2,0.156982343,26.59574468
Tmem216,0.156974824,13.82978723
Ldhd,0.156967599,7.446808511
Wbp11,0.156557481,10.9929078
Gdpd1,0.156415883,26.24113475
Gm44040,0.156403437,0.709219858
Pou2f1,0.155778491,33.33333333
Lncpint,0.15529695,66.31205674
Zfp369,0.155291204,11.34751773
Btf3l4,0.155238137,8.510638298
Maea,0.155228318,11.34751773
Ms4a14,0.155092248,1.063829787
Mapk3,0.155054308,8.156028369
C2cd3,0.154909984,21.27659574
Tnnc1,0.154859768,1.773049645
Tcp11,0.154459902,1.418439716
Flcn,0.154442169,7.80141844
Xpc,0.15436513,10.28368794
Mapkapk2,0.15434615,8.156028369
Srgap3,0.154333868,55.67375887
Irs2,0.154271705,6.382978723
Rap2b,0.154050736,2.836879433
Sh2d3c,0.154020591,9.219858156
L1cam,0.153857319,21.27659574
Epb41l4b,0.153852327,35.81560284
Mblac2,0.153772071,35.81560284
Prmt7,0.153749412,17.0212766
Gm28876,0.153669469,1.418439716
Nufip1,0.153665182,8.156028369
Arl2bp,0.153604201,14.18439716
Dhrs7b,0.153487921,10.63829787
Sox2,0.153436989,2.127659574
Hormad1,0.153390492,1.418439716
1700028P14Rik,0.153334697,2.127659574
Trim35,0.15329053,30.4964539
Susd1,0.153184265,10.9929078
Ppp1r9a,0.153049759,59.92907801
Ntn4,0.152901691,10.63829787
Ankrd42,0.152893285,17.0212766
Adpgk,0.152892529,6.382978723
Fermt2,0.152889246,26.24113475
Ap3b2,0.152808989,31.56028369
Larp1,0.152595737,18.08510638
Gm26699,0.152407705,51.06382979
Sik2,0.152327448,40.42553191
Eml2,0.152166934,34.75177305
Atp1a1,0.152164044,29.07801418
Fip1l1,0.15204054,24.82269504
Gmcl1,0.151926164,35.81560284
2610507B11Rik,0.151889024,19.85815603
Eftud1,0.151816352,14.53900709
Skap2,0.151444623,30.14184397
Ccar1,0.151364366,42.19858156
Trmt13,0.15135458,17.37588652
Pgap1,0.151325453,25.88652482
Caprin1,0.151203852,32.26950355
Phkb,0.151123596,38.29787234
Tulp4,0.151043339,53.19148936
Sec61a2,0.150802568,41.84397163
Grin2b,0.150722311,66.66666667
4933406I18Rik,0.150642055,42.90780142
Zfp763,0.150584686,8.510638298
Wsb1,0.150321027,36.17021277
Cacna1b,0.15024077,57.09219858
Creb3,0.14986336,8.156028369
Ccser2,0.149839486,29.43262411
2810001G20Rik,0.149786321,4.609929078
Kdm4c,0.14975923,51.77304965
Ano6,0.149598716,31.91489362
Ptpn12,0.149357945,39.71631206
Trpc5os,0.148908273,1.063829787
Col6a4,0.148629296,1.063829787
Fdx1l,0.148572814,6.737588652
Lpgat1,0.148314607,32.9787234
Rfwd3,0.148297432,10.63829787
Slc38a1,0.148154093,33.33333333
Doc2g,0.148034147,1.418439716
Fam76a,0.14802737,18.79432624
H13,0.147752809,25.53191489
Nedd4,0.147592295,51.41843972
Gipc2,0.147555,7.80141844
Cpsf4,0.147528326,8.510638298
Ap1s1,0.147314253,11.70212766
Ppil2,0.147271268,28.36879433
Inafm1,0.147152952,7.446808511
Dhx35,0.147022846,6.028368794
Rrp12,0.146662906,3.90070922
Pdik1l,0.146562223,5.673758865
Sipa1l3,0.146388443,26.24113475
Ust,0.146314951,17.73049645
Rqcd1,0.146275414,10.9929078
Far1,0.146147673,28.72340426
Cfap43,0.146128814,3.90070922
Mapk8ip3,0.145987159,36.5248227
Atxn10,0.145906902,45.74468085
Slc4a1ap,0.145780836,15.60283688
1810044D09Rik,0.145662848,1.063829787
Rmdn3,0.145607482,9.574468085
Bcl2,0.145585875,28.0141844
Lmnb1,0.145457411,10.9929078
Ahsa1,0.145360079,16.66666667
Phlpp1,0.145345104,38.29787234
4933411O13Rik,0.145253682,1.773049645
Wdr34,0.145250399,18.08510638
Ralyl,0.145184591,53.90070922
Gys1,0.145153394,20.56737589
Rnf14,0.145079245,27.65957447
9230113P08Rik,0.1450491,0.709219858
Tomm40l,0.144875221,5.673758865
Gm15800,0.144863563,45.39007092
Cdk8,0.144783307,29.43262411
Atp6v0e,0.144490947,11.34751773
Sh3rf3,0.144472098,20.21276596
6330403K07Rik,0.144462279,38.65248227
Herc4,0.144301766,28.36879433
Zfp335os,0.144153829,12.05673759
5430403G16Rik,0.144131006,5.319148936
Khdrbs1,0.143900482,25.53191489
Lmod1,0.143886698,1.418439716
Creb3l1,0.143663517,0.709219858
Tmem181a,0.143659711,40.78014184
Rngtt,0.143579454,34.04255319
Srek1ip1,0.143225983,10.28368794
Tgm5,0.143105565,1.063829787
Asphd1,0.143097651,8.510638298
Ppp1r10,0.142978579,20.21276596
Ccdc59,0.142882593,9.929078014
Bbip1,0.142857143,24.11347518
Cep295,0.142830938,14.89361702
Rlf,0.142776886,39.0070922
Cs,0.142696629,24.82269504
Smarca4,0.142295345,31.56028369
Ppp2r2a,0.142134831,28.36879433
Fbxl21,0.142082651,3.90070922
Lrp1b,0.141894061,98.58156028
Idh1,0.141788289,8.865248227
Gm20388,0.141653291,90.07092199
Igf2bp3,0.141573034,50.35460993
Mier2,0.141527257,8.865248227
Lyrm4,0.14141252,39.36170213
Cyp51,0.141401946,14.18439716
Ccdc30,0.14117175,32.26950355
Ssna1,0.141142359,11.34751773
Prkcd,0.141059738,4.609929078
Gramd1a,0.140930979,29.07801418
Atg4b,0.140846223,18.79432624
Ostc,0.140798969,10.9929078
Scn2a1,0.140770465,62.76595745
Cdk12,0.140609952,42.19858156
Mup2,0.14060162,0.354609929
Reep4,0.14056688,1.773049645
Pdhx,0.140360512,19.14893617
Rras2,0.140339496,7.092198582
Eif2s3y,0.140208668,32.62411348
Aph1c,0.140020406,6.028368794
Abcd3,0.139981262,19.85815603
3300002A11Rik,0.139930921,16.31205674
Exoc6b,0.13988764,64.18439716
Arpc3,0.139752412,9.929078014
Ofcc1,0.139729951,1.418439716
Zfp804a,0.139727127,62.41134752
Baz2b,0.139566613,59.92907801
Rasal2,0.1394061,54.60992908
Phf14,0.139325843,47.87234043
Fam111a,0.139261381,10.9929078
March2,0.139245586,18.08510638
RP23-114E15.17,0.139218494,2.836879433
Gabra1,0.139123198,23.04964539
Pld6,0.139116203,2.836879433
Bcs1l,0.139009347,12.76595745
Msto1,0.138637519,6.028368794
Cflar,0.138528003,5.319148936
Ctnnd2,0.138362761,89.71631206
Slc6a17,0.138202247,25.88652482
Akap12,0.13812199,26.59574468
Ccdc28a,0.137903123,13.4751773
Aloxe3,0.137888707,2.836879433
Eif4a2,0.13788122,26.95035461
Eci2,0.137797154,6.737588652
Tada2a,0.137663305,21.9858156
Pld3,0.137640449,29.78723404
Ptprf,0.137382636,23.04964539
Cdh2,0.137319422,54.60992908
Dnttip1,0.137257522,18.79432624
Atxn2,0.137239165,45.03546099
Lrig2,0.137078652,41.13475177
Nbea,0.136677368,86.5248227
Basp1,0.136521681,29.07801418
Cbfa2t2,0.136516854,37.58865248
Mamld1,0.136482439,18.79432624
R3hcc1l,0.136461718,17.37588652
Camta1,0.136436597,72.69503546
Pms2,0.136159212,9.219858156
Eml6,0.13611557,73.04964539
Gng4,0.135896735,7.092198582
Ago3,0.135874799,51.41843972
Xpr1,0.135714286,37.58865248
Gm26787,0.135681053,7.092198582
Gm17210,0.135638298,0.709219858
Srrm1,0.135634029,43.97163121
Thoc5,0.135625392,10.28368794
Pacsin1,0.135553772,55.31914894
Celf6,0.135473515,24.82269504
Scai,0.135393258,43.61702128
Rcan1,0.135370469,10.63829787
Zfand1,0.135352637,7.80141844
Sec24b,0.135232745,39.71631206
Tnpo3,0.135152488,31.20567376
Tcp11l1,0.135072231,35.10638298
Dnaic1,0.134928038,4.609929078
Car8,0.134819967,2.482269504
Nudt4,0.134675183,9.219858156
Wnk1,0.134510433,47.5177305
Stox2,0.134430177,47.5177305
Xkr6,0.134189406,57.44680851
Safb2,0.134028892,28.36879433
Fstl3,0.133797054,2.482269504
Spx,0.133752492,2.482269504
Zfp825,0.13374622,4.255319149
Mbd5,0.133707865,74.11347518
Hk1,0.133547352,29.43262411
Pde4d,0.133467095,96.09929078
Acer3,0.133306581,36.17021277
Zfp110,0.133244714,9.574468085
Pias1,0.132905297,41.84397163
Rpl6,0.13276603,19.5035461
Rbm6,0.132744783,65.60283688
Rcc2,0.132681143,8.156028369
Synpo,0.132671849,2.482269504
Ankrd12,0.132664526,53.54609929
Tro,0.132423756,21.63120567
Spast,0.132073141,23.75886525
Ddx3x,0.132061582,12.76595745
Slc2a6,0.131975874,6.737588652
D430036J16Rik,0.13195581,1.418439716
Rmdn1,0.131861958,44.32624113
Ppp2cb,0.131767581,8.510638298
4921511C10Rik,0.131701445,25.17730496
Xpo6,0.131621188,29.07801418
Crybg3,0.131436472,3.546099291
Hint3,0.131260459,13.12056738
Rassf5,0.131127497,5.673758865
Stxbp5l,0.13105939,70.92198582
Elmod3,0.130932897,5.319148936
Gnl3,0.130928168,13.12056738
5330417C22Rik,0.130898876,37.58865248
Lrrc16a,0.13081862,41.84397163
Cmtm3,0.130728314,2.127659574
Gm10399,0.130635322,0.354609929
Cnot4,0.130577849,53.19148936
Ispd,0.130417335,34.39716312
Uba6,0.130337079,26.59574468
Slc35c2,0.130331989,6.737588652
Plec,0.130096308,18.08510638
Smox,0.129728059,7.092198582
Drd1,0.129705401,0.709219858
Traf3,0.129695024,39.71631206
Epb41l1,0.12953451,49.29078014
Alkbh3,0.129494842,6.028368794
Trio,0.129454254,46.80851064
Nckipsd,0.129425356,6.028368794
Cog8,0.129399808,3.90070922
1700030J22Rik,0.129296236,2.836879433
Map3k2,0.12929374,28.36879433
Dpp6,0.129213483,86.87943262
Shf,0.129178018,3.90070922
Luc7l2,0.129133226,79.07801418
Cspp1,0.128812199,52.4822695
Ptprs,0.128731942,55.67375887
Ttc27,0.128651685,14.53900709
Pde3b,0.128571429,23.04964539
6330408A02Rik,0.128375614,3.546099291
Zfp239,0.128346125,15.95744681
Cep68,0.128297721,15.24822695
Svop,0.128089888,38.65248227
Arl3,0.128009631,37.58865248
Gm5113,0.127994346,2.127659574
Slc25a10,0.127864157,3.546099291
Phf20,0.127849117,33.68794326
Myo5a,0.127688604,46.80851064
Psmb7,0.127631695,14.53900709
Tram1,0.127628312,14.89361702
Cep164,0.127608347,23.04964539
Dst,0.12752809,71.9858156
Fgd6,0.127454992,2.482269504
Prpf19,0.127447833,18.79432624
Mdm4,0.127287319,31.56028369
Wdfy1,0.127278158,17.73049645
Gm20479,0.127213212,2.836879433
Klf13,0.126858221,16.66666667
Nap1l5,0.126725522,46.45390071
Rnf144a,0.12670306,9.219858156
Ipo8,0.126484751,27.30496454
Snrnp27,0.126453423,12.76595745
Mical2,0.126410307,13.12056738
Nlk,0.126404494,57.09219858
Slc1a4,0.126346469,13.4751773
Mtmr7,0.126324238,21.9858156
Cdkl2,0.126284208,15.60283688
Ino80d,0.126163724,27.30496454
Mospd3,0.126136895,10.28368794
Chm,0.12600321,35.81560284
Spag9,0.125922953,57.80141844
Bnip1,0.125802371,7.80141844
Ube2d2a,0.125601926,30.4964539
Kctd17,0.12559515,2.482269504
Rnf182,0.125393042,12.41134752
Cyb561d2,0.12537104,3.546099291
Rtn3,0.125361156,74.11347518
Lims1,0.125200642,38.65248227
Sec24a,0.125120385,30.14184397
Gm14851,0.125102291,0.354609929
Gm12709,0.124879615,40.07092199
Slc38a9,0.124719101,31.91489362
Hook2,0.124478331,24.11347518
Rictor,0.12423756,23.75886525
Gm20757,0.124181669,1.773049645
Trmt2a,0.124066932,12.41134752
Rere,0.12399679,77.30496454
AW209491,0.123932492,10.28368794
Prr14l,0.123836276,26.59574468
Sugp2,0.123756019,25.88652482
Psmf1,0.123731785,7.092198582
Gm19412,0.123567921,3.546099291
Zfp28,0.12346563,4.964539007
Scfd1,0.123434992,49.64539007
Spink10,0.123354735,24.82269504
Pnck,0.123194222,24.82269504
Rbm4b,0.122953451,54.60992908
Rab18,0.122935948,10.63829787
Jup,0.122851882,3.546099291
Clta,0.122792937,19.5035461
St3gal4,0.122744205,20.92198582
Dhx30,0.122552167,47.87234043
Snx1,0.12247191,22.34042553
Ccdc13,0.122442717,2.127659574
C030034L19Rik,0.122238134,1.063829787
Snhg11,0.12223114,99.64539007
Psmc6,0.122224112,11.70212766
Lrrc40,0.122118767,10.9929078
Cyb5r1,0.121970009,3.546099291
Ankrd27,0.121933625,8.510638298
Snx12,0.121849,18.43971631
Kif1b,0.121829856,70.21276596
Dhtkd1,0.121613385,12.76595745
Golgb1,0.121589085,34.04255319
Ppfia3,0.121428571,29.78723404
Npepps,0.121348315,50.35460993
Magi3,0.121268058,47.5177305
Odf2l,0.121192004,14.18439716
Apba1,0.121187801,54.60992908
Gm10654,0.121122229,1.418439716
Cfap70,0.12111293,4.609929078
Atf6,0.121027287,22.69503546
Cast,0.120978884,15.24822695
St18,0.120935997,10.63829787
Prkar1a,0.120903126,22.34042553
Nmt2,0.120866774,32.9787234
Uty,0.12070626,45.39007092
Vmac,0.120703764,3.191489362
Large,0.120626003,71.9858156
Nfkbiz,0.120621433,3.191489362
Zfp207,0.12046549,40.42553191
Wdr33,0.120304976,45.74468085
Fam222b,0.119983949,35.81560284
Rabggta,0.119850198,4.964539007
Ncor1,0.119823435,58.86524823
Dclk2,0.119662921,43.97163121
Prpsap2,0.119570317,11.34751773
Col8a1,0.119505987,8.156028369
Rabgap1l,0.119341894,69.85815603
Tmc6,0.119280985,0.709219858
Itpkc,0.119271686,2.482269504
Pkp4,0.119261637,43.61702128
Ap2b1,0.118218299,36.87943262
Plekhg5,0.118212059,8.510638298
Vps13d,0.118057785,40.42553191
Ntmt1,0.117969975,18.08510638
Tln2,0.117736758,36.5248227
Trove2,0.117576244,23.04964539
Cpsf4l,0.117525476,8.156028369
Zswim6,0.117495987,33.33333333
Gps2,0.11741573,21.63120567
Abca9,0.117290954,1.418439716
Map6,0.11717496,39.0070922
Daam1,0.117094703,31.91489362
Fam98c,0.117041505,9.929078014
Fbxl2,0.116934189,33.33333333
Srr,0.116853933,31.56028369
Rnasel,0.116816694,4.255319149
Cklf,0.116724484,13.4751773
Gm11520,0.11649918,7.092198582
Stx18,0.116372392,20.21276596
Usp4,0.116292135,23.40425532
Nipbl,0.116131621,46.09929078
Zfp770,0.116100655,3.90070922
4930590L20Rik,0.115969827,24.11347518
Klhl23,0.115725576,6.737588652
Lrrc8c,0.11572505,13.82978723
Urgcp,0.11565008,41.13475177
Clip1,0.115489567,45.03546099
Ssbp4,0.115312174,19.85815603
C030039L03Rik,0.115268007,6.028368794
Tbc1d22b,0.114862322,13.4751773
Pbrm1,0.114686998,39.0070922
Setd5,0.114446228,55.67375887
Dnajc5,0.114365971,29.78723404
Tbxas1,0.114361702,3.546099291
Ubr5,0.114285714,40.42553191
Snrnp70,0.114205457,74.46808511
Gnpda1,0.114157119,3.191489362
Nckap5l,0.114142769,10.63829787
Serac1,0.11410819,10.28368794
Gm13031,0.114008332,1.063829787
Mast2,0.113964687,53.54609929
Taco1,0.113841708,5.319148936
Gm16189,0.113753701,10.28368794
Ppp1r12a,0.113723917,37.58865248
Pak7,0.11364366,46.80851064
Mus81,0.113309169,5.319148936
Rc3h2,0.113242376,34.04255319
Rap2c,0.113236498,3.90070922
Zdhhc13,0.113131415,13.12056738
Scpep1,0.113037826,10.63829787
Igsf10,0.112929624,1.773049645
Tmx4,0.112921348,41.84397163
Ccnl2,0.112841091,31.91489362
Gm28694,0.112706442,0.709219858
Adgra2,0.11261345,2.127659574
Stk3,0.112600321,31.91489362
Edem2,0.112339322,8.510638298
Aprt,0.112254566,6.737588652
Tmem259,0.112251972,10.9929078
Glud1,0.112199037,26.95035461
AF529169,0.112141176,8.865248227
Kif22,0.112111293,3.90070922
Lrrc2,0.112074941,2.836879433
Olfm2,0.11187801,22.69503546
Mmp2,0.111804419,1.063829787
Ttll11,0.111717496,32.26950355
Abo,0.111376655,2.127659574
Kdm5a,0.111316212,29.78723404
Blm,0.111312862,6.737588652
A930015D03Rik,0.111155698,52.4822695
Fry,0.111075441,63.82978723
Add2,0.110834671,34.39716312
Arhgap19,0.11073501,0.709219858
Srsf7,0.110674157,32.26950355
Sptssa,0.110522543,6.737588652
Pold4,0.110334379,5.319148936
3632451O06Rik,0.110272873,18.43971631
Tmem51,0.110270049,1.418439716
Sorbs1,0.110032103,33.33333333
4930527B05Rik,0.109963175,4.255319149
Flywch1,0.109871589,18.43971631
Chd9,0.109791332,72.69503546
Golph3,0.10974572,5.319148936
Acyp2,0.109711075,41.84397163
Dpm2,0.109691471,15.60283688
Hs1bp3,0.109676727,3.90070922
Rchy1,0.109550562,26.95035461
Tmem55a,0.109470305,23.04964539
Pik3cb,0.109390048,11.34751773
Rpf2,0.109367751,5.319148936
Rtkn,0.109149278,17.0212766
Fmnl3,0.108940262,1.773049645
Stxbp1,0.108747994,42.90780142
Gm26848,0.108667737,71.27659574
Tango2,0.108346709,42.55319149
Phykpl,0.108251216,8.510638298
Rasal1,0.108233522,2.127659574
Chd8,0.108186196,36.5248227
Hspa4,0.108105939,19.5035461
Hecw1,0.107865169,58.15602837
Rspo1,0.107712766,2.127659574
Tex264,0.107704359,13.12056738
Dennd6a,0.107544141,34.04255319
Ak2,0.107468252,12.41134752
Dnm2,0.107463884,34.75177305
Capn1,0.107391954,4.964539007
Rgs13,0.107108317,0.354609929
Nme6,0.107035804,8.510638298
Phc1,0.107010059,7.446808511
Cav2,0.106996727,2.836879433
Ankrd13a,0.106982343,21.63120567
Lrrfip1,0.106902087,29.43262411
Kcnip2,0.106546382,9.929078014
Ano10,0.106396114,12.41134752
Foxn2,0.106191564,7.092198582
Vps13b,0.106179775,62.41134752
Lyzl4,0.106178396,0.709219858
Kpna6,0.106088452,11.34751773
Vegfc,0.106076105,3.546099291
Cenpc1,0.106019262,34.39716312
Isoc2a,0.105973813,4.255319149
Simc1,0.105939005,32.9787234
Gm43634,0.105834325,1.063829787
Zfand3,0.105617978,38.65248227
Sugct,0.105562678,11.70212766
Kpna4,0.105537721,21.9858156
Nkain1,0.105503503,9.219858156
4930426D05Rik,0.105462357,3.90070922
Senp5,0.10529695,31.20567376
Ndufs2,0.105260795,12.41134752
Scg2,0.105216693,43.61702128
Ctcfl,0.105155483,0.354609929
Ralgps1,0.105136437,45.74468085
Zfp609,0.10505618,42.55319149
Polr1a,0.105039629,11.70212766
Nrxn2,0.104975923,45.39007092
Rc3h1,0.104895666,33.68794326
Ufd1l,0.104815409,20.21276596
Mpc2,0.104654896,20.56737589
Wdpcp,0.104574639,20.56737589
Raver1,0.104407722,12.41134752
Bbs5,0.104298009,17.73049645
Msh5,0.104158939,3.191489362
Anapc4,0.104093098,17.37588652
Ncald,0.103451043,37.23404255
Mal2,0.103414921,4.964539007
Ddx5,0.103210273,40.07092199
Cops3,0.103076785,17.0212766
Mast1,0.103049759,26.24113475
Rsf1,0.102969502,41.84397163
Kirrel,0.102905074,6.028368794
Gabarapl2,0.102889246,38.65248227
Dclk1,0.102808989,74.46808511
Prr22,0.102700491,1.418439716
Gigyf2,0.102648475,42.19858156
Srgap2,0.102568218,53.90070922
Fam171b,0.102407705,28.36879433
Rubcn,0.102371517,18.79432624
Supt7l,0.102254153,5.319148936
Vamp4,0.102086677,28.36879433
Stx17,0.102060177,10.9929078
1810022K09Rik,0.102006421,27.30496454
Setdb1,0.101926164,25.53191489
Mllt4,0.101845907,34.75177305
Nipa2,0.101731104,14.18439716
Calhm2,0.101677578,2.127659574
Tia1,0.10152488,40.78014184
Pim2,0.101512992,12.41134752
Hddc2,0.101220797,8.156028369
Ccni,0.101115879,19.5035461
Nt5c3b,0.10106268,8.156028369
Arf3,0.101043339,20.56737589
Amn1,0.100963082,28.36879433
Slc16a1,0.100911821,5.673758865
Pum2,0.100882825,24.11347518
2700097O09Rik,0.100802568,19.14893617
Ghr,0.100642055,43.26241135
Fcho1,0.100578381,16.66666667
Dag1,0.100561798,28.0141844
Gm27246,0.100552373,0.709219858
Inpp5k,0.100481541,15.24822695
Csmd1,0.100401284,94.68085106
Catsperg2,0.100143208,0.354609929
Aig1,0.100080257,53.19148936
Tbl1x,0.1,37.94326241
Gm21739,0.099985121,0.354609929
Unc5cl,0.099938625,2.482269504
Scml4,0.099919743,18.79432624
Uncx,0.099734043,3.546099291
Sdc2,0.099598716,21.63120567
Supt20,0.099357945,25.88652482
Faf1,0.099277689,52.12765957
Mapk8,0.099197432,32.9787234
Arrdc1,0.099112216,10.63829787
Msantd2,0.098876404,22.34042553
Sptlc2,0.098796148,17.73049645
Ggps1,0.098635634,25.53191489
Uspl1,0.098622827,4.609929078
B3gat2,0.098404255,6.382978723
Mfhas1,0.098394864,18.43971631
Pik3c2a,0.09823435,34.75177305
Cd200r1,0.098097381,0.354609929
Trmt10a,0.098076299,4.964539007
Lyst,0.098073836,30.14184397
Tpd52,0.098050357,15.60283688
Rab11fip2,0.097993579,24.82269504
Strn3,0.097833066,56.38297872
Diaph1,0.097752809,15.95744681
Gnai3,0.097703453,14.18439716
Mta3,0.097672552,24.46808511
Dscaml1,0.097592295,29.78723404
Sh3rf1,0.097512039,34.04255319
C630028M04Rik,0.097381342,2.127659574
Bmpr2,0.097351525,37.94326241
a,0.097271268,14.18439716
Tet2,0.097110754,23.40425532
Vps54,0.096950241,28.36879433
Gm16223,0.096767594,3.546099291
Jak1,0.09670947,20.21276596
1600002H07Rik,0.096563011,2.836879433
Smg5,0.0964687,22.69503546
Defa-rs1,0.096395626,0.354609929
Syngr3,0.096227929,28.72340426
Zfp961,0.096147673,18.79432624
Zfr,0.095826645,55.67375887
Hook3,0.095746388,40.07092199
Pcdh10,0.095666132,22.34042553
Dusp18,0.095549397,1.773049645
Cgref1,0.095463683,8.865248227
Hpca,0.095130933,2.482269504
Sytl2,0.095104334,9.219858156
E4f1,0.095084073,11.70212766
Arhgdia,0.094959451,11.70212766
Sort1,0.09494382,21.63120567
Manbal,0.094629393,14.53900709
1110002L01Rik,0.09462831,8.865248227
Med13l,0.094622793,29.07801418
Mms19,0.094473543,16.31205674
Ccdc85a,0.094462279,67.37588652
1810019N24Rik,0.094414894,2.127659574
Gm26652,0.094312602,3.191489362
Hnrnpc,0.094141252,29.78723404
Crkl,0.094062965,7.446808511
Ipo5,0.094037384,7.80141844
Rdh11,0.093903437,4.255319149
Mllt10,0.093739968,63.4751773
Gm4924,0.093698854,4.255319149
Lmbr1l,0.093581589,8.865248227
Mpdz,0.093579454,23.75886525
Ybx1,0.093418941,18.08510638
Ptges,0.09339198,3.90070922
Fam124a,0.093133182,8.510638298
Rnf20,0.092946759,10.9929078
Ep300,0.0929374,33.33333333
Ccl25,0.092776886,19.14893617
Abhd18,0.092375602,40.78014184
Pla2g10,0.092369067,2.127659574
Htt,0.092295345,33.33333333
Gm26606,0.092257088,13.12056738
4930533B01Rik,0.092248177,0.709219858
Capza2,0.092044296,10.63829787
Adamts9,0.0919785,3.191489362
Prr14,0.091894061,25.17730496
Mov10,0.09185761,6.737588652
Ythdf2,0.09179548,11.70212766
Aff3,0.091653291,54.25531915
Parn,0.091573034,18.79432624
Dedd,0.09154187,5.319148936
Sdccag3,0.091492777,18.08510638
Gm26692,0.091448445,1.063829787
Anxa7,0.090930979,20.92198582
Pi4k2b,0.090834697,1.773049645
Mrps17,0.090755688,10.9929078
Ppp2r5c,0.090690209,36.17021277
Gm19705,0.090323241,4.255319149
Xpot,0.090300681,10.63829787
Prpf6,0.090208668,30.85106383
Trim41,0.090071831,10.28368794
Tnik,0.090048154,63.82978723
Rap1gds1,0.089967897,31.56028369
Trim25,0.089914075,2.127659574
Map2k2,0.08988764,24.46808511
Meig1,0.089811784,1.418439716
Slc25a27,0.089807384,27.65957447
Ptprn2,0.08964687,76.24113475
Cwc22,0.08955778,11.34751773
Atl1,0.089486356,27.30496454
Psmd6,0.089466292,7.446808511
Gm21092,0.089245586,74.11347518
Nmb,0.089198036,3.191489362
Erlec1,0.089085072,20.56737589
Ccdc3,0.089021351,1.063829787
Zc3h7b,0.089004815,21.27659574
4932438A13Rik,0.088924559,47.5177305
Usp47,0.088764045,32.9787234
Kcnc2,0.088603531,73.40425532
Picalm,0.088362761,25.88652482
Vcpip1,0.08812199,16.31205674
Nhs,0.088041734,53.54609929
Slc38a2,0.087961477,21.9858156
Usp19,0.087950706,15.60283688
Hcfc1r1,0.087846181,9.929078014
Zfp583,0.087663666,3.191489362
Ik,0.087606363,14.53900709
Liph,0.087561375,2.482269504
Erc1,0.087479936,48.58156028
Shc4,0.087356792,2.836879433
Ror2,0.087277816,8.156028369
Nisch,0.087239165,34.75177305
Cfap44,0.087208659,6.382978723
Asb3,0.087158909,36.17021277
Mtmr9,0.087152209,5.319148936
Ttpal,0.087143836,6.028368794
Fam169a,0.087078652,21.27659574
Cadps,0.086998395,84.75177305
Hsdl1,0.086865433,7.446808511
Snx24,0.086757624,20.21276596
Mitd1,0.086739662,7.092198582
Sept3,0.086677368,18.79432624
Gas2,0.086436597,21.27659574
Sirt3,0.086276083,15.60283688
Psd,0.08611557,19.85815603
Frmpd1,0.086035313,11.70212766
Zfp560,0.086000931,12.05673759
Gm26608,0.085924714,1.418439716
Sec1,0.085720131,1.773049645
Ccny,0.085714286,34.04255319
Dcdc2a,0.08561784,3.191489362
Ppil3,0.085583721,10.9929078
Baz1a,0.085515548,2.836879433
Celf1,0.085313002,39.71631206
Orc2,0.085232745,29.07801418
Bad,0.085004092,7.092198582
Tiparp,0.0849018,7.80141844
Polr3e,0.084876351,12.41134752
Sp4,0.084831461,17.0212766
Nlgn1,0.084751204,99.64539007
Celsr1,0.084697218,1.063829787
Urm1,0.084547442,9.574468085
2310035C23Rik,0.084510433,42.19858156
Gaa,0.084430177,41.4893617
Midn,0.084390344,3.546099291
C2cd5,0.08434992,40.78014184
Slc2a9,0.084185761,3.90070922
Thra,0.084109149,23.75886525
Tor1aip2,0.084028892,17.0212766
Trim37,0.083788122,31.91489362
Tmem170,0.083776596,2.127659574
Tctex1d2,0.083469722,6.382978723
Stambpl1,0.083467095,16.66666667
Efhc2,0.083392191,7.092198582
Frmpd4,0.083386838,77.65957447
Pias2,0.083306581,31.56028369
Elp2,0.083226324,13.4751773
Arl5c,0.083162848,0.709219858
Ptpn2,0.083146067,19.5035461
Hdgfrp3,0.082905297,25.53191489
Map1lc3a,0.08282504,14.53900709
Shank1,0.082423756,40.78014184
Tmem132d,0.082263242,37.58865248
Cebpg,0.082254113,8.156028369
Wdfy4,0.082242226,2.836879433
Mprip,0.082182986,31.56028369
Rundc1,0.081975218,6.737588652
Map4k5,0.081942215,26.24113475
Pgs1,0.081865045,6.737588652
Dcaf5,0.081621188,29.78723404
9330111N05Rik,0.081533247,5.673758865
Mdn1,0.081460674,31.56028369
Rnf166,0.081452826,10.28368794
Zfp94,0.081343474,5.673758865
Emc9,0.081219904,14.53900709
Cab39l,0.08105939,33.33333333
Phf7,0.080912439,4.964539007
Peg3,0.080658106,45.39007092
Mvk,0.080503273,4.609929078
Cltc,0.080497592,34.39716312
RP23-32A8.5,0.080475919,10.28368794
Chst3,0.080159202,1.418439716
Ophn1,0.080096308,31.20567376
4930595D18Rik,0.080094108,3.191489362
Hecw2,0.079935795,52.4822695
Fam69a,0.079855538,25.88652482
Slc35e4,0.079787234,3.191489362
Sh2d6,0.07948036,1.773049645
Kif5c,0.079454254,39.71631206
A430073D23Rik,0.079378069,3.191489362
Caln1,0.079373997,40.42553191
Rab3d,0.079173486,2.836879433
Pebp4,0.079071195,1.773049645
Mfsd11,0.078972713,20.56737589
Slc8b1,0.078881992,2.836879433
4932443L11Rik,0.078866612,4.255319149
Suv39h1,0.078764321,2.482269504
Pdcd7,0.078559738,4.609929078
E430025E21Rik,0.078550708,9.929078014
Hsd17b12,0.078491172,23.40425532
Rasgef1a,0.078410915,23.04964539
Ubtd2,0.078393084,8.156028369
D430042O09Rik,0.078330658,19.14893617
Srrm2,0.078250401,73.75886525
Spryd3,0.07824784,12.41134752
Ergic2,0.078170144,24.82269504
Vps37a,0.078055309,13.12056738
Akap8l,0.078009631,52.83687943
Cand1,0.077874534,10.9929078
Gm28750,0.077843699,3.191489362
Tulp3,0.077688604,27.30496454
Clca3a1,0.077648415,0.709219858
Slc3a2,0.077608347,21.63120567
Plin5,0.07748103,0.709219858
Lrrc8d,0.077451051,16.31205674
Rsrp1,0.077287319,70.21276596
Lrpprc,0.077207063,20.56737589
Actr1a,0.076966292,21.63120567
Cyb5r3,0.076679088,5.319148936
P4ha1,0.076645265,17.0212766
Hrh2,0.076616203,0.709219858
Fam188b,0.076598175,10.28368794
Nploc4,0.076565008,23.75886525
Trmt10c,0.076513912,3.546099291
Ipcef1,0.07641162,8.156028369
Tbc1d9,0.076243981,18.08510638
Vdac1,0.075962852,16.31205674
A330017A19Rik,0.075922953,18.08510638
Gapvd1,0.075842697,38.65248227
Necap2,0.075797872,6.028368794
Btrc,0.075682183,41.13475177
Gm11099,0.075614799,14.53900709
Tenm4,0.075521669,74.11347518
Rps2,0.075490998,5.319148936
Ept1,0.075367592,13.12056738
Sec23a,0.075361156,24.82269504
Ncoa2,0.075120385,42.55319149
Spink11,0.074867951,0.354609929
Rnf185,0.074719101,15.24822695
Mark2,0.074638844,33.33333333
Stmn2,0.074478331,42.90780142
Dcakd,0.074317817,18.43971631
Ptger3,0.074263502,2.127659574
Gm44151,0.07423756,23.75886525
1190002N15Rik,0.07405892,2.127659574
Wdr37,0.073756019,24.11347518
Zfp213,0.073752046,2.482269504
U2surp,0.073595506,34.75177305
Gm7160,0.073547463,1.418439716
Znrf3,0.073515249,19.14893617
Clybl,0.073274478,20.92198582
Copa,0.073194222,25.88652482
Wif1,0.073036007,2.127659574
Wdr26,0.073033708,24.82269504
Dgat1,0.072953451,24.46808511
Pcyt2,0.072873194,43.97163121
Rad52,0.072552167,10.9929078
Arfgap2,0.07247191,11.34751773
Ctnnal1,0.072391653,17.37588652
Gm11659,0.072311396,20.21276596
Cacna1c,0.07223114,63.4751773
Mier1,0.072150883,20.92198582
Mettl6,0.072115385,4.964539007
Esf1,0.072070626,21.27659574
Pnkp,0.071990369,13.12056738
Hipk3,0.071865091,14.53900709
Kansl3,0.071749599,20.56737589
Dtd1,0.071508828,38.65248227
Lsm11,0.071399345,2.836879433
Yaf2,0.071348315,17.0212766
Ube2q2,0.071268058,18.08510638
Ankrd16,0.071246844,9.574468085
Arhgap32,0.071187801,37.94326241
Pkig,0.071107544,18.79432624
Sept8,0.071027287,17.37588652
Crtc2,0.07099018,5.319148936
Cacnb4,0.07070626,54.25531915
BC031181,0.07046549,20.56737589
Gm4221,0.070404246,5.673758865
A430033K04Rik,0.070319655,9.219858156
C330018D20Rik,0.070274141,4.609929078
Gm28960,0.070269281,13.4751773
Hmgxb3,0.070144462,12.05673759
Nufip2,0.070064205,25.53191489
Soat1,0.070021614,6.737588652
4933416M07Rik,0.069967267,4.964539007
Fam173a,0.069823435,24.82269504
Fam120a,0.069743178,23.75886525
Sik3,0.069582665,58.5106383
Atl2,0.069528646,10.28368794
Rab7,0.069502408,18.08510638
AU040320,0.069422151,26.59574468
Dzip3,0.069261637,39.36170213
Grk5,0.06918138,26.24113475
Ptprt,0.069101124,76.24113475
Parp2,0.069046645,6.737588652
Sik1,0.068944354,1.773049645
Ccnh,0.06894061,19.14893617
Mrps15,0.068897198,12.05673759
Nptn,0.068860353,50.70921986
Ddx55,0.068539326,17.0212766
Gria1,0.068459069,64.53900709
Gm15050,0.068432897,0.709219858
Kat6b,0.068378812,37.23404255
Cdk11b,0.068298555,15.95744681
Gnl3l,0.068218299,20.21276596
Larp4,0.068138042,18.79432624
Npy5r,0.068126023,2.127659574
Osbpl6,0.068057785,54.25531915
Brinp2,0.067977528,20.56737589
RP24-177G14.2,0.067940039,1.773049645
Ago2,0.067897271,20.92198582
Iqsec1,0.067817014,35.10638298
Gm42485,0.067716858,1.773049645
Oaz2,0.067656501,23.04964539
Med15,0.067576244,30.4964539
Hipk2,0.067495987,42.90780142
Med17,0.067352385,9.219858156
Zfp638,0.067335474,46.80851064
Wdr91,0.067307692,5.319148936
Uso1,0.067255217,20.21276596
1600010M07Rik,0.06717496,15.60283688
Rab22a,0.067163729,7.446808511
Shcbp1l,0.06710311,2.482269504
Ikzf2,0.067014446,16.31205674
Rsbn1,0.066934189,19.5035461
Trabd2b,0.066898527,1.418439716
Grap2,0.066693944,0.354609929
Usp24,0.066532905,21.63120567
Sec16a,0.066292135,15.60283688
Hook1,0.066211878,19.14893617
Smc3,0.066131621,25.88652482
Reps2,0.066051364,26.24113475
Irak4,0.065977905,2.836879433
Kif17,0.065890063,13.4751773
Tmc5,0.065736126,0.709219858
Ssh2,0.06565008,68.08510638
Sfxn4,0.065569823,14.53900709
Farsb,0.065489567,23.04964539
Gm14661,0.065479945,6.737588652
Clu,0.065329053,25.53191489
A230050P20Rik,0.065248796,26.59574468
Trp53bp1,0.065088283,32.9787234
Igsf3,0.064970721,18.08510638
Invs,0.064927769,22.69503546
Pan3,0.064847512,53.90070922
Nrbp2,0.064767255,18.79432624
Ckap5,0.064686998,38.29787234
Arhgap5,0.064446228,40.78014184
Ifngr2,0.064443535,7.80141844
Os9,0.064439956,18.08510638
Sh3d19,0.064365971,22.34042553
Ccser1,0.064285714,93.61702128
Cul9,0.06388443,28.0141844
Eif3m,0.063829787,6.028368794
Nek7,0.063804173,13.12056738
Ric3,0.06364366,20.92198582
Oscp1,0.063563403,14.53900709
Efhb,0.063522913,3.191489362
Atp8a1,0.063322632,59.21985816
Gm29328,0.063318331,0.709219858
Btbd7,0.063242376,33.33333333
Cd302,0.063011457,4.609929078
Fbxw11,0.063001605,27.65957447
Ap3m1,0.062841091,17.0212766
Klf6,0.062507389,4.964539007
Pacsin2,0.062439807,14.18439716
Arid4a,0.062359551,26.59574468
Apbb2,0.06211878,50.70921986
Kras,0.062038523,21.27659574
Mtrf1l,0.061988543,3.90070922
Atad2b,0.061958266,43.97163121
Rragd,0.061897811,7.446808511
Tmem234,0.061797753,21.9858156
9930021J03Rik,0.061717496,39.71631206
Gm20708,0.061681669,4.255319149
Mga,0.061637239,28.72340426
Adap1,0.061556982,17.0212766
Kdm5d,0.061476726,20.21276596
Clcn3,0.061396469,35.10638298
Rps6ka3,0.061316212,29.07801418
Pdcd6ip,0.061235955,15.60283688
Brwd1,0.060995185,34.75177305
C230037L18Rik,0.06096852,6.382978723
Zfp462,0.060914928,35.10638298
Brf1,0.060513644,13.4751773
1600014C10Rik,0.060454173,6.028368794
Csnk1g1,0.060433387,45.74468085
Irgm1,0.060416977,1.063829787
Ddx56,0.06038807,3.90070922
Srek1,0.06035313,30.85106383
Kcnip3,0.060351882,8.510638298
Col13a1,0.060203095,0.354609929
Col4a3bp,0.060192616,22.34042553
Glyr1,0.06011236,24.82269504
Fam131a,0.060080047,7.446808511
Uqcrc2,0.059951846,15.60283688
Rasa2,0.059791332,26.59574468
Cox11,0.059573089,9.929078014
Lpp,0.059550562,33.68794326
Xpo7,0.059390048,43.97163121
Erap1,0.059328969,5.319148936
Fam20c,0.059264442,14.18439716
Ccdc148,0.059229535,27.30496454
Wdr35,0.059215874,13.4751773
Fam19a5,0.059149278,24.11347518
Atg14,0.059022095,6.382978723
Plcd3,0.058919804,3.90070922
Irak1,0.058893566,14.89361702
Alas1,0.058817512,7.446808511
B230334C09Rik,0.058507223,15.24822695
Snx21,0.058426966,19.5035461
Sfswap,0.058346709,33.33333333
Baiap2l1,0.058306056,3.191489362
Htr2c,0.058186196,47.87234043
Csnk1a1,0.058105939,42.90780142
Col4a2,0.058025682,14.18439716
Nbeal1,0.057945425,46.09929078
Lamp5,0.057798605,9.929078014
Prr7,0.057487725,4.255319149
Rbm18,0.057300974,9.929078014
Sfxn3,0.057223114,12.76595745
Ppp1r18,0.057208749,1.063829787
Impg2,0.057180851,5.673758865
Fam13b,0.056982343,31.56028369
Txlng,0.05682183,30.4964539
Bst2,0.056734489,0.709219858
Tshr,0.056669394,7.446808511
Taz,0.056581059,33.33333333
Dpy19l3,0.056567103,4.964539007
Rnf13,0.056500803,23.04964539
Usp34,0.056340289,63.4751773
Diras2,0.056260229,2.836879433
Slc25a23,0.056260032,30.14184397
Grip1,0.056179775,76.24113475
Slc6a20b,0.056157938,4.255319149
Spg11,0.056099847,14.18439716
Hadha,0.056099518,13.4751773
Clvs2,0.056019262,27.65957447
Ist1,0.055858748,14.53900709
Mill2,0.055825483,6.382978723
Shb,0.055748773,6.028368794
Kdsr,0.055737016,8.865248227
Slc9a3r2,0.055667859,5.673758865
Med10,0.05554419,4.964539007
Ube2o,0.055537721,21.9858156
Crebbp,0.055377207,43.97163121
Slc40a1,0.055339607,0.709219858
2810429I04Rik,0.055237316,3.191489362
Add1,0.055216693,38.65248227
Rims3,0.055136437,17.73049645
Zw10,0.05513486,6.028368794
Brip1,0.054828151,2.482269504
Slc2a8,0.054815409,12.05673759
1700125H20Rik,0.054725859,0.709219858
Prdm15,0.054654896,13.4751773
Dnajc16,0.054521277,7.092198582
Arl5a,0.054371698,6.737588652
Igdcc4,0.054253612,19.5035461
Rprml,0.054214403,2.127659574
Susd4,0.054173355,23.04964539
Slc24a3,0.053932584,44.32624113
Wdr25,0.053852327,6.737588652
Apc,0.053772071,52.83687943
Gm42567,0.053702946,4.255319149
Capns1,0.053691814,21.9858156
Tmem186,0.0535313,13.4751773
Snx29,0.053370787,39.71631206
Slc38a7,0.053293781,7.80141844
Ankfy1,0.05329053,22.69503546
Ly6h,0.053210273,50.35460993
A430105I19Rik,0.053191489,1.063829787
Dnah2,0.053191489,7.80141844
Sugp1,0.053130016,16.31205674
Rrnad1,0.053049759,27.30496454
Pold3,0.053024375,8.156028369
Plppr3,0.052808989,17.37588652
Adam10,0.052728732,29.43262411
Rab10,0.052568218,29.78723404
Gm26578,0.052466151,0.354609929
Otud4,0.052407705,18.79432624
Pcyt1a,0.052166934,12.41134752
Asb8,0.05216342,7.092198582
Ssh3,0.052086677,11.70212766
Flot1,0.052006421,17.0212766
A730046J19Rik,0.051982592,0.354609929
Uchl3,0.051845907,20.56737589
Mecp2,0.05176565,29.78723404
Thbs3,0.051757145,10.9929078
Smurf1,0.051685393,22.69503546
Appbp2,0.05152488,20.21276596
Fbxl4,0.051495456,10.9929078
Pkp2,0.051456707,5.673758865
Btg2,0.051452537,2.482269504
Frrs1l,0.051364366,19.5035461
Nucb1,0.051284109,13.12056738
Fbxo36,0.051203852,17.73049645
Emid1,0.051145663,1.063829787
Nudt10,0.05094108,3.546099291
Atp5d,0.050882825,15.24822695
Rpp21,0.050802568,17.73049645
Brat1,0.050531915,5.319148936
Ankrd17,0.050481541,56.38297872
Zfp106,0.050321027,16.66666667
Pprc1,0.050289043,8.510638298
Acan,0.050048356,1.063829787
Zfp652,0.05,28.36879433
Gtpbp8,0.04995708,7.092198582
Cdyl2,0.049919743,24.11347518
Crispld1,0.049713584,3.191489362
Ndfip2,0.049678973,20.21276596
Gm17171,0.049629891,1.063829787
Med14,0.049598716,17.0212766
Vmn2r30,0.049554023,5.673758865
2810403A07Rik,0.049277689,24.82269504
Rars,0.049202128,6.382978723
Adar,0.049197432,28.36879433
Rxfp1,0.049183529,2.482269504
Rangap1,0.049117175,19.85815603
Ptpn1,0.049036918,12.05673759
Pskh1,0.049016821,8.156028369
Prpf4b,0.048876404,21.63120567
Taf3,0.048796148,22.69503546
Pafah1b1,0.048635634,62.41134752
Dusp16,0.048605094,8.156028369
Thap4,0.048530617,11.34751773
Rgs11,0.04847512,22.34042553
Vipas39,0.048394864,14.89361702
Usp28,0.048383928,11.34751773
Prrg1,0.048341173,9.574468085
Kif27,0.048281506,2.127659574
Gfm2,0.048154093,17.37588652
Blmh,0.048073836,17.37588652
Zmym4,0.047993579,52.83687943
Egflam,0.047974632,1.773049645
Hbs1l,0.047833066,16.31205674
Mpp6,0.047752809,17.0212766
Foxn3,0.047672552,29.43262411
Hdac3,0.047512039,29.07801418
4930505A04Rik,0.047463175,1.773049645
Erdr1,0.047351525,14.53900709
Tbk1,0.047271268,14.18439716
Lysmd4,0.047082612,12.41134752
Kmt2d,0.047030498,16.66666667
Tppp3,0.046950241,14.89361702
Ptprr,0.046869984,45.39007092
Akap6,0.046789727,78.72340426
Dcaf6,0.04670947,40.78014184
Zmym5,0.046629213,15.95744681
Siah3,0.046548957,8.865248227
Jmjd1c,0.0464687,55.31914894
Tomm70a,0.046388443,19.5035461
Snrnp40,0.046308186,17.0212766
Pdxdc1,0.046147673,24.46808511
Rcor3,0.046067416,15.60283688
Slc41a3,0.046031097,2.127659574
Taok1,0.045906902,39.71631206
Trappc11,0.045898561,9.574468085
Gja3,0.045826514,0.709219858
Pex12,0.04551964,1.773049645
4931406P16Rik,0.045425361,26.24113475
Zfp958,0.045417349,4.255319149
Cnnm4,0.045212766,3.191489362
Dgke,0.045184591,16.31205674
9330160F10Rik,0.045110475,5.319148936
Rbbp6,0.045024077,24.46808511
Foxred2,0.045008183,3.90070922
Faxc,0.044863563,15.60283688
Nupl1,0.044803601,8.510638298
Trrap,0.044783307,21.27659574
Hmbox1,0.04470305,29.78723404
Trank1,0.044622793,24.11347518
Gm27003,0.044495906,8.510638298
Rnd1,0.044394435,4.609929078
Fgf1,0.044382022,20.21276596
Msmo1,0.044141252,22.34042553
Bcas3,0.043980738,52.4822695
Zfp317,0.043871715,7.092198582
Arid3a,0.043780687,4.609929078
Snap23,0.043579454,15.60283688
Nedd9,0.04343004,8.865248227
Fam219b,0.043371522,4.609929078
Herc2,0.043338684,35.46099291
Rnf145,0.04317817,15.95744681
Cerk,0.043097913,17.0212766
Mbip,0.042948992,9.574468085
Fam227a,0.0429374,11.34751773
Kdm5c,0.042857143,45.39007092
Gtf2h1,0.04273459,10.9929078
Gm15446,0.042616372,15.60283688
Mospd2,0.042558314,13.12056738
Pgam5,0.042538053,12.76595745
Armc8,0.042455859,23.04964539
Tubg2,0.042397341,7.80141844
Pfkfb4,0.042295345,13.4751773
Sdr42e1,0.042144026,2.482269504
Trappc8,0.042134831,25.88652482
Emsy,0.041894061,24.82269504
Snap91,0.041813804,59.21985816
Ctps,0.041734861,7.446808511
Eif2b4,0.041492777,11.70212766
Apeh,0.041325696,6.028368794
Nudt13,0.041241564,8.510638298
Arrb1,0.04117175,20.92198582
Gm15341,0.041121113,1.773049645
Tmem232,0.041018822,4.255319149
Slmap,0.041011236,27.65957447
Nav1,0.040850722,51.77304965
Wdr36,0.040744753,6.382978723
Ubr3,0.040690209,46.09929078
Rabgap1,0.040609952,52.12765957
Smarca5,0.040529695,19.5035461
Arpc5,0.040507365,6.737588652
Kpna3,0.040449438,25.88652482
RP23-2D23.2,0.040302782,1.418439716
Cnrip1,0.040288925,29.07801418
Taf1,0.040208668,26.24113475
Stam,0.040166208,14.53900709
Arpp19,0.040048154,13.4751773
Ddx47,0.040028221,11.70212766
Chd3,0.039967897,17.37588652
Mis18bp1,0.039893617,0.709219858
Tank,0.039807876,11.70212766
Rtca,0.039807384,12.41134752
Rad9a,0.039586743,2.836879433
Nars2,0.039486356,17.0212766
Insr,0.0394061,31.20567376
Hsd17b7,0.03938216,4.255319149
Cobl,0.039325843,26.59574468
H2-DMa,0.039279869,2.127659574
Gm5544,0.039177578,1.063829787
Zfp944,0.039035552,8.156028369
Tm4sf4,0.038972995,1.773049645
Gm14399,0.038844302,9.574468085
Tsg101,0.038683788,16.31205674
Slc22a23,0.038603531,19.85815603
Zfp512,0.038523274,29.43262411
Clpb,0.038443018,13.12056738
Fnip2,0.038362761,16.66666667
Gm26861,0.038154664,3.546099291
Pdrg1,0.038074079,12.05673759
Bicd1,0.037961477,65.24822695
Pdgfrl,0.037959381,3.90070922
Stau2,0.03788122,49.64539007
Mak,0.037745499,2.127659574
Zyg11b,0.037640449,32.9787234
Ppdpf,0.037438625,4.964539007
Apex2,0.037399679,36.17021277
Cdk5,0.037319422,15.24822695
Gm13008,0.037234043,6.028368794
Odc1,0.037078652,19.85815603
Nup98,0.036998395,29.07801418
Susd5,0.036927169,1.773049645
Spns3,0.036824877,0.354609929
Ift74,0.036677368,16.66666667
Kdm8,0.036620295,6.028368794
Alkbh1,0.036436597,19.14893617
Gspt1,0.036276083,18.43971631
Hars,0.036195827,11.34751773
Ablim2,0.03611557,35.46099291
Tom1,0.036035313,13.82978723
Mlec,0.035955056,12.05673759
Gns,0.035794543,16.66666667
Megf9,0.035634029,22.34042553
Ctsd,0.035553772,16.31205674
Hs3st1,0.03549509,3.191489362
Grina,0.035473515,33.68794326
Mnat1,0.035393258,30.85106383
Usp38,0.035392799,6.028368794
Ints6,0.035313002,27.30496454
Fam219a,0.035152488,40.78014184
Brip1os,0.035072231,24.46808511
Ddx42,0.034911717,22.34042553
Sdccag8,0.034831461,31.20567376
Prepl,0.034751204,11.34751773
Syn3,0.034670947,51.77304965
Flnb,0.03459069,37.58865248
Bop1,0.034574468,6.737588652
Tra2b,0.034510433,37.94326241
Cars,0.03434992,15.60283688
Trappc12,0.034189406,15.24822695
Txnl1,0.034177354,9.574468085
Coq5,0.034109149,24.82269504
Arhgef1,0.033868379,22.34042553
Rtp3,0.033858429,1.418439716
Upk3bl,0.033346972,6.028368794
Cnbd2,0.033306581,16.66666667
Zfp410,0.033292428,8.510638298
Supt6,0.033226324,23.75886525
Pigx,0.033220381,8.865248227
Nob1,0.033146067,14.89361702
Stx1a,0.033065811,13.82978723
RP24-236C17.3,0.032937807,9.574468085
Clip2,0.032905297,15.24822695
Casc4,0.03282504,39.36170213
Nup35,0.032674181,10.9929078
Gm9843,0.032504013,16.31205674
Surf2,0.03242635,6.737588652
Rpl37a,0.032182986,14.89361702
Frmd3,0.032102729,35.81560284
Scaf4,0.032022472,18.08510638
P3h3,0.031950425,17.37588652
Unc45a,0.031942215,17.37588652
Azin2,0.031781701,15.60283688
Mtf1,0.031703218,10.28368794
Tcea1,0.031540931,11.70212766
Zfp715,0.031505728,6.028368794
Vps13c,0.031380417,25.53191489
6030419C18Rik,0.031301146,2.127659574
Phldb1,0.031198854,7.80141844
Cacna2d4,0.031139647,15.95744681
Ermp1,0.030994272,6.737588652
Strn4,0.030898876,13.82978723
Cdc37l1,0.030738363,18.08510638
Tbcb,0.030658106,12.05673759
Serinc3,0.030497592,17.0212766
Tmem91,0.030417335,24.46808511
Gm14798,0.030380524,7.092198582
Map3k4,0.030337079,14.18439716
Vps37d,0.030278232,7.446808511
Gpr107,0.030256822,13.82978723
Kptn,0.030175941,8.865248227
Ppp4r4,0.029935795,13.82978723
Ppargc1b,0.029855538,13.82978723
Phf1,0.029775281,19.85815603
Ctxn2,0.029632795,7.80141844
Gnl2,0.02953451,16.31205674
Pcgf1,0.029459902,3.90070922
Hdx,0.029454254,25.88652482
Rhbdd2,0.02929374,18.08510638
Vps51,0.029255319,5.319148936
Ube2d1,0.029133226,13.12056738
Snx14,0.02905297,14.89361702
Mapre1,0.028972713,12.41134752
Slc35g2,0.028948445,7.446808511
Bean1,0.028892456,9.574468085
Gm17259,0.028846154,2.127659574
Rela,0.028743863,5.673758865
Sbno1,0.028731942,42.55319149
Usp9y,0.02865185,6.028368794
Scarb2,0.028651685,17.37588652
Chpf2,0.028571429,17.37588652
Thpo,0.028529981,1.063829787
Ift88,0.028491172,23.04964539
Zfp932,0.028349967,10.28368794
Dgkq,0.028330658,10.9929078
Isca2,0.028250401,15.60283688
Eif4enif1,0.028170144,13.82978723
Ppp1r13b,0.028089888,25.17730496
2810432F15Rik,0.028027823,0.709219858
Gnptab,0.028009631,12.05673759
Gpr137b,0.027925532,8.156028369
Cttnbp2nl,0.02787148,8.510638298
Ptgfrn,0.027618658,6.737588652
Mapk14,0.027608347,24.82269504
Camsap1,0.02752809,17.37588652
Lsmem1,0.027516367,1.418439716
Ncstn,0.027447833,11.34751773
Wdr78,0.027367576,13.82978723
Hpgd,0.027311784,0.709219858
Zfp672,0.027207063,12.05673759
Usp11,0.027046549,18.08510638
Gm5441,0.02700491,4.964539007
Nbas,0.026805778,30.14184397
Mvd,0.026800327,4.255319149
Cramp1l,0.026725522,22.34042553
Kdm6a,0.026645265,23.04964539
Rapgef5,0.026565008,32.62411348
Abr,0.026324238,54.60992908
Sdf4,0.026243981,16.31205674
Has3,0.025870406,0.709219858
Gm12576,0.025736399,3.546099291
Cog5,0.025601926,50.35460993
Hdac4,0.025521669,22.69503546
Rbbp5,0.02547054,6.382978723
Exoc6,0.025441413,17.0212766
Comt,0.025280899,40.78014184
Slc25a15,0.025265957,1.418439716
N4bp1,0.025200642,14.53900709
Atp6v0a2,0.025120385,14.53900709
Arhgef17,0.025018586,12.05673759
Ddx3y,0.024959872,22.34042553
Dpysl3,0.024879615,34.04255319
Srsf9,0.024754501,7.80141844
Stk38,0.024719101,30.14184397
Mndal,0.024661509,1.063829787
Rab6b,0.024398074,21.9858156
Ampd2,0.024317817,15.24822695
Gm20641,0.024243044,3.546099291
Uchl1,0.024077047,41.84397163
Sharpin,0.024038462,6.028368794
Gm19583,0.02393617,2.127659574
Crmp1,0.023916533,18.08510638
Gpd2,0.023836276,14.18439716
Cpd,0.023595506,16.31205674
Parp16,0.023220131,7.446808511
Zfp704,0.023194222,31.20567376
E230001N04Rik,0.02311784,2.127659574
Gpbp1,0.023113965,18.43971631
Slc6a11,0.022953451,11.70212766
Sppl3,0.022873194,29.78723404
Ctc1,0.022708674,8.156028369
Huwe1,0.022632424,48.58156028
C87436,0.022504092,5.673758865
Card11,0.0224018,2.127659574
Hnrnpa2b1,0.02223114,31.20567376
Pigu,0.022150883,19.5035461
Gm26671,0.021992635,1.773049645
Prickle2,0.021910112,54.25531915
Atraid,0.021829856,21.9858156
Ccdc39,0.021788052,8.510638298
Rpl3l,0.021760155,0.354609929
Odf2,0.021749599,38.65248227
Slc5a6,0.021685761,5.319148936
Brinp1,0.021589085,57.09219858
Etaa1os,0.02158347,3.191489362
2310039L15Rik,0.021481178,1.418439716
Abcb4,0.021428571,5.673758865
Abl2,0.021348315,29.07801418
Col6a6,0.021276596,1.063829787
Mapre2,0.021027287,30.14184397
Ppp1r1a,0.020969722,7.446808511
Dlgap4,0.020866774,23.04964539
Fads2,0.020765139,6.382978723
Vwa8,0.02070626,38.65248227
Gpr149,0.020626003,9.574468085
Mob4,0.02046549,21.27659574
Hhat,0.020458265,6.737588652
Gm16105,0.020355974,6.737588652
Gpr137,0.020253682,6.737588652
Acot7,0.020224719,28.36879433
Rnf219,0.020151391,6.737588652
Kcnq1ot1,0.020144462,70.56737589
Rsrc1,0.020064205,34.75177305
Lonp1,0.0200491,8.510638298
Nr3c1,0.019983949,13.12056738
Zfp292,0.019903692,26.95035461
Ankrd13c,0.019743178,21.63120567
Rbbp7,0.019662921,16.66666667
Inppl1,0.019639935,2.482269504
Lclat1,0.019422151,19.14893617
Spag6,0.01934236,0.709219858
Vcp,0.019261637,23.40425532
Sirt2,0.019020867,18.79432624
Bivm,0.018821604,6.737588652
Zfp612,0.018780096,25.17730496
Fah,0.018699839,28.72340426
Gtpbp2,0.018619583,15.95744681
Golga2,0.018539326,10.9929078
Gm973,0.01851473,3.90070922
Pigs,0.01848465,8.865248227
Grb14,0.018459069,16.31205674
Ggt7,0.018378812,27.30496454
Tango6,0.018298555,13.12056738
Sema4f,0.018218299,7.092198582
Zdhhc2,0.018138042,26.24113475
Dopey1,0.018057785,31.20567376
Gm30613,0.018003273,1.063829787
Ddr1,0.017977528,15.24822695
Gm15478,0.017897271,51.77304965
Slc17a5,0.017736758,17.37588652
Casc3,0.017656501,18.08510638
Gm10681,0.017594108,1.773049645
Prpf18,0.017576244,13.12056738
Nup43,0.017491817,7.092198582
9130011E15Rik,0.01741573,36.87943262
Slc25a42,0.017255217,8.156028369
Phyh,0.016946898,11.70212766
Tgfbr3,0.016934189,21.27659574
Prrt1,0.016878069,8.510638298
Dcaf17,0.016853933,17.0212766
Fam53c,0.016775777,6.382978723
Riok1,0.016773676,16.66666667
Apc2,0.016693419,12.76595745
Crebrf,0.016613162,28.72340426
Nedd1,0.016468903,7.092198582
Ddx10,0.016452648,22.34042553
Mnt,0.016366612,3.546099291
Dnaja1,0.016211878,17.0212766
2010300C02Rik,0.016162029,4.964539007
Slc25a36,0.016131621,34.39716312
Top1mt,0.016059738,2.836879433
4931406C07Rik,0.01604703,8.156028369
Ski,0.015971108,12.76595745
Gm26597,0.015957447,0.709219858
Map3k12,0.015890851,16.66666667
Usp14,0.015730337,29.78723404
Cyld,0.015569823,23.40425532
Hadhb,0.015489567,15.60283688
Tgfb2,0.01544599,2.482269504
Atp9b,0.01540931,39.71631206
Car7,0.015343699,4.255319149
Tmeff1,0.015329053,15.60283688
Paqr4,0.015241408,2.836879433
Ipo9,0.015168539,20.56737589
Agl,0.015008026,18.43971631
Ccdc112,0.0150053,11.34751773
9330175M20Rik,0.014832242,6.028368794
Raf1,0.014767255,24.82269504
Tcaf1,0.014686998,40.42553191
Dtx1,0.01466851,9.219858156
Ankrd52,0.014606742,10.63829787
Ulk2,0.014526485,47.87234043
Ubr1,0.014446228,31.91489362
1810034E14Rik,0.014365971,19.14893617
Zfp651,0.014320786,5.673758865
Tmem169,0.014285714,11.34751773
Csrnp2,0.014218494,4.255319149
Ankrd10,0.014205457,21.63120567
Krit1,0.014125201,50
Cfp,0.014013912,5.319148936
Tmem175,0.013964687,30.14184397
Pgm3,0.01391162,8.510638298
Exoc3,0.01388443,16.66666667
Fam196a,0.013595092,4.255319149
Rap1a,0.013563403,21.27659574
Tnrc6a,0.013483146,53.90070922
Ccnl1,0.013402889,15.24822695
Fxyd4,0.013242376,13.12056738
Dtnbos,0.013081862,21.63120567
Yme1l1,0.013001605,25.88652482
Erf,0.012990998,1.063829787
Abca8b,0.012921348,18.08510638
Fam50a,0.01279075,7.092198582
Tigar,0.012684124,2.482269504
Dnajc7,0.012680578,28.36879433
Hat1,0.012520064,8.510638298
Zswim4,0.012479542,2.836879433
Thoc3,0.01237725,3.90070922
Chd1,0.012359551,24.82269504
Oas1c,0.012330754,1.063829787
Ydjc,0.012172668,5.319148936
Ext2,0.01211878,17.37588652
Lrrc19,0.011958266,12.05673759
Polr2c,0.01187801,10.9929078
Cib2,0.011865794,6.382978723
Zfp433,0.011797753,7.80141844
Armc10,0.011763502,4.255319149
Sept11,0.011717496,16.66666667
Anks1b,0.011556982,90.78014184
Gtf3c3,0.011539775,9.929078014
Nae1,0.011396469,17.73049645
Dmc1,0.011252046,3.546099291
Eif2ak1,0.011235955,10.9929078
Add3,0.011155698,13.82978723
Ttc7b,0.011075441,30.14184397
Tnrc6b,0.010995185,62.76595745
Slc30a10,0.010945172,2.836879433
Gm17359,0.010754414,14.53900709
Rsf1os1,0.010740589,5.319148936
Golga4,0.010674157,20.56737589
Lrp1,0.0105939,31.91489362
Mlf2,0.010513644,22.69503546
Itsn1,0.010433387,31.56028369
Spef2,0.010331424,2.127659574
Matr3,0.010272873,25.17730496
Bscl2,0.010192616,20.56737589
Ccdc40,0.010126841,4.964539007
Shisa7,0.01011236,9.219858156
Ftx,0.010032103,61.34751773
Ube4b,0.009951846,32.62411348
Cltb,0.009871589,24.11347518
Tmtc4,0.009819967,10.28368794
Hspa5,0.009791332,26.24113475
Rtcb,0.009711075,10.9929078
Zmat1,0.009630819,22.34042553
Ppcs,0.009513093,4.609929078
Nlrp12,0.009410802,1.063829787
Vmp1,0.009390048,41.4893617
Ogdhl,0.009206219,1.773049645
Stx7,0.009149278,14.89361702
Zcchc18,0.009069021,51.41843972
Zcchc6,0.008908507,13.82978723
Pnn,0.00882825,33.33333333
Gtdc1,0.008747994,36.17021277
Cep78,0.008667737,14.89361702
Osbpl11,0.00858748,13.82978723
Dmxl1,0.008507223,39.36170213
Atp11c,0.008105939,25.88652482
Gpd1l,0.008081015,4.964539007
Ube2i,0.008025682,11.34751773
Ldb3,0.007978723,5.673758865
Sgsm2,0.007945425,32.26950355
Inpp5f,0.007784912,19.14893617
Ccs,0.007671849,9.574468085
Rhobtb2,0.007624398,13.82978723
Hsbp1,0.007544141,15.60283688
Mrpl41,0.007383628,19.5035461
Lekr1,0.007303371,20.92198582
Srcap,0.007262684,7.80141844
Gm28913,0.007253385,0.354609929
Myadml2os,0.007160393,1.418439716
Irf3,0.007142857,14.18439716
Rapgef1,0.0070626,27.65957447
Nfu1,0.006982343,12.05673759
Lonrf2,0.006902087,14.53900709
Tmem208,0.006661316,18.79432624
Il34,0.006648936,4.255319149
Ash1l,0.006581059,46.45390071
Pih1d1,0.006444354,1.773049645
Ergic1,0.006420546,22.34042553
Odf4,0.006286267,1.063829787
Tmem135,0.006179775,31.20567376
Myom3,0.006035188,0.709219858
Irf2,0.005939005,23.04964539
Slc25a32,0.005932897,6.737588652
Ciz1,0.005858748,11.34751773
Ehbp1,0.005778491,63.12056738
Bex1,0.005626023,10.63829787
Ppp6r3,0.005617978,32.62411348
Txlnb,0.005523732,1.063829787
Cdk9,0.005457464,9.219858156
Pnpla1,0.00542144,6.028368794
Smg9,0.005377207,11.70212766
Morn1,0.00529695,17.37588652
Pigp,0.00505618,9.929078014
Gpr137b-ps,0.004994903,6.737588652
Tmem161b,0.004815409,29.43262411
Ralgapa1,0.004735152,63.12056738
Enthd2,0.004705401,3.546099291
Gramd2,0.00460311,4.255319149
Ewsr1,0.004574639,31.56028369
Gabrg2,0.004494382,28.72340426
Eps15l1,0.004414125,37.23404255
Ahr,0.004398527,3.191489362
Zfc3h1,0.004333868,25.88652482
Crhr2,0.004296236,2.127659574
Noa1,0.004193944,4.255319149
Bloc1s2,0.004173355,12.05673759
Slc41a2,0.004093098,17.73049645
Pnmal1,0.004091653,5.319148936
BC004004,0.004012841,12.05673759
Atl3,0.003852327,21.27659574
Rbbp8,0.003691814,8.156028369
Sgce,0.003611557,30.85106383
Rita1,0.003580196,5.319148936
Tbca,0.0035313,15.60283688
Map2k3os,0.003477905,1.773049645
Ric8b,0.003451043,19.85815603
Apaf1,0.003370787,11.34751773
Pygo1,0.00329053,8.865248227
Eno1,0.003210273,19.5035461
3010026O09Rik,0.003171031,10.28368794
Pank3,0.003049759,12.05673759
Ndrg2,0.002969502,17.73049645
Sys1,0.002966448,3.191489362
Abce1,0.002889246,9.574468085
Hdac6,0.002808989,11.34751773
Rragc,0.002728732,7.80141844
Zfp157,0.002648475,17.37588652
Thoc7,0.002487961,19.5035461
Csrp1,0.0023527,5.673758865
Lcor,0.002327448,45.03546099
Pus7,0.002166934,14.53900709
Gatad1,0.002148118,7.092198582
RP23-414I24.8,0.001943535,2.836879433
Uri1,0.001845907,40.42553191
Tmed5,0.00176565,10.9929078
Zbtb8os,0.001738953,6.028368794
St8sia3os,0.001692456,1.773049645
Pum3,0.00153437,7.446808511
Fez2,0.001444623,6.028368794
D230025D16Rik,0.001364366,14.89361702
Cbl,0.001284109,23.75886525
Tns2,0.001208897,2.127659574
Mpp5,0.001203852,17.37588652
Trp53inp1,0.001125205,4.964539007
Slc16a7,0.000963082,13.12056738
Psmc2,0.000882825,9.929078014
Rprm,0.000818331,2.836879433
Samd8,0.000802568,9.574468085
Taf2,0.000722311,11.34751773
Tmem87a,0.000642055,17.73049645
Sltm,0.000561798,53.90070922
Gm13943,0.000483559,0.354609929
Gatm,0.000481541,8.510638298
Cdyl,0.000409165,6.737588652
Ndufaf7,0.000321027,21.27659574
Diexf,0.000102291,5.319148936
Mtmr6,8.02568E-05,13.4751773