gene,cellex_score,expr_proportion
Serpinb9d,0.994846542,1.058201058
Cd209g,0.993809861,3.968253968
Speer2,0.989896044,1.058201058
Gm43391,0.989268155,3.968253968
Naip6,0.988830478,6.878306878
Nr0b2,0.988001705,3.703703704
Padi1,0.987575887,1.851851852
Pde6c,0.986290997,13.75661376
Gpx2,0.985099107,2.116402116
Spint1,0.981865286,2.116402116
Barhl1,0.980481868,1.851851852
Grb7,0.979076702,3.174603175
Irx4,0.978388682,1.058201058
Llgl2,0.976344195,2.91005291
Bglap3,0.975868904,0.793650794
Fzd6,0.974442821,5.82010582
Vwa2,0.974117505,1.587301587
Neurod6,0.973610874,6.349206349
Tmprss3,0.973236594,0.264550265
Naip5,0.972977791,4.497354497
Igf1,0.972878497,19.04761905
Gm21847,0.972710049,21.95767196
Speer4cos,0.972148394,6.084656085
9330162B11Rik,0.971177218,0.529100529
Slc17a7,0.970954255,12.96296296
Crh,0.969419752,8.994708995
Fat2,0.96795489,4.497354497
C2cd4a,0.967499937,0.264550265
B230110G15Rik,0.967214438,0.793650794
Col27a1,0.966921908,62.43386243
Teddm3,0.965017624,2.380952381
Trpv6,0.964940918,3.174603175
Kcna7,0.96438138,0.264550265
Il17re,0.963608868,4.497354497
Rbm14,0.961655553,0.264550265
Gm27244,0.961610461,0.264550265
Msmb,0.961028587,0.264550265
Tnfsf14,0.960209008,0.264550265
Xcl1,0.959694811,0.264550265
4930562D21Rik,0.959493167,0.793650794
Gm26867,0.95886681,1.058201058
Gm14344,0.958825823,2.116402116
Cd209f,0.958369127,1.587301587
Gm38093,0.958222039,0.264550265
Fbxw19,0.958220251,1.322751323
Ldlrap1,0.957686629,2.645502646
Krt82,0.957648141,0.264550265
Naip2,0.957554934,6.084656085
Gm12962,0.957429801,1.322751323
Gm31415,0.956394766,1.851851852
Sebox,0.956155553,0.793650794
Cyp3a41b,0.954906571,0.264550265
Gm28441,0.953693571,0.529100529
Gimap6,0.953571062,7.936507937
Gm5483,0.952589828,0.264550265
Dspp,0.951705222,0.264550265
Notumos,0.951301244,0.529100529
Gm21190,0.950500292,0.264550265
Ngf,0.949464536,5.026455026
Urah,0.949087191,0.264550265
Mapk13,0.949003044,2.645502646
Bnc2,0.948612856,33.86243386
Foxa1,0.948112527,0.264550265
Tmem52b,0.944472169,0.264550265
Gm30613,0.943872338,12.96296296
Slc44a3,0.942746956,10.05291005
Prom1,0.939301417,6.084656085
Lama1,0.937984655,70.8994709
Gm43735,0.937624884,0.264550265
Trim63,0.937595045,2.116402116
Crhr1,0.937132992,17.72486772
Ntn5,0.936770084,0.529100529
Mroh2a,0.936103527,1.058201058
Cpne9,0.935700687,33.06878307
Inhba,0.9347947,13.22751323
Ccdc155,0.934433696,5.291005291
Slc4a9,0.934262187,6.878306878
Rab43,0.933098872,0.529100529
1700025F24Rik,0.9329563,1.851851852
Prss16,0.93216274,0.264550265
Irx2,0.93085526,12.6984127
Gm14139,0.930595218,0.529100529
Pth2,0.930483565,0.264550265
Gli3,0.930045224,12.43386243
Gm13029,0.929518765,0.264550265
Klra7,0.928453465,0.793650794
Tmem72,0.927515841,2.116402116
Fam107b,0.927394843,48.94179894
Nme1,0.927179108,0.264550265
Gm26673,0.9269812,15.34391534
5031434C07Rik,0.926877456,0.264550265
Il1f9,0.925624683,0.264550265
Tcl1b4,0.92559387,0.529100529
Hapln1,0.925081328,16.13756614
Insrr,0.923296134,25.13227513
Ggt5,0.92285179,3.439153439
Fam159a,0.921550482,5.555555556
A530020G20Rik,0.920241496,0.529100529
Gm42806,0.920165829,0.529100529
Slc7a15,0.91958763,10.31746032
Clrn1,0.919349407,6.613756614
Prdm8,0.918165468,2.645502646
Fhad1os2,0.918070343,3.174603175
Sp100,0.915407537,6.084656085
Isg20,0.915182944,1.322751323
Grin2c,0.913453116,14.28571429
Gm13589,0.911460553,15.07936508
Wisp1,0.910186681,2.91005291
Gm29282,0.906482177,2.116402116
Myo1h,0.905395086,13.75661376
Schip1,0.904110204,36.24338624
Dnah14,0.90330974,7.407407407
A830011K09Rik,0.901654624,4.761904762
Gm11368,0.899827293,1.322751323
Acaa1b,0.899793137,2.645502646
Slc5a10,0.899694703,2.645502646
Lhx9,0.898942428,1.322751323
Fam83b,0.898707241,5.026455026
2310016D03Rik,0.898113043,1.587301587
BC034090,0.898062656,7.936507937
Oprd1,0.897918827,16.13756614
BC016579,0.897835007,2.116402116
Emid1,0.897735026,7.142857143
Bcan,0.89721595,55.02645503
Nfib,0.897164324,71.42857143
Fbxo40,0.896876486,2.380952381
Spns3,0.896153889,2.116402116
Col4a3,0.895581146,6.084656085
Siglecf,0.895151433,0.529100529
Mlip,0.894497865,14.55026455
Gm44398,0.894241359,9.788359788
Sphk1,0.894201771,2.645502646
Gm5860,0.893455107,2.91005291
Lzts1,0.893418551,41.53439153
Tnfrsf8,0.893211529,2.116402116
Rgl3,0.893107553,8.465608466
Hcrtr2,0.892719435,45.76719577
9430020K01Rik,0.891533232,6.084656085
Slc22a20,0.889466795,2.91005291
Rab37,0.886657549,31.21693122
Boc,0.886413709,7.142857143
Arc,0.886100907,3.703703704
Sntg2,0.885952289,35.18518519
Cd200r1,0.885889797,1.587301587
Serinc2,0.88569123,8.994708995
Epn3,0.885525743,2.380952381
Cdh23,0.884868585,37.3015873
A330043C09Rik,0.883882223,3.174603175
Wnt3,0.883509653,4.761904762
Tspan11,0.883038985,2.645502646
Shc4,0.882548345,8.994708995
Gm2115,0.882466942,12.43386243
Gm13944,0.880947253,45.5026455
Tmem211,0.880605552,1.058201058
Col12a1,0.879621875,28.30687831
Tnfrsf23,0.876918158,9.259259259
Slc6a12,0.876008191,2.380952381
Tnn,0.874335028,2.116402116
Agmat,0.873804663,5.026455026
Col4a4,0.873800921,9.523809524
Serpinf1,0.872574612,10.58201058
Vwa7,0.871660204,8.994708995
Chil1,0.868902935,5.82010582
Slc30a8,0.864475481,1.851851852
Stpg2,0.864153718,30.42328042
Gm26641,0.86197617,5.82010582
1700109G14Rik,0.861217819,1.322751323
Ucma,0.860247474,12.96296296
Fam163a,0.860167239,33.06878307
Antxr2,0.85993161,9.523809524
Gm831,0.859891936,0.264550265
Colec12,0.859587031,9.259259259
Car9,0.858358895,1.322751323
St8sia5,0.858292417,23.01587302
Clca4b,0.858127085,6.878306878
Cabp7,0.857804079,5.82010582
Fam131c,0.857746043,11.37566138
Gm12153,0.857725237,2.116402116
Prex2,0.856573359,44.70899471
Adamts1,0.856347483,2.91005291
1520401A03Rik,0.856308991,2.91005291
Celrr,0.85616583,6.084656085
Batf3,0.855694106,1.587301587
Trim52,0.855382101,1.058201058
Ntng2,0.855360614,29.62962963
Fstl1,0.855165403,45.76719577
F11r,0.855068029,4.761904762
Opn5,0.854616898,6.878306878
Lmo7,0.852969418,13.75661376
Ddo,0.851969514,6.613756614
Kcnmb4os1,0.851452142,1.587301587
Lpl,0.851200789,1.851851852
4930557J02Rik,0.850075111,11.11111111
Gna15,0.848044851,3.703703704
Stra6l,0.847109179,2.116402116
Spp1,0.846742763,20.63492063
Gm12027,0.845688623,34.65608466
Gm11884,0.845462118,11.9047619
Gm42512,0.845423702,1.587301587
Clcnka,0.844222074,2.645502646
Met,0.844218987,10.58201058
Tle2,0.843753416,31.48148148
Gm28410,0.842722869,2.380952381
Tcf19,0.842556081,1.058201058
Rnf207,0.84213276,21.16402116
Def6,0.841152402,7.142857143
Gm28401,0.840907507,1.322751323
Sh3bgrl2,0.840504977,15.87301587
Gm26771,0.839111868,10.58201058
Adamtsl5,0.838956937,21.42857143
Scn4b,0.837914014,8.73015873
Rhbg,0.837433983,0.529100529
Arhgef26,0.83632405,11.11111111
Tlr4,0.835832902,9.523809524
Myo5c,0.835672721,2.645502646
Gm3985,0.833863884,2.91005291
Krt12,0.832042911,1.322751323
Gm13842,0.831888307,1.851851852
1700016C15Rik,0.831547528,1.322751323
Prkag3,0.830220554,0.793650794
Slfn5os,0.830170347,2.380952381
Slitrk2,0.828750809,8.994708995
Ccdc182,0.827408817,0.529100529
Tle6,0.826421348,2.645502646
Gfy,0.826044686,0.264550265
Pvalb,0.825977907,12.43386243
Ybx2,0.825632885,4.232804233
1700028J19Rik,0.824592862,2.380952381
Gm14951,0.824453144,0.264550265
Gm10837,0.824446581,1.587301587
Mdga1,0.823814509,39.68253968
Neurod2,0.823783751,7.671957672
Ankrd33b,0.821327401,6.613756614
9930111H07Rik,0.820725983,2.116402116
Msra,0.820368532,39.68253968
Gm27040,0.819959796,2.380952381
Trim43c,0.81980354,7.142857143
Tdrd12,0.81968799,2.645502646
Tsen54,0.818590823,11.9047619
Trim6,0.816668045,1.851851852
Fam198b,0.815099041,1.851851852
Tpx2,0.814866446,6.349206349
Rasgrp1,0.814116082,6.878306878
Gm8104,0.813614002,1.851851852
Gm26839,0.813316748,4.761904762
Cdc42bpg,0.813143685,2.645502646
Trp73,0.810352456,8.994708995
Nuggc,0.809737917,1.058201058
Gm16282,0.809017224,3.174603175
Fut1,0.808593963,2.380952381
Sv2b,0.807504674,53.96825397
Gm28863,0.803930997,0.793650794
Aldh1a3,0.802972334,1.587301587
Nanos2,0.802222656,2.91005291
Gm44127,0.800831038,3.439153439
Hes1,0.800251353,5.82010582
Cd300lf,0.800174319,3.703703704
Pglyrp2,0.799264205,0.264550265
Gm16267,0.798416913,1.851851852
Ppm1n,0.797370493,2.116402116
Itga1,0.796345379,6.878306878
Sptssb,0.795544061,5.82010582
Trim80,0.794987856,0.793650794
Gm4577,0.793769469,3.439153439
Sgpp2,0.791084915,34.12698413
Nox4,0.788321872,10.05291005
Aanat,0.78792717,5.291005291
Gm43647,0.787790812,10.58201058
Wfdc8,0.786094213,2.380952381
Dach1,0.784225702,77.51322751
BC049352,0.783350086,2.116402116
Rai14,0.783229497,8.73015873
Arhgap29,0.782564823,9.788359788
Slc12a8,0.782206179,6.613756614
Sh3pxd2a,0.782055716,41.26984127
Sectm1b,0.781765333,0.264550265
Tmprss4,0.781670704,3.174603175
Ephb3,0.780766977,2.645502646
Gpx7,0.779083266,7.936507937
Rbms2,0.779082732,26.71957672
Enpp6,0.778984252,4.232804233
Fhdc1,0.77786262,5.026455026
Gas2l3,0.777713942,6.084656085
Gm43716,0.776845313,0.793650794
Dlx4os,0.776666858,0.264550265
Zfp385b,0.775488598,72.22222222
Rbm20,0.775387242,15.60846561
Gm12576,0.774881078,10.84656085
Ccdc7b,0.774519065,12.16931217
Tespa1,0.773964983,5.026455026
Klhl1,0.773033957,74.6031746
Lats2,0.77282165,19.84126984
Mybl1,0.772721928,4.761904762
Dach2,0.767888901,25.92592593
Dapk2,0.765926673,3.703703704
Gm13889,0.765614577,4.761904762
Pde4c,0.76534519,2.645502646
Brpf3,0.764639138,19.31216931
Tmc6,0.764618364,2.116402116
Mbd4,0.764486488,16.93121693
Pear1,0.763880337,2.116402116
Col5a1,0.763754148,9.788359788
Bpifb5,0.763265917,1.322751323
Efhd2,0.762903103,13.22751323
Gm20554,0.762641939,2.380952381
Adamts2,0.761294659,41.53439153
Gm5089,0.761121111,1.851851852
Gbe1,0.761119241,26.19047619
Gm29367,0.760400883,2.91005291
Bmp6,0.759875146,5.555555556
Rab15,0.759653171,31.74603175
Gm28652,0.758972608,2.116402116
Vmn2r112,0.757843659,0.264550265
2810425M01Rik,0.755778263,19.31216931
Grid2ip,0.755085507,7.142857143
Cyp11a1,0.755017852,2.380952381
1810044D09Rik,0.754857919,2.380952381
Hpgd,0.754591743,2.380952381
Tanc1,0.753679148,39.68253968
Homer2,0.753074623,37.3015873
Gm27198,0.752008747,5.82010582
Als2cl,0.751773829,7.407407407
Col15a1,0.751692737,3.703703704
Chd7,0.751661997,42.59259259
Clec18a,0.75141052,3.174603175
Fli1,0.750916353,3.439153439
Lmo3,0.744950213,25.92592593
Xdh,0.744561805,2.380952381
Tmem132a,0.744029192,42.06349206
Abtb2,0.743623058,35.18518519
Topaz1,0.742314056,1.587301587
Nwd2,0.741176294,39.41798942
Plek2,0.740689733,33.06878307
Rgs6,0.739114783,85.71428571
A330070K13Rik,0.739044801,1.322751323
Kcna1,0.738479468,28.30687831
Kng1,0.738322274,1.587301587
Pgbd5,0.738251384,28.83597884
Gm13629,0.737221054,56.08465608
Coro6,0.737196314,48.41269841
4930429D17Rik,0.736140478,5.026455026
Sapcd1,0.735996753,4.497354497
Gm7160,0.734601503,3.439153439
Sp6,0.733861529,2.380952381
Filip1l,0.733467941,13.75661376
Tead4,0.73337991,2.91005291
Adam33,0.733291083,2.645502646
Gm43265,0.732930282,0.529100529
Ttll6,0.732736405,4.761904762
Ap1m2,0.732601301,1.322751323
Ttll9,0.732534523,13.49206349
Dpp4,0.732407387,1.587301587
Ndst4,0.731531556,61.9047619
Nlrp12,0.731483692,3.439153439
Spsb1,0.731290062,3.703703704
Pax1,0.730831356,2.645502646
Gm17399,0.730573852,10.05291005
Gm11713,0.73010331,12.43386243
Foxa3,0.730097496,1.587301587
Fibin,0.729339863,3.174603175
Fgf9,0.728623348,9.788359788
Gm15341,0.728518548,3.968253968
Slc47a2,0.726403669,3.439153439
Ly86,0.726125408,3.439153439
Cchcr1,0.725883231,5.026455026
Ikbke,0.725866229,2.645502646
Tbc1d2,0.725581607,15.87301587
Gm26611,0.725139662,1.851851852
Gm11670,0.725052122,0.793650794
Itpr3,0.724203346,5.82010582
Pmch,0.723487382,0.264550265
Mslnl,0.723161721,1.587301587
Anxa13,0.72102234,2.91005291
Sec16b,0.720359846,5.555555556
Slc9a3r1,0.718354737,3.439153439
Arhgef16,0.718338501,0.793650794
Slc40a1,0.718094795,2.116402116
Gm16196,0.717766415,0.264550265
CR974586.5,0.717725451,0.264550265
Adig,0.717558586,1.058201058
Gm8024,0.717310878,0.264550265
Ush2a,0.716220342,6.878306878
Ksr1,0.71499283,24.07407407
AU019990,0.714507706,7.671957672
Samd5,0.714472343,33.5978836
Sgk3,0.712970802,15.07936508
Athl1,0.712045918,1.851851852
Itga5,0.711236191,9.523809524
Fez2,0.708720097,18.25396825
Gm16226,0.708312148,4.497354497
Esrrb,0.707609341,4.761904762
Rhox5,0.70708673,0.264550265
Gm13569,0.707016798,0.264550265
Sec1,0.706282784,6.613756614
Serpina3f,0.704125263,0.264550265
Them7,0.70392594,3.439153439
Inhbe,0.703634764,0.264550265
Itgb5,0.702703649,10.31746032
RP23-44H21.1,0.702543019,4.232804233
Kiss1r,0.702468253,4.761904762
Hydin,0.701964443,8.73015873
Gm17677,0.701894867,0.264550265
Ctf2,0.701721404,3.439153439
Gm42487,0.701696077,1.322751323
Gm43401,0.701557267,1.851851852
Duox1,0.701463837,2.91005291
Fgf5,0.701442591,1.587301587
Impa2,0.701291669,8.201058201
Osbpl5,0.70104002,16.13756614
Gm5091,0.700685117,0.264550265
Mov10l1,0.69942487,3.174603175
Gm10535,0.698411146,0.264550265
Fut2,0.697496288,1.322751323
Cyp27a1,0.696356238,6.084656085
Map3k6,0.695512629,2.116402116
Il24,0.695400064,0.264550265
Colq,0.695261463,6.349206349
Col11a2,0.695257538,7.407407407
Gm14487,0.693848261,1.058201058
Mettl24,0.693739209,10.58201058
Akp3,0.693264106,0.264550265
Gm15856,0.693156065,7.407407407
Neto1,0.692253873,57.93650794
Dusp15,0.692149206,26.98412698
Prx,0.691624621,3.174603175
Enthd1,0.691278377,3.439153439
Lockd,0.690181909,2.645502646
D830026I12Rik,0.689680398,1.058201058
Cd164l2,0.688186094,9.259259259
Anxa4,0.68802192,11.64021164
4632415L05Rik,0.687893321,12.96296296
Vdr,0.687792377,2.380952381
Gm9017,0.686816491,1.587301587
Hs3st4,0.686100891,89.68253968
Aldh1b1,0.685521201,3.703703704
Vmn1r4,0.685084087,0.793650794
Myadml2os,0.683928884,3.968253968
Unc5b,0.68363713,3.968253968
Platr31,0.682949728,4.761904762
A730056A06Rik,0.682797447,6.084656085
Shb,0.682248429,13.22751323
Gm14406,0.681167859,2.380952381
Lrrn1,0.680745168,22.22222222
Gm29478,0.680183005,15.87301587
Cdyl2,0.680167701,48.94179894
Prss35,0.679441126,1.851851852
Adm,0.678909969,1.587301587
Spink13,0.67879853,3.968253968
Fam131b,0.678301515,5.82010582
Fam78a,0.677496102,2.380952381
Whrn,0.676209765,19.84126984
Rorc,0.67577868,4.761904762
Pstpip1,0.67573448,2.380952381
P2rx5,0.675154632,7.407407407
Nr1i3,0.674828127,1.851851852
Cyp2s1,0.674802356,3.703703704
Cgnl1,0.673761509,13.22751323
Inpp5j,0.673691646,15.34391534
Htr2a,0.672855773,14.55026455
Ptgs1,0.672843563,2.116402116
Pvt1,0.672224164,52.64550265
Cdh7,0.672158027,64.55026455
Gm12023,0.672111561,3.968253968
Gm12130,0.671146392,2.645502646
Pth1r,0.670112633,5.291005291
Syt2,0.669708008,42.85714286
Six4,0.668749906,2.116402116
Gm26707,0.66843087,0.529100529
Arfgap3,0.667782683,36.77248677
Syce3,0.667610926,3.703703704
Mir124a-1hg,0.666486848,55.82010582
Gprc5b,0.66541713,20.10582011
Fgf18,0.665302214,3.174603175
Fam43a,0.665142791,3.174603175
BC053393,0.665044408,2.91005291
Gm26772,0.664994054,1.851851852
Fam195a,0.663914862,5.291005291
P2rx6,0.663537338,7.936507937
Sema3f,0.662911853,2.91005291
Gm10663,0.662295821,0.264550265
Fsip2,0.661612051,2.645502646
Gm10822,0.660956983,3.968253968
Gm13523,0.660482584,0.793650794
Hmg20b,0.660182644,8.994708995
Prima1,0.660056188,8.994708995
Pkp3,0.659789456,1.587301587
A930018M24Rik,0.659425372,2.91005291
Ipcef1,0.659243821,21.16402116
Cml3,0.658420432,5.026455026
Treml1,0.657431554,0.264550265
Fmnl1,0.656403775,14.55026455
Lamb3,0.656182466,5.291005291
Gm3898,0.65590759,0.529100529
Krtcap3,0.654376243,3.703703704
Gm19461,0.652946501,14.81481481
Nab1,0.651457759,15.34391534
AI429214,0.650928888,0.264550265
Gbp8,0.649254929,2.91005291
Medag,0.648957041,4.761904762
Foxp4,0.648006113,11.37566138
Dgkz,0.646030646,41.00529101
Epha3,0.644928258,55.82010582
Grm8,0.644925427,83.86243386
Dpf3,0.644427489,43.38624339
Efr3a,0.643341319,48.41269841
Atp10a,0.642619228,17.46031746
9630001P10Rik,0.640631772,2.116402116
Aifm3,0.640256674,42.32804233
Ovol2,0.639575987,1.587301587
Unc5cl,0.639572262,4.761904762
Upk1a,0.639434482,1.587301587
Nxph3,0.63902518,1.587301587
A930029G22Rik,0.635988303,12.16931217
Zic1,0.634611541,16.66666667
D130052B06Rik,0.634498667,0.529100529
Ikzf1,0.634167463,1.851851852
Gm12973,0.634071483,1.322751323
Gadd45g,0.633255366,18.25396825
Hectd2,0.632659719,20.37037037
Il1rapl2,0.632079824,87.83068783
Nuak2,0.631448055,2.91005291
Epha7,0.631426129,49.47089947
Psma8,0.631329352,5.291005291
Phf24,0.6312882,31.21693122
Phldb2,0.629691257,8.73015873
Gm36831,0.629063367,0.264550265
4930419G24Rik,0.628364672,7.671957672
Itgae,0.627217933,6.613756614
Sash1,0.626529292,20.10582011
Sema7a,0.625615206,5.291005291
Lpcat4,0.624904188,15.34391534
Tmem40,0.624901604,1.587301587
1700024P16Rik,0.624002389,13.49206349
Gm29292,0.622949524,0.793650794
Lcp1,0.622787476,13.22751323
Psg16,0.622588799,5.291005291
Ptpn22,0.621767349,8.73015873
Cthrc1,0.617597941,17.72486772
Zfp521,0.617096837,39.68253968
Gm11728,0.616721153,5.555555556
Pex5l,0.616680746,76.19047619
Ankrd35,0.616499871,11.11111111
1700112D23Rik,0.616168659,10.58201058
Gstm4,0.615753354,2.91005291
Arhgef19,0.615367957,2.645502646
Nfia,0.614484356,51.32275132
Gm26532,0.614026068,8.73015873
Gm10851,0.614009064,13.75661376
Mreg,0.613766383,7.142857143
Hpn,0.613124224,3.703703704
Rpl3l,0.612949338,1.322751323
Arhgap10,0.612898125,16.66666667
D5Ertd615e,0.612566178,10.58201058
Fam184b,0.611709051,19.84126984
Ostf1,0.611173836,5.82010582
Ugt8a,0.610931839,12.6984127
St6gal2,0.610469373,19.84126984
Pla2g3,0.60968819,34.65608466
Rasgef1b,0.608906698,6.084656085
A830019P07Rik,0.608511805,9.788359788
Gm7276,0.608275327,0.793650794
Gm27207,0.608214106,0.264550265
Gm16553,0.608097766,0.793650794
Cplx2,0.607567307,24.86772487
Mir142hg,0.606449069,2.91005291
Gins3,0.606356741,6.084656085
Cpa6,0.606195896,22.75132275
Chrm3,0.605886949,79.89417989
Tcirg1,0.60473052,10.84656085
Gm4794,0.604316614,1.851851852
Pls1,0.603942774,20.63492063
Mlph,0.603778139,0.529100529
Inf2,0.603284796,5.026455026
Fads6,0.603237267,11.11111111
Cds1,0.602489665,19.31216931
Mir124-2hg,0.602390564,53.96825397
Cyp39a1,0.602056064,4.497354497
March11,0.601474516,50.79365079
Gm12371,0.600984954,16.93121693
Abracl,0.60098485,5.82010582
Gm28807,0.600978654,1.851851852
Grik1,0.600340089,41.53439153
Trim36,0.600140668,6.613756614
R3hcc1,0.600036067,4.497354497
Abhd3,0.599446067,19.57671958
Gm37381,0.599113245,1.587301587
Vasp,0.598981123,15.60846561
Tgfb1,0.598567122,1.587301587
Rap2b,0.598410309,4.232804233
Tspan32,0.598327919,1.587301587
Tmco4,0.598153457,5.291005291
Wipf3,0.598133064,16.66666667
Tspan5,0.598087895,51.05820106
Fam212b,0.597979412,2.116402116
Pkib,0.597912504,15.60846561
Mkx,0.597684215,30.15873016
Acat3,0.59657227,2.380952381
Ptchd4,0.596383106,76.98412698
Gm13832,0.596175548,17.1957672
Cabp1,0.595140558,44.97354497
Poln,0.59443292,11.11111111
Kcnk4,0.59402791,3.439153439
Spink4,0.593616818,0.793650794
Btbd11,0.593587843,57.67195767
Kremen1,0.593550506,5.82010582
Epb41,0.593447852,61.9047619
Gm13180,0.593041107,0.529100529
Crtac1,0.592364427,32.27513228
Nuak1,0.591401616,15.60846561
1600002H07Rik,0.591372076,4.497354497
Gdpd5,0.591078582,12.6984127
D6Wsu163e,0.59089875,11.64021164
Gm17473,0.590833346,0.793650794
1700111E14Rik,0.589652475,19.04761905
Col26a1,0.589446647,13.22751323
Pip5kl1,0.589421371,11.9047619
Ccdc122,0.588695893,5.555555556
Slc25a22,0.587791445,16.93121693
Ptpru,0.587511072,20.8994709
Gm16751,0.587393441,0.529100529
Pebp4,0.587053995,3.174603175
1700024B05Rik,0.586636154,27.51322751
Capn1,0.586555053,9.788359788
Raver2,0.586338253,12.16931217
Myh14,0.586307168,23.54497354
Slc6a17,0.586153381,48.94179894
Gm13157,0.584504388,1.322751323
Gm21739,0.584109592,0.793650794
Klf1,0.583698735,0.793650794
9530026P05Rik,0.583545214,32.53968254
Tmem229b,0.582066748,15.34391534
Tmem2,0.581496195,31.74603175
Spsb4,0.581381081,6.084656085
4930578G10Rik,0.581128062,46.03174603
Gnmt,0.5805248,2.380952381
Gls,0.58009487,82.01058201
4921513I03Rik,0.580075019,1.058201058
A930011G23Rik,0.580061088,69.04761905
Arhgap22,0.579979281,19.31216931
Lnx1,0.579763264,29.36507937
A830018L16Rik,0.578395194,57.93650794
Mctp1,0.577451961,70.63492063
Sema3a,0.577260378,34.65608466
Fkbp10,0.577229873,2.116402116
Flt3,0.57705501,23.28042328
2310016G11Rik,0.576765548,0.793650794
Extl1,0.576749892,2.380952381
Asb2,0.57626401,3.439153439
Dysf,0.57615612,16.66666667
Gm12689,0.575636841,3.703703704
Mpp3,0.57548946,13.49206349
Tnc,0.574890966,1.587301587
4933411O13Rik,0.574815076,2.91005291
Bckdhb,0.574358241,49.20634921
Gm13112,0.574295678,12.6984127
Col7a1,0.573773559,6.349206349
Slc25a37,0.573618592,4.497354497
Rbfox3,0.573491955,56.87830688
Susd6,0.57309517,38.35978836
Gpr153,0.572587413,10.05291005
Slc25a13,0.572312279,21.42857143
Ccdc150,0.5718468,6.349206349
Scn1b,0.571757424,21.42857143
Card19,0.571744014,8.73015873
Myo19,0.571000461,12.6984127
Esrrg,0.570633814,78.04232804
Kcnu1,0.570278834,16.93121693
Gm28154,0.569439648,2.645502646
Tmc1,0.568966701,4.232804233
Ano6,0.568642538,52.38095238
Sfxn5,0.568365327,52.64550265
4930519A11Rik,0.567962194,0.793650794
4933413L06Rik,0.567859486,21.16402116
Zyx,0.567777966,8.465608466
Gm26612,0.567716968,2.645502646
Ano3,0.567658067,52.64550265
Ddr2,0.566641583,8.73015873
Adora1,0.566465345,10.84656085
Cenpk,0.566459409,4.232804233
Porcn,0.566297548,22.22222222
Cdhr1,0.566063046,4.232804233
Hhatl,0.566049899,4.497354497
Cnksr3,0.565406892,4.761904762
C77080,0.565114982,8.465608466
Slc7a8,0.564644083,19.31216931
Gm9930,0.564430851,4.232804233
Stard9,0.56424684,39.94708995
Gm13067,0.564043153,1.322751323
Limk1,0.56382074,35.97883598
Heg1,0.563673348,7.407407407
Nxph1,0.563191785,95.76719577
Optn,0.563128034,23.80952381
Slc16a1,0.562856188,10.31746032
Nudt22,0.56240419,4.761904762
Slc4a3,0.561708964,40.74074074
Slc6a8,0.561531759,15.34391534
Sdk2,0.561072462,36.77248677
Dnajc21,0.560586331,18.51851852
Tll1,0.559967888,20.37037037
Arpp21,0.559846405,69.04761905
Plg,0.559183761,0.529100529
Gm44040,0.559147228,1.058201058
Lrpprc,0.558485623,37.3015873
Bora,0.557331386,7.142857143
Golga7b,0.557320962,14.81481481
Tdrd5,0.556605548,5.82010582
RP23-353F16.3,0.556435005,9.523809524
0610040F04Rik,0.556087965,10.31746032
Slc20a1,0.555754006,26.19047619
Hs3st2,0.555727614,22.48677249
Col28a1,0.555414723,3.703703704
St3gal1,0.554886167,2.645502646
Ell2,0.554492537,17.46031746
Slc35f3,0.553098219,26.98412698
Hrh2,0.552846571,2.645502646
Angpt1,0.552675664,13.75661376
Pdzd7,0.552615094,7.407407407
St5,0.552021179,21.42857143
Sipa1l2,0.551666799,14.55026455
Tmem65,0.55100643,20.8994709
Aen,0.550903331,2.645502646
Irx1,0.550407238,3.174603175
Me3,0.55019661,54.4973545
9030617O03Rik,0.549637745,7.407407407
Socs2,0.549589425,22.22222222
Scel,0.549572994,7.142857143
Zic4,0.549153033,10.31746032
Actr6,0.547885566,17.46031746
Gm4409,0.547799743,2.645502646
Mtmr11,0.547198401,7.671957672
Igsf21,0.547021055,20.10582011
Pole,0.546761341,4.232804233
Sugct,0.546648447,18.78306878
Grik3,0.546352966,39.94708995
Tmem151b,0.546329405,9.259259259
4930505A04Rik,0.546235879,3.703703704
Kcnip3,0.546183468,16.13756614
Sept11,0.546081314,31.48148148
Nrg4,0.545656498,11.37566138
Arhgef6,0.545584442,16.4021164
4930556J24Rik,0.545457036,33.06878307
Apba3,0.545311884,10.31746032
Plpp4,0.544653199,39.41798942
Gm38399,0.544161779,12.16931217
Sgk1,0.543716102,38.35978836
2310040G24Rik,0.542439111,3.439153439
AF529169,0.5422405,14.81481481
Wnk4,0.542042089,3.174603175
Sept2,0.542027822,45.5026455
Rhobtb1,0.540999997,19.57671958
Phkg1,0.540753201,11.64021164
Hsf5,0.540428561,9.788359788
Tmem25,0.540185157,22.75132275
Spdye4a,0.539458345,3.174603175
Slc4a2,0.539095188,13.75661376
AI854517,0.539058531,10.84656085
Tas1r1,0.538766823,2.91005291
Stac2,0.538754332,28.83597884
Gm7030,0.537753151,3.174603175
Arhgef10l,0.537083334,35.44973545
Pex5,0.536989441,12.16931217
Col6a4,0.536729691,1.851851852
Fam222a,0.536651497,7.936507937
Abcd2,0.536617403,10.31746032
Cyp4f13,0.536521177,5.82010582
Crb1,0.536507085,8.201058201
Rassf5,0.536362781,7.936507937
Slco2a1,0.536193893,11.64021164
Paqr8,0.536143826,20.8994709
Rapgef4os1,0.53589284,51.85185185
Tgfb2,0.535886438,5.291005291
Gm10634,0.53576637,2.116402116
Gm27032,0.53522995,22.75132275
Ust,0.535216186,27.77777778
1700019D03Rik,0.534247494,11.64021164
D7Ertd443e,0.534194367,4.232804233
Kcnt1,0.534097319,30.95238095
Zcchc2,0.53401168,9.788359788
Nfkbiz,0.533264162,5.82010582
Slc16a6,0.532963002,6.878306878
Steap2,0.532419822,12.16931217
Cacna2d4,0.532160452,23.54497354
Atp8b3,0.531848256,1.851851852
RP23-332G12.1,0.531194032,1.851851852
Rtn4r,0.530884198,4.761904762
Tex14,0.53071222,14.55026455
Plscr5,0.530409255,0.793650794
Tbc1d4,0.530325082,41.00529101
Kcng4,0.530129494,3.174603175
Atp1b3,0.529405313,34.12698413
Ciart,0.528854619,5.026455026
Cog2,0.52763566,13.75661376
Gm26799,0.526390574,0.793650794
Msrb3,0.525845516,15.34391534
Sox5,0.525615682,27.24867725
Gm28694,0.525612883,1.322751323
Tcea2,0.524829275,24.6031746
Arhgef3,0.524552288,21.69312169
Zfp385a,0.524538084,15.34391534
Espl1,0.524470017,1.322751323
Nln,0.524273367,21.16402116
Hrh1,0.524018549,4.232804233
Fam110b,0.523911776,32.53968254
Hlf,0.523398027,12.96296296
Bag3,0.523301062,7.142857143
Cfap77,0.522908833,6.878306878
Shisa8,0.522908391,1.322751323
Ankrd9,0.522822323,6.084656085
Caln1,0.521173453,59.52380952
Sacs,0.521020515,22.22222222
Kcnk12,0.520837332,4.761904762
Plekhd1os,0.520458725,0.793650794
Cubn,0.520171894,5.82010582
Vmn2r79,0.520080711,5.82010582
Lacc1,0.519885502,1.851851852
0610040J01Rik,0.51909021,4.761904762
Kcna2,0.518693482,14.02116402
Ank1,0.518579205,52.38095238
St3gal6,0.518310638,13.75661376
Peak1,0.518150223,45.76719577
Gm17359,0.517926127,21.95767196
Plch2,0.517841889,3.439153439
Tnfrsf12a,0.517281261,5.555555556
Aff2,0.517275359,73.28042328
4930579F01Rik,0.517077045,0.264550265
Atg4a,0.516714087,9.523809524
Uck2,0.516457259,17.72486772
Utrn,0.515486796,48.41269841
Nphs1,0.514982693,1.058201058
A330050F15Rik,0.514866744,8.465608466
Camkk1,0.514366079,12.16931217
Cdk18,0.514311469,9.523809524
Uchl1os,0.514062376,11.11111111
Aff1,0.513908775,16.66666667
Ffar4,0.513396256,0.529100529
Prep,0.513219408,9.259259259
Rec114,0.511811631,7.142857143
Notch4,0.511663324,0.793650794
Tradd,0.51114466,4.497354497
Macrod2os1,0.510764525,5.026455026
1700061I17Rik,0.51070125,12.96296296
Kifc2,0.510580694,40.21164021
Gm26869,0.510080476,6.084656085
Tktl1,0.509766345,3.703703704
RP23-21B1.5,0.509625883,0.529100529
Spink10,0.508699415,37.83068783
Chst5,0.508647609,1.322751323
Gm10552,0.508381715,2.380952381
Gm13561,0.507866943,2.116402116
Cenpu,0.506902987,2.91005291
Itgb3,0.50684253,2.380952381
3632451O06Rik,0.506697223,28.04232804
Gm34086,0.506575521,11.11111111
Smim17,0.506511517,3.439153439
Nmur2,0.506258155,17.1957672
9830132P13Rik,0.506173525,7.142857143
Epha10,0.505756071,51.05820106
Slc36a1,0.505677547,9.259259259
Gfra4,0.504650687,9.259259259
Tmem233,0.504605414,3.968253968
Myocd,0.504505336,2.380952381
Bpifb9a,0.504435668,0.529100529
Strip2,0.504250035,10.58201058
Elavl4,0.503927029,78.83597884
Gtpbp2,0.503756047,26.71957672
Tuft1,0.50362215,8.465608466
Rabepk,0.503555036,13.22751323
Rabep2,0.503419772,15.87301587
Ak5,0.503377737,49.47089947
Gm15564,0.502591941,5.82010582
Reep3,0.502355328,29.89417989
Lin54,0.502073098,13.75661376
Rbbp8,0.502052965,13.75661376
Gm15446,0.501531206,25.3968254
Olfr658,0.501473404,0.264550265
A630095N17Rik,0.501169041,1.851851852
Adk,0.501103793,45.5026455
Myh9,0.500506422,17.1957672
St3gal4,0.500309512,31.48148148
Carnmt1,0.499599586,19.04761905
Sptb,0.498765767,32.53968254
3110052M02Rik,0.498389744,2.91005291
Vipr1,0.498235965,2.645502646
Snrpn,0.498065439,58.2010582
Atp8a2,0.498061314,64.55026455
1700008O03Rik,0.497737249,4.761904762
Pet100,0.497155679,33.86243386
Ushbp1,0.49658941,1.851851852
Coro1b,0.4964583,10.05291005
Haghl,0.496305532,54.76190476
Krt222,0.49628451,29.89417989
C330013J21Rik,0.496095456,7.671957672
Ezh2,0.495205961,15.60846561
Fam19a1,0.494833638,78.57142857
Col20a1,0.49404163,3.703703704
Adarb1,0.493900049,34.92063492
Sdsl,0.493607438,10.05291005
Gm14051,0.49360178,7.936507937
A930024E05Rik,0.493003851,2.91005291
Usp2,0.492759419,18.51851852
Gdap2,0.492705747,18.51851852
Kcnh2,0.492695593,12.96296296
Plekhh3,0.492654766,7.407407407
Mitf,0.492118826,21.42857143
Snph,0.491945214,52.11640212
Rhbdf2,0.491650863,1.851851852
Sox11,0.49147637,26.45502646
Cdr2l,0.491238122,7.407407407
Arhgap27,0.490369961,3.439153439
Slco4a1,0.490129321,3.174603175
Pax6,0.490096035,2.116402116
Rgs8,0.489793432,5.82010582
Tubg2,0.489262563,11.11111111
Ror1,0.489165626,12.16931217
Armc3,0.489026656,5.82010582
Piwil2,0.488619571,2.91005291
Ankrd29,0.488476748,19.31216931
Pitpnc1,0.488095496,58.2010582
Abca7,0.488065534,27.77777778
Adam11,0.488065505,21.69312169
Myo16,0.488065415,33.86243386
Mylk4,0.487932247,2.380952381
Nrn1,0.487824854,17.72486772
Unc13c,0.487067562,58.2010582
Cdk19,0.486402997,24.86772487
Actn4,0.485247777,24.86772487
Dpysl4,0.484580834,15.60846561
Cyp26b1,0.483803401,1.322751323
Pla2g7,0.482986027,19.57671958
Rdm1,0.482866397,5.555555556
Vegfc,0.482753648,6.084656085
Acer1,0.482664132,6.613756614
Plekha7,0.482518801,25.13227513
Slc25a10,0.482087219,4.761904762
Tbxas1,0.481978744,5.82010582
Ppfia3,0.481969957,40.47619048
Nrbp2,0.481935648,28.83597884
L3mbtl4,0.481476391,32.01058201
Erich6,0.48139683,3.968253968
Gfod1,0.481062237,23.54497354
Igsf9b,0.480563622,5.026455026
Arhgap9,0.480561444,0.529100529
Akap1,0.479967993,9.523809524
Rtp3,0.479259443,2.116402116
Fras1,0.478970997,24.33862434
Glcci1,0.478805744,2.116402116
Gm12239,0.478610046,55.82010582
Upk3bl,0.478278496,10.05291005
Gm29398,0.478050054,0.793650794
Eme2,0.477590083,6.349206349
Gm26658,0.477563382,5.291005291
Myo6,0.477325753,34.12698413
Pacsin2,0.47676998,21.95767196
Anln,0.476747459,14.28571429
Zcwpw1,0.476698431,3.439153439
Foxn3,0.476692237,45.76719577
Nacc2,0.476574532,12.43386243
Micall2,0.476554662,2.91005291
Sbk1,0.476452149,9.788359788
Cd109,0.475685829,3.174603175
Gprin3,0.475617441,28.57142857
Lurap1,0.47526489,10.05291005
Morn3,0.475264545,1.851851852
Ubash3b,0.47503195,29.62962963
Plcl1,0.474505791,63.22751323
Tgfbr2,0.474403182,2.645502646
Mpp7,0.474083485,28.57142857
Ung,0.474068163,1.322751323
Gm29570,0.474067037,2.91005291
Sfxn3,0.473867927,21.16402116
Rap1gap,0.473554708,53.43915344
Syt7,0.473052127,35.97883598
Arhgap18,0.472878954,46.82539683
Creb3l2,0.472721425,25.13227513
St8sia6,0.472673814,15.60846561
Pde2a,0.472646296,18.51851852
Prox1os,0.472576234,1.322751323
Dhrs11,0.472512127,7.142857143
Mroh1,0.472374036,37.03703704
Cntnap4,0.471825965,57.67195767
Col18a1,0.471813372,6.878306878
Cxcl17,0.471421577,13.75661376
Rell2,0.471128515,23.01587302
Efr3b,0.470840498,46.82539683
Zfp536,0.470402525,44.97354497
A930033H14Rik,0.470034186,5.555555556
Fdxr,0.469815397,11.37566138
Crispld1,0.469747723,5.291005291
Actn3,0.469354362,3.703703704
Ppm1j,0.469297612,3.174603175
Iqsec3,0.468947007,44.70899471
Dvl1,0.46863685,19.04761905
Tgm5,0.468006523,1.851851852
Pidd1,0.467929441,1.322751323
Myo10,0.467724048,58.46560847
2410131K14Rik,0.46768103,8.73015873
Ankrd24,0.467511967,43.91534392
Tmem120b,0.467044699,25.13227513
Plk4,0.466809814,8.73015873
Mcu,0.466792776,40.47619048
Zfp622,0.466239542,5.026455026
C1ql3,0.466021779,11.37566138
Aim2,0.465453191,8.73015873
Cdk14,0.465400343,80.95238095
A530013C23Rik,0.464294821,1.851851852
Cotl1,0.463915359,11.9047619
4930554G24Rik,0.463745537,10.05291005
Gale,0.462980248,8.465608466
Shroom3,0.462370915,8.994708995
Gm43532,0.462211436,0.793650794
Wee1,0.461144446,7.142857143
Inpp5k,0.46098017,23.01587302
Jup,0.46009037,5.82010582
Sntb2,0.459710482,30.42328042
Habp4,0.459399859,24.6031746
Csdc2,0.459223079,29.62962963
Jag1,0.458342483,2.91005291
2900009J06Rik,0.457290584,6.613756614
Snx18,0.457192308,7.142857143
Gm2163,0.457056658,73.28042328
Cpa3,0.456827384,1.058201058
Spats1,0.456455868,7.142857143
Stk39,0.456400351,55.55555556
Map4k4,0.456329641,34.12698413
Asap2,0.455933463,27.77777778
Fgfr4,0.45559996,1.322751323
Plekha8,0.455468161,8.201058201
Slc22a23,0.455101461,27.77777778
Snhg6,0.454906491,4.497354497
Kcnn2,0.454547679,62.96296296
Atp12a,0.454509105,2.116402116
Cyp4f16,0.454108091,5.82010582
Mpp6,0.454013471,27.77777778
Pttg1,0.453967606,12.16931217
Dnase1l1,0.453932637,3.174603175
Slc9a5,0.453692253,12.43386243
Rgma,0.45359544,15.07936508
Ddx43,0.453572696,1.587301587
Fam98c,0.453231977,14.81481481
Tpcn2,0.453110165,10.31746032
Mcf2,0.452681891,8.994708995
Car12,0.452614567,3.174603175
Dfna5,0.4523027,37.83068783
A330069E16Rik,0.452172346,17.46031746
Il1r1,0.452018232,2.380952381
Arap2,0.451929502,10.05291005
Cdk20,0.451238456,6.349206349
Wdfy4,0.450305931,5.026455026
Wdr76,0.45019939,12.96296296
Gm15818,0.450081584,17.98941799
Kif16b,0.449968516,35.71428571
Gm28539,0.449493057,17.98941799
Slc2a6,0.449419508,10.31746032
Mybl2,0.449138948,2.116402116
B4galnt2,0.448728933,13.49206349
Lemd1,0.448209195,17.98941799
Cntnap5c,0.448122984,57.67195767
Kctd6,0.448098363,3.968253968
RP23-89C10.5,0.448058819,3.968253968
Adam23,0.447947203,69.04761905
Dgcr14,0.447755054,4.497354497
Vgll4,0.447670662,27.24867725
2810429I04Rik,0.447453394,4.497354497
Frem1,0.447359027,3.703703704
4930415F15Rik,0.446947304,2.645502646
Mdh1b,0.446567305,1.322751323
Myh7b,0.446564073,3.439153439
Zmiz1,0.446420132,37.3015873
Kctd9,0.445182762,7.671957672
Insc,0.444938974,2.380952381
Rasgrp2,0.443936261,12.43386243
Vwa5b2,0.443198111,41.7989418
Shcbp1l,0.442837376,3.968253968
Fbxl7,0.442795425,40.74074074
Stambpl1,0.442688456,25.13227513
Tbrg4,0.442361048,6.084656085
Bhlhe41,0.442358402,10.31746032
Mylk,0.441300118,4.497354497
Fam117a,0.441224552,6.349206349
Mcur1,0.441009899,5.026455026
Tomm5,0.440812884,8.73015873
Mapk12,0.44056559,8.994708995
4930467D21Rik,0.440329452,3.968253968
Usp25,0.440293503,28.04232804
Tfb2m,0.440283911,10.84656085
Lactb2,0.440245731,17.1957672
G0s2,0.440186307,5.026455026
Itga4,0.440094511,6.878306878
Rhebl1,0.439688242,6.613756614
Syt13,0.439147077,17.98941799
Fbxl8,0.439082147,1.322751323
Aifm1,0.438576374,20.8994709
Dhx58,0.438506601,2.116402116
Tmem50b,0.438502626,8.201058201
Arhgef38,0.437239942,2.380952381
Slc9a1,0.437109181,24.33862434
Deptor,0.436944916,22.75132275
Slc5a6,0.436858252,7.671957672
Pip5k1c,0.436666362,15.60846561
Ncor2,0.43636769,24.86772487
Gm12374,0.435748784,2.380952381
Rfng,0.435080394,19.31216931
Cdkn2d,0.434619456,7.142857143
D930020B18Rik,0.434601647,3.439153439
Gm14342,0.43451991,5.026455026
Smarcd2,0.434428802,5.82010582
Zfp13,0.433526254,5.291005291
K230010J24Rik,0.43350787,10.05291005
Crhr2,0.433392675,3.703703704
Rnf182,0.433052969,19.84126984
Tmem104,0.433020302,6.613756614
Ttc9,0.432961314,11.37566138
Gm19684,0.432727318,0.529100529
Hes6,0.43262072,4.497354497
Vwc2l,0.432042413,42.59259259
Prdm5,0.431806304,14.55026455
Gm26608,0.431603732,2.380952381
Psmd5,0.431534756,19.57671958
D930015E06Rik,0.431125693,24.6031746
Amhr2,0.431051057,3.174603175
Myo15,0.430966527,12.43386243
Gm4349,0.43091597,2.91005291
Itga7,0.430338744,3.703703704
Rab30,0.430124413,38.88888889
Hmcn2,0.429721283,2.645502646
A330102I10Rik,0.429340945,63.22751323
Rnf152,0.429296008,24.33862434
Fndc3b,0.428945696,25.92592593
Gm6288,0.428700093,5.555555556
Gm10600,0.428569055,7.671957672
Eps8l2,0.428186265,2.380952381
E130309D02Rik,0.428069726,5.026455026
Pdcd1,0.428030471,0.264550265
Ier2,0.427929382,1.322751323
Tfdp2,0.427598011,34.39153439
Dner,0.426714361,68.25396825
Tm6sf2,0.426574764,2.91005291
Prpf19,0.426429857,27.24867725
Gas6,0.426177881,20.8994709
Elavl2,0.426103206,83.06878307
Ypel3,0.42609938,41.26984127
Gm10373,0.425918355,3.439153439
Atp2b2,0.42576915,52.38095238
Gm805,0.425720343,2.91005291
Dnajc14,0.425677686,7.936507937
Abcc4,0.424905843,14.02116402
Nrip2,0.424784538,11.64021164
Clgn,0.424783138,16.13756614
Stx4a,0.424597997,18.51851852
Tmem79,0.424556489,2.380952381
Slc25a42,0.423852376,13.49206349
Tbc1d30,0.423546347,18.25396825
AI606181,0.423417707,1.587301587
Tmem117,0.423197306,63.22751323
Gm7233,0.422849596,0.793650794
Rex2,0.42223175,0.529100529
Fig4,0.422143041,18.78306878
Rbfox1,0.42196547,92.32804233
Mfi2,0.421851601,1.058201058
Klf3,0.421842699,7.142857143
Gm17171,0.421765467,1.851851852
Amot,0.421588308,3.703703704
3110021N24Rik,0.42156826,43.38624339
Col6a3,0.421387605,1.322751323
Kcnq2,0.42104244,46.56084656
Epha8,0.421030069,3.174603175
Casc5,0.420621431,3.703703704
Ahrr,0.420593337,1.587301587
Vamp1,0.42057386,14.81481481
Cep170b,0.420372763,14.28571429
Gabbr2,0.420108794,59.25925926
Col6a6,0.419851478,1.587301587
Noc3l,0.419792232,7.142857143
Mknk2,0.419398,4.761904762
Ccng1,0.419251391,5.555555556
Ptpn5,0.418630356,37.03703704
4933405D12Rik,0.418487646,2.645502646
Cpn1,0.418482897,1.058201058
Adam2,0.417794392,4.232804233
Mecr,0.41772402,27.24867725
Trim3,0.417461477,23.28042328
Snrpa,0.416598194,14.02116402
Meis3,0.416531455,20.8994709
Il33,0.416453947,7.142857143
Mgat5,0.416228016,49.20634921
1110008P14Rik,0.415844707,13.75661376
Tmem52,0.415679685,0.529100529
Gm15457,0.415266473,1.851851852
Zc3h11a,0.414556146,5.291005291
Fam13a,0.414554143,49.47089947
Prrt3,0.414507859,6.349206349
Card10,0.414214925,2.645502646
Cr2,0.414123552,2.91005291
Gm42485,0.413314057,2.645502646
Mrpl41,0.412776217,29.62962963
Serping1,0.412535222,8.73015873
Orc2,0.41236101,41.53439153
Stxbp5l,0.412069338,89.68253968
Slc25a33,0.411834249,10.58201058
Gm5544,0.41093067,2.116402116
Vmn2r69,0.410838731,0.264550265
Rap1gap2,0.41071703,45.76719577
Eme1,0.410228072,2.645502646
Tbkbp1,0.409793937,17.46031746
Mypn,0.409764799,3.174603175
Lrrd1,0.4097313,3.703703704
Mybbp1a,0.409575269,7.142857143
H2-T22,0.409217452,8.465608466
Agfg2,0.409198771,25.13227513
Gm15486,0.409083842,0.793650794
Acad10,0.409077845,15.60846561
Zfp474,0.408958929,1.322751323
Lca5,0.408912836,12.43386243
Xrcc6bp1,0.408750206,6.878306878
Gm26668,0.408483872,15.07936508
Far2os1,0.408333842,1.322751323
Rnf17,0.407916008,5.291005291
Myh6,0.407718559,4.761904762
Wwc1,0.407671705,19.84126984
Lrtm2,0.407279382,4.761904762
Mark4,0.407199982,16.4021164
Pcnt,0.407044884,10.05291005
Spag4,0.406152825,6.613756614
Gm13571,0.406109421,0.529100529
Fam109a,0.405864957,4.232804233
C9,0.405671748,1.851851852
Cep83,0.405400729,29.1005291
Vars2,0.404890249,6.084656085
Ttc14,0.404855869,75.13227513
Fam126a,0.404830833,17.1957672
Hs3st5,0.404798726,73.28042328
Gm12394,0.404674541,25.66137566
Asb6,0.404646705,6.613756614
Adcy1,0.404548062,11.11111111
Gm26767,0.404521261,5.026455026
5031439G07Rik,0.404433337,38.62433862
Dnajc17,0.404249839,33.5978836
1700034P13Rik,0.404088562,6.349206349
1700007G11Rik,0.404027471,11.9047619
Zfp563,0.403963515,9.259259259
Ulk3,0.403756626,7.407407407
Mansc1,0.40375514,1.058201058
Ctsf,0.403450624,14.02116402
Cdh22,0.403191103,18.51851852
Slc13a1,0.402974054,1.058201058
Cenpi,0.402816035,2.645502646
Max,0.402628292,15.34391534
B930041F14Rik,0.401574558,7.936507937
Bak1,0.401564956,4.497354497
Gm14862,0.401436096,0.264550265
Ccdc171,0.401148843,17.72486772
Egf,0.401106077,7.142857143
Slc25a20,0.40107884,16.13756614
Cyb561d1,0.40006572,3.968253968
Shf,0.399440095,5.026455026
Lsm11,0.399193247,5.026455026
Reps2,0.398966643,38.0952381
Ttc39aos1,0.398649487,5.026455026
Slc5a11,0.398570194,2.645502646
9530027J09Rik,0.398334605,1.587301587
Cluh,0.398291429,15.60846561
Cep112,0.398161966,67.46031746
Tnfsf13b,0.397505213,5.82010582
Tjp2,0.397501085,8.73015873
Hdac3,0.396988043,43.12169312
Gm14412,0.396835852,1.058201058
Rtkn,0.396561547,25.3968254
Gm28516,0.396421599,0.793650794
Tmem56,0.39615417,15.07936508
Slc7a12,0.395919065,0.264550265
Cutc,0.395440571,5.026455026
Cachd1,0.395063268,31.48148148
Slc6a4,0.394971046,0.793650794
Adgrg2,0.39472635,4.232804233
Gm13660,0.394373977,0.529100529
Dtnbp1,0.394368306,21.69312169
Napg,0.394300439,29.62962963
Sema6a,0.394026184,33.33333333
Platr15,0.394006202,1.322751323
Gm16141,0.393607169,8.201058201
Rps6kb2,0.393338003,25.3968254
Afm,0.393306032,3.968253968
Triobp,0.393065147,2.380952381
Umad1.1,0.392783747,3.703703704
Hspbap1,0.392420181,11.9047619
Plekho1,0.392395747,10.05291005
Stk36,0.392284756,6.349206349
Echdc3,0.392169485,0.793650794
Frmd8os,0.391891243,0.793650794
Ahnak2,0.391740515,8.994708995
Gm16701,0.391663198,3.703703704
St8sia1,0.391292444,21.69312169
Stx8,0.39102882,35.71428571
Atad3a,0.390838249,17.1957672
Gm11639,0.390794934,3.439153439
Nr1h3,0.390613961,2.91005291
Sycp2,0.390309015,45.23809524
Cep152,0.389574102,5.291005291
Bend6,0.389173149,63.49206349
Mgst3,0.389167758,12.96296296
Atg3,0.389123029,23.01587302
Cic,0.389043794,11.9047619
Ighmbp2,0.388816111,6.349206349
Cdc25b,0.38870902,6.349206349
Thrb,0.38857838,48.94179894
Whamm,0.388571634,14.81481481
Pbk,0.388446264,7.671957672
Gabrr3,0.388308965,1.058201058
Map4k2,0.388050525,33.06878307
D8Ertd82e,0.3878187,6.084656085
Gm28578,0.387381081,3.968253968
Itgav,0.387219116,6.878306878
4933416M07Rik,0.387156773,5.555555556
Gm38155,0.387133388,10.31746032
Tbc1d31,0.38698507,13.22751323
Galnt9,0.386824448,16.4021164
Pnpla3,0.386112403,18.51851852
Adcy8,0.38603516,41.7989418
Maf,0.385904267,5.026455026
Taf4b,0.385521512,8.465608466
Nup93,0.38545163,31.21693122
Ccdc163,0.385388423,6.084656085
Unc5c,0.385299972,93.12169312
9530034E10Rik,0.38516245,6.878306878
Oscar,0.384982466,4.232804233
Map3k9,0.384798754,8.994708995
Lpar3,0.384710984,1.851851852
Tfrc,0.383769678,12.96296296
Prrg2,0.383717767,3.174603175
Zfp872,0.383489119,0.793650794
Gm20186,0.38348221,2.645502646
1110008L16Rik,0.38321754,17.98941799
Fut8,0.383081619,55.82010582
Tnfsf4,0.382786893,1.322751323
Stambp,0.382296771,12.43386243
St3gal3,0.381898307,43.38624339
Alms1,0.381818856,29.89417989
Gm29530,0.381511261,1.322751323
Sbspon,0.381049297,1.322751323
Abcb9,0.381029341,17.1957672
Hcn1,0.381005739,87.83068783
Gabrb2,0.380958977,41.00529101
M1ap,0.380675325,1.322751323
Actr3b,0.380524518,15.60846561
1700021F05Rik,0.379637341,11.11111111
E130304I02Rik,0.379278662,2.380952381
Neurl1b,0.37871095,1.587301587
Cplx1,0.37856723,25.3968254
RP23-83P19.1,0.378344575,1.587301587
Abca17,0.378343274,5.291005291
Bri3bp,0.37796644,8.994708995
Dennd2c,0.3778271,1.322751323
Syn3,0.37739998,70.10582011
Chpf2,0.377086378,23.80952381
Ropn1,0.376716451,1.851851852
Lrrn3,0.375221855,10.84656085
Dlg3,0.375146266,7.407407407
St6galnac6,0.3749078,12.96296296
Ndrg4,0.37464342,58.2010582
Sdcbp,0.374622192,12.43386243
RP23-477O13.1,0.374139573,1.322751323
Myrf,0.373913072,2.645502646
Rasal2,0.373689629,71.69312169
E130006D01Rik,0.373603885,1.851851852
Nmrk1,0.373576967,9.523809524
Fanca,0.373142695,2.91005291
Hat1,0.372863844,10.58201058
Nexn,0.37272441,10.05291005
Gm26861,0.372558926,5.82010582
Ints1,0.372280351,10.31746032
Htr3a,0.372218041,0.529100529
Tmem186,0.372179435,17.98941799
Mlx,0.371990914,8.73015873
Mthfsd,0.371921939,20.10582011
9230113P08Rik,0.37175813,1.058201058
Gcm1,0.371523305,1.587301587
Pcbp4,0.371218187,35.18518519
2610044O15Rik8,0.37115934,8.201058201
Mfap3l,0.370969004,11.64021164
Asb8,0.370718851,10.05291005
Pfkp,0.370307973,39.41798942
Cactin,0.370268318,4.497354497
E2f3,0.369870635,11.9047619
Parp3,0.36953248,1.851851852
Tsx,0.369444934,2.91005291
Tlk1,0.369335949,35.18518519
Il11ra1,0.369082469,15.34391534
A930007I19Rik,0.369055414,4.497354497
Tmem8,0.368818855,7.142857143
Gm9754,0.368140914,0.264550265
Bmp1,0.368089827,6.349206349
Twf1,0.368073729,4.497354497
Asph,0.367887111,29.89417989
Cerkl,0.367777556,7.671957672
Atad2,0.367629425,8.201058201
Hcrtr1,0.367321203,2.91005291
Mocos,0.367258404,1.322751323
Clec16a,0.367231758,34.39153439
RP23-306P12.4,0.365715495,0.264550265
Ciita,0.36498408,1.851851852
Cox19,0.364931979,15.87301587
Fmn1,0.364219199,42.59259259
Qrsl1,0.364162771,11.64021164
Plekha1,0.364162634,31.21693122
Palb2,0.3640993,3.439153439
Selenbp2,0.36385436,1.058201058
Guca1b,0.363813998,2.116402116
Pdrg1,0.363766797,16.66666667
Luzp1,0.363670568,47.35449735
Agpat9,0.363018684,9.259259259
Gm37982,0.362936814,9.523809524
Slc18a1,0.362653567,3.174603175
Mybpc2,0.362573487,0.529100529
Scrt2,0.362085771,2.645502646
Inip,0.362048235,7.671957672
Dck,0.361771909,5.291005291
Tec,0.361764683,0.529100529
Sept4,0.361602167,26.19047619
Mrap2,0.36143962,30.68783069
Eml3,0.361425446,5.291005291
Rap1gds1,0.361268502,43.12169312
Atxn7l3,0.360949295,6.878306878
8030462N17Rik,0.360313846,26.19047619
Ssc4d,0.360024587,3.174603175
A230083G16Rik,0.359862139,3.703703704
Dexi,0.359311101,19.04761905
Wdr81,0.359083301,3.439153439
Plekhg3,0.358900318,4.497354497
Fbxo27,0.358716236,3.439153439
Tyw1,0.358577509,21.69312169
Zfp866,0.358339855,7.936507937
Gm20468,0.358181739,2.116402116
Gm14009,0.358143163,11.11111111
Sec14l2,0.358027916,5.026455026
Cox10,0.357987433,18.25396825
Gal3st1,0.356997687,7.671957672
Kcnc1,0.356750697,24.86772487
Epha6,0.356743692,93.65079365
Tcf4,0.356576105,74.33862434
2610507B11Rik,0.356475826,24.33862434
Gm14410,0.356372912,27.51322751
Appl2,0.356289814,11.9047619
Kcnip4,0.356162899,100
Adap2os,0.356125596,1.587301587
Bmp2k,0.355996737,8.201058201
Rhd,0.355979821,15.87301587
Ypel4,0.355974034,26.98412698
4930556N13Rik,0.355940076,11.9047619
Tesk2,0.355137223,13.22751323
Fgf12,0.354929663,75.3968254
Usp3,0.354897602,17.98941799
Hopx,0.354396686,2.91005291
Ccdc141,0.354341385,5.555555556
1700123I01Rik,0.354122992,3.703703704
Pstpip2,0.354008361,6.878306878
5031414D18Rik,0.353862925,1.058201058
Uchl5,0.353828647,17.1957672
Blm,0.353659763,9.788359788
Ilvbl,0.35343931,14.02116402
Mapk6,0.353314143,12.16931217
Nipal2,0.353001941,37.03703704
Ttf2,0.352882398,2.91005291
Atg7,0.352863058,16.4021164
Arrdc1,0.352285432,14.28571429
Btla,0.352183002,3.174603175
Adgrd1,0.35182045,3.174603175
Gm37459,0.351575967,5.026455026
Pls3,0.351357517,24.86772487
Rnf208,0.351357455,11.11111111
Nmt2,0.351226743,45.23809524
RP23-231J2.1,0.351002683,76.45502646
N4bp3,0.350991854,1.587301587
Smad3,0.350907326,3.439153439
Map1a,0.350620865,19.57671958
Sh3gl2,0.350590356,53.17460317
Fabp3-ps1,0.350302964,4.497354497
Acadvl,0.350199814,21.16402116
Elf2,0.350190396,17.1957672
Mapk14,0.3498847,36.24338624
Gm12236,0.349434087,18.78306878
Wwp1,0.349315582,37.56613757
Brip1os,0.349142602,31.48148148
Pid1,0.349106754,65.87301587
Ptn,0.349105993,30.68783069
Ap1b1,0.348977437,21.16402116
Slc35f4,0.348874101,53.43915344
Zfyve9,0.34861553,68.51851852
Tpk1,0.348514863,27.77777778
Papln,0.34731808,1.322751323
Hspa4l,0.346867132,39.94708995
Cpsf3l,0.346624733,13.49206349
Gm10475,0.346530955,0.529100529
Tsnax,0.346413951,16.93121693
Kctd8,0.346384821,72.22222222
Psmc4,0.346166496,22.75132275
Zfp664,0.34615076,18.78306878
Gm13919,0.345617953,11.64021164
Dna2,0.345488644,6.878306878
Ogfod2,0.34531084,7.936507937
Cyp2d22,0.345278569,2.380952381
Dlat,0.345047407,34.65608466
Stk10,0.344792931,12.43386243
Slc27a2,0.344548994,4.497354497
Tmem232,0.344396469,6.613756614
Tmem161b,0.343624328,42.32804233
Cyb5r4,0.343596451,20.8994709
Mrpl42,0.34317663,22.22222222
Abcf3,0.343153581,12.16931217
Tmlhe,0.343012851,30.42328042
Gm15918,0.342559546,3.174603175
Greb1,0.342538442,3.968253968
AA543186,0.342406897,6.084656085
Lztr1,0.341851766,29.89417989
Mme,0.341515812,3.968253968
Tjap1,0.341311748,13.22751323
4933436I20Rik,0.341080337,3.439153439
Lrrc20,0.340957928,16.4021164
Lypla2,0.340845725,14.28571429
Vcan,0.340812459,7.142857143
Alkbh4,0.340739932,2.380952381
Gm9934,0.340552797,3.703703704
Lin28b,0.340184234,34.65608466
1810062G17Rik,0.339920474,0.529100529
Gm26693,0.339912383,16.4021164
Gm20508,0.339784897,1.322751323
Oraov1,0.339678924,6.613756614
Mtx1,0.339548764,10.84656085
Syne1,0.338967636,67.98941799
Pramel7,0.338937379,4.497354497
Nudt13,0.338935196,10.58201058
Gm11128,0.338673488,0.529100529
Them6,0.338602838,6.613756614
Fam126b,0.338445957,37.56613757
Erbb2ip,0.338117267,35.97883598
Sema3e,0.337429193,34.65608466
Tsr3,0.337271179,12.43386243
Isca2,0.337237224,21.16402116
Ptpn3,0.336813961,22.22222222
Zfp871,0.336584069,11.37566138
Utp18,0.336580044,11.37566138
Dtnbos,0.336545971,29.62962963
Mapk8,0.336510896,42.32804233
Gm37168,0.336228832,1.587301587
Srcin1,0.336022664,30.68783069
Tax1bp3,0.335694628,2.91005291
Tnfrsf21,0.335536633,19.84126984
Gm16126,0.335476338,10.31746032
Gm38025,0.335353262,0.529100529
Pcca,0.335285968,54.23280423
Gm15965,0.335197517,21.16402116
Zfp454,0.335101378,1.851851852
Gm12718,0.335055187,5.026455026
Aes,0.334990889,15.34391534
Osbpl1a,0.334790289,28.83597884
Nedd4l,0.334245957,61.11111111
Hadhb,0.334064388,19.57671958
Atg4d,0.33367481,12.6984127
B430203G13Rik,0.333605258,1.322751323
Manba,0.33327403,26.98412698
Ttyh1,0.332907262,19.31216931
Ccdc58,0.332260421,24.6031746
Kcnn1,0.332050211,1.587301587
Rbks,0.331766247,13.22751323
Anapc15,0.33151363,5.555555556
Pde9a,0.331361628,16.13756614
RP24-269A16.9,0.331061033,6.349206349
Bco1,0.331023488,1.851851852
Clec2l,0.330819626,7.671957672
Slc1a7,0.330661116,1.851851852
Tcf7,0.330482158,1.058201058
RP24-185P7.1,0.330063501,0.529100529
Gm14661,0.329876118,6.878306878
Tlcd2,0.32984205,7.671957672
Ttc39c,0.329557384,12.96296296
Cpsf2,0.329537172,5.82010582
Esyt1,0.329203902,6.349206349
Gm42418,0.329059294,26.71957672
AI115009,0.329018437,0.793650794
Inadl,0.328595301,39.15343915
Tor3a,0.328451741,3.174603175
Ntng1,0.328449943,73.01587302
Gm10399,0.328425722,0.793650794
Bach1,0.328383217,7.407407407
Cep131,0.328022701,6.878306878
Gm26835,0.327541908,54.4973545
Rapgef4,0.327176329,63.22751323
Ddx27,0.326864909,11.11111111
Hs3st3b1,0.326839868,3.439153439
Rfx8,0.326830278,0.529100529
Tcf12,0.326829304,70.37037037
Nrg2,0.326742133,52.38095238
Cfap99,0.32607183,5.291005291
Tmprss9,0.325862466,3.174603175
Tsix,0.325821712,0.264550265
Pak1,0.3252867,36.50793651
Cldn16,0.32522014,0.264550265
Itsn1,0.325022059,43.65079365
4930500L23Rik,0.324996595,1.322751323
Sympk,0.324623159,25.13227513
Tbx3os2,0.324464867,1.058201058
Myo7b,0.324411342,6.349206349
Coro7,0.32431056,23.01587302
Camk2d,0.32355508,69.04761905
Trim43a,0.323519932,2.380952381
Uvrag,0.323444474,37.3015873
Sema4d,0.323418379,23.80952381
Ifrd1,0.323325213,15.34391534
Tnfrsf9,0.323110699,4.232804233
Dtnb,0.322787814,69.84126984
D030068K23Rik,0.322325177,47.61904762
Gpatch3,0.322232072,3.703703704
Tead3,0.322035119,1.322751323
Ppp2r2c,0.32192349,28.83597884
Tulp3,0.321851432,36.77248677
E2f7,0.321789089,0.529100529
Reep4,0.321637453,2.116402116
Abhd6,0.321567571,27.51322751
Nsf,0.321439263,72.22222222
2610206C17Rik,0.321095481,2.380952381
Slc37a4,0.320960939,6.084656085
Pbld2,0.320746838,7.142857143
Mturn,0.320716021,7.407407407
Ubtd1,0.320701325,8.73015873
Oxr1,0.320681791,91.26984127
Fbxo30,0.320610839,6.349206349
Heatr5a,0.320506198,25.92592593
Tango2,0.319249918,53.96825397
Gm43597,0.319169925,5.555555556
a,0.31892857,19.04761905
Iffo1,0.318776964,15.60846561
Fam73b,0.318506776,25.66137566
Fahd2a,0.318423912,7.407407407
Cmss1,0.318414474,21.95767196
Gm26770,0.318222777,10.84656085
Enox2,0.317733626,20.10582011
Cep295,0.31760672,20.63492063
Tspan17,0.317538385,28.83597884
Pkhd1l1,0.317475032,1.322751323
Nfyc,0.31715912,34.65608466
Kif2a,0.317137418,48.41269841
Col14a1,0.317097211,6.349206349
Kcnq1,0.317050873,48.41269841
Serf2,0.316852345,21.69312169
Bpifc,0.316810765,0.529100529
Ppp1r12b,0.316667397,52.91005291
Nip7,0.316548847,5.555555556
Klhdc8a,0.316390942,2.116402116
Trim67,0.316351552,12.43386243
Lhx2,0.316300087,0.264550265
Gm21969,0.315860208,1.058201058
Ldlrad4,0.315809424,59.25925926
Gm26737,0.315790474,3.174603175
Ankrd13d,0.315712053,20.37037037
Gm29666,0.315659411,3.703703704
Ndc80,0.315633209,1.058201058
Fut9,0.315562661,46.2962963
Pdhx,0.315385939,23.01587302
Ptges,0.315318322,4.497354497
Plxnd1,0.315141827,1.058201058
1700007F19Rik,0.315017398,0.529100529
Fam129a,0.314838671,2.91005291
Pgm1,0.314573277,4.761904762
Dym,0.314304649,39.15343915
Ankrd34c,0.314148138,1.058201058
Fmnl2,0.31375265,69.31216931
Mast4,0.31340381,71.69312169
Bin1,0.313391045,46.56084656
Ccdc88c,0.313112299,3.968253968
Sdccag3,0.31295591,24.33862434
Apba1,0.312863139,66.13756614
Chrna9,0.312687112,2.645502646
Dus1l,0.312583776,7.407407407
Klhl17,0.312535391,11.11111111
Dhx37,0.312415842,6.878306878
Ndufa10,0.312388361,29.1005291
Rab31,0.312101255,17.98941799
Lrrc69,0.312062191,8.73015873
Lgi1,0.311953634,26.45502646
Dgkq,0.311937586,14.81481481
Gm32569,0.311732082,3.174603175
Snx32,0.311723723,38.0952381
Hapln4,0.311587361,6.878306878
Dcaf11,0.311466675,11.11111111
Rsrp1,0.311378262,85.97883598
Myrip,0.311290716,21.42857143
Reln,0.31113011,15.07936508
Gm26885,0.311126661,2.91005291
2810459M11Rik,0.310733905,7.936507937
Atp2b3,0.310638225,28.57142857
Gm4793,0.310563921,2.645502646
Comt,0.31053193,50.79365079
Thy1,0.310514596,27.77777778
St3gal5,0.310396511,22.48677249
Zfp433,0.310343452,9.523809524
Gm28153,0.31029767,46.56084656
Gm13942,0.310171878,0.264550265
Gm43064,0.310072501,1.587301587
D230025D16Rik,0.309955589,21.16402116
Cyc1,0.309893136,21.95767196
Tbc1d9,0.309886628,23.54497354
Sppl2a,0.309872141,22.48677249
Krt7,0.309840914,0.264550265
Cnot2,0.30953297,43.91534392
Atp13a2,0.309501869,30.95238095
Kif5a,0.309498333,49.73544974
9530059O14Rik,0.309453027,54.23280423
Ppargc1b,0.309401763,18.78306878
Pinx1,0.309384958,10.58201058
Irf3,0.309283723,20.37037037
Slc4a7,0.308997867,25.3968254
Stxbp2,0.30890253,5.82010582
Cstad,0.308557431,0.529100529
Tacc2,0.308524122,24.33862434
Nfasc,0.308407916,57.67195767
Cdc14b,0.308137642,40.74074074
Cpeb1,0.308123468,39.68253968
Otud7a,0.308045528,76.71957672
Kcnc3,0.307856428,22.75132275
2510039O18Rik,0.307827801,7.407407407
Neu1,0.307659232,12.6984127
Tmem127,0.307602357,12.96296296
Tdg,0.307560417,8.994708995
Tekt5,0.307517772,1.322751323
Lynx1,0.307130799,21.95767196
Il17ra,0.306925387,1.322751323
Plcd1,0.306801791,5.291005291
Trim37,0.306357868,43.38624339
Srrm3,0.306129992,55.29100529
Lamp5,0.305938758,12.16931217
Plec,0.305514705,23.01587302
Pfkm,0.305340544,22.48677249
Ubl3,0.305206938,29.36507937
Chm,0.305113979,43.38624339
Plk2,0.304893438,7.671957672
Nr3c2,0.304884819,62.6984127
Rogdi,0.304779126,31.21693122
Plekha5,0.304340518,63.22751323
Gm28845,0.303672812,1.058201058
Cast,0.303668346,19.04761905
Dnm2,0.3035414,46.2962963
Cnnm2,0.303408958,20.37037037
Hsd17b7,0.303394695,5.291005291
Smoc1,0.303321909,10.31746032
Letm1,0.303317774,11.64021164
Trmt1,0.302960679,22.48677249
Auh,0.30270946,28.57142857
Wnk2,0.302595819,51.05820106
Spns2,0.302547466,11.37566138
Dclre1c,0.302524084,11.64021164
Mtcl1,0.302123701,28.30687831
Immp2l,0.302037125,60.58201058
Wbp1,0.302024722,8.201058201
Gm37240,0.30158087,49.47089947
Nmnat1,0.301503375,3.174603175
Ccdc69,0.301503326,0.529100529
Nt5c,0.301486771,10.05291005
Chka,0.301386254,50
Poldip2,0.301215231,12.43386243
Tek,0.301196581,20.8994709
Nrip3,0.30109068,18.51851852
Lrrc1,0.300987088,12.96296296
Acss2,0.300348623,29.1005291
Frmpd4,0.300283446,91.00529101
1700025G04Rik,0.300174342,44.97354497
Klc2,0.300149091,36.50793651
Tom1l2,0.300148528,65.60846561
Dlc1,0.300041426,58.2010582
Gm43150,0.299916086,1.587301587
Limch1,0.299728506,62.6984127
Gpatch2,0.299717649,40.47619048
Ccdc6,0.299680384,15.07936508
2900079G21Rik,0.299649659,3.174603175
2210011C24Rik,0.299625251,1.322751323
Fam78b,0.299526968,14.81481481
Col13a1,0.29952453,1.058201058
Slc24a2,0.299251977,73.28042328
Ndufaf2,0.299002354,18.25396825
Scyl1,0.298927364,9.523809524
Atp6v0a2,0.298910021,19.04761905
Osbp,0.298676512,15.60846561
Tmem44,0.298665108,6.878306878
Suclg1,0.298429236,24.6031746
Akap13,0.298334149,36.77248677
Mmel1,0.298035587,1.851851852
Eml2,0.297838126,41.00529101
Sumf1,0.297712814,22.48677249
Slco5a1,0.297649623,3.968253968
Gm2087,0.297577365,16.93121693
Dennd6b,0.297430683,32.8042328
Tfg,0.297314381,18.78306878
Tmem63b,0.296291455,32.27513228
Traf3,0.296169616,48.14814815
6030443J06Rik,0.296138734,23.80952381
Napb,0.296122213,34.12698413
Gm17382,0.296120837,4.497354497
Apol8,0.296076766,0.793650794
Snap91,0.29600973,72.48677249
Sorcs1,0.295990018,70.8994709
Zic2,0.295869949,0.793650794
Traf3ip3,0.295866384,0.793650794
Cntn3,0.295816302,50.52910053
Ttc21b,0.295664676,26.19047619
Fam63b,0.295512143,32.27513228
Rxrb,0.295297201,6.084656085
Twist2,0.295054415,1.322751323
Actn1,0.295031381,17.46031746
Tyms,0.294823224,7.142857143
Mpnd,0.294605044,12.16931217
Lnx2,0.294553755,2.91005291
Skiv2l,0.294219545,12.96296296
Fam49b,0.294012216,74.33862434
Adap2,0.293787999,1.322751323
Gmcl1,0.293780647,41.7989418
Adgrg6,0.293724734,14.55026455
Chst1,0.293661531,17.72486772
Lipe,0.293639347,24.6031746
E230025N22Rik,0.293566923,2.116402116
Med15,0.293398141,38.35978836
Zxdc,0.292994606,10.58201058
Socs6,0.292985065,20.10582011
Rmnd1,0.292933251,27.24867725
Rpl36,0.292725649,17.1957672
Myl3,0.292289099,0.529100529
Adam18,0.292126955,1.322751323
Unc13a,0.291762139,38.62433862
Tmed9,0.291611452,33.86243386
Prox1,0.291354387,2.645502646
Il31ra,0.291352969,6.349206349
Entpd5,0.291271595,12.96296296
Ube4a,0.290834487,29.62962963
Adgrb1,0.290677823,26.45502646
Pxdc1,0.290443975,1.058201058
Kcnj3,0.290433927,67.46031746
Mfsd8,0.290432108,7.936507937
Inpp5a,0.290374822,20.63492063
Car10,0.290083585,85.71428571
Zpbp,0.289843611,5.026455026
Mob3c,0.289488967,3.703703704
Stard10,0.289300646,8.73015873
Fbxo44,0.289263646,14.81481481
Adcy9,0.289237596,38.35978836
Gm44188,0.2890783,4.761904762
Egln3,0.288960955,1.058201058
Ces4a,0.288882515,3.703703704
Cemip,0.288651337,12.43386243
B3galnt2,0.288042093,11.64021164
Gm14827,0.287810834,13.75661376
Slc16a10,0.287734801,8.465608466
Ahcyl1,0.287319933,26.71957672
Mtm1,0.287314926,24.33862434
Cks2,0.287011895,1.058201058
Fam188a,0.286994653,21.95767196
Ppcdc,0.286912253,13.75661376
Ttll7,0.286818998,34.12698413
Edc4,0.286790114,9.788359788
Ier5l,0.286744987,1.851851852
Ppm1e,0.286545689,67.46031746
Bsn,0.286457048,32.27513228
Cpt1a,0.286419934,4.761904762
Polg,0.286407491,11.37566138
Trnp1,0.286106584,8.465608466
Trmu,0.285883147,17.98941799
2900011O08Rik,0.285751703,41.7989418
Nvl,0.28568925,37.3015873
Hs6st3,0.285552893,82.8042328
Tmem245,0.285414815,28.04232804
Zfp949,0.285267101,26.19047619
Scara3,0.284786955,0.529100529
Cttnbp2,0.284583251,65.60846561
Adcy7,0.284547753,12.16931217
Gm15614,0.284448052,22.48677249
Cpeb3,0.284178654,88.0952381
Prkcz,0.284038011,41.7989418
Prkaa2,0.284033881,19.04761905
Tmem189,0.283914733,19.84126984
Kif26b,0.283856066,47.61904762
Tsen15,0.283742885,7.671957672
Asb1,0.283685027,5.291005291
Kank4,0.283481811,5.291005291
Dok7,0.283330005,3.703703704
Gm15418,0.283238925,4.497354497
Arf5,0.283197122,23.28042328
Pde10a,0.283160827,83.33333333
Scn1a,0.283150815,70.10582011
Fnip2,0.283133919,20.37037037
Ndfip2,0.28292566,27.24867725
Fgf3,0.282839614,0.264550265
Mob2,0.282824315,20.8994709
Twf2,0.282817396,10.31746032
Hdac4,0.282348318,28.04232804
Nr1h2,0.281920755,11.9047619
Dock9,0.281742815,45.76719577
Gm26820,0.281706958,11.64021164
Wasf3,0.281569225,27.51322751
Plcl2,0.281540971,32.53968254
Camk4,0.281524012,41.7989418
Ints3,0.281466378,21.95767196
Alad,0.28135217,6.613756614
Homer1,0.28127902,20.63492063
Cyp4f18,0.28120966,2.645502646
Adamts10,0.281193549,16.66666667
Ap2m1,0.28098284,19.57671958
Gm44051,0.280971965,12.16931217
Gm16573,0.280732706,5.291005291
Cc2d1b,0.280707028,11.37566138
Zranb2,0.280572674,52.91005291
Ncbp3,0.280478714,21.16402116
Efcab11,0.280300311,2.380952381
Tiam1,0.279856309,16.13756614
Gabra5,0.279777217,14.81481481
Adhfe1,0.279292373,3.174603175
Faap100,0.279291465,10.05291005
Ddx26b,0.27927478,30.15873016
Polr3a,0.278734312,12.16931217
Pim3,0.278718386,5.555555556
Pif1,0.278636083,0.793650794
Gm15473,0.278610677,0.264550265
Ttc19,0.278412959,44.70899471
Pdcd2l,0.278354927,14.02116402
Mprip,0.278227197,40.74074074
Diaph2,0.278040027,52.91005291
Trpm2,0.278012564,16.13756614
Hmgb1,0.278006486,26.98412698
4732471J01Rik,0.277575137,42.59259259
Etfa,0.277564812,35.71428571
Bax,0.277500889,17.72486772
Sirt7,0.277444913,30.68783069
Chst8,0.277136279,17.46031746
Smap2,0.277132556,20.10582011
Pigo,0.27713207,5.291005291
Samd10,0.276886685,8.994708995
Sft2d1,0.276765287,14.02116402
Nusap1,0.276724609,6.349206349
Pir,0.276678702,9.788359788
Psmd14,0.276393919,43.91534392
Aars2,0.276266129,6.349206349
Bub1b,0.276056946,2.645502646
Gypa,0.276045963,2.91005291
Dgkg,0.276012342,29.62962963
Anxa6,0.276008972,24.86772487
Rara,0.275994281,5.026455026
Sh3bp1,0.275881385,14.28571429
Rasd2,0.275871439,0.793650794
Hecw2,0.27568216,66.13756614
Limd1,0.275648904,6.878306878
Axin2,0.275398717,4.497354497
Slc27a4,0.275385869,11.37566138
Ggt7,0.275223152,35.44973545
Taco1,0.275140159,6.084656085
Zbtb8b,0.275130281,11.11111111
Afg3l2,0.275117552,23.54497354
Gm43388,0.274908225,0.793650794
Man2a1,0.274895652,24.07407407
Spag5,0.274888017,78.57142857
Ipo4,0.2748444,18.25396825
Cenpp,0.274645403,27.51322751
Mtus2,0.274536236,48.41269841
Kcnab2,0.274427607,12.6984127
Srgap1,0.273903168,32.27513228
Gm26704,0.273560993,9.523809524
C920021L13Rik,0.273406251,11.64021164
Gm15738,0.273332365,16.66666667
Ube2ql1,0.273236762,6.084656085
Tpm2,0.273186607,0.264550265
Git1,0.273109427,5.555555556
F8,0.273009218,16.4021164
Itpk1,0.272843602,14.55026455
Gssos1,0.272725231,1.587301587
Tspan12,0.272633825,9.523809524
Gm26936,0.27255152,2.380952381
Gm15886,0.272248291,8.201058201
Shisa9,0.272078526,40.74074074
Cdc42se1,0.272036304,3.439153439
Mvb12a,0.271899546,10.58201058
Gm12536,0.271879245,1.851851852
Gm14246,0.271619154,0.793650794
Miat,0.271550933,56.34920635
Gadd45b,0.271458057,1.058201058
Osbpl10,0.271266392,32.01058201
BC089491,0.271144446,2.380952381
Agbl1,0.270826157,13.49206349
2310039L15Rik,0.270807484,2.116402116
Zmat4,0.270773342,43.12169312
Rfwd3,0.270729694,12.6984127
Osbpl6,0.270710013,68.51851852
Plaa,0.270683512,32.01058201
Grm1,0.270347563,34.12698413
Agtrap,0.270188072,3.439153439
Slc29a3,0.270129394,3.174603175
Dmxl2,0.270074286,47.35449735
Anxa11,0.270068835,3.439153439
Ppih,0.26994433,6.349206349
Ppm1k,0.269926728,11.9047619
Prss56,0.269913039,0.529100529
D10Wsu102e,0.269907843,3.439153439
Uros,0.269693438,10.31746032
Gfm1,0.269537299,7.407407407
Arhgap21,0.269471694,44.17989418
Fbxo34,0.269307052,22.48677249
Tigar,0.269173763,3.439153439
Gpld1,0.269074325,11.11111111
Gm38293,0.269033625,1.587301587
Papss2,0.268728399,2.380952381
4921511C10Rik,0.268720229,31.21693122
Rnf150,0.268569823,39.94708995
Asxl1,0.268391508,46.03174603
Dleu7,0.268135442,6.084656085
Map4,0.268133781,58.99470899
Gm14444,0.267831486,0.793650794
Pik3r6,0.267794989,0.529100529
Rgs11,0.267584505,28.30687831
Shisa6,0.26756861,43.12169312
Dbn1,0.26754336,31.74603175
Micalcl,0.267427641,1.322751323
Syt6,0.267424212,16.4021164
Slco3a1,0.267358224,37.56613757
Grin3b,0.266767826,3.968253968
Gria3,0.266695494,61.11111111
Paqr3,0.266682979,18.25396825
Ube2g1,0.266659387,39.94708995
Gm15688,0.26654888,1.058201058
Hells,0.266440725,10.05291005
Shd,0.266149973,17.46031746
Vmn2r30,0.266105378,7.407407407
Kcmf1,0.26608364,38.62433862
Disc1,0.26599611,12.43386243
Sgpl1,0.265747535,16.93121693
Adck5,0.265083867,14.55026455
Grm4,0.26505669,7.407407407
Nkx6-3,0.264996733,0.264550265
Arhgap5,0.264601862,51.32275132
Capn5,0.264558339,7.936507937
Top3b,0.26455352,19.04761905
Idh3b,0.264469635,21.16402116
Fam105a,0.264328847,11.64021164
Cadm2,0.264241789,98.41269841
Rusc2,0.26419423,25.13227513
Jmjd1c,0.264186502,67.72486772
Syn2,0.264130338,64.55026455
Acyp1,0.264015776,5.82010582
Gak,0.263887161,29.62962963
Traf3ip1,0.263254876,8.994708995
Kalrn,0.263023713,73.01587302
Hspa12a,0.262915428,10.05291005
Lingo1,0.262747213,15.07936508
Gm3604,0.262576778,6.084656085
Slc6a20b,0.261878845,5.555555556
Tspear,0.261843576,2.91005291
Epb41l3,0.261814461,72.22222222
Ythdc2,0.261659549,26.98412698
Nol6,0.261658184,2.91005291
Ap2a1,0.261486585,18.78306878
Ttll12,0.261443787,5.026455026
Pitpnm3,0.260654207,15.87301587
Hivep2,0.260577924,79.1005291
Casq1,0.260416964,1.322751323
Ppil4,0.260376549,25.66137566
Aldh18a1,0.260237008,7.407407407
Dpm2,0.25973666,17.98941799
Ptcd3,0.259477995,17.46031746
Mfsd6,0.259296363,25.92592593
St6galnac5,0.259266295,29.62962963
Ptprs,0.259264668,62.6984127
Srsf2,0.258691925,52.64550265
Glra1,0.258671994,44.17989418
Myo18a,0.258627563,38.88888889
Samm50,0.258618114,14.02116402
Cd4,0.258466941,0.264550265
Rltpr,0.258409668,7.671957672
Pnkd,0.257949502,37.3015873
Wnt5a,0.257735583,2.645502646
Timp3,0.257399193,9.259259259
Prlr,0.257244126,5.82010582
Sdpr,0.257168848,1.851851852
C130080G10Rik,0.257124921,1.058201058
Slc38a7,0.257082081,8.73015873
Cadps,0.257005579,96.2962963
B230303O12Rik,0.256977122,2.645502646
Klf7,0.256846632,34.92063492
Ndrg3,0.256750168,35.71428571
Gm15155,0.256646258,30.15873016
Bfar,0.256578924,18.78306878
Hs3st3a1,0.256439732,2.380952381
Sync,0.255468992,7.936507937
Gpcpd1,0.255461818,48.94179894
Ptbp1,0.25535531,7.142857143
Erbb4,0.255305123,80.68783069
Psmd4,0.254973617,23.80952381
Actg2,0.254872255,1.058201058
Fsd1,0.25461198,31.74603175
Eps15l1,0.254575936,48.41269841
2010013B24Rik,0.254446578,2.91005291
Bcar1,0.254393647,11.64021164
4921504E06Rik,0.2543298,2.116402116
Mef2d,0.254255381,22.48677249
9330175M20Rik,0.254146793,7.142857143
Snw1,0.254122372,17.72486772
Car7,0.254065575,5.555555556
Ppan,0.253969395,6.878306878
Pphln1,0.253883568,13.22751323
Aven,0.253857981,10.58201058
Apitd1,0.253807214,3.703703704
Gucy1b2,0.253707601,0.793650794
Galnt3,0.253665332,1.587301587
Dync1i1,0.253167248,64.81481481
Spock1,0.25311972,58.2010582
Sgol2b,0.252376558,0.793650794
Phax,0.252357304,11.64021164
Pigk,0.252340658,33.5978836
Rangap1,0.252158745,25.13227513
Nars,0.252135841,22.22222222
Usp9y,0.252063803,8.201058201
Cdk16,0.251862783,17.98941799
Tfeb,0.251102345,5.555555556
Ndufaf4,0.25105844,14.81481481
Dip2a,0.251031563,21.16402116
Csnk2a2,0.250910819,16.93121693
Faf1,0.25072318,61.37566138
Smagp,0.250585708,0.793650794
Eps15,0.250432788,32.8042328
Ifitm10,0.249970005,10.58201058
Fnbp1,0.249800846,55.82010582
Apba2,0.249734357,39.68253968
Ddx52,0.249495248,10.84656085
Abhd4,0.249488648,6.613756614
Parn,0.249478164,21.69312169
Brdt,0.249422752,16.66666667
Gm26594,0.249225952,5.026455026
Calcoco1,0.249160269,12.6984127
Tnks,0.249082422,31.74603175
Ablim1,0.248484586,57.93650794
Hsbp1l1,0.248482681,2.116402116
Prkag2,0.24848227,30.95238095
Otub2,0.248397909,3.968253968
Fgfr2,0.248388341,69.84126984
Nt5m,0.248322353,11.9047619
Arhgap17,0.248150953,13.75661376
Tmem30c,0.247940736,2.116402116
Slc7a7,0.24793429,1.058201058
Rnf123,0.247582778,14.28571429
Ppp4r4,0.247495482,18.51851852
Pcdh9,0.247365039,100
Rnf24,0.247088977,26.71957672
Ptprd,0.246979434,100
Gigyf2,0.246894861,52.38095238
Gm26692,0.246766353,0.793650794
C130071C03Rik,0.246693141,35.71428571
Abcc10,0.24665934,11.64021164
Ifnlr1,0.246646563,2.380952381
Pqlc1,0.246568342,6.349206349
Spag6,0.246414509,1.587301587
Kcnk1,0.246355534,13.49206349
Malat1,0.246336761,100
Cdk2ap2,0.246083962,6.613756614
Krit1,0.245944586,62.6984127
Ccs,0.245882102,11.37566138
Tbc1d13,0.245716268,10.58201058
Jakmip3,0.245434546,22.75132275
Mis18bp1,0.245216243,0.793650794
Dnajc6,0.245118904,71.69312169
Ism2,0.244897824,2.645502646
Thoc5,0.244888993,11.64021164
Atp5sl,0.244808884,7.936507937
Rpl11,0.244787304,18.51851852
Proser2,0.244776382,2.116402116
Bdh1,0.244743986,14.02116402
Gm11520,0.244688202,7.671957672
Zcchc4,0.244565623,16.13756614
A430046D13Rik,0.244522822,3.174603175
Aox4,0.244285481,1.058201058
Gm26889,0.244248899,0.529100529
Gm3468,0.24406298,3.703703704
Map3k8,0.243657447,0.529100529
Dopey2,0.243607119,30.95238095
Rgp1,0.243581275,11.37566138
Ano4,0.243575768,44.97354497
Plcg1,0.243472859,19.31216931
Vwc2,0.243455055,21.69312169
Nrg1,0.24344473,100
Ttc37,0.243404524,27.77777778
Apbb2,0.243095077,58.73015873
Elovl4,0.243058281,13.75661376
Bdp1,0.242837413,25.92592593
Tenm2,0.242737789,98.41269841
Ggact,0.242679905,24.07407407
Syt1,0.242673522,96.03174603
R3hdm2,0.242572427,46.82539683
Gm14532,0.242435586,5.555555556
Ccdc79,0.242040673,9.259259259
Cntnap2,0.242030848,100
Sh3kbp1,0.241425315,45.23809524
A230006K03Rik,0.241106606,83.86243386
Crnkl1,0.241041202,6.084656085
Fbxw7,0.24092729,26.98412698
Fam73a,0.240329078,21.42857143
Abca9,0.24030556,1.851851852
Rit1,0.240274635,12.16931217
Hagh,0.240270567,21.95767196
Rxfp1,0.240148176,3.439153439
Ggct,0.239964389,2.91005291
Zfp661,0.239931994,1.322751323
Armc4,0.239931942,6.349206349
Palm3,0.239918932,1.587301587
Tnip1,0.239857612,8.465608466
Ankrd27,0.239770201,10.05291005
Pex16,0.239689705,7.407407407
Shoc2,0.239688939,33.86243386
Msto1,0.239680365,7.671957672
Ppp1r18os,0.239568409,1.587301587
Hivep3,0.239544603,52.91005291
Ndufa3,0.239541474,17.72486772
Cox7b,0.239239818,34.92063492
Phactr3,0.239078117,42.32804233
Ttll5,0.239027179,40.74074074
Mettl23,0.23901022,53.17460317
Fcgr3,0.238305735,1.851851852
Mapk1ip1,0.238269018,17.1957672
Cblc,0.238019469,1.058201058
A930012L18Rik,0.237986862,2.116402116
Abcd4,0.237926686,16.4021164
Pcnxl2,0.237837451,29.1005291
Kcnd2,0.237660668,99.20634921
Inpp5e,0.237578205,9.523809524
Cxxc5,0.237356071,11.37566138
Aaed1,0.237159427,4.232804233
Nol10,0.237037801,18.78306878
Gt(ROSA)26Sor,0.236651477,12.16931217
Vmp1,0.236635207,52.38095238
Opcml,0.236568123,90.74074074
Zkscan3,0.235839844,21.42857143
Aph1a,0.235702704,10.31746032
Ccdc136,0.235432587,30.68783069
Camk1g,0.235090448,3.439153439
Slx1b,0.235067165,11.9047619
Sigmar1,0.234951557,11.37566138
Mrrf,0.234603026,7.936507937
Kcna4,0.234558689,6.878306878
Ceacam2,0.234517908,9.523809524
L2hgdh,0.234470861,9.523809524
Map7d2,0.233881723,51.05820106
Pank4,0.233778407,14.02116402
Rufy3,0.233721211,55.55555556
Pkp1,0.233690021,0.529100529
Esf1,0.233414518,25.13227513
RP24-274B19.1,0.233383448,70.37037037
Slc2a12,0.233217025,5.555555556
Brsk2,0.233181791,11.11111111
Mthfd1l,0.233002725,14.81481481
Psma4,0.232932825,8.994708995
Rnf19a,0.232829947,17.98941799
Dctn2,0.232802445,21.95767196
Gm28913,0.232768793,0.793650794
Zdhhc16,0.232750474,7.936507937
Rassf6,0.232741463,1.851851852
Micu1,0.232734203,32.27513228
H2-T23,0.232437516,2.116402116
Smarcb1,0.232431233,16.4021164
Gm14399,0.232300352,11.9047619
Nek1,0.232232518,47.35449735
Hspa14,0.232149759,14.81481481
Ap3s1,0.231941594,25.92592593
Slc35e2,0.231907739,8.465608466
Ccdc64b,0.231886015,0.264550265
Ptpn12,0.231747697,44.17989418
Micall1,0.231571133,12.43386243
Cnksr1,0.23114617,0.264550265
Pitpnb,0.230847672,11.64021164
Tardbp,0.23077699,27.24867725
Gm15584,0.230613443,11.64021164
Snapc5,0.230412656,6.084656085
Lrrn2,0.230017516,24.33862434
Evi5,0.229988917,46.2962963
Zfyve27,0.229887166,26.98412698
Zfp418,0.229810197,1.851851852
Cirh1a,0.229730847,11.9047619
Nudt6,0.229646137,2.380952381
Evpl,0.229613132,2.645502646
Pygb,0.229552281,27.77777778
Eif2ak3,0.229496462,14.28571429
Dedd2,0.229425768,4.761904762
Scn8a,0.229324592,57.40740741
Lrrc63,0.229103716,1.322751323
Lekr1,0.228829258,27.77777778
Col22a1,0.228698428,2.91005291
Pvrl1,0.228653227,8.465608466
Bzrap1,0.228540211,29.89417989
4430402I18Rik,0.228528478,36.50793651
Nr1d2,0.22843142,16.66666667
Mtx2,0.228297535,24.6031746
Mbtps1,0.228269531,15.07936508
Stxbp1,0.227635744,50.79365079
Vps9d1,0.227575262,16.13756614
Fpgs,0.227544912,7.142857143
Cep85l,0.227168976,15.34391534
Clasrp,0.227052675,28.30687831
Gxylt1,0.226830685,6.613756614
N4bp2l2,0.226796326,51.58730159
Lyrm1,0.226766007,17.1957672
5830454E08Rik,0.226614971,1.851851852
Tmem129,0.226583453,4.761904762
Efcc1,0.226578897,4.497354497
Abcf1,0.22656873,14.81481481
Camk2b,0.226465727,42.85714286
Farp1,0.226366385,50.26455026
Hsf2,0.22633275,18.78306878
Kcnma1,0.226285347,87.56613757
Gucy2e,0.226279375,0.793650794
Celf2,0.22624561,74.86772487
Gm14002,0.226022084,0.529100529
Col8a1,0.225959317,8.994708995
Jak3,0.225285238,1.587301587
Mapk4,0.225149185,20.8994709
Pwwp2b,0.225108637,1.851851852
Etaa1,0.224968364,5.291005291
Hmgn3,0.224879194,33.86243386
Gab1,0.224605666,9.259259259
9230111E07Rik,0.224604354,1.587301587
Nup35,0.224577506,12.16931217
Tdrd7,0.2245174,10.84656085
Snrnp35,0.224418528,5.555555556
Yae1d1,0.224396756,5.82010582
BC030336,0.2243863,17.46031746
A230050P20Rik,0.224099788,30.15873016
Tpp2,0.223978825,28.83597884
Olfr920,0.223770465,0.264550265
3300002A11Rik,0.223278705,16.4021164
Gsr,0.223030835,11.37566138
Yes1,0.222686657,23.28042328
Gata4,0.222671307,2.116402116
Fbxo9,0.222649799,15.07936508
Zfp598,0.222610813,10.84656085
Slc8a1,0.222557841,88.35978836
Gpatch8,0.222365039,82.01058201
Atp6v1h,0.222141918,37.83068783
Tmem241,0.222102181,21.16402116
Ppip5k2,0.222075116,20.63492063
Gm16189,0.22192518,11.9047619
4931406P16Rik,0.221893484,32.01058201
Ints10,0.221665325,20.37037037
Scfd2,0.221626621,28.83597884
Ddx10,0.221315516,26.45502646
Ak4,0.221263795,4.761904762
Ube2e2,0.221143959,86.50793651
Gm15050,0.221140645,1.322751323
Pdcd11,0.220913516,17.46031746
Hmox2,0.220301537,17.1957672
Aak1,0.219858205,61.37566138
Socs7,0.219678357,22.48677249
Sh3d19,0.219666404,26.19047619
Farp2,0.219619127,12.6984127
Ccdc126,0.21943036,4.761904762
Gm9947,0.219367382,1.851851852
Lingo2,0.219344473,98.94179894
Gm12709,0.219338653,44.44444444
Brix1,0.219256019,9.259259259
C230088H06Rik,0.219012248,15.07936508
Oxct1,0.21879989,50.26455026
Dus3l,0.218696449,20.63492063
Mss51,0.218616101,5.291005291
Ube3a,0.218380463,91.00529101
Slx4ip,0.21833234,37.56613757
Fcho1,0.218199582,18.78306878
Asap1,0.218185971,57.67195767
Foxn2,0.218147279,7.671957672
Sucla2,0.218035534,24.07407407
Tssc4,0.21770528,12.96296296
Trim16,0.217681016,1.851851852
Frmd4a,0.217352185,95.5026455
Prkx,0.217266687,8.994708995
Ppp6c,0.217262949,20.37037037
Ccdc93,0.217136681,13.75661376
Atxn2l,0.216988264,39.68253968
Adamtsl2,0.216984147,1.058201058
Aebp2,0.216456166,13.75661376
Hipk2,0.216407918,51.05820106
Pde4b,0.216195373,79.36507937
Dcun1d1,0.216094404,25.92592593
Mtfr1,0.215948743,3.968253968
Tmem145,0.21591928,30.95238095
Gm26633,0.215891757,6.084656085
Spag17,0.215758272,5.82010582
Ggnbp1,0.215722035,17.1957672
Gm28875,0.21571116,1.322751323
Prcp,0.215665652,17.46031746
Atg4c,0.215637398,18.51851852
Ralb,0.215534706,8.994708995
Gnl3,0.215510365,14.55026455
Zwilch,0.215465465,3.439153439
Tmem144,0.215451747,1.058201058
Lrrtm4,0.215231362,96.82539683
Pcmtd1,0.215069943,40.74074074
Tmf1,0.214945601,17.72486772
Col4a3bp,0.214846885,26.71957672
Vash1,0.214646982,7.407407407
1700111N16Rik,0.214566293,4.497354497
Tmcc3os,0.214251557,0.793650794
Mapk8ip1,0.214145075,22.48677249
Ctnna2,0.213946015,98.94179894
Lsmem1,0.213851956,1.851851852
Idh3g,0.213815322,22.22222222
Tbc1d8b,0.213788842,1.851851852
Prr7,0.213733408,5.291005291
Ncapd3,0.213445174,18.78306878
Dync1li1,0.213409881,28.83597884
Ralgps2,0.21334699,30.42328042
Tmco3,0.213335288,20.37037037
B230217O12Rik,0.21321614,12.16931217
Hbs1l,0.213192579,19.84126984
Znfx1,0.213159444,10.84656085
Mylip,0.213004533,30.95238095
Actr2,0.213001029,36.77248677
Chd8,0.212891455,42.59259259
Rcor3,0.212771587,17.72486772
Sgcd,0.212724936,74.86772487
Sytl2,0.212580431,10.31746032
Lmbr1l,0.212516145,9.788359788
Prkdc,0.212444587,25.92592593
Mfsd1,0.212382416,6.613756614
Wdhd1,0.212159833,7.142857143
Tdp1,0.211959266,11.64021164
Camta1,0.211953728,80.15873016
Zfp692,0.211609206,38.0952381
Mad1l1,0.211503856,65.07936508
Ift43,0.211333832,19.57671958
Mphosph9,0.211147507,31.74603175
Flnc,0.211106267,1.587301587
Tmem184b,0.211071319,22.75132275
Gsk3a,0.211033303,9.259259259
Nrxn3,0.210989717,99.47089947
Fam65a,0.210903391,9.523809524
Vcl,0.21048994,19.31216931
Lig3,0.2104727,8.994708995
Sept1,0.210463532,11.64021164
B4galt5,0.210255774,18.51851852
Zswim6,0.210233371,38.35978836
Cdh18,0.210218509,84.92063492
Gm17660,0.210146075,28.57142857
Nr6a1,0.210107465,66.4021164
Ldhd,0.210103616,8.73015873
Per2,0.209690947,5.82010582
Klhl40,0.209633254,0.529100529
Map1b,0.209575835,86.24338624
Dnajc18,0.209536474,25.13227513
Gys1,0.209477213,23.01587302
Surf2,0.209434723,7.671957672
Klhl21,0.209432403,2.116402116
Ahsa1,0.20932834,20.10582011
Isyna1,0.209228936,9.523809524
Mrgpra2b,0.209175965,3.968253968
Fastk,0.208996334,18.51851852
Rab11fip1,0.2089092,2.645502646
Zbtb40,0.208853751,11.9047619
RP23-54G8.4,0.208649372,46.56084656
Sdhaf3,0.208583352,13.22751323
Gm19705,0.208275617,5.026455026
Prkcb,0.208226221,76.71957672
Mnd1,0.208155969,1.587301587
Gm8257,0.208097561,12.43386243
Parp14,0.208016996,1.322751323
Trpm7,0.207939552,54.23280423
Prpf3,0.207887707,16.13756614
Me1,0.207649379,20.63492063
Dlgap1,0.207647815,95.5026455
Bicd1,0.207583548,75.66137566
Acpp,0.207291607,2.91005291
Zdhhc21,0.207072663,27.24867725
Lrrc8b,0.206963777,16.13756614
Dst,0.206940874,80.68783069
Nkain2,0.206876607,98.41269841
Gm5113,0.206839836,2.380952381
Magix,0.20664974,0.264550265
Pycrl,0.206631803,7.142857143
Capn15,0.206515877,38.35978836
Pemt,0.20649627,3.174603175
Neurl4,0.206425452,8.465608466
Sptan1,0.206286279,55.55555556
Iars,0.206057401,20.10582011
Med27,0.206051331,18.78306878
Ube2d1,0.205992508,17.46031746
Ptpn2,0.205984717,23.28042328
Bves,0.2059559,2.91005291
Dnajb4,0.20590274,27.77777778
Ap4m1,0.205480622,7.142857143
Lrrfip2,0.205268922,25.66137566
Acsl6,0.205175149,17.98941799
Sh3gl1,0.205002059,20.37037037
Chst9,0.204618695,6.613756614
Fndc5,0.204582401,8.201058201
Sec31a,0.204546242,14.02116402
Fbxl18,0.204381788,9.259259259
PISD,0.20437018,83.86243386
Lrp8,0.20433764,21.69312169
Gtpbp6,0.20425219,8.994708995
Chchd3,0.203719747,56.34920635
Smg1,0.203167029,51.05820106
Strbp,0.203084833,88.0952381
Ctif,0.202978075,38.88888889
Alg12,0.202959302,6.084656085
Pkd1,0.202678265,40.74074074
Dync1h1,0.202469037,50.79365079
Slc2a7,0.202362514,1.322751323
Zfp398,0.20230962,37.56613757
Slc25a32,0.201828804,8.465608466
Cacna2d1,0.201606684,75.3968254
Dpf2,0.201219234,17.98941799
Tti1,0.201170141,7.671957672
Prmt3,0.201167982,12.43386243
Ap1g1,0.201125117,20.8994709
Glrx,0.201043089,4.761904762
Ncbp1,0.200968266,8.73015873
Prim1,0.200940497,5.82010582
March2,0.20093488,21.69312169
Gramd2,0.200814191,4.497354497
Tpd52,0.200760945,17.46031746
Acyp2,0.200757379,49.20634921
Anks3,0.200498307,32.01058201
Gtdc1,0.200357507,46.82539683
Zfp457,0.200260165,1.587301587
Zfp961,0.200213015,22.22222222
F930017D23Rik,0.199983721,0.529100529
Nlrp4c,0.199476975,2.116402116
Zfp64,0.198906016,24.86772487
Dlst,0.198669315,23.54497354
4930402H24Rik,0.198650386,83.33333333
Matk,0.198634647,43.91534392
Lmtk2,0.198547915,29.36507937
Rpp21,0.198399887,21.42857143
Erc2,0.198393316,83.86243386
Ahctf1,0.198211027,22.75132275
Mpped1,0.198182523,7.142857143
Cyfip2,0.198137561,36.77248677
Bicd2,0.19811982,9.788359788
Luc7l2,0.198071979,83.33333333
Wdr61,0.198016223,9.259259259
Mus81,0.197858621,7.142857143
Mff,0.1977263,25.13227513
Tfr2,0.197436369,3.174603175
Taco1os,0.197382262,2.645502646
Itga6,0.197273138,6.084656085
Eci1,0.197174114,5.555555556
Cntnap5a,0.197172237,85.71428571
Herc1,0.197043702,68.25396825
Shc1,0.19702399,4.761904762
Gm38393,0.196929497,32.8042328
Rnf166,0.196908753,10.58201058
Noa1,0.196879373,5.026455026
Ccdc92,0.19682274,16.4021164
Zfp148,0.196799774,47.61904762
Stim1,0.196788572,49.73544974
Dgki,0.196722365,66.93121693
Nit1,0.196704656,14.28571429
Gdap1l1,0.196693798,8.994708995
Hdx,0.19657853,29.89417989
Rab13,0.196495145,7.142857143
Rnf126,0.195917772,15.07936508
Gm26944,0.195816646,8.201058201
Metap1,0.195689926,6.613756614
Msi2,0.19562982,75.13227513
Pitpna,0.195599908,41.26984127
C230014O12Rik,0.195589136,2.91005291
Cyp2j6,0.19552623,2.91005291
Rabggtb,0.195492118,8.994708995
Dchs2,0.195471275,10.58201058
Ppil3,0.19546449,10.84656085
Lsamp,0.195308483,99.73544974
BC004004,0.195112458,14.55026455
Sp1,0.19502729,20.8994709
Bivm,0.194930764,7.671957672
Sdc3,0.194865433,11.11111111
0610037L13Rik,0.194768437,9.788359788
Ntm,0.194730077,79.89417989
Chp1,0.194595097,26.98412698
Slc25a12,0.194540185,41.53439153
Sacm1l,0.194236026,29.89417989
Arnt,0.194232396,31.74603175
Fubp3,0.194006365,19.04761905
Frmd5,0.193958869,71.69312169
1700018B08Rik,0.193933173,0.793650794
Osbpl11,0.193769759,16.13756614
Eqtn,0.193657012,1.851851852
Zc3hav1,0.193554617,7.407407407
1600010M07Rik,0.193142229,20.10582011
Trank1,0.193015697,28.04232804
Nr5a2,0.192922372,0.793650794
Mkl2,0.192876274,38.88888889
1700011I03Rik,0.192699372,1.058201058
Vps13d,0.192574962,45.76719577
Herpud1,0.192274464,15.87301587
Cyp2u1,0.192196442,7.142857143
Gm43154,0.192157381,7.671957672
Ppp2r3a,0.192107287,46.56084656
Nutf2,0.191975311,10.58201058
Aig1,0.191870774,60.58201058
Ryr2,0.191838046,65.34391534
RP23-2D23.2,0.191662394,2.116402116
Ppib,0.19159853,20.8994709
Dnm1,0.191300597,43.38624339
Gm27241,0.191222281,30.42328042
Rad18,0.191205479,8.73015873
Rab24,0.191108358,24.86772487
Brd9,0.191103352,20.8994709
Tep1,0.191050318,4.232804233
Gins1,0.190905834,2.116402116
Ccnd3,0.190571879,6.613756614
2900089D17Rik,0.19034474,1.587301587
Reep2,0.190332989,23.28042328
Elmod3,0.190206758,5.026455026
Kcnq1ot1,0.190102828,76.19047619
Card9,0.190037174,0.529100529
Fam214b,0.189951233,17.98941799
Ankrd13a,0.189874701,24.07407407
Ina,0.189859807,16.66666667
Tmem19,0.189859275,11.9047619
Cog1,0.189749389,12.16931217
Cdkl5,0.189572012,24.33862434
Kctd10,0.18944206,3.703703704
Zfp943,0.189399266,20.37037037
D030047H15Rik,0.189336407,7.936507937
Ppargc1a,0.189313566,21.95767196
Tnks1bp1,0.189201394,5.82010582
Gm19710,0.188864101,33.06878307
Plekhm2,0.188841292,28.30687831
Gm13497,0.188796356,1.587301587
Gabpa,0.188638227,5.026455026
Srpk2,0.188560411,73.28042328
Gm20642,0.188496144,78.57142857
Grin1,0.188445738,54.23280423
Noc2l,0.188321333,11.11111111
Sparcl1,0.188310319,32.8042328
Etl4,0.187917738,62.43386243
Mknk1,0.187708415,10.31746032
Camk1d,0.18764396,40.21164021
Col4a6,0.187629296,2.91005291
Arhgef10,0.187507277,6.084656085
9530052E02Rik,0.187503129,11.9047619
Kbtbd3,0.187402191,12.6984127
Sec24a,0.187381791,33.86243386
Xkr6,0.187275064,63.22751323
Nkiras2,0.187170496,3.174603175
Grm5,0.187017995,80.42328042
Gm17135,0.186713179,6.349206349
Ext1,0.186336116,52.11640212
Setx,0.186232644,38.35978836
Slmap,0.186163058,33.06878307
Pcolce2,0.18554698,9.523809524
E2f2,0.185472145,0.793650794
Enthd2,0.185455159,4.497354497
Tecpr1,0.185321512,25.92592593
Zmiz2,0.185313346,14.02116402
Acot12,0.185206565,1.058201058
Pwp2,0.1851039,5.026455026
Cdk5rap1,0.185041477,10.31746032
Gm26573,0.184952647,22.75132275
Trrap,0.184668294,23.54497354
Xpnpep1,0.184513884,16.13756614
Eif2b1,0.184445924,8.201058201
Arhgef18,0.184358597,11.11111111
Scfd1,0.184246301,56.34920635
Gm16485,0.18422564,1.322751323
Igfbp5,0.184214324,5.291005291
Cep70,0.184060914,17.72486772
Cnot4,0.183897461,57.93650794
Dusp11,0.183857349,19.57671958
Klhl10,0.183808632,21.42857143
Snap25,0.183804627,87.56613757
Coq9,0.183778063,10.84656085
Ablim2,0.183563672,40.74074074
Zfp131,0.183430725,13.22751323
Zgrf1,0.183232237,5.291005291
Lrtm1,0.183230606,6.084656085
Ppp5c,0.183170245,13.75661376
Snta1,0.183139739,19.31216931
Smc2os,0.182974807,1.322751323
Gphn,0.182969152,87.3015873
D230017M19Rik,0.182953257,10.84656085
Brsk1,0.182851443,21.16402116
Naa40,0.182589023,32.8042328
Baz2a,0.182155672,30.68783069
Runx1t1,0.182069409,61.37566138
Ptges2,0.181910125,4.761904762
Polh,0.181845881,8.73015873
Imp4,0.181624763,6.084656085
Pex13,0.181521321,29.62962963
Radil,0.181389282,20.10582011
Eif2d,0.181295291,14.02116402
Pdgfb,0.181054548,1.851851852
Nefm,0.180969542,29.62962963
Pald1,0.180890523,3.968253968
Dtna,0.180462725,58.99470899
Lmbr1,0.180414258,37.83068783
Gm17276,0.180341887,38.35978836
AI481877,0.180318013,2.380952381
Vps13a,0.180269923,64.28571429
Shisa4,0.180069518,14.28571429
2700038G22Rik,0.179945177,2.91005291
Ubxn2b,0.179899431,11.64021164
Azin2,0.17976395,17.98941799
Mrgbp,0.179761635,6.878306878
Vps13b,0.179691517,68.78306878
Rpgr,0.179643207,19.04761905
Trip11,0.179635697,37.3015873
Gm14064,0.17933061,2.380952381
Elavl3,0.179241645,68.51851852
Git2,0.178961485,30.42328042
Phf20l1,0.178958794,52.64550265
Mapk9,0.178920058,18.25396825
Eif4enif1,0.178887549,14.81481481
Atp1a3,0.178791774,56.61375661
Scaf8,0.178783482,44.97354497
Zranb3,0.17876959,7.671957672
Tfcp2,0.178663708,22.22222222
Baiap2,0.178651068,13.22751323
Amph,0.178534704,70.10582011
Grsf1,0.178484611,7.936507937
Nkiras1,0.178461019,19.04761905
Arglu1,0.17840617,62.43386243
Vsnl1,0.178277635,65.34391534
Opa1,0.178262867,25.92592593
Kremen2,0.178134748,1.322751323
Ncald,0.178032518,40.21164021
Sik3,0.178020566,67.1957672
Tnfrsf1b,0.177389164,2.380952381
Sat2,0.17710887,9.259259259
Zdhhc24,0.177107717,3.174603175
Arhgef12,0.177106117,52.91005291
Aprt,0.177059528,7.671957672
Shmt2,0.176953177,4.761904762
Gm11744,0.176822775,2.116402116
Mnat1,0.176603086,35.71428571
Mob1b,0.176561659,22.22222222
Tonsl,0.176494513,21.69312169
Pi4ka,0.176478149,64.28571429
1110038F14Rik,0.176466416,8.465608466
Atp9b,0.176332687,45.23809524
Ltf,0.176292356,7.142857143
Dydc2,0.176259478,3.439153439
Fbxl6,0.176202744,8.201058201
Ogdh,0.176117826,39.15343915
Ppp3ca,0.176092545,80.68783069
Stip1,0.175986663,23.28042328
Jarid2,0.175948804,36.77248677
Zfp654,0.175870895,29.36507937
Plxna4os3,0.175815638,10.31746032
Gnal,0.175795864,33.33333333
Vps37c,0.175737439,4.497354497
Socs3,0.175632911,1.058201058
Kntc1,0.175588577,0.793650794
A930004D18Rik,0.175346027,1.851851852
Phf1,0.175299966,24.33862434
Gm26629,0.175299231,1.322751323
Gm15440,0.175180318,10.84656085
Synj1,0.175151157,39.68253968
5330434G04Rik,0.175064267,75.92592593
Prpf39,0.17501092,23.01587302
Gosr1,0.174860233,16.4021164
Nat8l,0.174697186,15.07936508
Tmem217,0.174691908,0.529100529
Mapkap1,0.174581386,34.92063492
Gm28750,0.174375255,4.232804233
Hr,0.174354323,2.116402116
Upf3b,0.174123661,20.63492063
Psmd3,0.174007611,14.28571429
Ap1m1,0.173987774,18.78306878
Prmt8,0.173907853,8.73015873
Cdr2,0.173754077,5.026455026
Ppm1l,0.173557489,30.68783069
Wdr7,0.17354563,46.2962963
E130309D14Rik,0.173487308,9.259259259
Rnf157,0.17348712,44.97354497
Rbms1,0.173457584,61.11111111
Arl5a,0.173412809,7.407407407
Scyl2,0.173406082,11.9047619
Akt3,0.173264781,70.63492063
Thoc2,0.173190408,47.08994709
Gm2762,0.173182586,8.201058201
Gm10516,0.17307417,16.93121693
Eno2,0.172987499,28.57142857
Eif2a,0.172923889,22.22222222
Ap5z1,0.172810854,6.613756614
Col4a5,0.172810468,4.232804233
Alox12b,0.172711782,0.264550265
Mpzl1,0.172622077,14.28571429
Ccdc3,0.172313482,1.322751323
Pde4a,0.172260847,27.77777778
Gm42477,0.172209814,22.75132275
Kmt2b,0.172086849,9.788359788
Nsl1,0.171652516,0.264550265
Kansl2,0.171561697,17.72486772
Helq,0.171503312,11.64021164
Mrpl45,0.171392893,12.43386243
Specc1,0.171338388,38.62433862
Dnhd1,0.17133504,6.349206349
Yeats2,0.17133285,31.48148148
Elmo1,0.171049122,42.06349206
Plpp3,0.170844994,9.788359788
Xylt1,0.170418182,32.27513228
Sirt5,0.170328602,15.07936508
Gm13008,0.169903261,6.878306878
Tial1,0.169770502,35.97883598
Supt16,0.169770315,23.28042328
Ddx41,0.169754889,11.37566138
Flt4,0.169746629,1.587301587
P2rx3,0.169729371,0.793650794
Gm6483,0.169711804,16.13756614
Abhd11os,0.16971156,3.968253968
Tmem266,0.169524259,8.201058201
Slc45a4,0.169261964,6.878306878
Commd4,0.169200857,18.78306878
Kdm4b,0.169138623,16.66666667
Zc3h13,0.168924389,24.86772487
Rbfox2,0.168894602,57.40740741
Zfp78,0.168851934,2.91005291
Coro1a,0.16883096,6.084656085
Srgap2,0.168830334,58.99470899
1810034E14Rik,0.168728395,22.48677249
Ahcyl2,0.168701799,57.93650794
Gm26863,0.168525927,0.529100529
Zswim8,0.168495293,23.28042328
Qsox2,0.168353148,11.37566138
4930458D05Rik,0.168331304,1.587301587
Mtmr3,0.168324737,43.38624339
Kcnv2,0.168269089,1.058201058
Prkch,0.168157623,4.232804233
Gm44031,0.16789894,0.529100529
Sap30l,0.167874428,5.291005291
Msl2,0.167852119,11.9047619
Rhbdd3,0.16766401,12.96296296
Atp8b5,0.167463667,4.497354497
Qars,0.167325746,5.555555556
Ermard,0.16716367,38.62433862
Amy1,0.167153,46.2962963
Csrp2bp,0.167059603,10.05291005
Pomt1,0.166943865,8.994708995
Herc3,0.16688498,33.33333333
Tank,0.166822245,12.96296296
Klhl32,0.166819398,53.17460317
Etnk1,0.166790206,46.56084656
Larp1b,0.166416147,19.31216931
Dpp7,0.166133546,6.349206349
Phf14,0.166072595,53.7037037
Gm42469,0.166040837,5.555555556
Wwox,0.166002571,68.51851852
Enah,0.165874036,58.99470899
Npy1r,0.165858923,1.587301587
Galnt14,0.165796502,26.71957672
Susd3,0.165715421,1.058201058
Zfp592,0.165445316,15.07936508
Cenpm,0.165397556,0.793650794
Psme4,0.165224541,61.11111111
Mllt10,0.165167095,67.46031746
Cwc22,0.164996008,13.22751323
Med10,0.164884338,5.291005291
Gon4l,0.164783525,45.76719577
Ciz1,0.164636624,14.28571429
Kansl1,0.164395887,77.51322751
Ppp4r1,0.164374423,19.57671958
Nrg3,0.16433162,99.73544974
Pikfyve,0.164313128,21.16402116
Dusp14,0.164290222,1.587301587
Podxl,0.164133171,1.322751323
Tenm4,0.16407455,76.45502646
Tax1bp1,0.163814008,29.1005291
A230108P19Rik,0.163787749,0.793650794
Ogt,0.163753213,75.66137566
Pacsin1,0.163688946,56.61375661
Trpm4,0.163620705,8.201058201
Med13l,0.163553622,32.8042328
Rrm2b,0.163524992,11.11111111
Mipep,0.163475869,10.84656085
Ube2j1,0.163430375,7.936507937
Plbd2,0.163355751,10.05291005
Dnah8,0.163353292,2.645502646
Cox6c,0.163283661,32.8042328
Rilp,0.163124576,1.322751323
Blvrb,0.163002617,4.232804233
Pycard,0.162953407,10.84656085
Myo1c,0.162863764,11.37566138
Uqcrc1,0.162778909,29.89417989
Gm20499,0.162587984,5.026455026
Egfem1,0.162532134,68.78306878
Ap3m1,0.162110141,20.10582011
Palm2,0.162049659,42.06349206
Gtpbp3,0.161901788,12.16931217
Slc28a1,0.161883277,0.793650794
Rb1,0.161791651,33.33333333
Chd2,0.161760832,41.7989418
Siah3,0.161420064,11.64021164
Masp1,0.161401461,4.232804233
Cobll1,0.161388772,4.761904762
Tnpo2,0.161329139,9.259259259
Bri3,0.161047007,17.1957672
Samd15,0.160883898,4.232804233
Nnt,0.160845256,15.60846561
Klc1,0.16066838,48.41269841
Ppard,0.16055736,11.11111111
Cacna1a,0.160475578,80.95238095
Gm7945,0.160390516,0.264550265
Usp49,0.160311216,4.761904762
Spdef,0.160310618,1.058201058
Sptbn1,0.160282776,63.75661376
Cpe,0.160218509,53.96825397
Tmem259,0.160210061,12.6984127
Atf6b,0.160160718,11.64021164
Myo9a,0.159832905,70.10582011
Cwc27,0.159740728,37.3015873
Gm1305,0.159579289,1.322751323
Gm15417,0.159548813,3.968253968
Ppfia4,0.159436913,19.84126984
Sgcb,0.159358816,8.994708995
Gmeb1,0.159327777,17.1957672
Gm26904,0.159318766,59.25925926
Eif4g3,0.158997429,56.87830688
Abcg4,0.158930346,12.43386243
Vmn2r85,0.158923369,7.407407407
Rpain,0.15883116,7.407407407
Idnk,0.15861436,6.878306878
Nfat5,0.158611825,53.43915344
Dip2b,0.158415832,50.52910053
Eif2b4,0.158341083,14.28571429
0610012G03Rik,0.158254882,6.878306878
Nedd9,0.158050659,10.58201058
Josd1,0.158030634,6.878306878
Klf12,0.157969152,50.79365079
Srgap3,0.157904884,58.2010582
Sppl2b,0.157811268,14.28571429
Mafg,0.157684611,26.19047619
Alkbh8,0.157577509,26.19047619
Pcyt2,0.157400445,49.47089947
Srd5a2,0.157375852,0.529100529
Golga3,0.156883271,16.13756614
4833439L19Rik,0.156866438,14.81481481
Bcas3os1,0.156852796,19.57671958
Hacd2,0.156780738,20.37037037
Flot1,0.156675951,19.31216931
1700108J01Rik,0.156656663,4.761904762
Camta2,0.156556209,14.28571429
Gm43713,0.15655527,56.87830688
Bhmt2,0.156378037,0.529100529
Tnpo3,0.156336811,34.12698413
Zcchc16,0.156298201,50.79365079
Arhgap23,0.156264127,27.77777778
Itgbl1,0.156089942,8.73015873
Cd99l2,0.156075392,20.8994709
Bcas3,0.155976864,58.46560847
Ankmy2,0.15583572,12.6984127
Gm26561,0.155694044,26.19047619
Nr6a1os,0.155546579,9.788359788
A430106G13Rik,0.155534529,3.174603175
Sirt4,0.155461536,10.31746032
Prss36,0.15534001,13.22751323
Syap1,0.155286099,10.31746032
Cs,0.155146113,27.24867725
Pdhb,0.155021646,23.28042328
3110002H16Rik,0.154940795,7.671957672
Ube3c,0.154434447,51.32275132
Zfpm2,0.15429784,36.50793651
Dtx1,0.154059575,9.788359788
Fastkd2,0.15397497,6.084656085
Gm26722,0.15379653,7.407407407
Sirt1,0.153713739,8.465608466
Ago3,0.153663239,53.96825397
Mfsd10,0.15359722,15.87301587
Tnfrsf25,0.153592966,0.793650794
Lgals9,0.153534712,1.587301587
Mrps18b,0.15320928,4.232804233
Ube2w,0.152964308,37.03703704
Clmp,0.152876074,26.98412698
Dab2,0.152742095,2.380952381
Cdk7,0.152577452,21.95767196
Pomgnt1,0.152534524,12.16931217
Chfr,0.152431208,31.74603175
Aox1,0.152425388,3.968253968
Parp6,0.152273919,21.69312169
Ube2h,0.152249357,48.67724868
F5,0.152125582,1.322751323
Atox1,0.152060904,8.465608466
Lrch1,0.152056555,49.73544974
Asb18,0.15171076,2.380952381
Pik3c2a,0.15163644,38.88888889
Ublcp1,0.151623298,10.05291005
Fancc,0.151512629,17.1957672
Mrps9,0.151459783,12.43386243
Pfdn6,0.151454995,8.73015873
Snx29,0.151240479,45.23809524
Xpr1,0.151210003,39.68253968
Rundc3a,0.151185629,25.13227513
Lin52,0.15101595,23.54497354
Lsm1,0.150996363,16.13756614
Snrnp70,0.150899743,77.51322751
Nrg3os,0.150706941,71.95767196
Clp1,0.150689138,4.761904762
Kif21a,0.150642674,61.11111111
0610009L18Rik,0.150596313,1.851851852
Palmd,0.150581879,6.878306878
Rab10os,0.150184855,19.84126984
Gm16008,0.14989799,3.703703704
Yipf2,0.149790552,6.349206349
Acap2,0.149318653,32.53968254
Add2,0.149283485,39.41798942
2010107G23Rik,0.149234956,8.465608466
Rnf19b,0.148937711,7.671957672
Msh3,0.148890465,18.25396825
Brd7,0.148879264,16.13756614
Gm16337,0.148616877,2.116402116
Pxmp2,0.148612806,2.645502646
Adam22,0.148393316,60.05291005
Atf4,0.148135371,8.201058201
Pcgf6,0.148121385,15.34391534
Synj2,0.148100546,6.613756614
Mkl1,0.148054833,33.5978836
Anxa7,0.147927175,21.42857143
Hdlbp,0.147809403,25.92592593
1700084C06Rik,0.147746012,15.60846561
Prune,0.147607058,8.201058201
Usp35,0.14746607,6.084656085
AI854703,0.147399175,3.968253968
Dennd1b,0.147379338,38.0952381
Armcx6,0.147256748,3.703703704
Hdgfrp2,0.147169201,13.22751323
Fam49a,0.147074772,12.96296296
Mfsd11,0.147070923,23.01587302
Sgf29,0.146783942,9.788359788
Mdp1,0.146762102,6.878306878
Zcchc10,0.146649149,4.497354497
Uba3,0.146508631,11.64021164
Ttc1,0.146404939,15.87301587
Ralgapa2,0.146272494,54.4973545
Maml1,0.146246336,8.201058201
Tiam2,0.146083409,5.026455026
Slc23a2,0.146078972,28.57142857
Add3,0.14598958,16.66666667
Mthfs,0.145953003,25.3968254
Tbl3,0.1459005,12.16931217
Kidins220,0.145822622,50.79365079
Arg2,0.145646632,1.322751323
Clcn2,0.145608168,8.465608466
Trappc3,0.145566992,14.55026455
Phb2,0.145460328,12.6984127
Evc2,0.145447907,2.91005291
Oxsm,0.145306049,2.380952381
Cit,0.145244216,60.31746032
Mfsd7b,0.145135456,19.04761905
Gm43666,0.145134654,1.322751323
Ckmt1,0.145081514,22.48677249
Hecw1,0.144987147,61.64021164
Gars,0.144927948,17.1957672
Cttn,0.144866872,13.49206349
Tmem29,0.14468377,21.16402116
Tmbim1,0.144582863,8.465608466
Dock3,0.144215938,77.77777778
4930523C07Rik,0.14421187,0.264550265
Gm27010,0.14410798,0.264550265
Abca3,0.144070914,24.33862434
Itpr1,0.143894007,23.01587302
Smn1,0.143890847,7.142857143
Ascl1,0.14343963,0.264550265
Marveld3,0.143435273,1.322751323
Grhpr,0.143285814,5.291005291
4930516K23Rik,0.143246484,5.555555556
Relt,0.143092986,3.439153439
Pqlc2,0.143090227,6.613756614
Pstk,0.142921267,14.81481481
Ctdp1,0.142899365,5.555555556
Cpne5,0.142862131,9.259259259
Mif4gd,0.142624492,5.026455026
Fbxo31,0.142616889,13.22751323
Fxyd4,0.142572334,15.07936508
Pbrm1,0.142555438,45.23809524
Smarca4,0.142544048,33.33333333
B230323A14Rik,0.14250154,2.380952381
Ackr4,0.142443204,5.82010582
4931406C07Rik,0.142429531,8.994708995
Zfp407,0.142158006,35.44973545
Nxpe2,0.142149464,6.878306878
Tesc,0.142147827,8.201058201
Leng8,0.14212412,38.88888889
Zcchc9,0.141918897,11.64021164
RP23-4H17.3,0.141852712,1.322751323
Pla2g2c,0.141849147,0.793650794
Nceh1,0.141797277,16.4021164
Nop56,0.141793303,38.88888889
Hmgcll1,0.141786044,46.2962963
Atp6v0a1,0.141709512,65.60846561
Ap3b1,0.141668398,31.48148148
Grip1os2,0.141615735,1.851851852
Zmym2,0.141452442,45.76719577
Utp20,0.141410515,10.58201058
Pak7,0.141323907,49.20634921
Zfp516,0.141127977,11.9047619
Tmc2,0.140995623,2.116402116
Kpna1,0.140860644,20.8994709
Rbm6,0.140745501,68.78306878
Rb1cc1,0.14066462,39.15343915
Glod5,0.140570065,3.439153439
Kri1,0.140561929,11.9047619
Lrpap1,0.140552699,25.13227513
Desi1,0.140442969,20.8994709
Mtrf1l,0.140259812,4.497354497
Gm28285,0.140204704,6.613756614
Far2os2,0.14018185,2.91005291
Trappc1,0.140158209,9.259259259
Mtus1,0.140042784,11.9047619
Gpt2,0.139891127,8.465608466
Pycr2,0.139826015,10.05291005
Akap12,0.139714908,30.68783069
Ddx11,0.139541792,2.116402116
Snrnp48,0.13933162,44.97354497
Bcl2l13,0.139139193,13.49206349
Meis1,0.13907455,47.88359788
Cadm4,0.138922643,11.9047619
Syn1,0.138688946,52.38095238
Chrd,0.138589291,4.761904762
Tmem45a,0.138574448,1.322751323
Trim33,0.138350776,41.00529101
Wnk1,0.138174807,50.79365079
Dhrs1,0.137897682,7.142857143
Golga2,0.13788113,12.43386243
Herc2,0.137789203,40.74074074
Fan1,0.137687608,6.878306878
Chmp7,0.137669054,10.84656085
Traf6,0.137606288,8.201058201
Scara5,0.137576067,1.322751323
Dctn4,0.137484606,31.74603175
Reep1,0.137467866,54.23280423
Prr22,0.137456871,1.587301587
Ccdc157,0.137431915,5.555555556
Agap3,0.137350032,22.48677249
Crhbp,0.137293087,0.793650794
Ube2v2,0.137037863,20.63492063
Slc25a46,0.136995467,11.11111111
Cltc,0.136604262,38.62433862
Klhdc4,0.136550101,6.084656085
Kcnj5,0.13650008,0.529100529
Mcm3ap,0.136495502,8.201058201
Lmod1,0.136386854,1.851851852
Fbrsl1,0.136277637,17.72486772
Tubgcp6,0.136198915,9.523809524
Cry2,0.136141969,12.43386243
Tmprss15,0.13612283,2.645502646
Nos1ap,0.136093878,19.84126984
Tbc1d10a,0.136049072,5.82010582
Map3k7,0.135934023,16.13756614
Dhdh,0.135733712,3.439153439
Gm16386,0.135617019,2.91005291
Ripk4,0.135489024,0.529100529
Skiv2l2,0.135453269,12.6984127
Lrfn5,0.135347044,92.32804233
Mllt11,0.135208528,23.28042328
Gm6408,0.135053464,0.264550265
Smurf2,0.135038504,37.3015873
Catsperd,0.134833718,10.31746032
Pan3,0.134640103,58.99470899
Wipf1,0.134561843,6.349206349
Osbpl9,0.134511568,70.63492063
Rhot1,0.134445392,32.53968254
Atp6v1g2,0.134361131,17.1957672
Ttc7b,0.134355437,33.06878307
Yars,0.13432105,19.57671958
Mief1,0.134314354,11.9047619
F420014N23Rik,0.134236748,2.116402116
Srrm2,0.134190231,77.77777778
Nubp1,0.13344831,4.761904762
D630045J12Rik,0.133097718,30.15873016
Thsd1,0.133057466,3.703703704
2700089I24Rik,0.132961413,0.264550265
Spp2,0.132951794,0.264550265
Gm12942,0.132926098,3.703703704
Rock2,0.132904884,39.68253968
Osbp2,0.132842682,15.87301587
Lrp6,0.132797689,26.19047619
Usp19,0.132777038,16.4021164
C330007P06Rik,0.132764898,12.96296296
Ckap5,0.13251928,43.12169312
Agbl4,0.132455013,89.68253968
Setbp1,0.132133676,60.84656085
Ythdf3,0.131920974,24.6031746
3830406C13Rik,0.131801732,16.13756614
Pdpr,0.131749292,17.46031746
Nrcam,0.131491003,65.07936508
Slc4a10,0.131298201,51.32275132
Fbxl15,0.131262802,5.555555556
Meaf6,0.131083809,20.63492063
Atp11b,0.131042539,32.53968254
Uncx,0.130903116,4.497354497
Gm20532,0.130866704,1.587301587
Rapgefl1,0.130647486,12.6984127
Nav2,0.130526992,75.13227513
Mtmr14,0.130317951,11.9047619
Itpa,0.130312413,9.523809524
Slc16a12,0.130172833,1.587301587
Mycbp,0.130094862,18.25396825
Iscu,0.130057127,17.72486772
Mast2,0.130012853,57.67195767
Aaas,0.129937385,5.291005291
Dcaf12,0.129786009,15.87301587
Stat6,0.129686544,1.851851852
Swt1,0.129382038,25.92592593
Dpp10,0.12937018,89.41798942
Anapc2,0.129350312,10.58201058
Lyrm9,0.129276657,6.349206349
Dus2,0.129234762,18.78306878
Crbn,0.129039738,14.02116402
Ppa2,0.128881041,12.43386243
Cep135,0.128853444,12.96296296
Dnaja3,0.128820497,16.13756614
Hmces,0.128594028,11.11111111
Wapl,0.128488772,38.62433862
Chmp4b,0.128418904,15.87301587
Arhgap32,0.12840617,41.00529101
Ly75,0.128286271,3.703703704
Fbp1,0.128282225,1.851851852
Scrib,0.128235927,10.84656085
Doc2g,0.12811496,2.380952381
Fam184a,0.128021442,29.36507937
Lrp1,0.127737401,33.86243386
Fut7,0.12768056,0.529100529
Fry,0.127570694,66.66666667
Ccdc18,0.127425201,4.497354497
Eno3,0.127313719,3.439153439
Rit2,0.127249357,80.95238095
Slc25a3,0.127198106,34.65608466
Rtn3,0.12718509,76.45502646
Megf9,0.127110622,26.45502646
Nxph2,0.126886563,3.968253968
Nudt16l1,0.126878553,6.084656085
Myh10,0.126835531,26.71957672
BC030500,0.126795263,1.851851852
Lrrc45,0.126727678,26.71957672
Kdm6b,0.126659249,25.13227513
Zic5,0.12661954,2.116402116
Cdh20,0.126520483,27.51322751
Brinp1,0.126285347,58.2010582
Fat1,0.126224146,9.523809524
Ctsa,0.126013103,12.16931217
Csnk2a1,0.125967139,15.07936508
Cntn2,0.125926026,12.43386243
Kdm4a,0.125908566,7.407407407
Trps1,0.125899743,50.79365079
Gm20422,0.125644676,7.407407407
Chmp1a,0.125569739,6.349206349
Gm15489,0.125475309,7.407407407
Tstd3,0.125395794,3.968253968
Ncam1,0.125257069,87.56613757
Nampt,0.125132665,8.465608466
Zdhhc5,0.124907792,6.613756614
Sh3glb2,0.124838675,20.63492063
Strn,0.124820996,15.34391534
Acd,0.124615428,8.201058201
Nbea,0.124614396,89.68253968
Cpsf4l,0.124296657,8.465608466
Gm26569,0.124027337,1.058201058
Brip1,0.123814437,2.645502646
Zdhhc20,0.123650386,46.82539683
Rgl2,0.123484054,20.8994709
Uhmk1,0.123338592,9.259259259
Mrpl47,0.123279988,9.523809524
2810403A07Rik,0.122358875,28.57142857
Cerk,0.122324144,18.78306878
Uri1,0.122300771,44.97354497
Sh3bp5,0.122156529,14.55026455
Pak1ip1,0.122142043,6.878306878
Tab1,0.12172831,6.878306878
Rapgef1,0.121609506,30.42328042
Kifc1,0.121602028,3.439153439
Ppp2r5b,0.121529407,12.96296296
Vsig10,0.121359169,3.174603175
Gm28198,0.121197682,37.56613757
Map2k5,0.121151218,29.36507937
Ankef1,0.121079879,8.73015873
Crebrf,0.121042395,31.21693122
Fgf1,0.12096483,21.95767196
Ube2j2,0.120891833,18.25396825
Unc45a,0.120885325,19.04761905
Zfand3,0.120694087,41.26984127
Ahr,0.120618306,4.761904762
Arhgap39,0.120565553,42.59259259
Caprin2,0.120480854,19.31216931
Ubap1l,0.120384077,16.4021164
2300009A05Rik,0.120358233,9.259259259
Ttc17,0.120234423,34.12698413
2700062C07Rik,0.120216244,14.28571429
Ddi2,0.120058266,17.46031746
Slc19a2,0.120055939,3.439153439
Adamts16,0.11999938,6.878306878
Pitrm1,0.119923286,8.73015873
Gm16552,0.119852604,6.878306878
Cnih3,0.119786773,4.232804233
Zdhhc18,0.119733957,14.28571429
Cep44,0.119653732,8.201058201
Camsap2,0.119099794,25.92592593
Vti1a,0.119087404,44.17989418
Clk2,0.118870353,11.11111111
Timm22,0.118836467,9.259259259
Atxn2,0.118766067,47.61904762
Adck1,0.118650173,15.07936508
Prosc,0.118117261,14.02116402
Capza1,0.11783128,28.30687831
Dpp3,0.117624023,11.64021164
Mtmr4,0.117589073,8.201058201
Spata7,0.11748072,40.47619048
D130017N08Rik,0.117427091,5.291005291
Atf2,0.117287918,44.17989418
Gucy1b3,0.117213982,21.42857143
Raph1,0.117159383,50.26455026
Nif3l1,0.116950436,10.84656085
S100b,0.11687891,20.37037037
Zcchc7,0.116773779,62.43386243
Fam118b,0.116742615,11.37566138
Ift20,0.116720087,23.28042328
Cycs,0.116491084,12.6984127
Insig2,0.116260641,18.78306878
Ankhd1,0.116195373,51.85185185
Gm26805,0.116054041,2.645502646
2310026I22Rik,0.11587147,3.439153439
Vmn2r84,0.115687259,0.793650794
Glg1,0.115681234,65.87301587
Tcta,0.115512368,10.84656085
Card11,0.115453847,2.380952381
Plekha4,0.115443633,2.116402116
Exoc1,0.115418564,16.93121693
Fgd1,0.115394284,9.788359788
D3Ertd254e,0.115385241,6.613756614
Tpmt,0.115265229,4.497354497
Tpm3,0.115258459,23.54497354
9030624J02Rik,0.11519951,26.45502646
Atp6v1a,0.115142377,31.48148148
Spice1,0.115099292,5.291005291
5430419D17Rik,0.115080331,3.703703704
Cpsf1,0.115080206,5.026455026
Smpdl3b,0.11489776,1.322751323
Tnfrsf26,0.114738107,1.058201058
Ranbp3l,0.114733467,1.058201058
Ptprg,0.114717224,61.11111111
Ank2,0.114524422,97.88359788
Gm13307,0.114481382,1.851851852
Sgsm3,0.114470636,19.84126984
Tfe3,0.114446356,8.465608466
Rabep1,0.114395887,55.55555556
Gm4211,0.114393449,1.851851852
4632404H12Rik,0.114312476,1.587301587
Slc22a14,0.114256933,24.86772487
Faah,0.114144199,10.84656085
Gm20757,0.114106621,1.851851852
Ubr5,0.114010283,42.06349206
Acer3,0.113878025,38.35978836
Efcab9,0.113770536,0.793650794
Sez6l,0.113624679,33.06878307
Ehd3,0.113538321,5.291005291
Errfi1,0.113437196,5.291005291
Htr7,0.113391639,11.9047619
Ube2k,0.113367609,52.38095238
A630072M18Rik,0.113315482,3.174603175
Cables2,0.113114357,4.497354497
Dhx38,0.113011198,3.439153439
4933406I18Rik,0.11285347,42.32804233
Cdadc1,0.112768146,15.07936508
RP23-114E15.17,0.11276777,2.645502646
Onecut2,0.112698854,11.37566138
Mblac2,0.112596401,38.35978836
Adh4,0.112505811,0.264550265
Gm16796,0.112391652,0.529100529
Pcsk7,0.112303349,19.57671958
Usp39,0.11225116,5.82010582
Vcpip1,0.11223151,18.25396825
Brap,0.112189646,11.64021164
Ankrd16,0.112104071,10.84656085
Psmd1,0.112082262,39.15343915
Il22ra1,0.112072118,0.264550265
Otud4,0.112060986,19.57671958
Trio,0.112017995,50.26455026
Sec24c,0.111909986,11.64021164
Atpaf1,0.111718216,19.84126984
Mcoln1,0.111630013,6.613756614
Rnaseh2a,0.111599099,8.465608466
Cav1,0.11158481,0.793650794
Gm10684,0.111537366,16.93121693
Cisd3,0.111348851,8.994708995
Lipa,0.111255391,5.555555556
Sprtn,0.111246349,2.645502646
Rai1,0.111180079,31.48148148
Arfgef1,0.111053985,34.65608466
Mapt,0.11092545,71.95767196
Yaf2,0.110878704,19.57671958
Stim2,0.110703361,24.33862434
Rab11fip2,0.11062758,25.92592593
Clybl,0.110613406,21.16402116
Dctn1,0.110610559,13.49206349
Gm21798,0.11056711,8.73015873
Gm12022,0.110413761,0.264550265
Parp9,0.110211782,4.497354497
Fam135a,0.110145825,36.50793651
Notch3,0.110108716,6.349206349
Slc25a36,0.110025707,39.68253968
Pih1h3b,0.109818801,0.264550265
Sipa1l3,0.109507094,28.30687831
Aoc2,0.109412353,1.851851852
Kmt2c,0.109383033,51.32275132
Snd1,0.109109663,31.48148148
Nek3,0.109019895,5.026455026
Top1,0.108997429,49.73544974
Sart1,0.108959664,8.73015873
Smap1,0.108859539,23.28042328
Gpalpp1,0.108841048,6.084656085
Flnb,0.108611825,38.62433862
Pigq,0.108092524,10.84656085
Trim41,0.108061829,10.58201058
Svop,0.108033419,37.83068783
Sbf2,0.107840617,57.14285714
Chmp3,0.107809422,15.87301587
Paxip1,0.107666964,7.142857143
Zfp646,0.107655794,3.174603175
Gm20641,0.107640337,4.232804233
Gm29328,0.107479476,0.793650794
Gm28873,0.107290652,2.91005291
Cdkal1,0.107262211,37.3015873
Adnp2,0.107229796,3.439153439
Mdh1,0.107197943,43.91534392
Taf5l,0.107062025,4.761904762
BC024139,0.106986368,1.851851852
Ddx17,0.106940874,38.0952381
Plcd4,0.106873861,6.613756614
Ddhd1,0.106818754,21.69312169
Ppp1cc,0.106667347,12.6984127
Gm21781,0.106621227,3.439153439
Slc9a9,0.106533743,28.30687831
Myt1l,0.106491003,71.95767196
RP24-72H18.4,0.106195229,3.703703704
Jmy,0.105939286,15.60846561
Slit2,0.105912596,57.93650794
Gm29514,0.105791008,28.57142857
Fam53c,0.105679995,6.613756614
Baiap2l1,0.105647517,3.439153439
Pkp4,0.10559126,46.2962963
Mettl21b,0.10540409,1.322751323
Arhgef11,0.105398458,39.41798942
Usp38,0.105256563,6.349206349
Ctns,0.1052264,10.05291005
Npl,0.105099805,2.645502646
D930048N14Rik,0.105083028,2.380952381
Mro,0.104917235,4.497354497
Trim11,0.104888105,7.142857143
Ksr2,0.104820051,54.76190476
Pus3,0.104787824,8.73015873
Atg2b,0.104476062,16.13756614
Myo1a,0.10443038,0.793650794
Hsf4,0.104321526,8.994708995
Gm20388,0.104048843,88.35978836
Zfp81,0.104002223,10.31746032
Setd5,0.103920308,59.52380952
Tubd1,0.103907605,5.555555556
Lonp1,0.103877099,8.994708995
Phlda1,0.103821811,5.026455026
Tamm41,0.103639241,3.703703704
Eno4,0.103605431,2.91005291
Fam120b,0.103598972,40.21164021
Zfp382,0.103541009,2.116402116
Adamts17,0.103458954,16.4021164
Clnk,0.103407553,5.026455026
Add1,0.10340617,41.7989418
Ampd2,0.103227792,16.93121693
Adgrb3,0.102892031,97.88359788
Wasf1,0.10286021,14.02116402
Mcts1,0.102829922,15.87301587
Aox2,0.102787244,2.380952381
Nemf,0.102559399,34.92063492
Ubr3,0.102442159,50
Gm15690,0.102388662,2.116402116
Dnmt3a,0.102313625,63.75661376
Esrra,0.10228875,10.84656085
Ppm1f,0.102239814,14.28571429
Ergic1,0.10222902,25.13227513
Pcid2,0.102217318,9.259259259
Rgs17,0.10218509,46.82539683
2810029C07Rik,0.102153519,4.232804233
Slc9a7,0.102120823,33.86243386
Cntnap3,0.102117819,7.936507937
Nf2,0.102106461,20.63492063
Psma1,0.101979929,33.06878307
Dscr3,0.101855493,10.84656085
9330160F10Rik,0.101630964,5.82010582
Atf7ip,0.101357843,22.22222222
Pdcd10,0.101297956,19.57671958
Ackr1,0.101227963,8.465608466
Hook2,0.101172394,25.13227513
Prmt6,0.101083252,2.116402116
Rab40c,0.101028278,33.5978836
Btbd10,0.100976588,31.21693122
Vwde,0.100807741,0.793650794
Mrpl4,0.100717955,15.87301587
Cntnap1,0.100650496,14.28571429
Gm20671,0.100592917,2.116402116
Zfp14,0.100256381,11.11111111
Ranbp10,0.100142083,25.3968254
Wdr12,0.099997059,17.72486772
Lama3,0.099805258,4.232804233
Akr1b10,0.099786485,6.349206349
Teddm2,0.099745528,10.05291005
Fam13b,0.099742931,33.86243386
Glrx2,0.099693338,10.84656085
Smim4,0.099640115,21.95767196
Zfp618,0.099243717,35.44973545
Rad51b,0.099014119,2.380952381
Cacna1c,0.098457584,66.93121693
Arfgef2,0.098264781,33.86243386
Yap1,0.098162123,2.380952381
Rfx7,0.098136247,59.25925926
Tgfbrap1,0.098107211,10.05291005
Gm43674,0.09809391,0.264550265
E4f1,0.098061153,12.96296296
Trpc4ap,0.098058025,26.71957672
Gm26804,0.097943445,42.85714286
Acat1,0.097879177,39.94708995
Gm15396,0.097857619,6.878306878
Necab3,0.097854084,6.084656085
Banf2,0.097798546,14.55026455
Anapc7,0.097738659,6.084656085
Gk,0.097597515,16.93121693
Usp50,0.097544324,24.07407407
Zfp169,0.097538473,12.96296296
Rfesd,0.097521358,6.878306878
Mlst8,0.097310127,5.291005291
Slc5a4b,0.097066699,2.91005291
Zfp7,0.097005842,5.291005291
Gm20655,0.096640701,0.793650794
Slc19a1,0.09645813,3.174603175
Nle1,0.096285885,6.613756614
Oprm1,0.09625663,31.21693122
Mmp24,0.096248213,19.57671958
Brpf1,0.096101938,4.497354497
Rev1,0.095694087,37.3015873
4933431E20Rik,0.09558417,5.026455026
Calu,0.095583606,11.64021164
Nudt17,0.095504338,3.174603175
Cacna2d3,0.095501285,53.7037037
Glud1,0.09546377,27.77777778
Mast1,0.095375848,28.04232804
Trpc7,0.095315993,16.4021164
Sncb,0.095250317,24.86772487
Ankib1,0.095244216,34.39153439
Rbm45,0.095168059,5.291005291
Tbc1d2b,0.095146876,7.671957672
Trmt2b,0.095138772,8.201058201
Snn,0.094997566,4.232804233
Sos1,0.094545379,31.48148148
Map6,0.094537275,41.26984127
Ndufb3,0.094147541,17.1957672
Hook1,0.094102454,21.16402116
Csnk1g1,0.094023136,48.14814815
Tstd2,0.093972573,7.936507937
Gm9833,0.093902142,4.497354497
Eps8l1,0.093841285,2.645502646
Cd276,0.093658715,3.968253968
Gm17231,0.093658433,28.83597884
Nsd1,0.093637532,66.66666667
Epb41l1,0.093573265,47.61904762
Lrp5,0.093537001,2.380952381
Cpm,0.093442759,5.291005291
Alg13,0.093330213,10.84656085
Strn3,0.093316195,58.73015873
RP24-402O2.2,0.093050146,0.529100529
Gm11250,0.093016354,6.349206349
Stk38,0.092802057,31.74603175
Abca2,0.092642202,21.95767196
Gm43126,0.092631334,0.529100529
Focad,0.092609254,44.97354497
Dock2,0.092563291,3.174603175
Znhit1,0.092242205,23.28042328
Trpc3,0.091772621,16.4021164
3300002I08Rik,0.091770525,11.11111111
Spry2,0.091650438,4.497354497
AI314180,0.091580977,50.52910053
Gm14391,0.091528724,4.497354497
Haus4,0.091467868,4.761904762
Stradb,0.091461766,8.465608466
Papd4,0.091387893,17.98941799
Gm2694,0.091343588,4.761904762
Rasgrf1,0.091323907,66.4021164
Atm,0.091206605,14.55026455
Gm9866,0.091163583,4.497354497
Rab26os,0.091104729,7.671957672
Rab6b,0.091075912,24.33862434
Spred2,0.091066838,30.15873016
Slc17a6,0.091053665,23.80952381
Usf3,0.091017965,14.55026455
Acaa1a,0.090913085,13.75661376
Rbm4b,0.090874036,60.58201058
Fam178a,0.090809769,34.65608466
Trmt10b,0.090762616,7.671957672
Supt7l,0.090497881,5.82010582
Psph,0.090433301,4.761904762
Lrig2,0.09029563,41.00529101
Txnrd2,0.090044912,6.878306878
Acvr1,0.089880301,22.75132275
Ulk1,0.089842191,7.936507937
Gm15608,0.089824732,4.232804233
Sirt6,0.089696385,11.37566138
Cep83os,0.089478646,9.259259259
Mpv17,0.089326551,16.4021164
Magt1,0.089306307,11.9047619
Cmpk1,0.089232747,12.96296296
Gdpgp1,0.089155307,2.116402116
Aff4,0.08907455,54.23280423
Fa2h,0.08903099,3.174603175
Ccl25,0.089009031,20.63492063
Mrpl24,0.088954933,6.084656085
Pabpc4,0.088924614,21.95767196
Smurf1,0.088904245,24.07407407
Gucy2c,0.088795909,0.529100529
Clstn3,0.088624679,29.1005291
1810019N24Rik,0.088425024,2.380952381
C230034O21Rik,0.088383406,1.322751323
Slc45a1,0.088239732,17.46031746
Cep350,0.088231722,30.15873016
Gabra1,0.0880984,21.95767196
Preb,0.088084132,19.31216931
Fkbp4,0.088035759,16.66666667
Parg,0.087948557,21.69312169
Sycp3,0.087917738,36.50793651
Nme8,0.087911858,0.529100529
Spata17,0.087877313,4.497354497
Shank1,0.08785347,42.85714286
Csf1,0.087816456,3.174603175
Kansl3,0.087714298,23.01587302
Zfp157,0.087666676,19.31216931
Arhgap20,0.08764299,24.6031746
Nsun2,0.087536764,13.75661376
Ephx4,0.087451315,3.439153439
Rasgef1c,0.087421997,4.232804233
Gm44053,0.087390458,2.380952381
Eed,0.087343869,8.201058201
Dip2c,0.087339332,76.45502646
1700020I14Rik,0.087298656,15.60846561
Loxl1,0.087025316,3.703703704
Cbfa2t2,0.087017995,38.62433862
Gm28513,0.086797761,0.529100529
Rbm22,0.086721032,5.291005291
Xrn2,0.086442061,24.33862434
Ankrd17,0.086375321,56.87830688
Cntn1,0.086246787,76.45502646
BC028471,0.08617332,0.529100529
Emc2,0.08589438,14.02116402
Atad1,0.085857897,25.92592593
Mmd,0.085816471,8.465608466
Abhd17a,0.085808179,6.613756614
Rnf185,0.085744412,16.66666667
Arhgap44,0.08566838,33.86243386
Atp6v1e1,0.085615753,19.04761905
Polr3g,0.085561873,3.968253968
Rnf11,0.085503206,19.84126984
Slc25a26,0.085497668,16.93121693
Ipo7,0.085466567,16.13756614
Slco6c1,0.08532322,0.793650794
Dhx35,0.085321324,6.349206349
Myef2,0.085282776,34.65608466
Psd3,0.085154242,35.97883598
Gm15563,0.085138754,3.968253968
Wnt5b,0.085045043,9.523809524
Kif5c,0.08496144,41.26984127
Cpsf4,0.08494786,9.523809524
Ccni,0.084933436,19.84126984
Tm9sf4,0.084832905,28.83597884
Pdpn,0.084773612,1.851851852
Dnajc5,0.084301401,31.74603175
Pradc1,0.084286758,3.439153439
Orc4,0.084241733,18.78306878
Peli2,0.083791142,9.523809524
Mkln1os,0.083736574,7.671957672
Tmem180,0.083360669,7.407407407
5330439K02Rik,0.08328179,14.28571429
Eml4,0.083226221,31.74603175
Ncor1,0.083097686,61.9047619
Ppp1r14b,0.083008763,4.232804233
Glrb,0.082840617,39.15343915
Ank,0.08277635,30.68783069
Smg5,0.082771781,23.54497354
Gipc1,0.082713834,10.05291005
Gm15687,0.082617508,1.058201058
Slc35a3,0.08255908,11.9047619
Capn2,0.082538054,17.72486772
Nr2c2ap,0.082339338,4.497354497
Tuba1c,0.082211145,0.264550265
Zfp691,0.081975724,2.380952381
Pik3r2,0.081905768,5.82010582
Pias2,0.081876607,32.53968254
Kdm5c,0.081812339,48.94179894
Klf13,0.081786995,16.66666667
Arl4c,0.081730769,5.026455026
Wdr90,0.081609056,3.968253968
Ndufaf5,0.081605614,12.96296296
Snx25,0.081565533,16.66666667
Slc6a15,0.08155527,29.62962963
Ints9,0.081419069,23.28042328
Smim14,0.081394445,25.92592593
Vps52,0.081365628,4.497354497
Sart3,0.081325328,10.84656085
Mrpl21,0.081287156,14.02116402
Slc2a8,0.081251142,14.02116402
Atp6v0e,0.081159591,11.9047619
Tomm40,0.080874674,23.54497354
Erlin1,0.080745483,18.51851852
Vav3,0.080655527,35.44973545
Chd1l,0.080452775,4.232804233
DHRSX,0.080391918,6.349206349
Ktn1,0.080141388,43.65079365
Dhx29,0.079954187,10.58201058
Iqsec1,0.079948586,36.77248677
Slc26a4,0.079844206,0.264550265
Lrch2,0.079794926,18.78306878
Ralgapb,0.079691517,38.35978836
Zfp114,0.079554153,1.058201058
Dnajc27,0.079538076,14.55026455
Mb21d2,0.079469147,8.201058201
Axin1,0.079467082,22.22222222
Mfhas1,0.079456631,19.31216931
R3hdm1,0.079434447,71.42857143
Rsad1,0.079395931,6.349206349
Pafah1b1,0.07937018,65.34391534
Gm26542,0.079149938,11.9047619
Fbxw4,0.079113111,34.39153439
Gm12976,0.079049106,1.322751323
Erich1,0.078870497,5.291005291
Sulf2,0.078850722,19.31216931
9430038I01Rik,0.07880964,3.968253968
Rpap1,0.078800253,8.465608466
Fbxw2,0.078572345,19.04761905
Gatad2a,0.078555292,14.02116402
Map3k10,0.078466745,11.37566138
Otoa,0.078444499,1.322751323
Zfand6,0.078388585,30.95238095
Pmpca,0.078322785,8.201058201
Dclk2,0.078213368,45.5026455
Kcng2,0.078079357,2.380952381
Sned1,0.078046191,6.613756614
Pja2,0.078020566,52.38095238
Glrx3,0.077981486,15.34391534
1700007B14Rik,0.077775073,5.555555556
Zkscan14,0.077531646,2.380952381
Rrp15,0.077470789,5.291005291
Kdm4c,0.077120823,52.38095238
Ing4,0.076870918,15.87301587
Abcg8,0.07684864,1.587301587
Ube2l6,0.076740506,1.851851852
Ccdc47,0.076713097,10.05291005
Taok3,0.076670951,25.66137566
Acan,0.076592283,1.058201058
Ube4b,0.076542416,34.39153439
Ar,0.076384908,19.57671958
Taf1a,0.076182125,8.465608466
Fbxo8,0.076128277,19.57671958
Hdhd2,0.076104216,10.05291005
Usp5,0.076036413,12.96296296
Cog8,0.075949367,3.703703704
Actr1b,0.07588973,24.86772487
Rsph10b,0.075810914,8.73015873
Gm26694,0.075706941,52.11640212
Helb,0.075297172,1.587301587
Cdon,0.075291863,11.11111111
Slc22a30,0.075197583,0.529100529
Kctd5,0.075158228,7.407407407
Alas1,0.075150437,7.142857143
Ltbp3,0.074917022,11.64021164
Csgalnact2,0.074793087,5.291005291
Uvssa,0.07472472,24.33862434
Ern1,0.074497407,12.6984127
Aldh3a2,0.074484203,8.465608466
Nploc4,0.074417339,26.19047619
Trappc8,0.074228792,28.04232804
Osbpl2,0.07421346,20.8994709
Setd8,0.074203792,8.201058201
Ptpn18,0.074119417,2.380952381
Prpf18,0.073972067,13.22751323
Itpr2,0.073941091,8.465608466
Sec23b,0.073921347,13.22751323
Apip,0.073880234,5.026455026
Zfyve28,0.073714653,26.45502646
Gmpr2,0.073527639,12.96296296
Ctnnbl1,0.073506081,26.71957672
Rpgrip1,0.073503234,12.96296296
Ppp1r8,0.073454236,7.407407407
Sept3,0.073434148,19.04761905
Acaca,0.073393316,56.61375661
Ralgps1,0.073264781,48.94179894
Fkbp8,0.073050891,21.16402116
Prickle2,0.072943445,57.93650794
Hvcn1,0.07278481,2.380952381
Rnf31,0.072694323,4.497354497
Rbm26,0.072686375,55.55555556
Fchsd1,0.072590725,3.439153439
Atp5g1,0.072557841,26.45502646
Keg1,0.072524407,0.529100529
Pfkfb3,0.072419669,6.613756614
Got1,0.072378399,15.07936508
Top3a,0.071993671,3.439153439
Cstf3,0.071786632,41.26984127
Zfr2,0.07165428,16.66666667
Eif4e2,0.071489545,9.259259259
Amd2,0.071445959,1.851851852
Fam199x,0.071354064,10.84656085
Umps,0.071324245,2.645502646
Defa24,0.071141675,0.793650794
Prkce,0.071015424,58.73015873
Cdk11b,0.071008509,15.87301587
Wdr37,0.07091652,25.92592593
Ano8,0.070898247,4.232804233
Adss,0.070881476,14.55026455
Gm14308,0.070715677,2.91005291
Fus,0.070437018,71.95767196
Stk31,0.070397331,1.587301587
Ppp3cc,0.070332576,26.45502646
Wdr27,0.070289679,2.91005291
Kdm7a,0.070255198,19.04761905
Snapin,0.070228822,7.671957672
Gba,0.069924537,2.91005291
Lppos,0.069774503,1.058201058
Gm16867,0.069741967,3.968253968
Panct2,0.069498539,1.851851852
Gm13205,0.06942314,2.91005291
Ddx56,0.069315969,4.232804233
Larp4,0.069314436,19.84126984
Mpc2,0.069294724,21.69312169
Nfs1,0.069244724,17.72486772
Grk5,0.069087404,26.71957672
Pbx4,0.069063655,17.72486772
Wdr70,0.068958869,29.1005291
Pnpla7,0.068941097,13.49206349
Mief2,0.068585686,3.439153439
Mbnl1,0.068573265,32.8042328
2310033P09Rik,0.068538346,12.96296296
Zfand5,0.068513816,9.523809524
Npepps,0.068508997,50.79365079
Cspp1,0.06844473,52.11640212
Tnfsfm13,0.068107857,0.264550265
Asf1b,0.067794547,2.380952381
RP23-378D16.5,0.067611977,1.587301587
Atcay,0.067544987,28.57142857
Rilpl1,0.067493016,9.788359788
Klc4,0.067064265,8.73015873
Pxn,0.067044334,7.142857143
Sycp2l,0.066945607,1.058201058
Memo1,0.066902314,24.6031746
Fbxo32,0.066820837,2.116402116
Pdcd6ip,0.06681483,15.87301587
Cd320,0.06639825,6.613756614
Ndufs1,0.066245466,26.98412698
Tmbim4,0.066235485,14.81481481
Pip5k1a,0.066131105,27.24867725
Sulf1,0.065968841,5.026455026
Spred1,0.065916151,17.46031746
Rqcd1,0.065888679,11.37566138
Per1,0.065639182,5.291005291
Hdac8,0.065616967,43.12169312
Tra2a,0.065359897,59.78835979
Map2k2,0.06529563,26.45502646
Stxbp5,0.065231362,39.94708995
Plekhm1,0.065177702,5.82010582
Qpctl,0.065110431,11.9047619
Jak1,0.065077578,20.63492063
Zfp955b,0.065055988,2.91005291
Drg2,0.064611123,6.878306878
Arhgef4,0.064543633,15.87301587
Sec23ip,0.064487907,8.73015873
Cp,0.06444742,4.761904762
Eno1,0.064367226,19.84126984
Clip1,0.06433162,44.97354497
Cops7b,0.064330806,13.22751323
Sptssa,0.064325706,7.142857143
Cisd2,0.064272922,17.46031746
Rbm25,0.064267352,64.02116402
Serpinb3b,0.064264849,3.968253968
Npepl1,0.064203992,1.851851852
Gramd1b,0.064203085,41.7989418
Rab11fip4os1,0.064143135,3.174603175
Madd,0.064138817,27.51322751
Fcho2,0.06407455,32.8042328
6430550D23Rik,0.064021422,3.968253968
Ube2f,0.063884752,12.6984127
Aldh16a1,0.063777994,2.116402116
Ifit1bl1,0.063706443,1.587301587
Rapgef2,0.063303342,44.97354497
Tunar,0.063291139,1.587301587
Nfatc3,0.063239075,30.42328042
1700125H20Rik,0.063169426,0.793650794
Mobp,0.063107818,8.201058201
Dact3,0.062986855,4.761904762
Ulk2,0.062982005,52.11640212
Rnf130,0.062917738,36.50793651
Slc43a2,0.062822995,20.63492063
Coq4,0.062804284,5.82010582
Nckap1,0.062660668,42.85714286
A430105J06Rik,0.062439143,3.703703704
Lgr4,0.062364832,15.60846561
Emsy,0.062339332,27.24867725
Dusp27,0.062335819,0.793650794
P2ry14,0.062275064,48.67724868
Gm20629,0.062134859,7.936507937
Rab26,0.062026881,9.259259259
Nefh,0.062013145,8.201058201
Iqgap1,0.061953728,26.71957672
Ift88,0.06188946,24.07407407
Plk3,0.061708861,3.703703704
Dnlz,0.061611865,10.58201058
Gm26777,0.061465433,8.201058201
Zscan26,0.061311054,33.5978836
Zc3h12b,0.061246787,39.41798942
1110017D15Rik,0.061244377,7.671957672
Gm10827,0.061101137,8.994708995
Wdr25,0.061100292,8.73015873
Gm29051,0.061039435,2.116402116
Smu1,0.060917722,9.523809524
Il4ra,0.060856865,1.587301587
C2cd5,0.060539846,43.38624339
Slc17a5,0.060493601,18.25396825
Thoc6,0.060488094,4.497354497
Dnah7c,0.060424578,9.259259259
Litaf,0.06037001,7.142857143
Cul3,0.060342382,20.63492063
Aldh7a1,0.06030956,14.81481481
Hgs,0.060290692,13.75661376
Slmo1,0.060232589,25.66137566
Grm2,0.060126582,1.058201058
Mmp28,0.060073025,1.322751323
Smchd1,0.060025707,36.77248677
Ddx4,0.059944012,3.703703704
Zdhhc17,0.059832905,28.57142857
Cdip1,0.059768638,39.68253968
Ccnjl,0.059761441,5.026455026
Exoc2,0.05970897,20.10582011
Slc36a3,0.05957887,1.587301587
Rtn2,0.059457157,4.761904762
Sec24d,0.059351807,16.66666667
Mtfr2,0.059335443,1.587301587
Plekhj1,0.059333503,12.43386243
Gabrg2,0.059190231,29.1005291
Ccnl1,0.058983381,17.72486772
Mapk8ip3,0.058933162,34.65608466
Zbtb7b,0.058787731,1.322751323
Celf1,0.058676093,43.38624339
Csrnp2,0.058605161,4.232804233
Lrrc17,0.058483447,2.645502646
Exosc2,0.058380913,7.407407407
Gabrb3,0.058354756,81.48148148
Msrb1,0.058118306,3.703703704
Pou2f1,0.057904884,33.86243386
Gm14306,0.057869716,20.8994709
Bag2,0.057814021,4.497354497
Rabggta,0.057692308,4.761904762
Tcp11l1,0.057390746,34.12698413
Far1,0.057069409,29.1005291
Cacnb4,0.056940874,52.38095238
Raver1,0.056899448,12.16931217
Rmdn1,0.056683805,44.17989418
C1qtnf4,0.056657741,6.349206349
Rab11fip3,0.056298201,36.77248677
4833420G17Rik,0.056285748,16.4021164
Hars2,0.056275422,8.465608466
Dcun1d3,0.056272325,18.25396825
Mvb12b,0.056233933,27.51322751
Zfp639,0.056231743,8.201058201
Hnrnpm,0.056169666,32.53968254
Slc25a24,0.056049172,1.058201058
Mtl5,0.056020456,0.264550265
Rnmt,0.055866602,10.84656085
Alkbh3,0.055744888,5.82010582
Heatr1,0.055684031,6.878306878
Trim17,0.055623174,6.349206349
Bin3,0.055562317,6.613756614
Ryr3,0.055526992,53.43915344
Wdr45b,0.055361599,16.66666667
Srpk1,0.055205656,27.24867725
Etfdh,0.055114448,12.96296296
Spata5,0.055107502,22.22222222
Dnpep,0.055009474,8.73015873
Kcna6,0.054924525,11.37566138
Gm8108,0.054832035,0.529100529
1700061G19Rik,0.054684101,6.613756614
Pcp4,0.054633476,12.96296296
Slc2a13,0.054562982,45.23809524
Ndel1,0.054533039,21.16402116
Mrps23,0.054527751,3.174603175
Gm14341,0.05450953,0.264550265
Atp2c1,0.054434447,41.7989418
Nxpe3,0.054421556,16.93121693
Syt3,0.054406757,12.16931217
Exog,0.054406037,5.82010582
Phf3,0.05437018,28.57142857
Lrrc57,0.054223466,7.671957672
Opa3,0.054101753,9.788359788
Arih1,0.054048843,54.76190476
Gm27246,0.053980039,0.793650794
Arhgef25,0.053862017,14.28571429
Zswim4,0.053797468,3.439153439
Cygb,0.053493184,6.878306878
Stmn3,0.05340617,55.02645503
RP23-205F19.4,0.05337147,3.174603175
Arhgef9,0.053341902,34.39153439
Srbd1,0.053255295,11.37566138
St8sia2,0.053249757,6.613756614
Ubac2,0.053084833,31.21693122
Cdc14a,0.053006329,3.174603175
Gm43614,0.052998605,0.264550265
Elp5,0.052982518,15.60846561
Ankrd11,0.052827763,27.51322751
Orai1,0.052580331,2.645502646
Slc38a2,0.052377892,22.75132275
Pdk2,0.052336904,5.291005291
Anapc1,0.052249357,23.80952381
Slc9a3r2,0.052093476,6.349206349
Trip12,0.051992288,47.61904762
Rims2,0.051863753,78.83597884
Pag1,0.051805149,18.25396825
Mpc1,0.051799486,32.27513228
Peli3,0.051551615,4.497354497
Mrpl15,0.051545764,9.259259259
Thoc1,0.051542416,48.41269841
Stil,0.051420486,2.116402116
Taok1,0.051413882,42.06349206
Ryk,0.051393231,19.04761905
Cebpg,0.051363194,8.465608466
Arsk,0.051302337,5.555555556
Tmem248,0.051164103,10.58201058
Abhd5,0.051058909,2.380952381
Tacc1,0.05096401,30.15873016
Rtbdn,0.050954123,10.31746032
Llgl1,0.050937196,6.349206349
Pik3r3,0.050835476,30.68783069
Zbtb48,0.050632911,4.232804233
Zbed4,0.050621491,9.788359788
Tnrc6a,0.050578406,56.08465608
Brca2,0.050406536,6.349206349
Fam168a,0.050385604,58.46560847
Pclo,0.050321337,79.89417989
Sspnos,0.050206913,1.587301587
Rbm28,0.050160731,20.63492063
Asxl2,0.050128535,37.56613757
Ylpm1,0.050064267,46.03174603
Spats2,0.05000097,20.37037037
Ect2l,0.049902629,1.587301587
Fam220a,0.049770965,19.84126984
Arpc2,0.049742931,25.66137566
Spef2,0.049720058,2.645502646
1700080N15Rik,0.049598345,5.291005291
Lyrm7,0.049537488,5.026455026
Nsun5,0.049476631,5.291005291
Gm43458,0.04939795,0.793650794
Gm14703,0.049243967,8.73015873
2010111I01Rik,0.049228792,52.91005291
Rnps1,0.049164524,27.51322751
Higd1a,0.049060833,17.1957672
Tsc22d4,0.048975571,16.13756614
Tmem167,0.048940308,19.57671958
Ak7,0.048928919,5.555555556
1600012H06Rik,0.048746349,2.380952381
Sharpin,0.048685492,6.084656085
Mfn1,0.048586118,24.6031746
Pttg1ip,0.048442064,5.82010582
Osbpl7,0.048412215,8.73015873
Coq10b,0.048381207,6.084656085
Gm12092,0.04833229,1.322751323
Mtmr2,0.048259494,7.407407407
Tex15,0.048198637,3.439153439
Eef1a2,0.04813778,7.671957672
Crtc2,0.047833496,5.291005291
Dchs1,0.047711782,5.026455026
Gramd1a,0.047557841,29.89417989
Ambra1,0.047365039,64.02116402
Pts,0.047346641,5.026455026
Ly96,0.04730358,1.058201058
Igf1r,0.047300771,39.41798942
Zfp958,0.047285784,3.968253968
Manf,0.047107969,28.57142857
Nacad,0.047103213,6.613756614
Clasp1,0.047043702,46.56084656
Rnd1,0.047042356,4.761904762
Clk4,0.046979434,22.48677249
Senp6,0.046915167,38.35978836
Gm17259,0.046677215,2.380952381
Btbd16,0.046433788,1.851851852
Ccnl2,0.046401028,31.48148148
Tfpt,0.046312074,6.349206349
Cog4,0.046024811,21.42857143
Lpp,0.046015424,35.71428571
Zfc3h1,0.045951157,27.51322751
Saxo2,0.045946933,2.91005291
Terf2,0.045939549,10.84656085
Rps6kb1,0.045886889,35.18518519
Med12l,0.045822622,46.2962963
Ncapd2,0.045703505,7.142857143
Smarca2,0.045694087,35.71428571
Gm5570,0.045520935,2.645502646
Gm16365,0.04541481,1.322751323
Myo1f,0.045338364,3.703703704
Tbc1d20,0.045277507,7.936507937
Ccser2,0.045244216,28.04232804
Map2k3os,0.04521665,1.851851852
Nlk,0.045179949,55.29100529
Ddx39,0.045094937,5.291005291
Ganc,0.044851509,5.291005291
Ric1,0.044798506,20.10582011
Phf20,0.04466581,32.27513228
Cacnb2,0.044601542,78.30687831
Ndufs5,0.044595817,10.58201058
Wdtc1,0.044494128,10.58201058
Aatk,0.044280206,27.77777778
Fam189a1,0.044215938,41.53439153
5031415H12Rik,0.044182084,5.555555556
Spag1,0.04406037,8.994708995
Mvk,0.043999513,4.497354497
Gm10550,0.043877799,4.761904762
Cnbd2,0.043803269,18.25396825
Ndufs3,0.043766067,24.86772487
Gadl1,0.043765422,0.793650794
Tgfb3,0.043573515,2.380952381
Smc4,0.043512658,2.380952381
Adssl1,0.043451801,3.703703704
Wdr1,0.043247485,6.878306878
F630040K05Rik,0.043119479,0.793650794
Nde1,0.04308666,1.058201058
Etaa1os,0.043025803,3.174603175
Gm10654,0.04290409,1.851851852
Gtf3c5,0.042660662,5.026455026
Ncoa1,0.042609254,56.34920635
Rell1,0.042599805,4.761904762
Cntln,0.04248072,28.30687831
Xylt2,0.042478092,4.761904762
Gm43824,0.042356378,3.968253968
Zranb1,0.042287918,23.80952381
Mest,0.042052093,8.994708995
Phactr4,0.04193038,8.201058201
Fam69b,0.04182187,12.6984127
Nat9,0.041747809,3.968253968
Actr1a,0.041709512,21.42857143
Aatf,0.04151671,24.07407407
Ethe1,0.041443525,4.497354497
2210414B05Rik,0.041321811,3.968253968
Ppp2r5e,0.04125964,42.32804233
Paip2,0.041195373,29.89417989
Usp42,0.041017527,4.761904762
Ccdc22,0.04095667,3.968253968
Ppp2ca,0.040850507,14.28571429
Sh3glb1,0.040809769,30.42328042
Zfp385c,0.040774099,1.058201058
Top1mt,0.040713242,2.380952381
Spns1,0.040669,14.55026455
Narf,0.040631578,14.55026455
Pkd1l2,0.040591529,2.645502646
Papolg,0.040530672,10.05291005
Atf6,0.040488432,23.54497354
Crybg3,0.040348101,2.645502646
Xlr3b,0.040287244,5.82010582
Tmem126a,0.040231362,49.73544974
Trmt13,0.040208459,16.66666667
C030039L03Rik,0.040043817,5.291005291
Kdelc1,0.03998296,5.555555556
Pakap,0.039922103,12.43386243
Kat5,0.039861246,6.613756614
Acbd6,0.039845758,33.33333333
Gm13152,0.039739533,1.587301587
Csnk1d,0.039652956,20.8994709
Isoc2a,0.039617819,3.968253968
Dph3,0.039556962,5.555555556
Spop,0.039460154,44.70899471
Ldhb,0.039395887,26.71957672
Atf1,0.039374391,12.16931217
Mum1,0.039359467,10.31746032
Zfyve19,0.039313535,9.523809524
Leprot,0.039252678,3.968253968
2610037D02Rik,0.039203085,32.8042328
Casz1,0.039191821,10.84656085
Snhg20,0.03907455,38.88888889
Exoc7,0.03900925,12.16931217
Prdx3,0.038948393,8.994708995
0610010F05Rik,0.038753213,26.45502646
Smpd4,0.038704966,11.11111111
Lrrc9,0.038644109,5.291005291
Dmxl1,0.038560411,44.44444444
Dnm1l,0.038496144,21.42857143
Mipol1,0.038478247,22.22222222
Cuedc1,0.038367609,25.3968254
Mob3b,0.038339825,4.761904762
Hbp1,0.038157254,6.613756614
Ddx24,0.037982005,44.70899471
Crmp1,0.037917738,20.37037037
Smarcc1,0.03785347,31.48148148
Wrnip1,0.03785297,6.878306878
Adprhl2,0.037787201,9.788359788
Zbtb1,0.037731256,4.232804233
Fgfr1op,0.037670399,8.201058201
Hook3,0.037532134,39.41798942
Mtmr9,0.037487829,4.761904762
Gm3764,0.03743154,20.63492063
Ydjc,0.037183544,5.026455026
5031425E22Rik,0.037082262,27.51322751
E130114P18Rik,0.037000974,2.645502646
Timm17a,0.036994028,14.02116402
Zfp503,0.036940117,0.793650794
Ube2d2a,0.036825193,29.36507937
Gm26699,0.036760925,50.79365079
Kif1a,0.036696658,46.82539683
Gtsf1,0.036635833,3.703703704
Osgep,0.036554919,9.788359788
Rec8,0.036392405,7.407407407
Ivns1abp,0.036331548,7.142857143
Man1a2,0.036311054,29.62962963
Phldb1,0.036270691,7.671957672
9030624G23Rik,0.036254265,9.259259259
Slc29a2,0.036209834,2.380952381
Pcdh11x,0.036182519,38.35978836
Rad9a,0.036088121,2.91005291
Copg1,0.036061776,19.31216931
Mical3,0.036053985,51.05820106
Gm15834,0.035923228,14.28571429
Cars,0.035915969,17.72486772
Sass6,0.035783836,4.497354497
Peg3,0.03566838,48.94179894
Pusl1,0.035662123,6.084656085
Gapvd1,0.035604113,40.21164021
Ncapg2,0.035601266,4.232804233
Sag,0.035540409,2.91005291
Tcof1,0.035479552,7.142857143
Npm3,0.035418695,2.645502646
Cdk5,0.035394259,16.93121693
Syngap1,0.035357838,5.82010582
Akt1s1,0.035296981,5.555555556
Rims4,0.035236125,8.201058201
Pigl,0.03519839,12.43386243
Men1,0.035175268,5.291005291
4933427D06Rik,0.035114411,1.851851852
Ap1s2,0.034627556,10.84656085
Tmc7,0.034566699,5.291005291
Rfwd2,0.034383033,27.51322751
Dubr,0.034323272,2.380952381
Cyth2,0.03395813,5.82010582
Ufd1l,0.033933162,18.78306878
Pcgf1,0.033897274,3.968253968
1700022A22Rik,0.033836417,3.439153439
Rnf111,0.033804627,25.3968254
Cul9,0.03374036,28.83597884
Cab39,0.033611825,20.37037037
Sv2a,0.033547558,30.42328042
Gm26671,0.033532132,1.851851852
Ppp3cb,0.03348329,29.62962963
Aimp2,0.033471276,4.232804233
Trmt6,0.033410419,10.84656085
1110037F02Rik,0.033354756,19.57671958
Gm27188,0.033349562,8.73015873
Ipo11,0.033290488,23.54497354
C230037L18Rik,0.033288705,6.613756614
Zfp800,0.03325726,11.37566138
Pprc1,0.033166991,8.465608466
Fbxl5,0.033161954,20.63492063
Usp16,0.033152692,13.75661376
Gm43738,0.032984421,4.497354497
Rabl6,0.032904884,36.77248677
Kif5b,0.032840617,46.56084656
Efnb2,0.032740993,6.349206349
Nubpl,0.032680136,7.407407407
March5,0.032497566,6.084656085
Abl1,0.032455013,19.57671958
Cdh3,0.032436709,1.058201058
Gpatch4,0.032375852,3.703703704
Nsmce2,0.032197943,33.33333333
Nup54,0.031949854,7.936507937
Tbc1d5,0.031940874,43.38624339
Ccny,0.031812339,35.71428571
Dhtkd1,0.031603142,13.22751323
Uhrf1bp1,0.031584713,6.613756614
Mbp,0.03155527,32.27513228
Zcchc11,0.031362468,48.67724868
Ipmk,0.031329333,13.49206349
Ciapin1,0.031170855,15.60846561
Sh3bp5l,0.030936157,11.37566138
Pfkfb2,0.030915287,4.761904762
Kif1b,0.030912596,67.72486772
Zfp938,0.030793574,6.613756614
Dclre1a,0.030732717,2.116402116
Phtf2,0.030719794,25.66137566
Utp11l,0.03067186,11.37566138
Tomm40l,0.030489289,5.026455026
Sumf2,0.030367575,10.84656085
Thsd4,0.030269923,31.21693122
Acadl,0.030124148,7.936507937
Rexo2,0.030101119,9.259259259
Rasa1,0.030077121,22.75132275
Gm7271,0.029941577,2.91005291
Gm19265,0.029819864,6.349206349
Cox7b2,0.02969815,2.380952381
Rbm41,0.029640485,12.96296296
Iffo2,0.029637293,4.497354497
Atpif1,0.029627249,42.32804233
Mynn,0.02961586,11.9047619
Heatr5b,0.029607005,19.04761905
Gpatch11,0.029576436,6.349206349
BC029214,0.029454722,7.671957672
Klf15,0.029393866,2.116402116
Zfp746,0.029272152,8.201058201
Myo5a,0.029241645,46.56084656
Mxd1,0.029211295,4.232804233
Alox8,0.029056253,0.529100529
1810022K09Rik,0.029048843,29.36507937
Sox4,0.028907011,4.497354497
Cecr5,0.028793495,9.259259259
Prdm9,0.028785297,2.380952381
Atp2b1,0.028727506,44.70899471
Rpp30,0.02872444,8.73015873
Gm26954,0.028693527,10.84656085
Tanc2,0.028663239,80.15873016
Jam2,0.028602726,1.587301587
Lrp8os2,0.028420156,10.31746032
Smc3,0.02840617,26.98412698
Snrnp200,0.028359299,8.201058201
Fn3k,0.028298442,4.761904762
Gm10629,0.028237585,4.761904762
Commd2,0.028055015,3.174603175
Birc6,0.028020566,56.34920635
Ldb3,0.027933301,5.82010582
Eapp,0.027872444,13.22751323
Ube2o,0.027748477,23.28042328
Polr3c,0.027702764,8.994708995
Skil,0.027693378,10.58201058
Gnb1l,0.027629017,6.084656085
Nasp,0.02756816,9.788359788
Cep97,0.027346791,10.84656085
Maea,0.027324732,11.11111111
Prr14l,0.027120823,26.19047619
Rem2,0.027081305,0.793650794
Zfp945,0.026959591,6.613756614
Sel1l,0.026799486,25.92592593
Ghrl,0.02677702,0.264550265
Dyrk3,0.026716164,2.380952381
Yipf1,0.026670325,15.60846561
Spidr,0.026655307,8.73015873
Ppox,0.026533593,10.58201058
Eaf2,0.026394389,19.04761905
Atp5d,0.02632862,15.87301587
Gcc2,0.026285347,21.95767196
Casc3,0.02622108,19.31216931
Ica1,0.026092545,50.79365079
Zc3hc1,0.026046738,6.084656085
BC035044,0.025985881,0.793650794
Popdc3,0.025803311,6.878306878
Utp15,0.025742454,2.91005291
Pdss2,0.025642674,35.44973545
Scamp5,0.025619551,18.25396825
Pim1,0.025316456,3.703703704
Cuta,0.025255599,8.73015873
Pld1,0.025133885,3.703703704
Pmm1,0.025073028,10.58201058
Uchl3,0.025054036,21.69312169
Topbp1,0.024890458,4.232804233
Gpr61,0.024829601,7.407407407
Gm27016,0.024768744,0.264550265
Lrba,0.024550129,62.43386243
Amd1,0.024535548,14.55026455
Hsdl2,0.024525316,6.349206349
Asap3,0.024485861,11.37566138
Efcab14,0.024421594,16.4021164
Plekhg1,0.024403603,10.05291005
Upf1,0.024281889,5.026455026
Hspb8,0.024160175,2.645502646
Tet1,0.024142466,20.8994709
Fam98a,0.024062116,14.81481481
Panx2,0.023977605,7.407407407
Gm26787,0.023855891,6.613756614
Coro2a,0.023824759,13.22751323
Cep78,0.023724572,15.07936508
Golga1,0.023714653,24.33862434
Plagl1,0.02367332,1.587301587
Vwa8,0.023393316,41.7989418
Nmnat3,0.023308179,3.174603175
Sfxn2,0.023064752,7.142857143
Commd10,0.023053863,15.07936508
Zswim5,0.023007712,20.63492063
Dld,0.022815661,16.13756614
4930430F08Rik,0.022760467,7.407407407
Inpp4a,0.022750643,35.71428571
Lifr,0.022638754,9.523809524
Gcnt7,0.022577897,10.05291005
Cramp1l,0.022300771,22.75132275
Aimp1,0.022273612,9.788359788
Khdrbs1,0.022236504,24.07407407
Serpinb6a,0.021915167,28.57142857
Nek6,0.021908471,3.439153439
Abca5,0.0218509,25.13227513
A230087F16Rik,0.021796238,7.936507937
Tifa,0.021786758,6.878306878
Mkrn1,0.021604187,12.43386243
Igf2bp2,0.02154333,2.116402116
Nova2,0.021482473,6.613756614
Pds5a,0.021143959,33.33333333
Ccnc,0.021015424,21.95767196
Cfi,0.020995618,1.058201058
Uhrf1bp1l,0.020951157,26.71957672
Gm12905,0.020873905,9.788359788
Arfgap2,0.020745683,11.64021164
Ndst2,0.020691334,2.380952381
Cpox,0.02056962,7.671957672
Dixdc1,0.020565553,25.66137566
Caskin1,0.020511423,17.1957672
Immt,0.020501285,22.75132275
Nt5c3b,0.020447907,7.936507937
Pdcd7,0.020326193,4.232804233
Hectd1,0.020244216,25.66137566
Safb,0.020115681,24.33862434
9330151L19Rik,0.020082765,5.026455026
Edem1,0.019900195,7.142857143
Smek1,0.019870126,17.46031746
A330074K22Rik,0.019839338,4.761904762
Adap1,0.019794344,17.1957672
Gas2,0.019730077,23.01587302
Fat4,0.019699289,8.73015873
Nelfa,0.019656767,6.349206349
Supt3,0.019601542,36.77248677
Pus1,0.01959591,3.968253968
Pgf,0.019291626,2.116402116
Zfp606,0.019230769,5.291005291
Chd4,0.019215938,31.74603175
Pawr,0.019169912,4.761904762
Urm1,0.019146571,9.523809524
4921504A21Rik,0.019109056,4.761904762
Sipa1,0.018987342,2.645502646
Abhd12,0.018958869,22.48677249
Nelfcd,0.018926485,7.936507937
Macf1,0.018830334,86.24338624
Klrk1,0.018828452,0.529100529
Agap1,0.018766067,52.11640212
Smg6,0.018701799,56.61375661
Picalm,0.018637532,25.3968254
Pqlc3,0.018596002,0.529100529
Dgke,0.018593196,16.4021164
Dennd4c,0.018508997,29.89417989
Gm13402,0.018500487,7.142857143
Aco2,0.018380463,29.36507937
Wdyhv1,0.018257059,11.11111111
2810001G20Rik,0.018074489,4.232804233
Shank3,0.017930591,19.04761905
Rngtt,0.017737789,33.33333333
Sfxn4,0.017648491,15.07936508
Tpr,0.017609254,27.24867725
Thumpd2,0.017587634,4.232804233
Wdr92,0.01746592,4.761904762
Nup85,0.017344206,6.878306878
Ttc39a,0.017161636,9.523809524
Lias,0.016979065,14.81481481
Tmem135,0.016966581,32.27513228
N6amt1,0.016918208,5.026455026
Parvb,0.016864704,10.84656085
AI987944,0.016857352,3.439153439
Ism1,0.016796495,2.380952381
Sema4f,0.01630964,7.407407407
Hltf,0.016248783,11.9047619
Med17,0.016187926,8.73015873
Wasl,0.016148064,17.1957672
Cep95,0.016131105,17.46031746
Ski,0.016127069,12.6984127
Wdr72,0.016005355,1.322751323
Bcar3,0.015944499,5.026455026
Apc,0.015809769,54.76190476
Zfp811,0.015701071,6.084656085
Pign,0.015681234,23.28042328
Pptc7,0.015672285,14.55026455
Nupl1,0.015640214,7.671957672
Gm26534,0.0155185,3.439153439
Adam10,0.015424165,31.48148148
Mtr,0.015396787,8.465608466
Rad23a,0.015275073,9.788359788
Cmc2,0.015153359,7.671957672
Aco1,0.015092502,8.994708995
Slc3a2,0.01503856,20.10582011
Sptlc1,0.014988686,12.43386243
Hspd1,0.014970789,12.43386243
Gps2,0.014910026,20.63492063
Gm26749,0.014849075,7.671957672
Gm28494,0.014788218,10.05291005
Rsu1,0.014781491,16.66666667
Raf1,0.014717224,28.30687831
Fam193b,0.014652956,29.89417989
Rassf8,0.014588689,29.36507937
Slc47a1,0.014544791,1.851851852
Fcf1,0.014423077,14.02116402
Mbd1,0.01436222,9.788359788
Mgrn1,0.01433162,25.13227513
Noct,0.014328647,8.73015873
Taf12,0.014301363,7.671957672
Ccnyl1,0.014240506,6.878306878
Pik3r4,0.014118793,6.878306878
Crebzf,0.013915321,14.02116402
Fam172a,0.013688946,48.67724868
Atg13,0.013624679,17.46031746
Rpap3,0.013571081,6.878306878
Gbas,0.013496144,24.86772487
Vapb,0.013386695,11.9047619
Oma1,0.013327653,7.407407407
Tacc3,0.013266796,2.645502646
Zg16,0.013249651,0.793650794
Nr1h4,0.013084226,1.322751323
Stard7,0.012986698,18.25396825
Vdac1,0.012917738,14.28571429
Gm17178,0.012901655,10.58201058
Zfp329,0.01285347,20.10582011
Smc6,0.012596401,34.12698413
Snx9,0.012536514,10.58201058
Ccdc88a,0.012532134,62.43386243
Scrt1,0.0124148,5.026455026
Ankrd55,0.012403599,31.48148148
Atp5j2,0.012339332,24.6031746
Gm8237,0.01223223,3.439153439
Foxred1,0.012110516,6.878306878
Nphp4,0.011988802,12.16931217
Kifap3,0.011953728,34.92063492
RP23-32A8.5,0.011867089,9.523809524
Cdkn3,0.011806232,2.380952381
Rab3d,0.011745375,2.645502646
Itpkb,0.011623661,5.026455026
Chd6,0.011503856,41.53439153
Rmdn2,0.011441091,4.232804233
Igf2bp3,0.011439589,50.52910053
Ankrd34b,0.011380234,2.116402116
Abce1,0.011319377,9.523809524
5930412G12Rik,0.011273826,0.793650794
Fntb,0.011182519,16.93121693
Gm29865,0.011075949,10.05291005
Gpr137,0.011015093,6.878306878
Zfp612,0.010732648,26.19047619
Adam8,0.010710808,2.645502646
D5Ertd579e,0.010411311,28.57142857
Slc35a2,0.010406524,8.201058201
Gdap1,0.010347044,24.6031746
Tbc1d24,0.010223953,11.9047619
Ewsr1,0.010218509,35.71428571
Ppp2r3c,0.010163096,7.671957672
Drg1,0.010154242,53.43915344
Srsf1,0.010025707,27.24867725
Eif4g1,0.00996144,43.65079365
Phkg2,0.009897172,19.84126984
Szt2,0.009858812,8.465608466
Med13,0.009832905,30.68783069
Gm3510,0.009797955,3.174603175
Fam13c,0.00970437,18.51851852
Gm13963,0.009554528,5.026455026
Prpf6,0.009447301,31.21693122
Ncoa4,0.009432814,3.439153439
Lrrc49,0.009383033,33.33333333
Tmem110,0.009318766,16.4021164
Prr13,0.009189387,12.16931217
Zfp213,0.00912853,2.380952381
Zfp451,0.009061697,20.37037037
Hhipl1,0.008885102,6.084656085
Marf1,0.008868895,36.50793651
Ppp1r3b,0.008833101,0.264550265
Mrps21,0.008824245,13.75661376
Cstf2,0.008804627,21.16402116
G2e3,0.008763389,6.084656085
Appbp2os,0.008702532,2.645502646
Rhpn2,0.008641675,1.587301587
Isca1,0.008580818,5.82010582
Gm26785,0.008459104,4.232804233
Ankrd28,0.008419023,38.62433862
Mrps36,0.008398247,9.523809524
Ppp1r10,0.008226221,19.84126984
D930016D06Rik,0.008161954,19.31216931
Dcbld1,0.00815482,8.201058201
Nudcd3,0.008033419,42.59259259
Ankrd36,0.008033106,4.497354497
Celsr3,0.007969152,15.07936508
Spon1,0.007911392,21.42857143
Gpc1,0.007789679,5.026455026
Vcp,0.00777635,24.33862434
Alpk2,0.007667965,1.851851852
Taf3,0.00751928,25.13227513
Ppp1r13b,0.007455013,26.19047619
Pigp,0.007302824,10.31746032
Gprasp1,0.007262211,32.53968254
Limk2,0.007197943,29.62962963
Ptpn4,0.007133676,34.65608466
Rpf2,0.007120253,4.497354497
Nudcd1,0.007107143,16.4021164
Selenbp1,0.006998539,2.645502646
Cinp,0.006876826,5.026455026
Fancg,0.006815969,3.968253968
Tfam,0.006572541,6.084656085
Cmc1,0.006511685,7.671957672
Stox2,0.006426735,48.14814815
Adat1,0.006389971,16.13756614
Tbc1d1,0.006362468,15.60846561
B4galnt3,0.006329114,2.91005291
D15Ertd621e,0.006085686,7.142857143
Chuk,0.006041131,21.16402116
Dcaf6,0.005848329,41.7989418
Nudt12,0.005842259,2.91005291
Cphx3,0.005781402,3.174603175
Sec13,0.005598832,6.349206349
Timm9,0.005526992,24.86772487
Fndc9,0.005462725,20.10582011
Bet1l,0.005416261,7.407407407
Zfp771,0.005355404,12.16931217
Hspbp1,0.005294547,10.58201058
Pml,0.005172833,4.761904762
Trak2,0.005111977,10.31746032
Pik3cb,0.00505112,12.96296296
Wrn,0.005012853,19.04761905
Thbs4,0.004997675,0.793650794
2700046G09Rik,0.004990263,2.645502646
Rnaseh2b,0.004929406,6.878306878
Unc80,0.004884319,68.78306878
Smg7,0.004820051,26.71957672
Gpt,0.004685979,2.645502646
Map1lc3a,0.004627249,14.55026455
Nadk,0.004625122,16.4021164
Nudt3,0.004564265,11.11111111
Fam222b,0.004562982,35.18518519
Myo1d,0.004434447,18.51851852
Wdr74,0.004199124,4.497354497
Pole4,0.004138267,5.555555556
Gm12781,0.003955696,1.058201058
Edem3,0.003920308,17.72486772
Zfp142,0.003894839,4.761904762
Sf3b2,0.003727506,24.33862434
Mlxipl,0.0037192,0.793650794
Zpr1,0.003712269,6.349206349
Mrps10,0.003663239,12.96296296
Stoml1,0.003651412,7.407407407
Rab6a,0.003598972,27.77777778
1810043G02Rik,0.003529698,8.73015873
Ube3b,0.003468841,10.05291005
Mtbp,0.003407984,3.174603175
Lrrc14,0.003347128,4.497354497
Rnf13,0.003341902,23.54497354
Akirin1,0.003286271,13.75661376
Zfp946,0.003225414,3.174603175
Zfp236,0.003213368,19.31216931
Zfp112,0.003164557,18.25396825
Kctd21,0.0031037,7.407407407
Bnip3,0.003042843,6.878306878
Fem1c,0.002956298,14.28571429
Sptbn4,0.002892031,34.39153439
Slc46a3,0.002860273,5.026455026
Plekhg5,0.002799416,7.936507937
Ldlrad3,0.002738559,12.43386243
Trim2,0.002699229,57.67195767
Sfpq,0.002634961,33.06878307
Caml,0.002442159,27.51322751
Pin1,0.002434275,8.201058201
Arhgef1,0.002377892,23.01587302
Stat2,0.002312561,11.64021164
Gm17202,0.002251704,3.968253968
Smad1,0.00218509,21.16402116
Zfp948,0.00212999,13.75661376
Pibf1,0.002120823,28.57142857
Psmc6,0.002008277,10.31746032
Slc38a6,0.001928021,18.78306878
Prim2,0.001886563,10.05291005
Mccc1,0.001670951,24.33862434
Bcl7c,0.001643135,14.55026455
Zfp770,0.001582278,3.174603175
Eif2s2,0.001413882,20.63492063
Krr1,0.001338851,3.968253968
Stard5,0.001217137,9.788359788
Brd2,0.00115628,8.465608466
Stxbp3,0.001095424,5.291005291
Zfp668,0.001034567,7.142857143
Tpd52l2,0.000912853,11.11111111
Poc5,0.000851996,2.380952381
Kif24,0.000730282,6.349206349
Cfl2,0.000642674,11.37566138
Zfp27,0.000608569,4.761904762
RP24-127M20.8,0.000578406,38.62433862
Tdp2,0.000486855,5.291005291
Rad17,0.000449871,19.04761905
Rce1,0.000425998,6.084656085
Nsrp1,0.000365141,10.58201058
Brwd1,0.000257069,33.06878307
Ccdc77,0.000243427,11.37566138
March7,0.000128535,35.18518519
Oca2,6.08569E-05,2.645502646